ground_truth,prediction
ကိစ္စ မ ရှိ ပါ ဘူး,R8 H1  I3 Z2
ကျောင်း မှာ မှတ်ပုံတင်ကြေး ပေး သည်,eMRaE: H1 WR904Ee5S 45 212
ကျွန်တော် တို့ နိုင်ငံ ရဲ့ ရာသီဥတု ကို နှစ်သက် ရဲ့ လား,ကျန်ကော် ကို နိုင်ငံ ငဲ့ရာသိဥက ကို နှစ်သက် ငဲ့ လား
ကျွန်တော် က တော့ တစ်ခါတစ်လေ ကဗျာ စာအုပ် နဲ့ ဝတ္ထု စာအုပ် ကို ဖတ် ချင် တယ်,"ဣွနCာ် - လ P-၇၁၁-၇ဏy -၁- ဘ1G ) Cg) ၁71C က U2f ခင် Cu၀"""
စစ်မှုထမ်း ကာလ မှာ ၂ နှစ် ဖြစ် သည်,ဝင်္ဌူထတ် PrV ၂ ၂ .5 (၂၇ ဿ၄
လူဝင်လူထွက်ကြီးကြပ်ရေး ဌာန ကို သွား စုံစမ်း ပါ,လူှင်လက်ကြီးကြပ်ရေး ဌန ကို သား စုံစ၆s ပါ၊
မ လော ပါ နဲ့ ဖြည်းဖြည်း ပေါ့,၈ လ ၁ ပါ နဲ့ ပြ ည းပြ ည  ဗ ပါ့
ရင်ဘတ် က အောင့် နေ ပါ တယ်,ရင်တတ် က ဝဘင့် ဝန ပါ တယ်
ကျား ကစား သည်,ကုား ကစား သည်
ဘာ မှ လည်း မ လုပ် သေး ပါ,ဘာ မှ လည်း မ လုပ် သေး ပါ
ခင်ဗျား အလုပ် မှာ ဘယ်လို အခက်အခဲ ရှိ လဲ,ခင်၀ား ဘာလပ် မာ တယ်လို ဘခင်္ကဘခဲ ငှီ လဲ
အခု လို ပြော တာ ကျေးဇူးတင် ပါ တယ်,h၄ လှ C၂n တာ ဣု-ူးင် ပါ CC၀'
မျောက် သည် အလွန် ပင် ပေါ့ပါး လျင်မြန် ဖျတ်လတ် ၍ လိမ်မာ မှု လည်း ရှိ သည်,ဖျောက် သည် ဘလစ် ပင် ပေါ့ပါး လင်ဖြန် ဒတ်လတ် ၍ျ လ၆်ဖာ.မှ လည်း ၅ သည်
အထုပ်အပိုး ဘယ်လောက် ယူ နိုင် မလဲ,HထUP =ယp79 C0 Pင် mr'
ခင်ဗျား မနက်ဖြန် ဘာ လုပ် ချင် သလဲ,ခင်ဗုား မနကံဖြန် ဘာ လုပ် ခင် သလ
ဘယ် အချိန် လဲ,ဘယ် အခါန လဲ
ရှန်ဟိုင်း မြို့ ဟာ တရုတ် ပြည် မှာ အကြီးဆုံး မြို့ကြီး ဖြစ် ပါ တယ်,W47E2 041 7 RaWR 0ညိ Wa lta5 ls 0B 13 R92
ကျွန်တော် အခု ထိ သူ့ လတ်မှတ် ထိုး ထား သော စာအုပ် ကို သိမ်း ထား ပါ တယ်,ကျန်ကော် အခု ထိ သူ့ လတ်မှက် ထိုး ထား သော စာဘုပ် ကို သိမ်း ထား ငါ ကယ်
ဒီ မှာ ငါးဖမ်း တာ ခွင့်ပြု လား,ီ ပှ ၁ ငါး ပ ပ်  တ ၁ ၁ ငိ့ပြ( လ ၁ 1
ကျွန်တော် ဖုန်း တစ် ခါ လောက် ဆက် ဖို့ လို တယ်,ReR9 5 RaB dl ell73R TR W RD R4
မ ဟုတ် ပါ ဟို ဟာ ရှောင်ဟုန်လေး ရဲ့ ထီး ပါ,"dံ CpofOl C C လင်လှ်- ၇? တီ"" ပါ"
ကျွန်တော့် ကို ဓာတ်ပုံရိုက် ပေး လို့ ရ မလား,ReR M} R3RWle9 S1 1 H 11R715
သန့်စင်ခန်း သုံး မ ရ ဘူး,သန့်စင်ခန်း သုံး မ ရ ဘူး
မင်းဆက် ပေါင်း မြောက်မြား စွာ ရှိ သည်,င် ဆ က စ ပါ င်  ဧ ပြ ၁ ကိပြ ၁  စွ ၁ ရှိ သည်
မူဂူးဟွာ က ကိုရီးယား နိုင်ငံ ကိုယ်စားပြု ပန်း ဖြစ် တယ်,မူူးကွှာ က ကိုရီးယား နိုင်ငံ ကိုယ်စားပြု Cန်း ဖြစ် တယ်
ပုံမှန် ပါ ပဲ,င့်ပန့် ပါ ဲ
သူ မ နှစ်မြို့ ပုံ ရ တယ်,သု မ ဒ စ ပြိ့ ယ ရ တယ်
ခင်ဗျား လေ့ကျင့်ခန်း အမြဲ လုပ် လား,ခ င် ဗ ၁  ဇ လူကု င့် ဒ န် 1 ဘပြ လု ပ လ ၁ 1
ကျောင်းပိတ်ရက် မှာ ကျောင်းသား အသီးသီး ကိုယ့် ဇာတိ ကို ပြန် သွား ကြ တယ်,ကျောင်းပဲတရေ် .ာ ကျောင်းသား ဘသီးသီး ကုယ့ ဏဘ ကံ ပြန့် သား ကြ တယ်
ကောင်းကင် ပေါ် မှာ ကြယ် အမြောက်အမြား ရှိ တယ်,ကောင်းကင် ပေါ' မှ၁ ကြယ် အပြောက်သပြား ၅ှါ့ တယ်
ခင်ဗျား ရော ပဲ,ခင်ဗy: တေ ပဲ
ဘယ် မှာ ရောင်း တာ လဲ,တယ် ပှာ တောင်း တာ လဲ
သူ ကျန်းမာရေး,သ ကုန်-ဗစေ:
အခုတလော ကား တင်ပို့ကုန် က တက်ရိပ် မြင် နေ ရ တယ်,ဘခုတလော ကား တင်ပို့ကန် က တကံရိပ် ဖြင် နေ ရ တယ်
ကျွန်တော် သူ့ ကို ဘတ်စ်ကား ပေါ် မှာ တွေ့ ခဲ့ တယ်,"neV 1, ဂီ -fr: %d P %0ူ့ l VP"
ဒီ အတောအတွင်း အညောင်းမိ တာ ဖြေ ဖို့ အတွက် တနေကုန် အိမ် မှာ ပဲ နား ခဲ့ တယ်,ဒီ အတောအတင်း အသောင်းသမိ တာ ဖြေ ဖို အတှက် တနေကန့် အမ် မာ ပဲ နား ခ တယ်
မြောင်းမြ မျူနီစီပယ် အဖွဲ့ ကို ၁၈၈၆ ခုနှစ် တွင် မှ စတင် ဖွဲ့စည်း သည်,BြaF10 HM189461 a0) R 2R33S 2f 4E ( BRE WRr2 222
အမေ့ ရဲ့ ဟင်းချက် လက်ရာ က ကောင်း တယ်,ဘမေ့ ရဲ့ ဟင်းခက် လက်ရာ က ကောင်း တယ်
နားလည် သလား,H:t၃့ 3th:
အဲဒီ ကိစ္စ နဲ့ မ ပတ်သက် ချင် ဘူး,အဲဒီ ကံစ ခဲ့ မ ပတ်သက် ဒျင် ဘုး
အအေးမိ ပါ တယ်,သသေးမိ ပါ တယ်
အပြင် ထွက် တော့ မယ့် ဆဲဆဲ သူငယ်ချင်း ရောက် လာ လို့ အတူတူ ထွက် ခဲ့ တယ် ပေါ့,ဘပြင် ထှက် တော့ မယ့် ဆဆဲ သူငယ်ချင်း တောက် လာ လို့ ဘကူကူ လွှက် ခဲ့ ကယ် ငေါ
ဘယ်နှ နှစ် လဲ,ဘယ်နှ နှစ် လဲ
အလုပ် မ ရှုပ် ဘူး ဆို ရင် နေ့လယ်စာ အတူတူ သုံးဆောင် ပါ လား ခင်ဗျာ,အလုပ် ပ ၄ုပ ဘုး ဆို ၎င် နေ့လယ်စာ တူတူ သုံးဆောင် ပါ လား ၁င်ဗာ
ခင်ဗျား ရဲ့ ညီအစ်ကို မောင်နှမ တွေ အလုပ်လုပ် ကြ လား,၁င၀ျ%း: ရဲ့ ိဘဝ်ဂို ဝဟပ်နပ ဝတ ဘလုပ်လုပ် (ဤ လး
ဪ ဒါ က တော့ တန်ဆောင်မုန်း လ ဟာ ကောင်းကင် မှာ နက္ခတ်တာရာ တွေ စုံ တယ်,သြော် ဒါ က တော့ တန်ဆောင်ပုန်း လ ဟာ ကောင်းကင် မှာ နက္ခတဲတာရာ တေ စုံ တယ်
ထို အချိန် တွင် ပအိုဝ့် လူမျိုး များ နေထိုင် ကြ သည်,ထို ဘချ့နံ တွင် ပဘိုဝု့ လူမျ့(း မုား နေထိုင် ကြ သညံ
အားလုံး ဒီ မှာ လား,ဘားလ်း ဒီ ၂ လား
ဘာ ဝယ် ချင် လို့ လဲ,ဘ ၁ ဝ ဟိ ခ င် လို့ လဲ
နေ့လယ်ခင်း မှာ ငါ နဲ့ အစ်ကို အတူ အိမ် ပြန် ကြ ပါ တယ်,ဆေ့လယ်ခင်း ဟာ င်ါ ခဲ့ ဘစ္ကို ဘတ ဒမ် ပြန် က ပါ တယ်
မြေထိုးစက် နဲ့ ထိုးကော် သည်,ပြေထိုးစက် ခဲ့ ထိုးကော် သည်
ကျွန်တော် စည်းကမ်း တွေ အရ အဲဒါ အတွက် ပေး သင့် လား,ကန်တော် စည်းကမ်း တေ ဘရ ဘဲဒါ ဘတွက် ပေး သင့် လား
ဗိုက် နာ လို့ ဆေးသောက် ခဲ့ တယ်,ဗိက် နာ လို ဆေးသောက် ခဲ တယ်
ကျွန်တော် ခေါင်းကိုက် ခြင်း အတွက် တစ် ခု ခု လို ချင် တယ်,ကျန်တော် ခေါင်းကိက် ဩင်း အတှက် တစ် ၁ ၁ လိံ ဒင် တယ်
အားမနာ ပါ နဲ့ ကိုယ့် အိမ် လို သဘောထား ပါ,"ne ပဲ ခဲ့ ကိင် "" လီ ၁4ဘဏး ပံ"
ဒါ ကျွန်တော် တို့ ဆင်း ရ မယ့် ဘူတာ လား,ဒါ ကျန်တော တိ့ ဆင်း ခ ယယ့် ဘဘာ လား
လွယ် တဲ့ စကား တွေ ရှိ သလို ခက်ခဲ တဲ့ စကား လည်း ရှိ တာ သဘာဝ ပဲ,လှယ် တဲ့ ထကား တေ ငှိ ယလို ခင်္ကခဲ တဲ့ ဗကား လာည်း ငှ တာ ဃသဘာဝ
အသက် ပြင်းပြင်း ရှူ ကြည့် ပါ,ဘာဿဏ္ ပြင်းပြင်း ၄ူ ကည် ပါ
လူကြီးမင်း အဆင်ပြေ မယ် ဆို ရင် ကျွန်တော် အသေးစိတ် ရှင်းပြ ပါ့ မယ်,လုကြီးမင်း ဘဆင်ပြေ မယ် ဆို ရင် ကျန်တော် ဘသေးစိတ် ၎ှင်းပြ ပါ့ မယ်
အစာ စား ပြီး တိုင်း သောက် ပါ,ဘစာ စာ- ငြီ- တိုင်: သောက် ပ)
အရေးပေါ် အခြေအနေ ပေါ်ပေါက် သည်,=-ဟ-Tါ Pegnတှ ထPnf22်
အန္တရာယ် ရှိ တဲ့ ပစ္စည်း တွေ ကို ရထား ပေါ် မှာ ခွင့်မပြု ပါ ဘူး,"2gpud"" ) C ပ္ဌယ်: ထာ ကိ ဂဏာ- .ါ၂ ၉င့်၁) ပါ ဘူ-"
ဆရာဝန် က ပြော တယ် ကျွန်မ ည အိပ်မပျော် တာ ဗီတာမင်အား ချို့တဲ့ လို့ တဲ့,ဆရာဝန် က ဝြော တယ် ကှန်ပ ည ၁ိပ်မပေဂ် တာ ဝီတာမင်သာ- ဒါ့တ လို တ
ကျွန်တော် ဒီ နေ့ စိတ် ပျော်ရွှင် နေ တယ်,ကျွန်တော် ဒီ နေ့ စိတ် ပျေျာ်ငင် ခေ တယ်
ဘယ်လို အမဲသား ဟင်း ယူ မှာ လဲ,ဘယ်လဲ ဘမဲသား ဟာင်း ယှ Dာ ဲ
နေ့တိုင်း ၈ နာရီ ကြာ အိပ် တယ် တဲ့,tတC: ၈ H ၈ ဂိပိ တ တဲ
လက် ချွေး ထွက် နေ လို့ ဆေး လိုက် ဦး မယ်,လက် ခေး ထင်္ ခေ လိုံ ဆေး လိုငက္က ဦး ယယ်
အားမနာ နဲ့ ဝ အောင် စား နော်,အ ၁ = မ န ၁ နဲ့ ဝ စ အ ၁ င် စ ၁  စ န
အလုပ် ပြီး ပြီ လား,အာလပ် ပြီး ပြ လား
ခင်ဗျား ဒီလို လုပ် တာ မ ကောင်း ပါ ဘူး,၁င်Oး ဒီို လှင် ဘာ ဖ စကာင်း ၆' ဘူန
နေ့လည်စာ ကြက်ဥ မွှေကြော် က နံနက်စာ ထက် နည်းနည်း ကြီး တယ်,ခေ့လည်စာ ကြက်ဥ မေကြော် က ခံခက်စာ ထက် ခည်းနည်း ကြီး တယ်
ပညာသင် ပြီး အမိနိုင်ငံ ကို ပြန်လာ ခဲ့ တယ်,ပညာသင် ပြီး အBါEfPC ကိံ ပြန်လာ ခဲ့ ဘယ်
ထမင်းစား ပြီး ခဏ နား တယ် ပြီး မှ အပြင် သွား မယ်,ထပင်းထား ပြး ခဏ နား တယ် ပြး ပ ၁ပင် ယွား ယယ်
မင်း ဂျုံ ခေါက်ဆွဲ မ စား ချင် ဘူး လား,ဟင်း ဂျုံ ထခါက်ဆ ပ ထား ခင် ဘး လား
ဗို့ ၁၁၀ သုံး ရှိ ပါ သလား,၄ ၁၁၀ S- 1Q Cr.:
ကျွန်တော် တို့ လမ်းမပျောက် ဘူး,ဣွနCာ် တိ -v်-Scunn 7ူ:
မနေ့ည က ဖျော်ဖြေပွဲ ကို သွား ခဲ့ လား,"ttr P tMtမ) ""ီ -p၊ ' က"
သူ ဒီ သတင်း ကြား တာ နဲ့ ဝမ်းသာ ပြီး ထခုန် တယ်,a. S R9E1 tT5 RT1 1 R22 l1 R2f R9
အပြင် ဘက် မှာ လေ သိပ် တိုက် နေ တယ် ဟုတ် သလား,ဘပြင် တက မာ လေ ယိပ် တိုက ခေ တဟ် ဟုတ် ဃာလား
နံနက်စာ နဲ့ လား,ခံခေတာ ခဲ့ လား
အရင်ဆုံး ကား ကို ကြည့် လို့ ရ နိုင် မလား,ဘရင်ဆုံး ကား ကို ကြည့် လို့ ရ နိုင် မလား
တကယ့်ကို ကောင်းမွန် တဲ့ နေရာ ပဲ,တကယ်ကို ကောင်-ပှန် တ နေ၈ာ ပ
မင်း မှာ သား သမီး ဘယ်နှ ယောက် ရှိ ပါ သလဲ,ယင်း ဖာ ဃား ယဖီး တယ်နှ ဟော်က ၄ှ ပါ ဃလဲ
ပိုးသတ်ဆေး,ပံးသတ်ထေး
လမ်းဆုံ ပြီး ရင် ဒါမှမဟုတ် မ ရောက် ခင် ရပ် ရ မှာ လား,လမ်-ဘု ပြီ- ရင် ၁ါမမဟုတ် မ Pnက် ၁င် ရပ် ၈ မှာ လာ-
ရထား မှာ စားသောက် တွဲ ပါ လား,တထား မှာ တားယောငက်္ တ ပါ' လား
မိဘ စကား ကို ပစ်ပယ် နေ ရင်း က နောင်အခါ မှာ နောင်တရ လိမ့် မယ်,ပိဘ သကး ကို ပစ်ပယ် ခေ ၎င်း က ဆောင်ဘာခါ မာ ခောင်တဝ လိမ့ ယယ်
ယာဉ်စီးခ က အကွာအဝေး လိုက် ပြီး ကွဲပြား လား,ယာဉ်င်းခ က အလအာပေး လိုံဂ် ပြး လွဲပြား လား
ပဟေဠိ ကို အဖြေညှိ သည်,ပစေဠဲ ကိံ ဘဖြေညိဲ သည်
ဒီ ခဲတံ တွေ ထဲ က ကြိုက် တာ ကို ရွေး ပါ,ဒီ ခတ် တေ ထဲ က ကြ ကံ တာ ကို ရွေး ပါ
အဲဒီ မှာ ဘာ ကြည့် စရာ ရှိ သလဲ,ဘဲဒီ မှာ ဘာ ကြည့် စရာ ရှိ သလဲ
အရွက် တွေ က ရင့်မာ လာ လို့ စား မ ရ လောက် တော့ ဘူး,အာဂွင်္ တေ က ၎င့်ဟာ လာ လို ဓား ယ ဝ လောက် တော့ ဘူး
ခင်ဗျား က တော်တော် ဗိုလ်ကျ တယ် လူ ကို မောင်းထုတ် ဖို့ ပဲ တတ် တယ်,ခင်ဗား: က တော်တော် ဗိလ်က တယ် လူ ကိံ မောင်းထုတ် ဖို့ ပဲ တတ် တယ်
ဟိုတယ် က ကောင်း တယ် ဆို ကြ ပေမဲ့ လည်း ကျွန်တော့် အိမ် က အကောင်းဆုံး ပါ ပဲ,ကိုကယ် က ကောင်း ကယ် ဆို ကြ ၀ေခဲ့ လည်း ကျွန်ကော့် ဘိမ် က ဘကောင်းဆုံး ါ C
ကျွန်တော် လတ်လတ်ဆတ်ဆတ် စား ချင် တယ်,ကွှနတေ လာ်လာဆတ်ဆတ် စား ချင် တယ်
ဇော်ဂျီ ဖောင့် သည် မြန်မာ စာ အင်တာနက် လောက ကို ၁ဝ နှစ် ခန့် အကျိုးပြု ခဲ့ သည်,ဏေ်ဂါ ဟောင့် ယည် ပြန်ယာ တ ဘင်တာခက် လောက ကို ၁၀ နှစ် ခန် ဘကျါးပြု ခဲ့ ဃာည
ဒီ မှာ ဘယ်လောက် ကြာကြာ နေ ဖို့ စီစဉ် ထား လဲ,ဒ  ဘယ်လေက ကြာကြာ နေ့ ဖဲ ဗီဝဉ် ထား လဲ
ပဲငံပြာရည် အကြည်,။Efuteb 1Dလ
တောင်ကြီး မြို့ ၏ လူဦးရေ မှာ ၁၉၄၁ ခုနှစ် သန်းခေါင်စာရင်း အရ ၉ဝ၀၀ ကျော် ဖြစ် သည်,ကောင်ကြီး မြို့ ၏ လူဦး:၀ေ မှာ ၁၇၄၁ ၃နှစ် သန်းပေါင်စာရင်: ဘရ ၇၀၀၀ ကျော် ဖြစ် သည်
မနက်ဖြန် မိုး မ ရွာ ရင် ကောင်း မယ်,ပနကဖြန် မံး ပ ၉ ခင် ကောင်း ယယ
စစ်ပွဲ ဖြစ် ရင် စစ်သား တွေ က နိုင်ငံ ကို ကယ်တင် ဖို့ အတွက် စစ်တိုက် ကြ တယ်,စစ်ပ ဖြစ် ရင် စစ်သား လေ က နိုင်ငံ ကို ကယ်ကင် ဖို့ ဘကွက် စစ်ကိုက် ကြ ကယ်
ဘဏ္ဍာစိုး အရာ ၌ မှတ်သား သော စာရင်း ကို ပေး လော့,ဘဣာန်း ဘ၈ ၄ မှတသား ဝသာ စာရင်း ကိံ ပေး ဧလော့
ဟုတ်ကဲ့ ခင်ဗျာ ရ ပါ ပြီ သောကြာ နေ့ ညနေ ၇ နာရီ လေယာဉ် ပါ,ဟုတ်ကဲ့ ခင်၀၀ ဝ ပါ ပြ ယောကာ ခေ့ ညခေ ဂ နာင်ဂ လေယာဉ် ပါ
ဪ ဒါ ဆို သွား ပါ,၈ ပ ၁ ဒါ ဆို သ ၁  ပါ
တကိုယ်လုံး ကိုက်ခဲ နေ ပါ တယ်,တကိုယ်လုံး ကိုကံခဲ နေ ပါ တယ်
ဒီ ကတ် ကို အိတ် မှာ ချည် ထား ပါ,ဒီ ကတ် ကို ဘိတ ဗှာ ဒည် ထား ပါ
သူ ဟာ စိတ်ခိုင် တဲ့ အတွက် ဘယ် အရာ မှာ မ ဆို စိတ်ခံစားမှု မ ရှိ ဘူး,သူ Cက fဪင် ဘ PPnf -ဘu၀P-P ၂ 5 ဘ SESPy d 1P7ူ-
ကိုယ်အလေးချိန် အများကြီး တက် လာ ခဲ့ တယ်,ကိယ်ဘဝလးချိန် ၁ပျားကြီး တက လာ ခဲ့ တယ်
ဘား က ဒီ အထပ် မှာ ပါ ပဲ,ဘား က ဒီ ဘထပ် ဟာ ပါ ပဲ
ဒီ စားသောက်ဆိုင် က ငါးဟင်း တွေ က အရမ်း ကောင်း တယ်,ဒီ စားသောက်ဆိုင် က ငါးဟင်း တေ က ဘရမဲး ကောင်း တယ်
လက်ခလယ် မှာ လက်စွပ် ဝတ် တယ်,လ က ၁ လ ယ် မ၂ ၁ လ က စွ ပ ဝ တ တ ယ်
ဒီ နေ့ ည မှာ ပြိုင်ပွဲ ရှိ မယ် ဆို,ဒ နေ့ လ ဟာ ပြုံင်ပ ၄ှ ယယ် ဆို
ခင်ဗျား ည က က ပွဲ မှာ လား ဂျိန်း,ခင်၀၇- ည က က ပ မှာ လာ- ဂိန်:
အမှတ်တရ ကို မြန်မာ အမျိုးသမီး ကောင်း လေး တွေ မ ဖတ် သင့် ဘူး တဲ့,ဘမှတ်ဘရ ကံ မြန်မာ အဒဲ့ေသမီး ကောင်း လလေ။ တေ မ ဖတ် သင့် ဘူး တဲ့
ငါးရာ မ ဟုတ် ဘူး ဟန်ဘာကာ တစ် လုံး တစ်ထောင် ကျပ်,Cါ-( d Cp၁f ဘူ: 'နကက ဟင် ..- ဒ်ထာင် ကုပ်
ကျွန်တော့် ဆံပင်ညှပ် ပြီး အခြောက်ခံ ပုံသွင်း ချင် တယ်,ကျွန်တော့် ဆံပင်ညှပ် ပြီး အသြောက်ဒဲ )သွင်း ချင် တယ်
အရင် ပတ် က အလုပ် အလွန်အကျွံ လုပ် လို့ ခန္ဓာကိုယ် ကိုက်ခဲ နေ တယ် ထင် တယ်,ဘရင် ပတ် က ဘလုပ် အလွန်သကှ) လုပ် လို ဒန္ာကိုယ် ကိုက်ခဲ ငေ တယ် ထင် တယ်
ခန္ဒာကိုယ် နည်းနည်း လေးလံထိုင်မှိုင်း နေ တယ် ချွေးထုတ်ခန်း သွား ပြီး ချွေး ထုတ် ဦး မှ ပဲ,သနာကုယ် ခညးနည်း လးလ်ထို်ပှ့င်း ေ့ တယ် Gေးထဘဒန်း သား ငြီး Gေး ထတ ဦး ( ပဲ
ဆောင်းတွင်း အချိန် မှာ အဖြူ နဲ့ အမဲ သာ ရှိ တယ်,ယောင်းကွင်း ဘခန် မှာ ဘဖြူ ခဲ့ ဘခဲ သာ ရှိ ကယ်
ဒါ အလွယ်တကူ ကူးစက် တတ် တယ် လို့ ခင်ဗျား ထင် လား,ဒါ အလယ်ဘကူ ကူဒစက် တတ် တယ် လိုံ ၁င်၀၇% ထင် လား
ဆရာ ရေ ကျွန်တော့် ဒီ ရက် ပိုင်း တွေ မှာ တော်တော် ချောင်းဆိုး နေ တယ်,ဆတ တေ ကလျွန်တော့် ် ငက ဒိင်း တေ ဟာ တော်ဘော် ခောင်းဆိုး ခေ တယ်
သစ်သားလှေ ဝင် လာ တာ နဲ့ တစ်ပြိုင်နက် ပင်လယ် ဇင်ယော်ငှက် တွေ က စုပြုံ ဝင်လာ ကြ တယ်,သစ်သားလေ ဝင် လာ တာ ခဲ့ တစ်ပြိုင်ခနက် ပင်လယ် တင်ယယော်ဋှက် တွေ က စုပြံ၊ တင်လာ ကြ တယ်
ဒီ ဟာ က စာအုပ် လို့ ပြော ပါ တယ်,ဒီ ဟ က စာဘုပ် လို ပြော ယါ) တယ်
အားလုံးပေါင်း ဘယ်လောက် ကျ မလဲ,ဘားလုံးပေါ်င်း ဘယ်လောက် က၊ ပလဲ
ဂျိန်း ကား ဝယ် လိုက် ပြီ,ကျန်း ကား တယ် လိံက ပြ်
မနက်ဖြန် အား လို့ သွား နိုင် တယ်,"ထ70ြ T: လိ S-- Pင် CC၀"""
ခင်ဗျား အား လား,၁င်၇၇: ဘား လား
ကိုဆန်းထွန်း တစ် ယောက် တည်း လား,ကိုဆန်းလွန်: တစ် ယောက် တည်: လာ-
ခင်ဗျား ကြိုက် နေ တဲ့ သူ က နံပါတ် ၁ လူဆိုး ကြီး ဗျ,ဝင်ဗျး Gက် ဝန တဲ့ သူ က နံပါတ် ၁ လူဆိုး ဤီး ဗ
မ ဆုံးဖြတ် ခင် ရုပ်ရှင် ဝေဖန် ချက် ကို အရင် ဖတ် ပါ,မ ဆုံးဖြတဲ ခင် ရုပဲရှင် ဝေဖန် ခ-ကံ ကို အရင် ဖတဲ ပါ
မ သိ ဘူး လား,မ သိ ဘူ လာ-
အေး နည်းနည်း တော့ ရ ပါ တယ်,ဝဘး နင်းနယ်း ဝ၀၇ ၈ ပါ တယ်
သာစည် မြို့ မှာ မူ တောင်ကြီး မြို့ မှ ၁၀၃ မိုင် ဝေး သည်,"သာစည် မြ) ၂၁ ဟူ တောင်ကြီး ပြ(, မှ ၁၀၃ မဲင် ဝေး သည်"
ဒါ အမြန်ဆုံး လမ်း လေ,၁ါ ဘပြန်ဘု- လမဲ- လေ
စီယန် တွင် နွေရာသီ မှာ ရာသီဥတု ဘယ်လို မျိုး လဲ,တိယန် တွင် ခေငယ် ဟာ တယိဥတ တယ်လို ယါး လဲ
ဒီ ဘတ် ၅၀ က ဘာ အတွက် လဲ,S  H R$ zT1 RR9 10
ဘယ် အချိန် မှာ လာ သိမ်း ပေး နိုင် မလဲ,ဘယ် အဒိန် မ၁ လာ သိမ်း ေး နိုင် မလဲ
ဒီ နေ့ တော့ မနက် က စ ပြီး မြူ အပြည့် ဆိုင်း နေ တယ်,ဒ နေ့ တော့ ပခနက က သ ပြး ပြု ဘာပြည် ဆိုင်း ခေ တယ်
အဆင်မပြေ တဲ့ အတွက် ကျွန်တော် တို့ အရမ်း စိတ်မကောင်း ပါ ဘူး,zazERel0 R) R9R9 Rg4R9 R94) RRe95 R9R9Re49E5 1I 215
ကလေး အထူးကု ဆရာဝန် အတွက် ထောက်ခံ ပေး နိုင် မလား,ကလေ- ဘထ-ကု အ၈ာဝန် ဘတွက် ထောက်ခဲ ပေး ခိုင် မလာ-
ဘယ်လောက် ကြာကြာ ခရီး နား မှာ လဲ,ဘယmrn ဩဏ -% .- . လ'
စျေး အရမ်း ကြီး လို့ မ ဝယ် ဝံ့ ဘူး,စေ: m၈၆: ကြီး လိံ ဖ ၁ယ ၃့ ဘူ)
ဘယ် ကို မှ မ သွား ဘူး လမ်းလျှောက် ရင်း ကိုယ်လက် လှုပ်ရှား နေ တာ ပါ,တယ် ကို မ ပ ဃား ဘူး လမ်းလှောဏ ၎င်း ကိုယ်လက်က လှပ်ငှား ခေ တာ ပါ
ရေခဲ စိမ် ဘီယာ,R စိမ် ဘီယာ
မင်း သိ ပါ သလား ပြော ကြည့် ပါ,ပင်း သဲ ါ သလား ပြာ ကြည့ ပါ
ကျွန်တော် လည်း ခင်ဗျား လို ပဲ ခရီးသွား အရောင်းအဝယ် လုပ် ပါ မယ်,neတ လင: e- ဂီ ပဲ 1fop Ttfnaမ လုပ် ပ ဗ်
ကျွန်မ စာအုပ် မ ဟုတ် ဘူး,ကန် စာဘုပ် မ ဟုတ် ၁ဘူ:
ခဏ စောင့် ပါ,ခ က ခ စ ၁ င ပါ
ဘယ်သူ မ ဆို ကိုယ့် နိုင်ငံ ဓလေ့စရိုက် မှာ ငြိတွယ် နေ တာ သဘာဝ ပဲ,ဘယ်သူ မ ဆို ကိုယ့် နိင်င် ၀လလေ့စရိုက် မှာ ငြကွယ် ဇ ကာ သဘာဝ ပ
ကောင်း တဲ့ ရာသီဥတု ဘဲ,ကောင်း တဲ့ ၎ာသီဥတု ဘဲ
ကျွန်တော့် ကို ကူညီ ဖို့ တစ် ယောက် ယောက် ကို ပို့ ပေး ပါ,လှန်ပတက် ဂိ ကဲ့ ဖဲ့ R မwF sVP ဂ ဖို မ ပံ
အလုပ် ပြီး ရင် မီး ပိတ် ပါ,ဘလု် ပြီး ရင် မီး ဝတ ပါ
ကျွန်တော့် ဆီ ကို ခင်ဗျား ဘယ် အချိန် လာ မလဲ ကျွန်တော် ၈ နာရီ လာ မယ်,ကျန်ကော့် ဆီ ကို့ ခင်ဗျား ဘယ် ဘချန် လာ မလဲ ကျန်ကော် ဂ နာရီ လာ မယ်
လက်စသတ်တော့ ခင်ဗျား က လီသာမင်း ကိုး,လ ကိ ၈ သ တ စ တ ၁၄ ၁ င် ဗ ၁ = က တီ သ ၁ မ င် 1 ကိ 1
ဂျပန် စကား ကို ပြော နိုင် တဲ့ လမ်းပြ ရှိ ပါ သလား,လျှပန် စကား ကို့ ၀ြ၁ နိုင် တဲ့ လမ်းြ ရှိ ငါ သလား
နိုင်ငံ့ ဂုဏ် ကို ညှိုးနွမ်း စေ သည်,"နို င် ငံ့ ဂ၇ "" ကိ ညှိ) ဒ ပ်  ၉ ၈ သည်"
ဥက္ကဌကြီး က အခု အိပ်ရာ ထဲ မှာ လဲ နေ တုန်း ပဲ,ဥင၄ဝကှး က ဘာခု ဘိပ်တ ထဲ ပာ လဲ ခေ တုန်း U
တံခါးဝ မှာ သံဆူးကြိုး တွေ ကန်လန့်ဖြတ် ခတ် ထား တယ်,တံခါးဝ မှာ သံဆူးကြံ(: တေ့ ကန့လန့်ဖြတ် ဒတ် ထား တယ်
သူငယ်ချင်း ကို အရက်တိုက် သည်,သုငယ်ခင်း ကိ ဘရက်ဘိုက် သည်
သောက် ရ တာ ရော ဘယ်လို နေ ပါ သလဲ,သောက် ရ တာ စော ဘယ်လို ခေ့ ပါ သလဲ
ဪ ဒုက္ခ ပဲ ဒါ ဆို ကျွန်တော် ပြတိုက် ကို ဘယ်လို သွား ရ မလဲ,R ofy D ဒါ  R4R9 VliR Ri z9R4 212 R 11R)
ထပ် ပြီး ယူ ဦး မလား,ထင် ပြီး ယူ ဦး မလား
ကျွန်တော် တို့ ဘာ ကြောင့် ကား ရှေ့ပိုင်း ကို သွား ရ တာ လဲ,ReR9 R zR1 RaC R12 GWE2 1 211 R) R91 10)
မ သွား နဲ့,ဝဲ သား နဲ့
အပိုအလျှံ များ ကို နိုင်ငံတော် အဖွဲ့အစည်း များ သို့ တိုက်ရိုက် ရောင်းချ သည်,Hhry) dn- ကို .င်ငတော TuP-P၄ dn- 2 ဘိnP7 .င်-၃ ဪဿ
အောင်ဆန်း ၏ အကို ၃ ဦး မှာ အသက် ငယ်ငယ်လေး တွင် ကျောင်း စ တက် ကြ ၏,GzlfZS Rl zR 2 02 H9 RzR E19efI4112 1E GtR9E2 R R9R 3 4
သူ တို့ ၃၇ လမ်း ဆိုင် တစ် ဆိုင် ဝင် လိုက် ပြီး,ယူ တို့ ၃၇ လမ်း ဆိုင် တစ် ဆိုင် ဝင် လိုက ပြး
ဇီးကွက် ၏ လည်ပင်း သည် တို ၍ တုတ် ၏,ဏီးကွက် ၏ လည်ယင်း သည် တို ဤ တုတ် ၏
ပြင်သစ် အစားအသောက် က အရမ်း ကောင်း တယ်,ပြ င် သ စ် အ စ ၁ 1အ ဧ သ ၁ ကိ က ဘ ရ ပ  ၈ က ၁ င်  တ ပ်
ဘယ်သူ က ဘယ်သူ့ ကို ချစ် တာ လဲ,ဘင်သု က ဘငယ်သူ့ ဂိ ချစ် တာ လဲ
တရုတ် ပြည် ယူနန် ပြည်နယ် ဟာ လူမျိုး အများဆုံး နေထိုင် တဲ့ ပြည်နယ် ဖြစ် ပါ တယ်,တ၇d မခ် N)4 မl4e ဟ လှ%- re-ရု ခ.ရC တ မါ)V မ ပ V
ဘယ် ရထား ပါ လဲ,ဘယ် ရထား ပါ လ
ရထား က ၁၈ နာရီ မှာ အချိန်ကျ တယ်,ရထား က ၁၈ နာစီ မှာ ဘဒါန်ကု တယ်
အမေ က သွေးပေါင်ချိန် မြင့် လို့ အစားအစာ ကို ရွေးစား ရ တယ်,tte = Bhptulစ V ဂf tR-tt ီ tgiP- ( O
ဂျူး ၏ သဘောအကျဆုံး ကဗျာ အမျိုးအစား က ရတု ဖြစ် သည်,"၇)(: ၏ သဘောဘက,ဆုံး ကဗုာ ဘမါ့းဘစား က ရတု ဖြစ် သည်"
အစွန်း တွေ က မ ကျွတ် ဘူး,ဘဗွန်း ၁တ  0 ကျွတ ဘူး
ကား ငှား တဲ့ နေရာ က ဘယ် မှာ လဲ,ကား ၄၁: ကဲ့ ခေရာ က ဘယ် မှာ လဲ
ကျွန်တော် ဖုန်းဆက် စရာ လေး တွေ့ လို့ ပါ,ReR9 1zR B11 Gf12 RR f) I
ဘယ် အချိန် မှာ အဆုံး ကို ရောက် လိမ့် မလဲ,၁၉ ဂရစ် ၈ =s ဂီ t၇f ဂီစ =P
ဒီ ဆေး တွေ သောက် ပြီး တက် နိုင် သမျှ အနား ယူ ပါ,ဒီ ဆေး တေ သောက် ပြီး တက် နိုင် သမှ သနား ယူ ပါ
ညီလေး က ထွက်သွား တဲ့ ဘတ်စ်ကား ကို မီ အောင် ပြေး သွား တယ်,ညီလေး က ထှက်သှား တဲ့ ဘကစ်ကား ကို မိီ ထောင် ၀ြေး သှား ကယ်
ခေါင်းစဉ် အများကြီး ခွဲ နိုင် သည်,ဝဿါငC်:Q၃ ဘdျးဌီး ၉ နိပ် ယည်
ပထမ ဒြပ်ပေါင်း တွင် နိုက်ထရိုဂျင် အလေးချိန် ၇ ဆ နှင့် အောက်ဆီဂျင် အလေးချိန် ၄ ဆ,ပထပ ၂0၀ပါင်: တွပ် နိက်ထမိဂျပ် ၁၁လးငျိန် ၇ ဘ နင့် -၁ဏတီဂျပ် ဘဝလးဒိန် ဝ ဘ
ဒီ အဝတ် က မြန် မြန် ပျက်စီး မှာ လား,ဒီ ဘဝတ် က ဖြန် ပြန် ပုက်စီ မာ လာ-
ဘယ် ဂိတ် လဲ,ဘယ် ဂိတ် လဲ
ဆရာ လီ ကို တွေ့ဆုံ ရ တဲ့ အတွက် ဂုဏ်ယူ ဝမ်းမြောက် မိ ပါ တယ်,ဆင၁ လီ ကို တေ့ဆို င တဲ့ သတက် ဂဏ်ယု ဝပ်းပြောက် မဲ ါ တယ်
ဘာ လို့ သူများ ကို ကိုယ်ချင်းမစာ တာ လဲ,က ဂီ ဘ၈- ဂီ fOswP တ လဲ
ဂျပန် လေကြောင်း လိုင်း ကောင်တာ က ဘယ် မှာ ပါ လဲ,ကျူပန် လေကြောင်း လိုင်း ကောင်တာ က ဘယ် မှ၁ ပါ လဲ
ခုန က ဘာ ဖြစ် တာ လဲ,ခန က ဘာ ဖြစ် ကာ လဲ
ခင်ဗျား ကို မျှော် နေ မယ်,ဝင်ဗျး ကိ ဝပျ် ဝန ပယ်
ခင်ဗျား ကြိုက် တဲ့ နေရာ မှာ ထိုင် နိုင် ပါ တယ်,ခင်ား ကြုက် တဲ့ Gေ့ဌ မာ ထိုင် ခိုင် ပါ တယ်
ဒါ က အယုဒ္ဓယ မှ ရှေးဟောင်း အကျဆုံး နေရာ တွေ ထဲ က တစ် ခု ပဲ,"ဒါ Y 1V,gC 3 တ ..ကင် Pmp3: တ၄ ဟ ထ - ဟဒ် ၁ ပ"
အောင်ဆန်း ကွင်း ဂိတ် မှာ ကား ဆင်း ပြီး ရှေ့ တည့်တည့် မှာ ဘူတာရုံ ပါ,ထောင်ဆန်း ကွင်း ဂိက် မှာ ကား ဆင်း ပြီး တှေ့ တည့ကည့် မှာ ဘူကာရုံ ငါ
ညီမလေး နဲ့ သိ တဲ့ သူ ငါ တို့ အိမ် ကို လာလည် တယ်,ညီပလေ: နဲ့ သိ တဲ ၁၃ Eါ) တို့ ဘမံ ကို လလည် တယ်
ရှုံးနိမ့် ခြင်း ဟာ အောင်မြင် မှု ရဲ့ လမ်းစ ပဲ,ငံးစို့ ဩင်း ယ ထာင်ြင် ၂ ခဲ့လမ်းB C
ကွန်ဖူး က တရုတ် ရိုးရာ သိုင်း တစ် မျိုး ပဲ လက်ဝှေ့ နဲ့ မ တူ ဘူး,ကွန်၇ူး က ကရတ် ရိုးရာ သိုင်း တစ် မိုး C လက်ယှေ့ ခဲ့ မ ကူ ဘူး
ခင်ဗျား တရားလွန် ပင်ပန်း နေ တာ,၁င်၁ျ- G--rH ပင်ပန- တှ တ
ဘာ ဖြေကြား ပါ သလဲ,ဘာ ဩြဤာ: ၀ါ zrC
ဒီ ပစ္စည်း က ဘယ်လောက် လဲ,ဒီ ပဋွ၄်: က ဘယ်ဝလက လ
နှစ် ယောက် စီး ရင် ၃၀၀၀ ကျပ် ပေါ့ ဆရာ,P GtlPRR 15 Re GR6 RD Gt zR1
မင်း ရဲ့ ဆံပင်ပုံ သိပ် လှ တယ်,မ င်  ရဲ့ ဆ ပ င် ပုံ သိ ပ ပှ တယ်
အဲဒီ အချိန် အထိ ကျွန်တော် အခန်း ဆက် သုံး ဖို့ အဆင်ပြေ လား,15PS5 T-ထ ကHP T:2 mnI S: 1 1.ဘင်ဧေ ---
ချက် အောက် ကို ဆောင်ရွက် ပေး ပါ,ချက် အောက် ကို ဆောင်ဂွက် ပေး ပါ
အိပ်ရာခင်း တွေ က ညစ်ပတ် နေ တယ်,အိ ပ် ရ ၁ ခ င် 1 ၈ တှ က ည စ ပ တ ဇ န တဟ်
နောက် ပြပွဲ က ဘယ် အချိန် စ မှာ လဲ,စောက ပြပဲ က ဘယ် တဒျ စ.၂ှာ လဲ
တော်ပြီ ကျေးဇူးတင် ပါ တယ်,ဝတပြီ ဝကျးဇူးတင် ပါ တယ်
ကျွန်တော် လေကြောင်း စာပို့ စနစ် ဖြင့် ပို့ ချင် လို့ ပါ,ကျွန်တော် လေကြောင်း စာပို့ စနစ် ဖြင့် ယို့ ဒင် လို့ ယါ
ခဏ စောင့် ပါ,ခဏ စောင် ပါ
ဓာတ်ပုံရိုက် လို့ ရ လား,တတ်ပဲရိက် လို တ လး
ငါး မ စား ဘူး,ငါ1 မ ၈ ၁  ဘု )
ခင်ဗျား အခု အား သလား,of်R95 TR2 R12 21R1712
အခု မှာ တော့ မလား,""""" P7T TT 7 ""I""D7"
မ လွတ် နိုင် ဘူး,မ လကာ် (E် ဘူး
အဲဒီ လူ ကို အတ္တကြီး သူ လို့ ထင်မြင် မိ တယ်,ဘဲဒီ လူ ကို ဘတဣကြကီး သူ လို့ လင်မြင် မိ ကယ်
တကယ်တော့ ကျွန်တော် ဒီ မှာ တစ် လမ်း လုံး ငိုက်မြည်း လာ တာ,RaR94e4Ry H4R1 S RI R8 14382 2 (flu2 F1 R91
တစ် ပတ် မှာ တစ် ကြိမ် လောက် သူငယ်ချင်း တွေ နဲ့ တွေ့ တယ်,"တစ် ပတ ၂ာ တပ် (ဝ် ဝလက် ယူငယ်ဒျပ်း ဝတ နဲ့ ဝတ, တယ်"
ရေကူး ဝတ်စုံ တစ် စုံ ငှား ချင် တယ်,"တn: C်၁ ၁ ၄ ၂-- ခင် Cu'"""
အကြာကြီး ပဲ,ဘက'ကီး ပဲ
ဒါ က ယူနိုက်တက် ဟုတ် တယ် နော်,ဒါ က ယန်ုကတ် ဟုတ် တယ် ခော်
ဘူတာရုံ နဲ့ က ဒီ က နေ ဝေး သလား,ဘူတာုံ ခဲ့ က ဒီ က ဇေ တေး သလား
ရဲ ခေါ် ချင် ပါ တယ်,ဝဲ ခေါ် ခင် ပါ တယ်
ဟုတ် လား,ဟုတ် လား
ခင်ဗျား ကို မျှော် နေ မယ်,oE်t2 R G 41 R9
မျက်မှောင် ကျုံ့ သည်,"မု)ကံမှောင် ကံ်, သည်"
ကျွန်တော် ဆုံးဖြတ် လိုက် ပြီ,ကျန်ဗော် အုံဒဖြတ် လိက် ပြ
ကောင်း ပြီ လေ,စef၊ မီ ဧလ
အိမ်သာ အနံ ပျောက်ဆေး,ဤMl21 R1 Btl9R94z1
ထောင့် မှာ စတိုးဆိုင် ရှိ ပါ တယ်,စောင့် ၂ှာ စတးထိင် N ပါ တယ်
ဒီ နေ့ မနက်ပိုင်း ခင်ဗျား ဘာ အစီအစဉ် ရှိ ပါ သလဲ,ဉ ဆေ့ ပနကပ်င်း သင်လား ဘ ဘစီအစဉ် ၄ ငါ သလဲ
ဒီ အက က ကြည့် မလား,ဒီ ဘက က ကြည့် မလား
အိမ်စာ တွေ ကို အားလုံး လုပ် လာ ပါ,၀တ ထ P T-ry- -yC rn ပ'
ကျွန်တော် တို့ တရုတ် အစားအစာ စား ကြ မယ်,ကျွန်တော် တို့ တငတ် ဘာတားဘတာ တား က ယယ်
ဒီ ပြခန်း ရဲ့ အဓိက ပြကွက် တွေ က ဘာ တွေ လဲ,ဉ ပြခန်း နေ့ ဘဓဲက ပြကက ထ က ဘ တ လဲ
အိမ်သာ သွား ချင် ပါ တယ်,အိ ပ် သ ၁ သှ ၁ 1 ၁ င် ပါ တယ်
ကျွန်တော် တို့ အဲဒါ တွေ ကို စစ်ဆေး စရာ ရှိ လို့ ပါ,ကျစ်တော် တို့ ဘဒါ တေ ကုံ ဆ်ဆဆေး စဈ ၌့ လဲ့ ပါ
လက်ပတ်နာရီ ၂ လုံး ပြ စရာ ပါ ပါ တယ်,လကပတနာရီ ၂) လုံး ပြ စတ ပါ ပါ တယ်
သူ ခေါင်းကိုက် တယ်,သူ ခေါင်းကိုက် တယ်
တစ် စောင် ဝယ် မယ်,တစ် ဆောင် ဝယ် မယ်
မဟာတံတိုင်း ပေါ် မ ရောက် သော် ယောက်ျားဘသား မ ဟုတ် ငြား တည့်,စတတတိုင်း ဝပါ ၈ ဝတက် ဝသယ ဝယာကျားဘသး ၈ ယုတ် (ြား တည့်
အခြား နိုင်ငံ များ နဲ့ ချစ်ခင်ရင်းနှီး မှု ကို တည်ဆောက် တယ်,ဘဗြား F၄C ဖျာ၊ နဲ့ ချစ်၁င်၈C:ီး မှ က တည်စောက် ဘယ်
ကျွန်တော် ကား နည်းနည်း မူး နေ လို့,ကန်တော် ကား နည်းနည်း မုး ငနေ လို့
အခြေခံ ပညာ မှာ မူကြို မူလတန်း အလယ်တန်း အထက်တန်း လို့ ခွဲ ထား တယ်,ဘဝြေခဲ Cညာ မှာ မုကြိ၊ မုဏကန်း ဘလယ်ကန်း ဘလက်ကန်း လို့ ခဲ့ လား ကယ်
ဒီ လှေကားထစ် လေး တွေ တက် လိုက် ရအောင်,ဒီ ၈ လှ က ၁ =ထ စ ဧ လ  စ တ တ က လို ကံ ရ စ ဘ ၁ င်
က ဘယ် နေရာ မှာ လဲ,က ဘယ် ဧ န ရ ၁ ၉ ၁ လဲ
ဘယ် အသင်း က အနိုင်ရ သလဲ,"၁၉ ""f - -၇ 76"
ကောင်း လိုက် တာ,ကောင်း လိက် တာ
ဒီ ည ဘာ ရှိ လဲ,ဒီ ည ဘာ ရီ လဲ
မှာ အိမ်မက် ဆုံရာ အစီအစဉ် တစ် ခု ရှိ တယ် ဆို,လှာ ဘိစ်ဗက် ဘုတ ဘဝီဘဝဉ် တစ် ဒ ရှိ တယ် ထို
မွှေး လိုက် တာ ဒီ က တောင် အနံ့ ရ တယ်,လွေ- လဂ* ဘာ ဒိ.က ထာင် 1p ၇ Pယ'
ဒါ က ဘာ လို့ ဒီ လောက် ကောင်း တာ လဲ,ဒါ က ဘာ လို ဒီ လောက် ကောင်း တာ လဲ
ခင်ဗျား ရဲ့ ကမာကောင်ကြော် ကို အနည်းငယ် နဲ့ ဆို ရင် ရော,ခင်ဗုား ရဲ ကမာကောင်ကကြော် ကို ဘနည်းငယ် ခဲ့ ဆို ရင် ရော
ခင်ဗျား ဟာ ကို ပြင် နေ တုန်း ကျွန်တော့် စက်ဘီး စီး လို့ ရ ပါ တယ်,ခင်၀၇- ဟာ ကို ပြင် နေ တန်: ကျန်တော့် စက်ဘီ- စီ လို ၈ ပါ တယ်
မာဖီး,ယဖီး
မ ယူ တော့ ဘူး,ငံဲ Cူ G၆ မူး
တခြား မျိုးတူ ပစ္စည်း တွေ နဲ့ ယှဉ် ရင် ဘာ အားသာချက် ရှိ သလဲ,ကခြား မျိးကူ (ဒဋ္ည်း ငကွေ့ နဲ့ (ယှဉ် ရင် ဘာ ဘားသာချက် ရှိ သလဲ
မီးလောင်ပျောက်ဆေး ကျေးဇူးပြု၍ ပေး ပါ,မ်းထေင်ယဂက်ဆေး ကျေျေးဌးပြု၍ ယေး ပါ
ခက် တဲ့ ကိစ္စ တောင် သေချာ အကြံထုတ် ပြီး စဉ်းစား ရင် ဖြေရှင်း နိုင် ပါ တယ်,ခဏက် တဲ့ ကံငွ တောင် သောခာ ဘာကထတ် ပြီး ထဉ်းသား ၎င် ပြေဝှင်း နိုင် ပါ တယ်
ထိုင်ခုံ နံပါတ် က သုံးဆယ့်ရှစ် ဂျီ ပါ,ထိုင်ခံ ခံါတ် က သုံးဆယ့်ရှစ် ဂျီ ါ
စမ်းကြည့် ပါရစေ,စမ်းကြည့် (ါရဝေ
ခင်ဗျား နောက်ထပ် ဘာ တွေ စား ဦး မလဲ,alur- Vfတပ် - ဟေ့ T: C ဖလဲ
ဒီ မှာ နာမည် ရေး ပါ,ဒီ မှာ နာမည တရေး ပါ
တီးဝိုင်း နဲ့ သိပ် မ နီး တဲ့ နေရာ ရ နိုင် မလား,တီးဝိင်း ခဲ့ သိပ် ပ နီး တဲ့ ထု ခ ခိင် ပလား
ဒီ အနီးဝန်းကျင် မှာ ကျွန်တော် တို့ နှင်းလျှော စီး လို့ ရ နိုင် လား,ဒီ ဘနီးဝန်းကျင် မှာ ကျန်တော် တို့ နှင်းလျှော စီး လို ရ ခိုင် လား
တစ် နှစ် လျှင် မိုးရေချိန် လက်မ ၁ဝဝ မှ ၃ဝဝ ခန့် အထိ မှန်မှန် ရရှိ သည်,တစ် နှစ် လျှင် မိးေခါန် ဂက်မ ၁၀၀ မှ ၃၈ ခန့် ဘထိ မှန်မှန် ရရ်ိ သည်
ခင်ဗျား ပြော တဲ့ လက်ဆောင် တွေ ကို ကျွန်တော် ကြည့် ပါရစေ,၁င်ဗျr: ၁၂ တဲ့ လက်ဝဘာင် ဝတ ကိ ကျွန်ဝတ် ၂ဋပ့် ပါရာဝ
အနီးနား မှာ အများသုံး ဖုန်း ရှိ ပါ သလား,ဘ နီ  န ၁ 1 ပ) ၁ ဘ ပ) ၁ 1သ1 ပ စ်  ၅ှိ ပါ သ လ ၁ 1
ထို့နောက် အေဒီ ၉၀၁ ခုနှစ် ၌ ထောင့်ကွာ မြို့ သက်တမ်း ၂၂၀ သို့ ရွှေ့ ခဲ့ သည်,ထို့ဧောက ဘေဒီ ၉၁၁ ၃%၆ ၉ ထောင့်ကာ ဖြါ.သက်တ၆်း .၀ သိုံ့ က ခဲ့ သည်
ကား ပိတ်ဆို့မှု မ ရှိ ရင် မိနစ် နှစ်ဆယ် နဲ့ ရောက် ပါ တယ်,ကး ပိတထို့ဆှ ပ ရှိ တင် ဓိနှစ် နှစ်သယ် ခဲ့ ဝတက် ပါ တယ်
ဘောလုံး ကန် တတ် တယ်,ဘောလုံး ကန် တတ် တယ်
ဒီ မှာ ရပ် လို့ ရ မလား,ဒီ မာ ရပ် ကို့ ရ မလား
ဒီ မှာ ထူးခြား အမှတ်အသား ရှိ လား,ဒီ မာ ထူးကြား အမှတ်ဘသား ရိ လား
ယာဉ် စည်းကမ်း တွေ က မ ထိရောက် ဘူး လေ,t990 Rr2R12 B 1 H$ RRetIaR9 5 G111
ဘယ် နေရာ မှာ လောင်းကြေးထပ် လို့ ရ နိုင် မလဲ,ဘယ် စ န ရ ၁ ပှ ၁ ဧ လ ၁ င်  ဧကြ 1ထ ပ် လို ရ နို င် မ လ
ဘယ် စားသောက်ဆိုင် ကောင်း တယ် ဆို တာ သိ ပါ သလား,ဘင် စားဝသာက်ဘိင် ဝကင်း တယ် ဘို တ ထိ ပါ သလး
ဟို ကလေး ကို ဂျော်ဂျီ လို့ ခေါ် တယ်,ဟို ကလေ: ကို ဂေဂ်ဂီ လို ပေါ်' တယ်
၁၀၅ ကား စီး ရင် တိုက်ရိုက် ရောက် တယ်,၁၀၅ ကား စီး ရင် တိုကံရိုကံ ရောက် တယ်
ခင်ဗျား ဘာ လို ချင် တာ လဲ,ခ င် ဗ ၁   ၁ လို ခ င် တ ၁ လဲ
တောင်းပန် ပါ တယ် ကျွန်တော် တခြား စွပ်ပြုတ် တစ် ပွဲ နဲ့ လဲ ပေး ပါ့ မယ်,တောင်းပန် ပါ တယ် ကျှန်တော် တခြား စွပ်ပြုတ် တစ် ပ ခဲ့ လ ပေး ပါ့ မယ်
အရမ်း နေပူ တယ်,ဘ ရ ပ  စ နံ ပ တယ်
ကျွန်တော့် ကို ဒီ ကုမ္ပဏီ ထဲ မှာ လိုက် ပြ လို့ ရ မလား,ကျွှန်ဝတ့ ကိ ဒီ ကုပှကီ ထဲ ဟာ လိုက် ပြ လို့  ပလး
ဆန် အရက် ကို အများကြီး သောက် ရင် ခေါင်းကိုက် တယ်,ဆန် ဘရက် ကို ဘများကြ်း သောက် ရင် ငေါင်းကိုက် ကယ်
ဟယ်လို ဘယ်သူ နဲ့ တွေ့ ချင် ပါ လဲ,ဣယ်လို ဘယ်သူ ခဲ့ တွေ့ ခင် ငါ လဲ
၁၉၆၅ တွင် စင်္ကာပူ ကို ဖက်ဒရေးရှင်း မှ ဖယ်ရှား ခဲ့ သည်,၁၉၆၅ တင် စင်္ကာပူ ကို ဖကံ၁ဋေးရှင်း မှ ဖယံရှား ၃့ သညံ
ဒီ မှာ ပါ,ဒီ မှာ ငါ
ဒေါ်လာ ၂၀၀ လဲ မယ် အော် ဒီ နေ့ ငွေ လဲနှုန်း ဘယ်လောက် လဲ,ဒေါ်လာ . ၂၀၀ လဲ ယယ် ဘော် ဒ ခေ့ ငွေ လဲနန်း တယ်လောက်က် လဲ
ဒါ တွေ ကို ဘယ်လို ပုံစံ မျိုး ကြိုက် ပါ သလဲ,ဒါ ကွေ ကို ဘယ်ကို ပုံစ် မိုး ကြိုက် (ါ သလဲ
ဒီ မှာ ရှိ လား,ဉ  ၄ လား
လျှောက်လည် ရင် ကား ငှား ရ မ လား,လှောကလည် ၎င် ကား ငှား ၄ ယ လား
ထီပေါက် ရင် တော့ တစ် ခါ လာ စား ဦး မယ်,ထီပေါက် ရင် ကော့ တစ် ခါ လာ စား ဦး မယ်
မျက်မှန် ဆိုင် ဘယ် မှာ ရှိ ပါ သလဲ,မျက်မှန် ဆိုင် ဘယ် မှာ ရှိ Cါ သလဲ
ဟာ နှမြော စရာ ကောင်း လိုက် တာ,ဟာ နှပြော စ၈ာ ကောင်: လိုက် တာ
အဲဒါ ဆို ငွေ ဘယ်လို ပေး ရ မလဲ,ဒဲဒါ ၏ိ ဝေ ဘယ်လို ပေး ရ ဖလ
ဘယ် အချိန် ပါ လဲ ခင်ဗျာ,ဘယ် ဘချန် ပါ လဲ ခင်၀
မိန်းမ ဝတ် တဲ့ လုံချည် ကို ထမီ လို့ ခေါ် ပါ တယ်,ဒိန်း:မ ဝတ် တဲ့ လုခည် ကို ထခဲ လို့ ခေါ် ပါ တဟယ်
အနီးနား မှာ ရွက်လှေ အသင်း ရှိ လား,HနYP. ၂ ၉n1ဤy. သင်- P r--
လူ တို့ အတွက် ငှက် တို့ သည် အသုံးဝင် သည်,R Hl zRRR C Hု 21 SRz20E 212
ကြီး တာ လား သေး တာ လား,ကြံး တာ လား သေား တာ လား
ကို ဘယ်လို သွား ရ မလဲ,ဂီ -Oက 3: 1 =P
လေယာဉ် နံပါတ် က ဘယ်လောက် လဲ,ကေယာင် နံပါက် က ဘယယ်လောက် လဲ
ကျွန်တော် ဘန်ကောက် လေကြောင်း နဲ့ သွား မှာ ပါ,ကွ န် စ တ ၁ ဘ န် ၈ က ၁ က စ လ ဇကြ ၁ င် 1 နဲ့ သှ ၁ 1 ပှ ၁ ပါ
ကျွန်တော် လည်း ဒီ နေရာ မှာ လူသစ် ပါ,nbe် m်၊ *ီ i၇ p ၇% ပ
ခဏလောက် ထိုင် စောင့် ပါ,-mmn ထင် တင့် ပါ
ပြဿနာ ရှိ ပါ သလား,ပြဿနာ .% ၆ သလား
ဒီလို နာကျင် မှု ဖြစ် နေ တာ ဘယ်လောက် ကြာ ပြီ လဲ,ဒီလိံ နာကင် မှ ဖြစ် နေ တာ ဘယ်လောက် ကာ ပြံ လဲ
က ဒီဇိုင်း ဆွဲ ခဲ့ တာ မ ဟုတ် ဘူး လား,၈ ီရီ် ရဲ့ 1   ဟုတ် ဘ က၊
ကျွန်တော် တို့ အခု ဘယ် မှာ လဲ,ကွှန်တေ ဘို့ တခ ဘယဲ မှာ လ
ရ ပါ တယ် မိတ်ဆက် ပေး တာ ပေါ့,၇ ပါ တင် စိတ်သက် ဝပး တ ဝပါ
စကား ထစ် တဲ့ သူ ကို နောက် တာ မ ကောင်း ဘူး,စကား ထစ် တဲ့ သူ ကို နောကံ တာ မ ကောင်း ဘူး
တော် တော့ နားငြီး လိုက် တာ,တော် ကော့ နားငြီး ကိုက် တာ
၁ ရက် မှာ ၂၄ နာရီ ရှိ တယ်,၁ Pny- ၂၄ .P1P ၁ယ'
ဇူလိုင် ၈ ရက်နေ့ လို့ ကြား တာ ပဲ,တ လို င် ဂ ရ ကိ စ နဲ့ လို့ ကြ ၁  တ ၁ ပဲ
မြန် မြန် သွား နိုင် မလား,ပြန့် ပြန့် သား ခိင် ယလား
စာရေး ရင်း မျက်ရည်ကျ ရ တဲ့ ဝတ္ထု ဆို လို့ နှစ် ပုဒ် ပဲ ရှိ ပါ တယ်,စာရေး ၎င်း မက်ရည်က ၈ တဲ့ ဝတ( ဆိ့ လို့ နှစ် ပဒ် ပဲ ရိ ပါ တယ်
စိတ်ဝင်စား ပါ တယ် ကျွန်တော် ငွေပြတ် နေ တယ်,စဘ်ဝင်စား ပါ တယ် ကျန်ဗော် ပေပြတ် စန တယ်
အခန်း ထဲ မှာ မီးဖွင့် ထား သည်,ဘဒန်: ထ မှာ ပီးဖွင် ထာ- သည်
ဒါ တွေ နဲ့ တွဲ သောက် ဖို့ ဘယ်လို အဖျော်ယမကာ မျိုး မှာ ချင် လဲ,၈ ဟဟ့ ခဲ့ ဟိ့ B၁P မီ့ -tီ newfeer မr  1 d
ဆရာ လီ က အခု ဆေးခွင့် ကာလ ပါ,ဤR1 1 H1  R21f MlR1
မာတိနီ က ကောင်း မယ် လို့ အကြံပြု ပါရစေ,ပ ၁ တိ နီ က စ က ၁ င် ခ မ ယ် လို့ ဘကြပြ( ပါ ရ စ ၈
ပူပင်သောက အဆုံး တွင် ရောဂါ ရ သည်,ပပင်သောက အဆံး: တှင် စောဂါ ရ သည်
အဲ့ဒီ ကို ဘီ နာရီ လောက် ကြေးနန်း ရောက် မယ်,ဘ့ဒီ ကို့ ဘံ နာ်ီ လောက် ကြေးခန်း တောက် မယ်
မမ,၏နှီဇီနဒီ
တော်တော် ပြင်း တဲ့ လေ ဖြစ် တယ်,တော်စော် ပြင်း တဲ့ ခလ ဖြစ် ဘယ်
ဦးအောင် ဒါ ကျွန်တော် တို့ ရဲ့ မန်နေဂျာချုပ် မစ္စတာ လီ ပါ,fenf % rန်e တီ့ ၇ု een-n0G eူတ လီ ပဲ
ဟုတ်ကဲ့ ပါ ဆရာ,ဟု တီ ကံ့ ပါ ဆ ရ ၁
ဟို ဘက် မှာ ရှင် လူ လာကြို တာ လား,တ၁ဏ ၁ 7င် လ rg ဟ .-
မ ဆင်း ခင် ကိုယ့် ပစ္စည်း ကို သေချာအောင် စစ် ပါ,ဖ အင်း ဒင် ကိုယ့့် ပစ္စည်း ကိံ သေခာစောင် စစ် ပါ
မ တွေ့ ရ တာ တော်တော် ကြာ သွား ပြီ,မ တေ ၈ တ တော်တော် ကြာ သွား ပြီ
အပေါ့ အငန် အတော် ပဲ,အ စ ပါ အ င င့် အ စ တ  ပဲ
စကား ကို ပိုကဲ ပြော တယ်,ဝကး ကို ငံကဲ ပြော တဟ်
ကျွန်တော် တို့ ဘီယာ သောက် ရင် ပို ကောင်း မယ်,ကျန်ကော် ကို့ ဘီယာ သောက် ရင် ငံ ကောင်း မယ်
ကြည့် ပါရစေ ၁၂.၅၀ ဒေါ်လာ ကျ ပါ တယ်,ကြည့် ပါ၈ဝ၀ ၁၂.၂ ဝဒါလ ကျ ပါ တယ်
မင်း တို့ ကုမ္ပဏီ,ပင်း တို့ ကုမ္ပဏီ
သူငယ်ချင်း အိမ် သွား တာ သူငယ်ချင်း က မ ရှိ လို့ မှတ်ချက် ဘဲ ရေးထား ခဲ့ တယ်,သငယဒုင် 1V သာ- ဘာ သူငယခင်: P d 1P.လှ 2်၃-၁ တှ-ဘာ- ဒဲ့ ယ'
အဲဒီ အရပ် က တိုင်ဖွန်းမုန်တိုင်း ကြောင့် အတော်လေး ပျက်စီးဆုံးရှုံး ခဲ့ ရ တယ်,ဘဲဒီ ဘရပ် က တိုင်ဖွန်းမုန်တိုင်း ကြောင့် ဘတော်လေး ပ)ကံစီးဆံးရှုံး ခဲ့ ရ တယ်
အခု လုပ် ကြ ရ ပါ မယ်,ma2 1 3 H1 13 K
မြန်မာ နိုင်ငံ တွင် တွေ့ နိုင် သော နေရာ များ အပူပိုင်း ဒေသ တွင် ပေါက်ရောက် သည်,Me fh ဖ တ  s i၇  tမိf- H1P ဖ tufftf 7E
အဆင်သင့် ဖြစ် ဖို့ ဘယ်လောက် ကြာ လိမ့် မလဲ,ဘထင်သင့် ဖပြစ် ဖို ဘယ်ဝလက် ( လိန့် ပလဲ
ကျွန်တော် ကို တခြား အခန်း သို့ ပြောင်း ပေး နိုင် မလား,ကန်တော် ကို တခြား ဘခန်း သို့ ပြောင်း ပေး နိုင် မလား
ဝမ် ၈၁၀၀ မှာ မှတ်ပုံတင်ကြေး ဝမ် ၈၀၀ ပေါင်း ရင် စုစုပေါင်း ဝမ် ၈၉၀၀ ကျ ပါ တယ်,တမ် ၈၁၀ မှာ မှက်ပံကင်လကြေး တမ် ၈၀၀ Gေါင်: ရင် စုစုဝေါင်း ငမ် ၈၉၀၀ ကျ ါ ကယ်
ခုံ ပေါ် မှာ မှီ ပြီး လှဲ လို့ ရ မလား,ခုံ ပေါ် မှာ မှီ ပြီး လှ လို့ ရ မလား
သူ အမြဲတမ်း ဆေးလိပ် သောက် နေ တယ်,ယူ ဘပြဘမ်း ဆေးလိပ် သောက်က် ခေ တဟ်
အလယ်တန်း ကျောင်းသား သာ ဆို တယ် အရပ် က မ ပု ဘူး လား,ဘာလယ်တန်း ကျောင်းယား ဃာ ဆို တယ် ဘဝပ် က ယ ပ ဘူး လား
ခင်ဗျား ဘယ် အချိန် ဖွင့် လဲ,te: T 1f ဖ =
ကျွန်တော် တို့ အိမ် မှာ အတူ အိပ် ပါ လား ခင်ဗျာ,ကျန်ကော် ကို့ အိမ် မှာ ဘကူ အိပ် ါ လား ခင်ဗျာ
ဒီ စားပွဲ အဆင်ပြေ ရဲ့ လား ဆရာ,ဒီ စားပဲ အဆင်ပြေ ရဲ့ လား အ၈
သြစတေးလျ ကို ကြေးနန်း ရိုက် လျှင် ဘယ်လောက် ကြာ မ လဲ,ဩဓတေးလ၊ ကို ကေးခန်း ငိုဂ်္ဂ လှင် .ဘဟ်လောင်က ကာ ယ လဲ
ချယ်ရီ ပန်း ဝယ် ချင် တယ်,ခယ်ဇီ ယန်း ဝယ ခင် တယ
နို့ မှုန့်,နဲ့ မှံန့်
ကောင်း ပါ တယ် သွား ကြ ရအောင်,ဝကင်း ပါ တယ် လှး ဌ ၈ဝဘင်
မင်း ကို အကြံဉာဏ် နည်းနည်း လောက် ပေး လို့ ရ မလား,မင်: ကို အကဉဏ် နည်-နည်: လောက် ပေ လို ၈ မလာ-
မိုးမရွာ တာ ကြာ ပြီ,ံ = မ ရ ၁ တ ၁ ကြ ၁ ပြီ
ရထား က အမြန်နှုန်း လျော့ချ သည်,ငထား က သမြန်နှ(န်း လျာ့ချ သည်
သောကြာ ဂြိုဟ် သည် တူ ၏ ရာသီခွင် ဖြစ် သည်,သောကြာ ဂု(ဟ် သညံ တူ ၏ ရာသီခင် ဖြစ် သည်
မ ဟုတ် ပါ ဘူး ခင်ဗျာ မိတ်ဆွေ လမ်းမှား နေ ပါ တယ်,ဟု တ ပါ ဘု  ဒ င် ဗ ၁ မိ တ စ ဆ လ ပ်  မှ ၁ 1 ၈ န ပါ တယ်
ကျွန်တော် နောက်ဆုံး ရိုက် လိုက် တဲ့ ပုံ က ဝါး သွား လို့ ပါ,ကျွန်တော် ဇောက်ဆုံး ငိုက် လိုက် တဲ့ ပု က ဝါး သွှား လို့ ပါ
ကို ဘယ် အချိန် မှာ ဆင်း ရ မလဲ,ကို ဘယ် အဒါန် မာ ဆင်- ၈ မလဲ
သူ့ မှာ အားနည်းချက် တစ် ခု ရှိ တယ်,သု မာ ဘာ-နည်:ဒုက် တစ် ၁ ရှိ တယ်
ဘယ် နေရာ မှာ ကျွန်တော် ပိုက်ဆံ လဲလှယ် နိုင် မလဲ,ဘယ် ခော မှာ ကျန်တော် ပိုက်ဆံ လဲလှယ် ခိုင် မလဲ
ရှေ့ က ထရော်လီကား က မီးအားမရှိ လို့ မ ရွေ့ နိုင် ဘူး,ဂျေ့ က ထရော်လီကာ- က ဗီ-ဘာ-မရှိ လို မ ဋွေ့ နိုင် ဘ၇-
ဒီ ဆိုင် ဘယ် အချိန် ပိတ် လဲ,ဒါ ၏ိE် ziR a MR9 1D
က ရအောင်,က စ၉ဘာင်
မင်း က လူဆိုး လား,ယင်း က လူဆိုး လား
မ တော် ဘူး,ပ တော် ဘူး
လှဲ ပြီး အိပ် လိုက် ချင် တယ်,လှ ပြီ  ဘိ ပ လို က ခ င် တယ်
အပ်ခ ဘယ်လောက် လဲ,ဘ ပ် ခ ဘ ယ ၈ လ ၁ က လဲ
အဲဒီ နေရာ ကို ကျွန်တော် တို့ ဘယ် အချိန် သွား မှာ လဲ,"Fါ i၇ "" nbစ တီ -ံ ဂီစ် -၇-  လဲ"
လမ်း က ရေခဲ နေ သဖြင့် ကား ချော်ထွက် သွား သည်,R32 IT1 RRl2) R1 10၄) HR15 R9R9 11 ည
ဘယ် လိုင်း အမှတ် ကို ပြောင်း စီး ရ ပါ မလဲ,ဘယ် လိုင်း ဘမှက် ကို ၀ြောင်း စီး ရ ငါ မလဲ
မ ဟုတ် ပါ ဒါ ဟာ အဟောင်း ဖြစ် တယ်,a Cof ၀ ဒါ Cက A..ကင်: ၂င် Cu'
ဘတ်စ်ကတ်ဘော ကို ကြိုက် ပေမယ့် သူငယ်ချင်း တွေ က ဘေ့စ်ဘော ကို ကြိုက် တယ်,ဘတ်ပ်ကတ်ဝဒ ဂ (Cက ဝ0ပယ့် ၁၀ယ်ဒျင်း ဝတ က ဝဘပ်ဝ ကို (c တယ်
တရုတ် ပြည် လွတ်မြောက်ရေး ရ ပြီး တဲ့ နောက် မှာ ရှန်ဟိုင်း မြို့ မှာ အပြောင်းအလဲ ရှိ သလား,တရုတက် ပြည် လှက်ပြောက်ငေး ရ ပြီး တဲ့ ၀ောက် မှာ ရှန်ကိုင်း မြို့ မှာ ဘပြောင်းဘလဲ ရှိ သလား
မင်း တို့ ညှပ်ဖိနပ် ရောင်း ပါ သလား,ထင်- တိ ၄V0C် ှင်: Cါ Crn-
သို့သော် ထင်ရှား လျက် ပင် ရှိ ပေ သေး သည်,Zez REK12 M1 1E ရှ R R12 21ဲ
ပူတာအို သည် ကချင် ပြည်နယ် အတွင်း ရှိ ခရိုင် ရုံးစိုက် ရာ မြို့ လည်း ဖြစ် သည်,ပဘာ1 ဿ.ဿယ် =င် (2ယC Tဟွင်- P .E 7:-P7  ဤိ့ -သ်- (က သှ
မနက် စောစော လာ ခဲ့ ပါ မယ် နောက် မှ တွေ့ မယ်,ထp7 တဘ-တ လ ဒါ့ ပါ SC' Qn y Cဟ့ SC'
သေချာ တာ ပေါ့,Cသ၁၇ တ ဝပါ
လက်တင် ဘာသာစကား အရ ဝက် အကောင် ငယ် ကလေး များ ဟု အဓိပ္ပာယ်ရ သည်,"လက်တင် ဘာသာစကား အရ ဝက အကောင် ငယ် ကလေး များ ဟု အBိဉာယ်၈, သည်"
နောက်ထပ် ၃ နာရီ ကြာ ရင် သန့်ရှင်းရေး လာ လုပ် ပေး လို့ ရ သလား,နောက်ထဝ် ၃ နာစ်f ကြာ ရင် သန်ုရှင်းစေး လာ လ့် Gေး လိုံ ရ သလား
အလုပ် နဲ့ အလည်အပတ် ပါ,ဘလုပ် နဲ့ ဘလည်ဘပတ် ပါ
ကျွန်မ ဖုန်းဆက် တယ် လို့ ပြော ပါ ကောင်း ပါ ပြီ,ကျန်မ ဂန်းဆက် ကယ် လို့ ၀ြာ ါ ကောင်း ပါ ပြီ
အရှေ့ ဘက် ဂိတ် စျေး ဘယ် မှာ ရှိ ပါ သလဲ,ဘာလှေ့ ဘင်္ ကိံတ် ပေင တယ် မာ ၄ှိ ပါ ဃလဲ
သကမ်း,သလမ်း
ငါ ကျောင်းတက် တုန်း က တောင် ဒီ လောက် အဆောက်အဦး တွေ မ များ သေး ဘူး,F GtheE2RRR RS f BR799၉ S Ef7RR9 R4zR1RaR02 RR7 I2 2 4211 21
အိတ် ထဲ မှ စာ ကို ဆွဲထုတ် သည်,"2f ယ ၂ ဗ "" ဠယပ် သှ်"
ဘန်ကောက် ကို သွား မယ့် ပထမဆုံး ရထား က ဘယ် အချိန် လဲ,ဘနကောက ကိံ သား မယ့ ပထမဆုံး ရထား က ဘယ် အဒ္ိန လဲ
လူ စုံ ပြီ လား ဟေ့,လူ ဂုံ ပံ လား ဟေ့
ဘယ် အချိန် လောက် ဖက်စ် ပို့ ပေး ရ မလဲ,တယ် ဘခံ်း လောငက္ ယကစ် ပို ပေး ဝ ယလဲ
မနေ့ က မိုး အများကြီး အစိုခံ လို့ အအေးမိ သွား တယ်,မနေ့ က မိး အမဂးကြကီး အစိဒံ လို့ အဘေားမိ သား တယံ
ဟင့်အင်း နားမလည် ပါ ဘူး,"ဟ င်,ဘ င်  နဲ ၁ 1 မ လ ည ပါ ဘု"
ကျေးဇူး အများကြီး တင် ပါ တယ်,စ ကှ 1 တူ  မ ၁ ဂကြီ 1 တ င် ပါ တယ်
လေမုန်တိုင်း တိုက် တဲ့ အတောအတွင်း လျှပ်စစ်မီး ပိတ် တယ်,၀ေမန်တိုင်း ကိုက် တဲ့ ဘတောဘကွင်း လျှပ်စစ်မီး ဝိက် ကယ်
ခင်ဗျား မှာ အချိန် ရှိ တဲ့ အခါ,၁င်Q၇- မှ ဘဒါန် ရျိ တ အ3.
ချက်ချင်း,ခုကံခုင်း
နှစ်ဆယ့်နှစ်,နှစ်ဆယ့်နှစ်
တစ် ပတ် အထိ တော့ ဟို သွား ဒီ သွား သွား လို့ မ ရ ပါ ဘူး,ဖ% ပတ် ဂီ လ ဟိ ၁၊ ဒီ ၁ ၁၊ ဂီ ၇ ပံ ဘု
သူ တို့ အထုပ်အပိုး ဝန်ဆောင်ခ တောင်း သလား,သု တို့ ထုပ်အပုံး ဝန်ဆောင်၁ တောင်း သလား
တဆိတ်လောက် ကျွန်တော် ဖျား နေ လို့ ပါ,bsttnP ကုန်ed မာ- စံ လိီ ပံ
ခဏလောက် စောင့် ပေး ပါ,ခတလောဂ် တောင် ပေး ပါ
ဖိတ်ကြား တာ ကျေးဇူး ပါ ပဲ,ထိတ်ကြား တာ ကျေ့းဇူး ပါ ပ
အရက် ကို ကြိုက် တော့ ကြိုက် ပါ ရဲ့ ခဏခဏ တော့ မ သောက် ပါ ဘူး,ဘဇက် ဂိ (ဤိက် ဝတp ဤါက် ပါ ငါ့ ဒကဒက ဝတ ဗ ဝသာက် ပါ ဘူး
နောက် တစ် ခေါက် ထပ် လာ ဖို့ မျှော်လင့် ပါ တယ်,နောက တစ် ဒေါက် ထင် လာ ဖိံ လျော်လင့် ပါ ဘယ်
ခင်ဗျား အိမ် မှာ ဘယ်သူ တွေ ရှိ လဲ,ခ င် ဗု ၁  အိ ပ ပ၂ှ ၁ ဘ် သု စ ထှ ၅ှိ လ
အွန်စော ရှိ ပါ သလား,ဘ န် ဇ ၈ ၁ ၅ှိ ပါ သ လ ၁ 1
ဒီ ထက် လျှော့ လို့ ရ ဦး မလား,ဒီ ထကိ စ လှု ၁့ လို့ ရ ဦ  ပ လ ၁ 1
သုံး နေ သေး တယ်,သိ့S Rs G212 R99R
မိဘ တွေ က ကျွန်တော့် ရဲ့ အပြုအမူ ကို စိတ်တိုင်းမကျ ဘူး,မံဘ လေ က ကျန်တော့ ငဲ့ ဘပြုဘမု ကို စိက်ကိုင်းမကျ ဘူး
ခင်ဗျား ဇာတိ က ဘယ် က လဲ,afV: ၈တီ ၈ မ် ၈ လဲ
နေ့ အခါ တွင် အလွန် ပူ ပြီး ည အခါ တွင် အလွန် အေး သည်,နေ့ ဘဒါ) တွင် ဘလွန် (၂ ပြီ- ည အ3ါ တွင် အလွန် ဧေ- သည်
ကျွန်တော် ဖေဖေ နဲ့ တစ်ခါတစ်လေ ကျားထိုး ရင်း နဲ့ စကား တွေ ပြော ကြ ပါ တယ်,ကျန်ကော် Ou2n ခ့ ကစ်ခါတစ်လလ ကျားထိုး ၎င်း ခဲ့ စကား လွေ ၀ပြာ က ငါ တယ်
သူမ ရဲ့ မျက်လုံး ထဲ မှာ ဝမ်းနည်း တဲ့ အရိပ်အယာင် တွေ့ လိုက် ရ တယ်,သူပ P.မုက်လုံ- ထ မာ ဝ၆-နည်း တဲ ဘရိပ်ဘယာင် တေ လိုက် ၈ တယ်
မှန်ထဲ မှာ ကြည့် ရ တာ ပိန် သွား သလို ပဲ,မှနထဲ ၂ှာ ကြည် ရ တ ၁န သား သလု ၆
အိမ် ယူ သွား မှာ,ဘမ် ယူ ဃား ဖှာ
ဒီ မှာ ဘီး တပ် ကုလားထိုင် အသုံးပြု နိုင် တဲ့ လမ်း ရှိ သလား,ဒီ မာ ဘီး တပ် ကလားထိုင် အသံးပြ) ခိင် တဲ့ လမ်း ရှိ သလား
ပြော တတ် ပါ တယ်,ပြော တတ် ပါ တယ်
အဓိက ဟင်းလျာ စား ပြီး မှ သောက် ပါ့ မယ်,ဘ ဓိ က ဟ င် းလှ ၁ ၈ ၁ 1 ပြီ  ပှ စ သ ၁ ကိ ပါ့ မ ယ်
အင်အား ရှိ သလောက် အဲ့ဒီ အလုပ် ကို လုပ် မှာ ပါ,ဘင်ဘာ- ရှီ သလောက် အဲဒီ ဘလုပ် ကို လုပ် မှာ ပါ
တကယ့် ပိုး အစစ် နဲ့ လုပ် ထား တာ လား,တကယ့် ငိုး အစစ် ခဲ့ လုပ် ထား တာ လား
ပွဲ ကြီး ပွဲ ကောင်း တော့ စ ပြီ ဗျို့,ပ ကြီး ပ လကောင်း တော့ ဆ ပြ် သို့
အချိန်မရွေး ပြောင်း လာ ပါ,ဘဒျိန်၀၀၇: ဝ/၂င်: လ ပါ
ကားဂိတ် မှာ ကား သွား စီး တယ်,ကားဂိတ် မှာ ကား- သွာ- စီ- တယ်
ပဉ္စမ ဒြပ်ပေါင်း တွင် နိုက်ထရိုဂျင် အလေးချိန် ၇ ဆ နှင့် အောက်ဆီဂျင် အလေးချိန် ၂ဝ ဆ,"ပူ့၈ VUedk. တု် ီ်ဇိnဂf rrnRီစ ၇ s i tnsnf n၈4 , s"
အန္တရာယ် များ လွန်း တယ် လေယာဉ် အနုကြမ်းစီး ပြီ နဲ့ တူ တယ်,ဘဒရာယဲ မား လှန်း တယ် လေယာဥ် ဘနကြမဲးစီး ပြီ နဲ့ တု တယ်
ဝက်သား က လွဲ ပြီး ဘာ ဖြစ် ဖြစ် စား ပါ တယ်,ဝက်သာ- က လ ပြီ- ဘာ ဖြစ် ဖြစ် စာ- ပ) တယ်
ကား တစ် စီး လောက် ရ နိုင် မလား,ကား တစ် စီး လောကံ ရ နိင် မလား
ကုန်းမြေ နယ်နိမိတ် အလျား သည် ၉၄၂၅ မိုင် ဖြစ် ၍ ကမ်းရိုးတန်း သည် ၃၅၃၅ မိုင် ရှည်လျား သည်,"ကုန်းဝ၆ နယ်နိဗိတ် ဘလျား သည် ၉၀,၀ ဆိုင် ဖစ် ဈျ် ကစ်းမိုးတန်း သည် ၃၈၃၀ ဆိုင် ရည်လျး သည်"
ကျွန်တော် ဘော့စတွန် မှာ ကား အပ် ရင် ဘယ်လောက် ပေး ရ မ လဲ,nftif Gtတ P ၊ :၆  -frf %မ  t ၈
ခုန မင်း တွေ့ လိုက် တဲ့ သူ က ဘယ်သူ လဲ,၁န ပင်- တေ လိုက် တ သ က ဘယ်သု လဲ
ကျွန်တော့် အဘိဓါန် စာအုပ် က ထွက်ထွက်ချင်း ပဲ နာမည်ကြီး သွား လို့ အရမ်း ပျော် လိုက် တာ,ကျွ(န်တော့ ဘာဘိခါန် ဘာဘုပ် က ထွင်ကထွင်္ခင်: ပ နာယည်ကြီး ယွား လို ဘငမး ပေ် လိုက တာ
ဟုတ် လား,မတ် P:
ဂျပန် လို တတ် တဲ့ လူ ရှိ ပါ သလား,၇)ပန် လို တတ် တဲ့ လူ ရှိ ပါ သလား
ဒီ ည တော်တော့် ကို ပျော်ရွှင် ခဲ့ ပါ တယ်,ဗီ ည တော်တော့် ကိံ ပေ်ြင် ခဲ့ ပါ တယ်
ဒီ နေ့ လေပြေလေညှင်းတိုက် ပြီး သာယာ လိုက် တာ,ဒီ နေ့ ဧလေစပြလေညှင်းတိက် ပြီး သာယာ လိုက် ဘာ
စီးပွားရေး လုပ်ငန်း အနေနဲ့ အာမခံထား သင့် ပါ တယ်,စီးပားရေး လုပ်ငန်း ဘခေခဲ့ ဘာမခဲထား သင့် ပါ တယ်
ခင်ဗျား တို့ ဆီ မှာ ကလေး စာအုပ် များ ရောင်း ပါ သလား,၁င်Oး တိ့ အီ .၂မှာ ကလလေး ဘဘုင် ဖား စရာင်း ပ သလား
အဲဒီ လူ ရဲ့ အရည်အချင်း ကို အသိအမှတ်ပြု ပြီး အလုပ် ကို အပ်နှံ တယ်,ဘဲဒီ လူ ရါ့ ဘဇဉ်ဘဒင်: ကိ ဒထိဒလတပြု ပြီး ဒဘလပ် ကိ ဘပ်နှ တယ်
ခါး အတိုင်း ဘယ်လောက် ရှိ လဲ,ခါး ဘကိုင်း ဘယ်လောက် ရှိ လဲ
ဟုတ်ကဲ့ ပိုက်ဆံ ဘယ်လောက် ပေး ရ မလဲ မ သိ ဘူး နော်,I R94) RiRR2R MRel1IR GH2 RI RlR0) H$ 2 5 G.9
သင်္ဘော က ဒီ နေရာ မှာ ဘယ်လောက် ကြာကြာ ဆိုက်ကပ် မှာ လဲ,ယဘော က ဒ ခော ဟာ ဘယ်လောင်္ ကာကာ ဆိုငက်္ကပ် မာ လဲ
လွယ်ကူ လွန်း တယ်,လယ်ကူ လန်း တယ်
သူ က အရပ် ပု တယ် ထိုင်ခုံ က သူ့ အတွက် နိမ့် လွန်း တယ်,"သု ဂ P-PG ) Cuပ"" တိင်၁ - သူ Pဘn P) ဣ4- Dယ'"
လေကောင်းလေသန့် ဟာ ခင်ဗျား အတွက် အများကြီး ကောင်း တယ်,လေကောင်းလေသနဲ့ ဟာ ၁င်on: အထက် အဖျားကြိီး ကောင်း တယ်
ခင်ဗျား က ဘာ ခံစားချက် မှ မ ရှိ တဲ့ သစ်တုံး ပဲ,၁င်၃၇s က ဘာ ဒဲစားခက ၂ှ ဖ ၅ .တဲ သစ်ဘ D
ခင်ဗျား ကျောင်းပိတ်ရက် မှာ ဘာ တွေ လုပ် ခဲ့ သလဲ,၁င်urး ကျေောင်းဝိတ်ဇရက မှာ ဘာ တွေ လ့် ခ့ သလဲ
မလေးရှား နိုင်ငံ သည် အခြေခံ ဥပဒေ အရ ဘာသာ ရေး လွတ်လပ်ခွင့် ရှိ သည်,"eitnp: 1 7ါ ne4 cf ""ု ဘဘ %h tူftပ်ရ် ( 7၃"
မလိုင် အပြည့် နို့ဆီ,ဖဂီ =မင် ဒီဇီ
ကောင်း လိုက် တာ ဆေး ပေး ခန်း က ဘယ်နှ ထပ် မှာ လဲ ခင်ဗျာ,"တာာင်: လ|"" ၁ ထေ- . ၁င- - ဘယ၂ ထပါ် ၂ လ ၁င်၁-"
ဟဲလို တိုနီ,ဟလို တိုနီ
အင်း ဟုတ် တယ် တခြား ကျောင်း က သူငယ်ချင်း လည်း ခေါ် ခဲ့ တယ်,ဘင်း ဟုတံ တယ် တခြား ကေောင်း က သုငယ်ခင်း လည်း ခေါ် ခဲ့ တယ်
‌ပြောပြ ပေး တဲ့ အတွက် ကျေးဇူးတင် ပါ တယ်,"၍iU Rl75 W, RR9R9 Gt7M2K1R6E I R34"
ဘာ လို့ ဒီ လောက် ပျောက် နေ တာ လဲ,ဤ Nု) Sီ RflR9 GtuR 4- 91 10)
ဆီ ကို ရောက် ဖို့ ဘယ်လောက် ကျ လဲ,ဤ R Gf9R9 ( z9RRet171R 1I K0)
အဲဒီ လမ်း အပြင် အခြား လမ်း မ ရှိ ဘူး,ဘဲဒီ လစ်း ဘပြင် ဘဋြား လမ်း ပ ရှိ ဘူး
လှိုင်းလုံး ကြောင့် လှေ က လူးခါ နေ တယ်,လှိုင်းလုံး ကြောင့ လှ က လူးခါ နေ တယ်
ဒယ်ဟာ့နို ကို ရောက် ဖူး လား,၁ယ်ယဘာ့ခို ကု ထာက (း Cဟား
တိုင်းပြည် ပြန် ခြင်း,တိုင်းပြည် ပြန့် ဝြင်း
ဘယ်လောက် လောက် များ လဲ,ဘယ်လောာက လော် ယား လဲ
အရသာ နည်းနည်း ပေါ့ တယ်,ဘရသာ နည်းနည်း ပေါ့ တယ်
အေး အေး မင်း လုပ် စရာ ကိစ္စ ရှိ တယ် ထင် တယ်,တ:- c:- Pင်- -yC P၇ -၉ 1 Cru၀' ထင် Cruပ
ဒါ ဈေး လည်း ပေါ တယ် အသုံးလည်းခံ တယ်,"ဒါ အေ: ..CS- Cေါ Dud""P2-r2-2 တယ'"
ကျွန်တော့် နားကြပ် ပျက် နေ တယ်,ကျန်တော့ နားကပ် ပျက် နေ တယ်
သူ နေမကောင်း ဖြစ် တာ ရက် အတော် ကြာ ပြီ,သု စေံပစကောင်း ဖြစ် ဘာ ရက် အတော် ကြာ ပြီ
ကျွန်တော် ကြက်သား ကြိုက် တယ်,tfed fPfi: Mf Df
တစ် တုံး ဘယ်လောက် လဲ,ဤ9 တိုး2 z94elRTaR 10)
ခင်ဗျား အင်္ဂလိပ် လို ပြော တတ် လား,ခင်ဗ၀: အင်္ဂလိပ် လိံ ပြေ တတ် လား
ခင်ဗျား အိမ် က ဘယ် မှာ လဲ,ခ င် ဗ ၁  ဘိ မ် က ဘယ် ) ၁ လ
ခင်ဗျား တို့ ဆီ မှာ တွေ ရ လား,၁င်DPး တိ့ ဇိ .၂ှာ တေ ၈ လား
ကျွန်တော် စမ်းရေ လို ချင် ပါ တယ်,ကျန်တော် စခံးရေ လို ခင် ပါ တယ်
ရုံးဆင်း ချိန် မှာ သူ က ချက်ချင်း အိမ် မ ပြန် ဘူး,ရုံးဆင်း ချိန် မှာ သူ က ခက်ချင်း အိမ် မ ပြန် ဘူး
ကျွန်တော့် အတွက် ဒီ ဆေးညွန်း လုပ် ပေး နိုင် မလား,ကျွန်တော့် သတွက် ဒီ ဆေးညှန်း လုပ် ပေး နိုင် မလား
ကြိုတင်လက်မှတ် ကို သန်ဘက်ခါ ကို ပြောင်း လို့ ရ မလား,ကြိ(တင်လက်မှတ် ကို သန်ဘက်ခါ ကို ပြောင်း လို့ င မလား
သစ်သီး ဖျော်ရည် ရ မလား မစ္စ,သစ်သီး ယျော်တည် ငု ပလား ပစ္
ကျွန်တော် တို့ နိုင်ငံ လွတ်လပ်ရေးနေ့ က ဇန်နဝါရီလ ၄ ရက် နေ့ ဖြစ် ပါ တယ်,ကျန်ကော် ကို နိုင်ငံ လှတ်လပ်၀ေးဖေ့ က တန်ခငါရီလ ၄ ရက် ဖေ့ ဖြစ် Cါ ကယ်
ကျွန်တော် က အားလပ်ရက် အလည်အပတ် ပါ,ကျန်တော် က ဘားလပ်ဧေ ဘည်ဘယတ ပါ
ချောစု က ကော်ဖီ ကို သောက် မယ် လို့ ဆို ပါ တယ်,aarခ = eပီ R K2P ဖံ လို နီ ပါ တမံ
စိတ် တို သည်,ိ တံ တိ သ ည
ဒါ က အစစ် လား,ဒါ က ဘ စ စံ လ ၁
အထိမ်းအမှတ် ပန်း မှာ ပေါက် ပန်း ဖြစ် ပေ သည်,အထိမ်းအမတ် ပန်း မာ ပေါက် ပန်း ဖြစ် ပေ သည်
သူ ရေကူး တာ ကို နှစ်သက် သလို ကျွန်တော် လည်း နှစ်သက် တယ်,ယူ ဂေကူး တာ ကို နှစ်ဃာင်္က ဃာလို ကျွန်တော် လည်း နှစ်ယက တယ်
ဟယ်လို ဧည့်ကြို ကောင်တာ က ပါ လား,CC') ဇ2ဤ တာာင်ဘာ - ပါ လ--
အေး အေး ဒီ မှာ အသင့် ပဲ,eေ1 Pေး ဗီ မှာ ဘးသင့် ပ
အိုး ဒီ နေ့ တော်တော် လေတိုက် တယ်,ဘုး ဒ ခေ တော်တော် လေတိုက် တယ်
တီဗီ ကို ဘယ်လို သုံး ရ မလဲ,တီ ဝီ ကိ ဘယ် လို သ့ = ရ မ လဲ
အေး လား,C ၂ ၈ C၀  စ
လိပ်စာပြောင်း ကို ချက်ချင်း အကြောင်းကြား ရ မယ်,RDRae0aE2 Ri 7MRzE= zREfaE132 11 H41
ကျွန်တော် မ ပြော တတ် ဘူး,ကွ န် စ တ ၁ မ စ ပြ  တ တ် ဘူ 1
ဒီ က ကမ်းခြေ က ရေလွှာလှိုင်းစီး ဖို့ အတွက် သင့်တော် လား,ဒီ က ကမ်းဖြေ က ရေလောကှင့်းစီး ဒို အတွက် သင့်တော် လား
မီးသတ် ဆေးဘူး ဘယ် မှာ ရှိ ပါ သလဲ,မီးသတ် ဆေ-၁၇- ဘယ် မာ ရိ C' သလ
အတွေး လက်ကနဲ ပေါ်လာ သည်,ဘတွေ- လက်ကန် ပေါ်လာ သည်
ကျွန်တော် သူမ နဲ့ လက်ထပ် ဖို့ ကြိုးစား ခဲ့ တယ်,ကန်တော် ၁မ န် လက်ထပ် ဖို ကိ( စား: ၁ တယ်
ကျွန်တော် ဘာ စာ မှ မ ရ ဘူး လား,ကျန်တော ဘ ဆာ ၂ ၆ ခ ဘူး လး
တက္ကစီ ယာဉ်မောင်း တစ် ယောက် ဖြစ် ရ တာ ဘယ်လို နေ လဲ,RRg6 Hl7104HaE= P9B Gtl9R 09 11 PT1 24 G1 P
ဆရာဝန် က သွေး မ ထုတ် ခင် စစ်ဆေး မှု အချို့ ကို ပြုလုပ် သည်,ဆရာတန် က သသှေး မ ထုက် ခင် စစ်ငေး မု ဘချါု့ ကို ပြုလုပ် သည်
မင်း ဘဏ် က နေ ပိုက်ဆံ ထုတ် ခဲ့ ပြီ လား,ဟင်း ဘဏ က အေ့ ပက်ဆ် ထဘ ခ့ ပြံ လား
ညစာ ဘယ် မှာ စား မှာ လဲ,Cတ 0C်3 P- 3 rC
မင်း စာ မင်း ဘဲ လုပ် ရင် ရ တယ်,ယင်း တာ ယင်း တဲ လုပ် ၎င် ဝ တယ်
ကယား တိုင်းရင်းသား များ ၏ နှစ်သစ်ကူး ပွဲတော် များ ၌ ကိန္နရာ အက က လေ့ ရှိ သည်,ကယား တိင်းရပ်းသး ပp: ၏ နပ်သဝ်ကူး ပွံဝတ ပျpး: မ့် ကိန္နတာ ဘက က ၁လှ ဓဲ သ်
ကြင်နာ မှု အတွက် ကျေးဇူးပါ ပဲ နော်,ကြင်နာ.မ ဘတက် ကေ။10D ( နော်
ထိုင်ခုံ ဆီ ကို လမ်းညွှန် ပေး ပါ,"တင? အ ""ိ .up ထ. ပါ"
မနေ့ က သင် ပြီး တဲ့ သင်ခန်းစာ ကို အားလုံး က ပြန် ကျက် နေ ကြ တယ်,မခေ့ က သင် ပြီး တဲ့ သင်ခန်းစာ ကို ဘားလုံး က ပြန် ကျက် ဖေ ကြ တယ်
ထို အက်တမ် ထက် ငယ် သော အရာဝတ္ထု တို့ ကို ကော်ပါးဆဲ ဟု အမည်ပေး ခဲ့ လေ သည်,ထို အက်တခံ ထက် ငယ် သော အဇဝတ့ တို့ ကိ ကော်ပါးဆဲ ဟ အမည်ပေး ခဲ လေ သည်
ခရီး ကုန်ကျ စရိတ် ဘယ်လောက် ကျ လဲ,သီး ကန်ကျ စမ်တ် ဘယ်လောက ကျ
မင်း အင်္ကျီ မ လဲ ဘူး လား,ဟင်း ဘင်္ကျ  လဲ ဘး လား
ပုစွန် ပါ,WR H
စီးကရက် ရောင်း တဲ့ ဆိုင် ဘယ်မှာ လဲ,စီးက္က် တတာင်း တဲ့ ဆိင် ဘယ်သှာ ဲ
ရေနွေးကြမ်း သုံးဆောင် မလား ကော်ဖီ သုံးဆောင် မလား ခင်ဗျာ,တေခေးကြမ်း ယုံးဆေင် ပလား ကော်ဖီ ယုံးဆောင် ယလား ခင်က၄
ကွမ်းဆော်ကြောင်ဖြူ မင်း ထီးနန်း ကျ ပြီးနောက် သား တော် စုက္ကတေး ထီးနန်းပြု နေ ခဲ့ သည်,"မိပိဒယိ်"" '""'""' ''''''""'''""' ' ''' '""''' ''""""''"
သူ ယခု ဧည့်သည် ရှိ နေ တယ် ခဏလေး စောင့် ပေး ပါ ခင်ဗျာ,"သူ C) ဇ.သဿှသယ် 1 တ Cr၀"" Srmဏy. တဘင့် C.. Cါ ဪင်a-"
ငါး ယောက် အဖွဲ့,ငါး ယယောက် ဘပဲ့
ဟင်းလျာ စာရင်း ကြည့် ရအောင်,ဟင်းလာ ဘာရင်း ကြည့် ရောင်
ဟို လူ ကို သိ ပါ သလား,ဟို လူ ကို သိ ပါ သလား
ဒါ ဘယ်နှ ရက် အတွက် ကောင်း လဲ,ဒါ ဘယ်ခ ရေ ဘတက် ကောင်း လဲ
ရ ပါ ပြီ မမ ဘယ်လောက် ကျ သလဲ,၇ ငါ ပြီ မမ ဘယ်လောက် က) သလဲ
ဒါ က စည်းကမ်း ပဲ,ဒါ က စ ည းက ပ်  ပဲ
ဒီ ဘတ်စ်ကား က ချင်းမိုင် ကို ဘယ် အချိန် ရောက် မလဲ,ဒီ ဘတ်စ်ကား က ချင်းမိ့င် ကု ဘယ် အဒါန့် ရောက် မလဲ
တော်ပြီ ကျေးဇူးတင် ပါ တယ်,စ တ ဒ ပြီ စ ကှ း တူ1တ င် ပါ တယ်
ဟဲလို တိုကျို က နေ ခေါ် နေ တာ ဒါပေမဲ့ ဖုန်း မ ကိုင် ဘူး,ဣဲလို တိကျို က ဝန ဝ၁ါ ငန တ ဒါဝပဝဲ့ ဖန်း ဗ ကိုင် ဘူး
ဒီ နံနက် မှာ ဥက္ကဌ ကို တွေ့ ရ မယ် လို့ ခင်ဗျား ထင် လား,ဒ Ppr ၂y Cpp၉ ကိ ထ့ ၇ 02' လိ ၁င်၁- ထင် .-
မြန်မာ စစ် အစိုးရ အား စိတ်ပျက် ကြောင်း အာဆီယံ နိုင်ငံ များ က ပြောကြား သည်,Wbn 11 nီ၇ု = ဇီတ်မ် APh- =ဒီမ ရီt n- - မwf ၁၃
ဒီ ဟာ က နမူနာ ပြ ထား တာ နဲ့ မ တူ ဘူး,ဒ Cက က Pu  ထ-  ? S ဘူ ဘူ-
စီးပွားရေး စင်တာ,တီးဟားလေး ဝင်တာ
တက္ကစီ ခေါ် ပေး နိုင် မလား,တက္စီ ခေါ် ပေး ခိုင် မလာ
ဘာ ဖြစ် တာ လဲ,ဘာ ဖြစ် တာ လဲ
တစ် ခု မှ မ ဝယ် ဘူး,တ စ ခ ၂ မ ၀ ယ် ဘု
ကျွန်တော် တို့ စတိုးဆိုင် မှာ ဈေးလာဝယ် တာ ကျေးဇူးတင် ပါ တယ်,ကျန်ဝတ တို့ ဝတိီးတိုင် (ှ ၀ဗျးလယ် တ ၁ကျးဖူးတင် ပါ တယ်
ရေပိုက်လုံး က သံချေးတက် နေ လို့ သံချေးရေ တွေ ထွက် လာ တယ်,ထင်က်င်း က သထေးတက အေ့ လဲိ့ သေးlေ ေ ထက လာ တယ်
နှစ် လ ကြာ မလား,ဒ စ လ ကြ ၁ ပ လ ၁ 1
ကဲ စား ပြီး ရင် မြန်မာ ပြခန်း ကို သွား ကြ စို့,ကဲ ထး ပြီး ၎င် ပြန့တာ ြခန်း ကျံ် သား ကြ နို့
ကိုယ့် စိတ်ကြိုက် ထည့် လိုက် ပါ,ကိယ့ စိတ်ကိံက် ထယ့် လိက် ပါ
အာရုံစိုက် ပေး ပါ,ဘာဝံစိက် ဝပး ပါ
ကျွန်တော် တခြား လမ်း က သွား လေ့ ရှိ တယ်,ကျန်ကော် ကခြား လမ်း က သှား လေ့ ရှိ တယ်
ကျွန်တော် လိပ်စာ ကို မ ပြော နိုင် ဘူး,ကျွန်တော် လိပ်ထာ ကုံ ယ ပြော နိုင် ဘူး
ခရစ်ယာန်,ခရစ်လာန်
သူ ဟာ နှုတ်လုံ တာ မို့ တခြား သူ ကို ပြန်ပြော မှာ မ ဟုတ် ဘူး,သူ ဟာ နှုက်လံ တာ မို တခြား သူ ကို ပြန်ပြော မှာ မ ဣုက် ဘူး
ဒီ ဟာ က မမှန်မကန် ဖြစ် နေ လို့ ပါ,ဒီ ယ က ပဝှန်ပကန် ဖြစ် ဝ၀န လို့ ပါ
ခွဲစိတ် ရ မဲ့ အချိန် ကို သူ တို့ စီစဉ် ပေး လိမ့် မယ်,"ွဲကိဘ် ၇ dဲ P-.P"" ကိ 2ူ တှိ Rtလ် C- rါO TC'"
အဲ့ဒီ သူငယ်ချင်း က လက်အားသန် လို့ အလေးအပင် ကောင်းကောင်း မ နိုင် တယ်,ဘဲ့ဒီ သငယ်ခင်း က လက်ဘားသန် လို့ အလေးဘငင် ကောင်းကောင်း မ နိုင် တယ်
ဒီ စားသောက်ဆိုင် က ဘယ် အချိန် ဖြစ် ဖြစ် ဧည့်သည် တွေ များ တယ် နော်,ဒါ =--ာrဆိင် - Uပ --ချန (င် ပf R၄22 ထာ ထn- ယ' တ်
မတ် လ ၄ ရက်နေ့ ကုန်စည် ပြပွဲ,မတ် လ ၄ ရက်ေ့ ကန့်စည် ပြပ)
ကား မှ ကားဘီး ကို ဖြုတ် လိုက် သည်,ကား မှ ကားဘီး ကို ပြုတ် လိုက် သည်
အဲဒါကြောင့် ကျွန်တော် ဒီ နေ့ ထပ် လာ ရ တာ,ဘဲဒါကြောင့် လွန်တော် ဒ ခေ့ ထပ် လာ ၄ တာ
လမ်း မှာ ကား တွေ များ လို့ အမြန် မ သွား နိုင် ဘူး,t၈  က: (တ့ ၈ ကို nf s -၇၊ ရ ဘ
ကိုယ် အပူချိန် က တော့ ပုံမှန် အပူချိန် ပါ ပဲ,ကိယ် ဘယခါျန် က ကကော့ (မှန် ဘပူချါိန် Cါ C
ပေး ပြီး ပါ ပြီ လုံခြုံ ရေး ဂိတ် ကို လည်း ဖြတ် ပြီး ပါ ပြီ,ပေ: ပြီ- ပ) ပြီ လုဖြ၊ ရေး ဂိတ် ကို လည်: ဖြတ် ပြီ- ပ) ပြီ
ခဏလောက် စောင့် ပေး နိုင် မလား,ဒဏလောက စောင့် ပေး န် ဖလား
ကိုယ်ဟန်မူရာ နူးညံ့သိမ်မွေ့ သည်,ကိုယ်ဟန်ုဟူတာ နူးညယိမိမေ့ ယည်
ဝါဆို လ ကို ဗေဒင် အခေါ် အားဖြင့် ကရကဋ် ရာသီ ခေါ် သည်,ငါဆို လ ကို ၀ေဒင် ဘဒေါ် ဘားဖြင့် ကရကင့် ရာသိ ငေါ် သည်
အချိန်မရွေး ရေနွေး ရ နိုင် သလား,အဒျိန်မတွှေး တေ့ွေး င နိင် သလား
အခု လက် နဲ့ ညွန်ပြ နေ တဲ့ အရာ က ဘာ လဲ,aaz 113R9 S 0fl0I G1 ) ZlR R1 zT1 10
ဘန်ကောက် စံတော်ချိန် လား,ဘန့်ကောက် စီံတော်ခါန် လား
လောက ကြီး ကို စွန့်ခွာ သွား သည်,လောက ကြီံး ကိုံ စုန့်ဘ သား သည်
အင်တာဗျူး တဲ့ သူ က သူမ ကို အင်တာဗျူး က နေ ချ ပစ် တယ်,ဘင်ကာတူး ကဲ့ သူ က သုမ ကို ဘင်တာဗူး က အေ ခ Cစ် တယ်
ကျောင်းပိတ်ရက် မှာ ခင်ဗျား ဘာ လုပ် မှာ လဲ,ကျောင်းပဲတ်လက် မှာ ဝင်ဗျား ဘာ လုပဲ မှ၁ လဲ
ဆယ်လဗာဒေါ နိုင်ငံ သည် မူလ က စပိန် လက်အောက်ခံ ဖြစ် ၏,ဆယ်လးာဒေါ် စိEင သည် ၂လ က စ်န် လက်စောက်၁ ဖြစ် ၏
ကြောင် က ကြမ်းပြင် ပေါ် မှာ အိပ် နေ တယ်,ကြောင် က ကြမဲးပြင် ပေါ မှာ ဘိပ် နနေ တယ်
အဲဒီ ကလေး က ဘယ်လောက် ချစ်စရာကောင်း လဲ သိ လား,ဤ)ဒ 1n3Rt15 IP9 4e11R 79Rt94t7TP: I0)  P12
ဒီ ဘူတာရုံ နား မှာ ဖုန်း ရုံ ရှိ သ လား,ဒီ ၁တာရု) နာ- မာ ဖန်: ၈ု ရှိ သဲ လာ-
ဒီ စုဝေးပွဲ မှာ အသင်းဝင်ကြေး ၂ သောင်း ကျပ် စီ ကောက် တယ်,"fီ Kut), p =Shefe ) ၈၁၊ လပဲ ဒီ Fm e"
ပစ္စည်း စစ် တုန်း က ခင်ဗျား နံပါတ် ကပ်ပြား ရ သလား,ပစ္တည်း ခဆ် တုန်း က ၁င်၇၁း ခုံပါတ် ကပဲပြ၁း ၄ သလား
ဒီ ကား အတွက် ခင်ဗျား ဘယ်လောက် ဈေး သတ်မှတ် ထား လဲ,ဒီ ကား ဘကွက် ခင်တျား ဘယ်လောက် ငဈေး သတ်မှက် ထား လဲ
နေ့လယ်ပိုင်း ၁ နာရီ ကြာ အိပ် ပါ တယ်,R1RRE:  Ha T Z9 H R419
‌နောက်ထပ် ခရီးစဉ် က ဘယ် အချိန် လဲ,နောက်ထပ် ဒင်ီးစဉ် က ဘယ် အခါိန် လဲ
နောက် မှ တွေ့ ကြ သေး တာ ပေါ့,GHIR K GR I9 4215 R1 G
ဒီ ဆေး က ၁၀၀ ရာခိုင်နှုန်း ဆေးဘက်ဝင် အပင် များ မှ ဖော်စပ် ထား တာ ဖြစ် တယ်,ဒီ ဆေး က ၁၀၀ ၈၇ခိုင်ခုန်း ဆေးဘက်ဝင် အပင် မျ၀: ) ဖော်စပ် ထား တာ ဖြစ် တယ်
ထမင်းသုတ် ကို အရသာရှိ အောင် လုပ် တယ်,"mef1P ကီ ""tn( Pn tုပ Re"
ခင်ဗျား နဝေတိမ်တောင် နဲ့ မိန်းကလေး ကို မ မျှော်လင့် ဘဲ တွေ့ လျှင် အဲဒါ သူမ ပဲ,"ဒင်၁- H၀ါဘာင် ) ၏-mတ.. ကိ d ထျှာ်ဂဟင့် = .ာ့ လှင် 1I 2၃d G"""
မြန်မြန် လုပ် ပါ မ ဟုတ် ရင် ရထား လွတ် သွား လိမ့် မယ်,ဖြန်မြန် လုပ်ဲ ပါ မ ဟုတ် ရင် ရထား လှတ သား လိမဲ့ မယ်
ခေါက်ဆွဲ နှင့် ပေါင်မုန့် တို့ ကို လည်း စားသောက် သည်,ပေါက်ဆဲ ဒှင့် ဝေါင်မန့် တို့ ကို လည်း စားသောက် သည်
ဖော့ပုံး,dေ့y-
ကုန်ပစ္စည်း အမျိုးမျိုး,ကု န် ပ စွ ည  ဘ ပါ့း ပျိုး
ဧပြီ ၁၀ ရက် ဖြစ် မယ်,ခ ြီ ၁ ဝ ရ က ပြ စံ မ ယ်
ချစ်စရာ လည်း အလွန် ကောင်း ပါ တယ်,ခ စ် စ ရ ၁ လ ဉ 1 ဘ လှ န် စ က ၁ င်  ပါ တယ်
၂ နှစ် နီးပါး ရှိ ပြီ,၂ နှစ် နီးပါး နှိ ပြ
မုန့်ဟင်းခါး စား ကြည့် တာ ဘယ်လို လဲ,"fနဟင်-2- S- ဤကှင ဘာ ဘယ""V လ"
ငါး နည်းနည်း လောက် ယူ ပါ ဦး လား,ငါ= န ည 1 န ည  ဧ လ ၁ က ယူ ပါ ဦ  လ ၁ =
အောက်စီဂျင် ဗူး က ဘယ်လောက် ကြီး လဲ,ထောကစီကျင် Pး က ဘယ်လာက ကြီး လဲ
သိ ပါ တယ်,သ ပါ တ ယ
ဆိုဒ် ကြီး လို ချင် ပါ တယ်,၏ို် ကြီး လ ခင် ၆ တယ်
ငှက်မ သည် အသိုက် လုပ် ရန် နေရာ အတိအကျ ကို ရွေး သည်,ငှက်မ သည် အသိက် လပ် ရန် ခေရ အတိအက ကို ငွေး သည်
ကျွန်တော် ဒါ ကို မ ကြိုက် ဘူး,ကွ န် စ တ  ဒါ ကိ ပ ကြိက ဘူ 1
ကော်ဖီ နဲ့ ဖျော်ရည် က ၁ ဒေါ်လာ စီ,ကော်ဖီ ခဲ့ ဖေုဂ်ရယ် က ၁ ဒေါ်လာ စီ
ကြေးနန်းရုံး က ဘယ် မှာ လဲ,စ ကြ 1 န န် 1 ရ  က ဘယ် ပှ ၁ လ
အနည်းဆုံး အချိန် နှစ် ပတ် ထိ ကျွန်တော် လုပ် ပေး နိုင် မှာ မ ဟုတ် ဘူး,ဘနည်းဆုံး ဘခါ့န် နှစ် ပတံ ထိ ကျန်တော် လုပ် ပေး နိုင် မှာ မ ဟုတံ ဘူး
တက် ကြ စို့ နော်,Qn  P တ်
စာကြည့်တိုက်မှူး ကို ချန် ထား ပေး ဖို့ ပြော ခဲ့ လား,စာကြည့်ကိုက်မှူး ကို ချန် ထား ငေး ဖ ၀ြာ ခဲ့ လာား
ပေါင်မုန့် မှို တက် သွား ပြီ,ဝပါပ်ပုန့် ဖို တက် သှး (
ဆရာဝန် ခွင့်ပြုချက် ရ ရင် ကျွန်တော် စာစောင် တွေ နည်းနည်း ယူ ခဲ့ ပေး မယ်,ဆရာဂန် ခင့်ပြုချက် ရ ရင် ကျွန်ကော် စာဝောင် ပေ နည်းနည်း ယူ ခဲ့ ငေး မယ်
အို တယ်ကြာ ပါ လား ခင်ဗျာ လေကြောင်း နဲ့ ကော,ဏ တယ်ကြာ ပါ လား ၁င်၀- ဧလကြာင်း နဲ့ စကာ
ကော်ဖီ ပါ,ကကဂီ၊ ါ
တညလုံး နှင်း တွေ ကျ နေ ခဲ့ တယ်,တ ည လဲ 1 ဒ င်  ဗ တ က ဇ ခ ဒဲ့ တယ်
သူ့ မှာ လည်း ဖယောင်းခဲတံ မ ရှိ ပါ,ယူ့ မာ လည်း ဖယောင်းခဲဘဲ ယ ဋှိ ပါ
ခင်ဗျား ရဲ့ လက်ရာ က ဘယ်လို လဲ,ခင်ဏား ငဲ့ လက်ရာ က ဘယ်လို လဲ
တခြား သူ တွေ နဲ့ အတူ အလုပ် လုပ် သောကြောင့် မ ပင်ပန်း ဘူး,တညား ယူ ဝတ နဲ့ ဘတူ ဘလုပ် လုပ် D2ဝCင့် ပ ပပ်ပန်း ဘူး
ကောင်း တယ် သိပ် ကောင်း တာ ပေါ့,ကောင်း တယ် သိပ် ကောင်း တာ ပေါ
ခင်ဗျား အားကစား ကို ကြိုက် လား,ခင်၀၀: အားကတား ကုံ ကံ့က လား
အရောင်းအဝယ်သမား နဲ့ တူ သည်,ဘရောင်းအဝယ်သမား နဲ့ တု သည်
ကျွန်တော် နေ လို့ မ ကောင်း ဘူး လှိုင်းမူး ပျောက်ဆေး လေး များ ရ မလား,ကျန်တော် နေ လို ပ ကောင်: ၁ဘူ: လှိုင်:(: ပေnက်ဆေ- လေ: Q၇: ၈ မလာ-
အားနာ ပါ တယ် ခင်ဗျား လမ်း မှား နေ ပြီ,"Z.  o'""၁င၁- ..မ် ၂- တှ ("
ဒီ တစ် ခါ အပြောင်းအလဲ လေး ဖြစ် သွား အောင် သွား က ကြ ရင် ကောင်း မလား,ဒီ ကစ် ခါ ဘပြောင်းဘလဲ ၀ေး ဖြစ် သား အောင် သှား က ကြ ရင် ကောင်း မလား
ဟယ်လို စမစ်,ဟယ် လို ၈ မ စ်
မြို့ လယ် တွင် ကား ကျိုက်သုတ် စေတီ ရှိ သည်,မြို့ လယ် လွင် ကား ကျိုက်သုင် စေငက်ကီ ရှိ သည်
မာ = မြင်း ရိတ် = ခယ်တိုင် မြင်းခယ်တိုင် မြင်းချည်တိုင် ဟု အဓိပ္ပာယ်ရ သည်,ဗာ - ဝင်း ရိတ် = ဒယ်တိင် (င်းဒယ်တိုင် ဌင်းဒ)ငိတိုင် တု ဘပိဟယ်ရ လှ်
ဒီ နေ့ တော့ အပူချိန် မြင့် လာ လို့ အနည်းငယ် ပူ ပါ မယ်,ဒီ နေ့ တော့ အပခါန့် ဖြင့် လာ လိ့ အခည်းငယ် ( ပါ မယ်
မတော်တဆ တစ် ခု ခု ဖြစ် မှ ဖြင့်,။MVeP4 V1 ရ ရံ မ၏ီ  မ
ကြိုက် တဲ့ စားပွဲ ကို ယူ လို့ ရ ပါ တယ်,MliR Wy R12) R) 141 N R I R34
သူ ဘာ ဆေး သောက် ရ မလဲ,ယူ ဘာ ဆေး သောက ဝ ယလဲ
ဟီလ်တန် ဟိုတယ် မှာ တည်း မယ်,ငီလံတန့် ဟိတယ် မာ တည်း မယ်
မင်း ရေသည် ပြဇာတ် ကြည့် ဖူး သလား,ပင်း ဧေသည် ပြဘတ ြည့် ၃း သငား
ဟုတ် ပါ ပြီ ကိုခင်မောင် ဟင်းရွက် တန်း ဘက် လျှောက် ရအောင်,ဟုတ် ပ. ပြ ကိုခင်မောင် ဟင်-ရွက် တန်- ဘက် လှောတ် ရောင်
ခရုဆီ,သနယီ
မတ် လ ၁၄ ရက်နေ့ ကွန်တိန်နာ ပစ္စည်း ချ သည်,"Zof -V ၁၄ 7""တ ကP၁%၆- ပဋ္ဿ်- ၃ ဃ၄'်"
ဟင့်အင်း နောက်ကျ မှ ရောက် လို့ မ ရ ဘူး,"ဟင့်ဘင်: နောက်က, မ ရောက် လို ပ ၈ ဘ၇-"
ဒီ ဝိုင် ပုလင်း အတွက် ကျွန်တော် အခွန်ဆောင် ဖို့ လို မလား,ဒီ ပိုင် ပလင်: အတွက် ကျန်တော် ဘဒန်ထောင် ဖို လို မလာ-
ရံပုံငွေ,ဝဲပဋေ
ကျွန်တော့် အတွက် ချင်းစိမ်း နည်းနည်း လောက် ယူ လာ ပေး နိုင် မလား,ကန်တော့ ဘတကံ ခင်းစိမ်း နည်းနည်း လောကံ ယု လာ ပေး နိင် မလား
ခင်ဗျား ဘာ မှ လည်း မ စား သလောက် ပါ ပဲ လား,၁င်၁၇- ၁ ၂ လ.ယ- d P- SepT 0l U rn:
ငါ့ ကား ဘတ္ထရီ ပျက် သွား တယ်,ငါ့ ကား ဘွင်ီ ပက် သွှား တယ်
တူ နဲ့ မ စား တတ် ပါ ဘူး,တူနဲ့ ဖ ဘား တတ် ပါ ဘူး
ကျွန်တော် စဉ်းစား ထား တာ တစ် ခု လည်း ရှိ သေး တယ်,ကျန်တော် စဉ်းစား ထား တာ တစ် ၃ လည်း နှိ သေး တယ်
နံနက်စာ ကို ဘာ စား ချင် ပါ သလဲ,bifi ဏီ ဘ : i ပံ PD
ကျွန်တော် တို့ မှာ နှစ် မျိုး လုံး ရှိ တယ်,ကျန်တော် တို့ မှာ နစ် ခါ့)း လုံး ရိ တယံ
ဒီ ဟင်း က နည်းနည်း ကြာ တယ်,ဒီ တင်း က နည်းနည်း ဩ တယ်
ခင်ဗျား တုပ်ကွေး ဖြစ် နေ ပြီ,ခင်၀ာ: တုပ်လွေး ဖြစ် ခေ ပြ
ကျွန်တော် တို့ ဟာ လွတ်လပ် စွာ နေထိုင် နိုင် တဲ့ အခွင့်အရေး ရှိ တယ်,ကန်တော် တို့ ဟာ လှတ်လပ် စွာ နေထိုင် နိုင် တ့ ဘခင်ဘရေး ရှိ တယ်
ချောစု က နေ့တိုင်း ၈ နာရီ ကြာ အိပ် တယ် လို့ ဆို ပါ တယ်,ခောစ က နေ့တိုင်း ၈ နာရီ ကြာ ဘိပ် တယ် လို့ ဆို ပါ တယံ
စား ချင် စိတ် မ ရှိ ဘူး,စ ၁ 1 ခ၊ င် စိ တ ပ ရှိ ဘူ
,
သူ့ ရဲ့ အချက်အလက် တွေ ပြောပြ နိုင် မလား,"a Rl, zazlRPzRRR9 E 80 ိစ် H1RN711"
ဘာ အော် တာ လဲ,ဘာ ဇော် တာ လဲ
၁၉၉၉ ခုနှစ် ထုတ်လုပ် မှု မှာ ၁ဝ၉ဝ မက်ထရစ်တန် ၃၈ ရာခိုင်နှုန်း လျော့ကျ ခြင်း ဖြစ် သည်,၁၉၉၉ -75 mofryC ဌ ၂p ၁o၉O dn14၇-၁-. -n PနS- .-ypကျ၊ ညင်: (၂၀ ၁ဿ
ဒီ တစ် ခေါက် ရော ဘယ်လို လဲ,ဒီ တစ် ခေါက် ရော ဘယ်လို လဲ
ကြွေထည် ပစ္စည်း တွေ ကြည့် ချင် လို့ ပါ,ကြေတည် ပစ္စည်: တွေ ကြည် ဒ၄င် လို ပါ
မေမေ ဟင်းချက် နေ တဲ့ အတောအတွင်း ကျွန်တော် က အိမ်စာ ကို အပြီးသတ် မယ်,ပေယေ ဟင်းခဏ် ခေ တဲ့ ဘဘောဘာတွင်း ကျွန်တော် က ဘိမ်သာ ကို ဘပြီးယတ် ပယ်
အာရပ် မြင်း မျိုး နှင့် ဗပ် မြင်း မျိုး တို့ မှ ပြိုင်မြင်း များ ပေါက်ပွား လာ သည်,၁၈ပ ပင်: ဗျိုး နှင့် ၀U (င်း ယျိုး တို့ ) ပှ)ပ်ပင်း ပျး ဝပါကပ္း လာ ယှပ်
ဘယ်လောက် မြန်မြန် ဖြန့်ဝေ နိုင် ပါ သလဲ,pမtP မန်မ4 မန် ဒါ ပံ ၁လ
ရေချိုးခန်း ထဲက မီးသီး က ပေါက်ကွဲ သွား ပြီ,ဆေချံးခန်း ထက မ်းသီး က ပေါက်က သား ပြ
အဲဒါ ကို သိုလှောင်ရုံ မှာ စစ် ပြီး တော့ မှ ပြေစာ ယူ ပါ,"12 ."" 2ဘyင်၇ 3 S၈် (၂ ဣာ ၁ ဩ၁- Cု ပိ"
နောက် တစ် ခု ကို ခင်ဗျား အတွက် ယူလာ မယ် မစ္စ,"ဏ- ဉာ် ၁ "" ဪငS-: PQr Cူ-n Su' Sg"
ဝမ် ၈ သိန်း ပေး ပါ မယ်,ဝ စ် ဂ သိ စ်  တ ပ  ပါ မ ယိ
နောက်ထပ် လျှော့ နိုင် သေး လား,နောက်ထင် လှော့ န် သေး လား
ဆရာ သည် တည်ငြိမ်အေးချမ်း သော အသံ ဖြင့် ကျောင်းသား များ ကို ဆုံးမ သည်,ဆတ ယည် တည်ပြမ်အေားခမ်း: သော အာဿံ ဖြင့် ကောင်းဃား ပုဌား ကို ဆုံးပ ယည်
ခြေသည်း လက်သည်း ပြုပြင် မလား,စြေသည်။ လက်သည်း ပြပြင် ဖလား
ခင်ဗျား မ မေ့ သင့် ပါ,ခင်ဗား မ ပေ့ သင့် ပါ
နည်းနည်း ပြော နိုင် ပါ တယ်,နည်းနညီး ပြော စC် ၆ တယ်
အဲဒါ ဘယ် အချိန် စ လဲ,ဘဲဒါ ဘယ် အခါိုန် စ လဲ
အတူတကွ,TPffIf1
ဘာ အဓိပ္ပာယ် ပါ လဲ,ဘ ဘဓိဟယ် ပါ လဲ
ဗိုက်ဆာ ပါ တယ်,Pnဘာ ပါ ဘယ'
သူ က ဆွေးနွေးပွဲ နဲ့ ပက်သက် တဲ့ အသေးစိတ် အစီရင်ခံ စာ ကို ပြင်ဆင် နေ တယ်,ယူ က ဆွေးခွေးပ ခဲ့ ပင်္ကသက်္က တဲ့ ဘယေားစိတ် ဘစီိဝင်ခဲ ထာ ဂုံ ပြင်ဆင် ခေ တယ်
ဘာ ကူညီ ရ မလဲ,ဘ ကူညိ ရ ဗလဲ
ခင်ဗျား ဘယ် နေရာ မှာ ထား ခဲ့ သလဲ,of်R95 z9K G1R 9 R15 ခဲ့ 21K0)
သူငယ်ချင်း က လုပ်ဖော်ကိုင်ဖက် တွေ ဖိတ် ပြီး တစ် ဝိုင်း ကျွေး တယ်,သူငယ်ချင်း က လုပ်ဗော်ကိုင်ဖေက် တွေ ဂတ် ပြီး ကစ် ၎ိုင်း ကကျွေး ကယ်
ည ၁၁ နာရီ မှာ အိပ် ပါ တယ်,သ ၁၁ နာရီ မှာ ဘိပ် ပါ တယ်
ခုလေးတင် ထွက်သွား တယ်,qetR17aE RyP2715 R94D
ဆေးစာ လိုအပ် ပါ သလား,ဝဘးစ လိဘပ် ပါ ဃလး
အိမ် အနီးအနား မှာ ပန်းခြံ ရှိ တယ်,အိမ် အနီးအနား မှာ ပန့်း၌ံ ရိ တယ်
ထို့နောက် အညစ်အကြေး များ ကို ရေ နှင့် ဆေးထုတ် လိုက် ရ သည်,ထိုနောက် အသစ်အငကြေ မ- ကို ဂေ နှင် ဆေးထုတ် လိုက် ၈ သည်
အပြန် လေယာဉ် ကို ဘန်ကောက် က နေ ဟောင်ကောင် ကို ပြောင်း ချင် ပါ တယ်,ဘပြန် ဂေယာဉ် ကို့ ဘန်ကောက် က နေ တောင်ကောင် ကို ပြောင်း ချင် ငါ ကယ်
မ ရှက် ပါ နဲ့,။ ၇ မ A
ထ လို့ ရ ပါ ပြီ,Nု l H0
ကျွန်တော့် နာမည် က ပါ,ကျွန်တော့ ဆာယည် က ပါ
ဒါပေမဲ့ ပုံစံ ဖြည့် ဖို့ မ မေ့ ပါ နဲ့,ဒါပေပဲ့ (စ် ပြည့် ဖိ့ ပ မေ့ ပါ နဲ့
သူ့ အတွက် ငါ့ စကား တွေ က မြင်း နား ကို လေတိုက် သလို ပါ ဘဲ,a TR9R Kk RRT12 GH 1 ြE်= T15 R) Gf1RR 22R 1
သူမ တရုတ် စကား ပြော တာ စံချိန်မီ သည်,သ မ တ ရ တ စ က ၁  စ ပြ ၁ တ ၁ ၈ ခ န် မီ သ ည်
ဘိုင့် ဘိုင်,တိင့် ဘိင်
လူ ဆို တာ ကိုယ့် ဘဝ ကို သိ ရ တယ်,လု ၏ိ ဘာ ကိုယ့် ဘဝ ကိံ သိ ၈ တယ်
ဒီ နေ့ ကျွန်တော် တို့ ကို ဘယ်လို စိတ်ဝင်စား စရာ နေရာ တွေ လိုက်ပြ မှာ လဲ,ဒ ဆေ့ ကျန်တော တ့ ကိံ ဘယ်လဲို့ စိတဝင်စား Ss ခေ့တ တေ လု့ကပြ ဟာ လဲ
မင်း လေထွား လွန်း တယ်,မင်း လေထား လန်း ဘယ်
သူ ကျွန်မ ကို ကြည့် သည်,သ ကျန်မ ကံ ကသ့ သည်
ခင်ဗျား ဖြစ်နိုင်ခြေ အများကြီး ရှိ တယ်,ဝင်ဗျး ဖြစ်နိုင်ဝ( ဘaျး်ီး ရှိ တယ်
ဒီ ပုလဲ လည်ဆွဲ အတွက် အခွန် ပြေစာ ရှိ လား,ဒ ပလဲ လည်ယဲ့ ဘတွက် ဘခန် ပြေထာ ၄ှ လား
အိတ် ထဲ မှာ ပိုက်ဆံအိတ် နဲ့ အလှကုန် ပစ္စည်း ပါ ပါ တယ်,ဤMR9 1R HI WR22RR9 ု့ zlRy4R HR2 H3 I R34
ခရီးသွား ချက်လက်မှတ် တွေ လက်ခံ ပါ သလား,ခရီးသား ခက်လက်မှက် ၀ွေ လက်ခံ ါ သလား
ကျွန်တော် အိတ် တွေ ကို အိတ် တွေ ပြန် ရွေး တဲ့ နေရာ မှာ ယူ ရ မယ်,ကန်တော် ဘိတ် တေ ကိံ ဘိတ် တေ ပြန် ရွေး တဲ့ ခေရာ မှာ ယု ရ မယ်
နောက်ပြီး တော့ ဝီရိယ ရှိ တယ်,နောကပြီး စော့ Sီးလြယ ၅ တယ်
နှစ် ခု လို ချင် ပါ တယ်,နှစ် ခ၃ု လို ခုင် ပါ တယ်
ပစ္စည်း ကို အရစ်ကျ ပေးဝယ် သည်,ပစ္စည်း ကိုံ အရစ်က) ပေးဝယ် သည်
ငှက်ပျောသီး ၂ ဖီး ဝယ် ချင် ပါ တယ်,ငကသာသီး . ပီး တယ် ချင် ယါ တယ်
အဝတ်တန်း တွင် အဝတ် ချိတ်လှန်း ထား သည်,ဤaRR71S 4yEC RRR 9R45 Ra1 222
လှေကား က ခန်းမ လမ်း အဆုံး ဒီ အကျော် မှာ ပါ,၀လှေကား က ခန်းမ လမ်း ဘဆုံး ဒီ ဘကကျော် မှာ ါ
မင်း သာ အလုပ် ပျက် အကိုင် ပျက် ဖြစ် နေ ဦး မယ်,ပ င် ခ သ ၁ ဘ လု ပ် ပ က အ ကို င် ပ ကိ ပြ စ စ န ဦ 1 မ ယ်
ခင်ဗျား တေးဂီတ အပေါ် စိတ်ဝင်စားမှု ရှိ လား,ခင်ဗုား တေး်ီတ ဘပေါ် စိတ်ဝင်စားမှု ဓှိ လား
ဂျပန် က တိုက်ရိုက် သွင်း ရင် ဈေးကြီး တော့ လူ တွေ သုံး ဖို့ မ လွယ် ဘူး,ဂျ၂ပန် က တိုက်ရိက် သင်း ရင် စေးကြကီး တော့ လူ တေ့ သံး ဖို့ မ လယ် ဘူး
ကျွန်တော့် ပတ်စ်ပို့ လို လား,ကန်တော် ပတ်စ်ငို လို လာ-
ယာဉ်မောင်း ဆရာ ကျွန်တော် ၁၀ : ၃၀ ရထား ကို မီ မှ ဖြစ် မယ်,ယာဉ်တောင်း ဆဘ ကျွန်တော ၁၁ - ၁၀ ခထား ကံ ပ် ၁ ပြစ် ယယ်
ဒီ ထိုင်ခုံ က ပိတ် ထား ပါ သလား,ဒီ ထိုင်ခံ က ဝါတ် ထား ငါ သလား
ကျွန်တော် ချမ်းတုန် ပြီး ဗိုက် ထဲ က နာ နေ လို့ ပါ,ကွန.ာ ၃ပင်:၁ ( 71 ထ - .- တ လှ ပါ
ကျွန်တော် နာမည် မောင်မောင် ဖြစ် ပါ တယ်,ကွ န် စ တ ဒ နံ ၁ မ ည ခ ပ ၁ င် စ မ ၁ င် ပြ စ ပါ တယ်
ဒါပေမယ့် ကျွန်တော် ခင်ဗျား ကို သွေးစစ် ချင် ပါ တယ်,၁ါပပေမယ် ကျ)န်တော် ၁င်၀၇- ကို သေးစစ် ၁င် ပ) တယ်
ရုပ်ဆင်း အင်္ဂါ ချောမော သည်,ရ ပ် ဆ င်  ဘ ဂါ စ ခ ၁ စ မ ၁ သည်
ခင်ဗျား အရက် သောက် တာ က လွဲ လို့ တခြား ဘာ မှ မ တတ် ဘူး,၀ငဗျ: ဒဘရက ၀ဪက် တ က လဲ လို့ တဠား ဘ ၀ ပ တတ် ဘူး
အချိန် မ ရှိ ဘူး,ဘ ဒါ န် ပ ရှိ ဘူ 1
အကောင်းဆုံး ကို ရွေးထုတ် သည်,အာကောင်းဆုံး ကို တွေးထတ် သည်
ဒီမှာ ပြန်အမ်းငွေ နဲ့ ပြေစာ ပါ,SM aRR24K 1ံ့ ellRI KI
အရသာ ငန် ပါ တယ်,ဘe ငန် ပါ တယ်
ဘာ လုပ် မလို့ လဲ ငွေလွှဲ မလို့ လား,ဘာ လပ် မလို့ လဲ ငေ့လှဲ မလို့ လား
ကျွန်တော် အအေးမိ ပြီ ထင် တယ်,ရန်(တ eeမးမီ မီ ဆ တမ်
အဲဒီ လို ပုံစံ မြင် ရ တာ အန် ချင် စိတ် ပေါ် တယ်,သဲဒီ လို ပစ် မြင် လ တာ အန် ဒင် စိတ် ပေါ် တယ်
အဖေ အခန်း ထဲ ကို ဝင်လာ သည်,ဘဒေ ဘခန်း ထဲ ကို့ ၎င်လာ သည်
ကျေးဇူးပြုပြီး အချိုသာဆုံး စျေး နဲ့ ရောင်း ပေး ပါ,"စ ကှ း တ ပြ)ပြီ  ဘ ဒါ့ သ ၁ ဆုံ 1 ၈ စ: နံ,  ရ ၁ င  ဝ ပ  ပါ"
ခင်ဗျား ရဲ့ ခရီးဆောင် အိတ် က သဘာဝ ထိခိုက် မှု ကြောင့် ပျက်စီး ရ တာ ပါ,ခင်ဗျား ရဲ့ ခစီးထောင် အိတ် က သဘာဝ ထခိုက် မု ကြောင့် ပျက်စီး ရ တာ ပါ
မြန် မြန် လုပ် ပါ,မြန် မြန် လုပဲ ပါ
ဒီ ဥစ္စာ ဘာ ကျောက် လဲ,ဒ ၄၉ဌ - တnn လ
အိုဇုန်းလွှာ ပေါက် တယ်,ဘို တ န် ) ၁ စ ပါက တယ်
အောက်ထပ် အိပ်စင် တစ် ခု လောက် ရ နိုင် မလား,ဘောက်လင် အိဝ်စင် တစ် ခ လောက် ရ ိုင် မလား
ဘော့စတန် ကို သွား တဲ့ အမြန်ရထား တွေ များ ရှိ ပါ သလား,တော့သတန် ကို ဃား တဲ့ ဘပြန်တထား တေ့ ယဝး ဋှိ ယါ ယဃလား
အိပ်စင် တွဲ တွေ ဘယ် မှာ ဆုံး မှာ လဲ,အိ ပ် ၈ င် တဲ့ စ ထ ဘယ် ပှ ၁ ဆုံ 1 ပှ ၁ လ
ထို့နောက် ယခု မြောင်းမြ မြို့ ဟု တွင် သော ဆိပ်ကြီး အရပ် တွင် မြို့ သစ် တည်ထောင် သည်,"တို့ဝနာက ယ၁ ၁၆၆်:ြ (ါ), ဟု တင် ၁၀ ဘိပါဤီး ဘရပ် တွင် (ြါ့ ယဗ် တယ်ဝထင် ယလ်"
မန္တလေး နဲ့ မြစ်ကြီးနား က ရော ရထား စီး ရင် ဘယ်လောက် ကြာ သလဲ,Gacေး ခဲ့ ပြစ်ကြီးနား က ထာ ရထား စီး ရင် ဘယ်လေက ကြာ ဿလ
အထက် မြန်မာ နိုင်ငံ မှာ ရှာ လိုက် မယ်,ဘထက် မြန်မာ ခိုင်င မာ ၅ာ လိုက် မယ်
မြို့တော်ခန်းမ အထိ ဘယ်လောက် လဲ,ပြိ့ စ တ ဒ ခ န် ခ မ ဘ ထိ ဘဟ် စ လ ၁ ကိ လ
တစ် ခု ခု သောက် ပြီး မှ အပြင် သွား မယ်,တစ် ခ 2 သောဏက ပြီး ( အပြင် သား ပယ်
အနီးဆုံး ကင်မရာ ရောင်း တဲ့ ဆိုင် ဘယ် မှာ လဲ,ဘနီးထုံး ကင်ဝဲတ ဝတင်း တဲ့ အိုင် ဘယ် မှာ လဲ
အိတ် ဘယ်နှ အိတ် ပါ လဲ,ဘိတ် ဘယ်နှ ဘိတ ပါ လဲ
ရောင်း ကောင်း သလား,စ ရ ၁ င်  စ က ၁ င်  သ လ ၁ 1
ကောင်းကင် ပေါ် မှာ ဘာ ရှိ သလဲ,ကောင်းကင် ပေါ် မှာ ဘာ ရှိ သလဲ
တစ် နာရီ ၂၀ မိနစ်,ဤB Ha .M5 i4B
ဟုတ်ကဲ့ မမ,ဣက်ကဲ့ မမ
မင်း ကိုယ်တိုင် သွား စုံစမ်း မေးမြန်း ကြည့် ပါ,ယင်း ကုယဘု့် သား ငဦးဗမ်း ယေးပြန့်း ကြည့ ပါ
ခြေဆောင့် ၍ ခွေး ကို မောင်းထုတ် သည်,RlGza R G2 R GRE2Rg99 21r
ခင်ဗျား နမူနာ ကြည့် မလား,of်t95 711 rညိဲ RlR111
ဒီ သီချင်း က ကျွန်တော် မကြာခဏ နားထောင် တဲ့ ဟာ ပဲ,ဒ ယီခင်း က ကျွန်တော် ယကာခော နားထောင် တဲ့ ဟာ ပ
ရုပ်ရှင် ကြည့် တာ နဲ့ ပေါက်ပေါက်ဆုပ် စား တာ,"WRE aှ) RT1 Sု,့ ElReIRz9 R12 R9"
ကျွန်တော် တို့ အတန်း သူငယ်ချင်း တွေ နဲ့ အတူ စာလုပ် ပါ များ တော့ သံယောဇဉ်ဖြစ် သွား တယ်,ကျန်ကော် ကို့ ဘကန်း သုငယ်ချင်း ၀ွေ ခဲ့ ဘကူ စာလုဂ် Cါ များ ဟကော့ သံငယောတဉ်ဖြစ် သှား ကယ်
အဲဒါ ကို နို့ နဲ့ သောက် တာ လား,ဘဲဒါ ကို နိဲ့ နဲ့ သောကံ တာ လား
ဒီ အဆင် က ကြည့် ရ တာ မျက်စိနောက် တယ်,ဒီ ဒအဆင် က ကြည် ရ တာ ဖကစိနောက် တယ်
မိသားစု ထဲ မှာ ဘယ်သူ ကို အလွမ်းဆုံး လဲ,ပိဃားခ ထဲ မာ တယ်ယူ ကို ဘလှမ်းဆုံး လဲ
ဒီ ဒေသ က ကျောက်မီးသွေး ထွက် တယ်,ဒ သေဃ က ကောကကဖဲံးသေး ထက် တယ်
စာအုပ် ကို သေတ္တာ ထဲ ထည့် သည်,F9ပ ကိ ဤgm ထဲ ထှ် 22်
ရော့ခ် ဂီတ မှာ တီးခတ် မှု တွေ ပြင်းထန် တယ်,GR9 R41 Wa Blz2R9 g 4R OEaR R
မ ရှိ တော့ ပါ ဘူး ရော့ ပါဆယ်,မ ရှိ တော့ ပါ ဘူး ော့ ပါဆယ်
ဒီ ဟိုတယ် မှာ အခန်း လွတ် ရှိ လား,ဒ ဟိုတယ် ပှာ ဘခန်း လတ် ဒှိ လား
ဒီ မှာ ဘီယာ ပါ,ဒ၂ -V၀ ပl
ခွေး ကလေး ကို အငတ် မ ထား နဲ့ နော်,ခေး ကလလေး ကိံ တငတ် မ ထား နဲ့ စနော်
အဲဒီ ကာတွန်း စာအုပ် ကို အတူ ဖတ် ရအောင်,သဲဒီ ကာတွန်း စာ၁သအုပ် ကို အတု ဖတ် ငသောင်
ဒါ က ကြီးမား တဲ့ ကူညီ မှု ပဲ,ဒါ က ကြီးမား တဲ့ ကူည်ီ မှ ပ
ဆရာကြီး က လည်း မနှစ် က တရုတ် အာဆီယံ ကုန်စည် ပြပွဲ တုန်း က ပါ,Rn9 = nP si = P၇ုf =fီc ၇်:E မ)့ ရစ်  မံ
ကျွန်တော် တို့ ဆီ မှာ ဘိလပ်ရည် နဲ့ သစ်သီး ဖျော်ရည် မျိုးစုံ ရှိ ပါ တယ်,ကန်တော် တို ငီ မာ ဘီလပ်ရည် နဲ့ သစ်သီ- Eရည် မါ:၈ ရိ C) တယ်
ကွာ တဲ့ ငွေ ကို ဘယ် တော့ ထုတ် ပေး ပါ မလဲ,ကာ တ့ င ကဲ့ ဘယ် တော့ ထတ ယေး ပါ ပလဲ
ဒီ ည ကျွန်တော့် အာရုံ တွေ က ခင်ဗျား ဆီ မှာ ပဲ ခင်ဗျား သိ တယ် နော်,ဒီ ည ကျွန်တော့် ဘာရုံ လွေ က ခင်တှား ဆီ မှာ ပ ခင်တျား သိ ကယ် ဝော်
ပဲ ကို အမှုန့် ကြိတ်စက် ဖြင့် ကြိတ် သည်,ပဲ ကို ဘမှနဲ့ ကြတံစကံ ဖြင့် ကြံတ် သညံ
ခင်ဗျား က အရင် ခေတ် တုန်း က လို များ မှတ် နေ လား,ခင်၀ား က ဘဝင် ခေတ် တန်း: က လို ယား: )ပတ် ခေ လား
သူငယ်ချင်း ဆီ က ကြား ခဲ့ တာ က မင်ချော က အမေရိကန် ကို သွား ပြီ တဲ့,သုငယ်ချင်း ဆီ က ကြား ခဲ့ တာ က မင်ခော က အမေရိကန် ကို သား ပြီ တ့
အဲဒါ သေချာ လား,ဘဒါ) ေ၁? လာ-
ပေါင်ချိန် ပို နေ ပြီ မ ဟုတ် လား,ပေါင်ခါ့နဲ ပိ နနေ ပြီ မ ဟုတ် လား
ဓာတ်လှေကား ဘယ် မှာ လဲ,ဓာတ်လေကား ဘယ် ဟာ လဲ
အေး ပေါ့ ကွယ် နောက် တော့ သတိထား ရ မှာ ပဲ,အေး၊ ခေါ့် ကွယ် နောက် တော့ သတိထား ၈ ၂ှာ ပ
ခင်ဗျား မှာ အက်ပရင်ဆေးပြား အချို့ ရှိ လား,le- P tfuneslw: tf. ( m
မှန် တယ်,မှန် တယ်
ကျွန်တော် ရဲ့ ခုံ ကို ပြ ပေး မလား,ကွ န် စ တ ၁ ရဲါ့ ခ ကိ ပြ ဝ ပ  ပ လ ၁ 1
နောက်ထပ် အစားအသောက် အချို့ ထပ် မှာ ချင် တယ်,ဆောင်ထပ် ဘတားဘယောာက ဘခါံ ထပ် ပှာ ခင် တယ်
လက်ဖက်ရည် သောက် မလား,လ က ဖ က ရ ည ၈ သ ၁ ကိ မ လ ၁ 1
တစ် နေ့ တည်း မှာ ထွက်ခွာ ခဲ့ ကြ တယ်,တပ် ၁နဲ့ တယ်း .ှ ထွက်ဌွ ၃ဲ ဌ တယ်
၈ မိုက် သော သူ တို့ က ငါ တို့ ဆီမီး သေ ပါ ပြီ,၈ မိုက် သော ၁ု တို့ က Eါ တို့ ီမီ သေ C) ငြီ
လက်တွေ့ ပစ္စည်း က နမူနာ ထက် နည်းနည်း ပို ကြီး တယ်,လက်တေ့ ပစ္ည်း က ခေ့aာ ထက် ခည်းနည်း  ကြံး တယ်
ခင်ဗျား ဘာ တွေ ကို ဝါသနာပါ သလဲ,၁င်၀၇% ဘာ တွေ က ၁ါသနာပ့ါ သလဲ
စား ပါ တယ် ခေါက်ဆွဲကြော် အုန်းနို့ခေါက်ဆွဲ ခေါက်ဆွဲလက်သုပ် စသဖြင့် အမျိုးမျိုး ရှိ ပါ တယ်,P- ပ VF tPiReP neflelfeရ) efRttP7 1ဘမ tdsr ၇ မ D6
ဆုဖလား ပြိုင်ပွဲ ကို ဘယ်လောက် ကြာ ရင် တစ် ကြိမ် ကျင်းပ လဲ,ဆုဖလ၁း ပြုင်ပဲ ကို ဘယ်လောက် ကြ၁ ၎င် တစ် ကြိမဲ ကျင်းပ လဲ
ယာဉ်တိုက် မှု တွေ အများကြီး ဖြစ် တာ ဘာ ကြောင့် လဲ,t990R)R  E zlRal5 9 T1  efThf၄ K0
ဒီ မှာ ရေချိုးခန်း ရှိ လား,ီ ပှ ၁ စ ရ ဒါး ၁ န်  ရှိ လ ၁ 1
ဟို နား လေး မှာ ပါ,တို နား ၀လး လှာ ပါ
ခင်ဗျား မှာ ဇွန်း ရှိ သလား,ခင်၀၄: မာ ဇန်း ၅ ယလား
သေချာ တာ ပေါ့,စ သ ခ ၁ တ ၁ စ ပါ့
အဲဒါ ကို ကြေးနီ နဲ့ လုပ် ထား ပါ တယ်,ဘဲဒါ ကို ကြေးနီ ခဲ့ လုပ် ထား ပါ တယ်
ကျွန်တော် ဖောက်တံ ဝက်အူ တစ် ခု လို ချင် ပါ တယ်,ကျန်ကော် ဖောက်တံ ဝက်အူ တစ် ခ လို ချင် ငါ တယ်
ကျွန်တော် အပျော့စား ဝိုင် ကို ကြိုက် တယ်,ဣွနCာ် PCoP- Pင် ကိ ဤInH ၁c'
မြန်မာ စာလုံး ရေး တဲ့ အခါ ခပ် ဝိုင်းဝိုင်း ရေး ရ မယ်,မြြန်မာ စာလုံး တေး တဲ့ ဘခါ ခင် ငိုင်းငိုင်း တေး  မယ်
သူ့ ရဲ့ စကား ကို ကျွန်တော့် ရဲ့ မှတ်ဉာဏ် မှာ သေချာစွာ မှတ် ထား သည်,သူ ၈ဲ စကား ကိံ ကျန်ဗေး့ F.၂ှတ၂ာက ၂ှာ သေခ-၉ ၂မတ ထား သည်
ကျွန်တော် က အလုပ် ကိစ္စ နဲ့ လာ တာ ပါ,ကျွန်တော် က အလုပ် ကိစ္ ခဲ့ လ၁ တာ ပါ
သို့သော်လည်း ၁၉၈၆ ခုနှစ် နောက်ပိုင်း တွင် တရုတ် သည် ဘက်ပြောင်း လိုက် သည်,သို့သော်လည်း ၁၉၈၆ ခနှစ် နောက်ပိုင်း တွင် ကရုတက် သည် ဘက်ပြောင်း လိုက် သည်
ကျွန်တော် အရသာ သိပ် မတွေ့ ဘူး အလွန် ပျော့ တယ်,ကျွန်ဝတ ဘ၈ ထိပ ပ၁တ ဘူး ဘလှန် ဝU၇ တယ်
ကျွန်တော့် ကား ပျက် သွား တယ်,ကွ န် စ တ ၁ က ၁ 1 ပ က သှ ၁ 1 တ ပ်
သို့သော်လည်း တရုတ် နှင့် ရုရှား တို့ က စစ် အစိုးရ အား ထောက်ခံ လျက် ရှိ သည်,သို့သော်လည်း တငုတ် နှင့် ၄၄၁: တို့ က စစ် အစိုးင အား ထောက်ဒဲ လက် ဌှိ့ သည်
ဪ ဟုတ် လား နာမည် ဘယ်လို ခေါ် ပါ သလဲ,စြ ဟတ် လား နာမည် ဘယ်လိ ဒေါ် ပါ သလဲ
ဟုတ်ကဲ့ ပါ ကျွန်တော် တို့ အဲ့ဒီ အတိုင်း လုပ် လိုက် ပါ့ မယ်,ဟုတ်က့ ပါ ကျှန်တောဲ တို့ ဘဲ့ဒီ ဘတိုင်း လုပ် လိုကံ ပါ မယ်
ခင်ဗျား ရဲ့ ဝင်ငွေ ဘာ လို့ ဒီ လောက် များ ရ တာ လဲ,၏မ- ၇ ၏N - ဂီ ီ R ၈ ၇ တ ဂဲ
မိုးလေဝသ က ဘယ်လို ပုံ လဲ,ဆိုးဝလဝသ က ဘယ်လိ ပ လဲ
မင်္ဂလာ ပါ,ပင်္ဂလာ ပါ
ကမာကြော် နဲ့ ဒါမှမဟုတ် က ပို ကောင်း မယ် ထင် တယ်,ကမာကြေ် နဲ့ ဒါမှမဟုတ် က ပိ ကောင်း မယ် ထင် တယ်
အခု ထိ ဗိုက် မ ဆာ သေး လို့ ရေ ဖြစ် ဖြစ် နည်းနည်း ပေး ပါ,da2 19 RR9 1 1 412 N) Ef} 0 06 21 RH1 1
ကြည့် ရ တာ ခင်ဗျား အအေးမိ နေ သလို ပဲ,ကြည် ရ တာ S-င်ops Seေ9 ဓန သလု
သူ့ ရဲ့ နောက် ဘက် မှာ ထိုင် ပါ,သူ ငါ့ ဝနာက် ဘက် ဗာ ထိင် ပါ
အား ဘယ် တုန်း က လဲ,ဘ ၁ 1 ဘဟ် တု န်  က လ
အေး ဗျာ ဒီလို ဆို တော့ လည်း လိုက် ခဲ့ မယ်,အေး ဗာ ဒီလို ဆို တော့ လည်း လိုကံ ခဲ့ မယ်
အစားအစာ အတွက် ဘတ် ၂၁၀ ကျ တယ်,ဣaR12oR1 9R7R9 3R9 .1 R P49
ဘူးဖေး စားသောက်ဆိုင်,၁ူ-cu- P-z2-nငE်
စရိတ် အားလုံး ပါ သလား,PyfP:ry- Q Drn-
ဒီ မှာ ဘယ်လောက် ကြာကြာ ရပ် သလဲ,ဒီ မှာ ဘယ်လောက် ကြာကြာ ရပ် သလ
ဪ ခင်ဗျား အချီးကျူး လွန် နေ ပြီ,ထြ သင်သား ဘသီးကျူး ွင့် ခေ့ ြ
ဒါ တွေ က အရမ်း အံ့ဩ စရာ ကောင်း တာ ပဲ,ဒါ ထ - 1.ပ် 1y ၁၄ တင် တာ ပ
စာလေ့လာ တဲ့ အခါ ထိုင်ခုံ ဆွဲထိုင် ပြီး သေချာ မတ်မတ် ထိုင် ပါ,စာလေလာ တ အSါ) တိုင်ခဲ့ သွထိုင် ပြီ: သေ၁၇ မတ်မတ် ထိုင် ပါ
ဘေလ် က ၆၅ ဒေါ်လာ ကျပါတယ်,တာလါ - ၆၅ ငေါ Pျuပဘယ'
မစ္စတာ ဝှိုက် ခင်ဗျား ရဲ့ နိုင်ငံကူးလက်မှတ် ပြ ပေး နိုင် မလား,ပဋ္တ Qိ့က ၁C၀%း ရဲ့ နိင်ပဲကူးလကပတ် (ပ ၁u: နိပ် ပလး
ပြိုင်ပွဲ တစ် ခု မှာ ဘယ်နှ တွဲ ရှိ လဲ,ပြင်ပ တစ် ၃မာ ဘယ်ဒှ ထဲ.၅.လ
သူ ဟာ ပြုံး ပြီး ငါ့ အနား ကို ချဉ်းကပ် လာ ခဲ့ တယ်,သူ ဟာ ပြုံး ပြီး ငါ့ ဘနား ကို ခဉ်းကပ် လာ ခဲ့ တယ်
ကျွန်တော့် အတွက် တစ် ခု သီးသန့် ထား ပေး ပါ,ကျန်တော့် ဘတွက် တစ် ၃ သီးသန့် ထား ပေး ပါ
မြေညီထပ် မှာ ကျွန်တော် တို့ အိမ်သုံးပစ္စည်း တွေ ဝယ် လို့ ရ ပါ တယ်,ပြေည်ီထပ် မှာ ကျှန်ကော် ကို့ အိမ်သုံးပဒဋ္ည်း ငွေ့ ငယ် လို့ ရ (ါ ကယ်
တစ် ခု ခု မှား နေ လို့ လား,တ စ ခ ဒ ပှ ၁ 1 စ နံ လို့ လ ၁ 1
ကျွန်တော် ခင်ဗျား ရဲ့ ကောက်နုတ်ချက် ကို လက်မခံ နိုင် ဘူး,"ReR9 E1RH2 Ri, GRRRRR2MR9 14 11R413 ိြစ်"
ကြိုးသိုင်း ဖိနပ် ကွင်းထိုး ဖိနပ် တွေ ရှိ သလား,ကြွူံးယိုင်း ထခပ် လွင်းထိုး ဖံခပ် တေ့ ငှိ ယလား
၁၀ မိနစ် လောက် ပါ,o NpfB Ef7R KI
မ ဟုတ် ဘူး ကျွန်တော် က ကျေးဇူးတင် ရ မယ်,မ ဟတ် ဘုး ကျှန်တော် က ကေဇးတင် ရ မယ်
အိန္ဒိယ စတိုင် ကြက်သားဟင်း,ဤl1i1 RR)EC tTlR12114 6E=
နှစ် နာရီ နှိပ် ရင် ပို ထိရောက် ပါ တယ်,ခစ် နာဇီ နိပ် ခင် C- ထဝေေက ါ တယ်
ကိုယ်တစ်ပိုင်းသေ,ကိုယ်တစ်ိုင်းသေ
တက် သည်,ကက် သည်
ဟုတ်ကဲ့ ရထား က အချိန် မှန် ပါ တယ်,I ဤ4) RR11 R a W  R9
သံတမန် အိတ် တွေ ကို မ စစ်ဆေး ပါ ဘူး ဒါ က နိုင်ငံတကာ ထုံးစံ ပါ,သံတကမန် အိက် ၀ွေ ကိ မ စစ်ယေး ါ ဘူး ဒါ က နိုင်င်ကကာ ထုံးစံ .ါ
အဲဒီ အနား မှာ အထင်ကရ အဆောက်အအုံ တွေ များ ရှိ ပါ သလား,ဒဒ ဘာနား ပာ ဘထင်ကဝ ဘဆေင်က္ဒာဒု တေ့ ယဝ: ၄ှိ ပါ ယလား
အာ ကို ဒီ ကနေ့ တိုက်ရိုက် ရထား ရှိ တယ်,ဘာ ကံ် ဒီ ကခေ့ ငံက်ိ်ုက် ဆထား နှိ တယ်
သူ ကျွန်တော့် ကို ညီအစ်ကို အရင်း လို ပဲ ပြုစု စောင့်ရှောက် သည်,သူ ကျန်ကော့် ကို ညီဘစ်ကို ဘရင်း ကို U ပြု၄ စောင့်ှောက် သည်
ဒါပေမယ့် အဝတ် မှ မ ရှိ တာ,၆(ဧေမယ့် အဝတ ၂ှ ဖ ( တာ
မနက်စာ ပါ ပါ သလား,lHtRR1 13 I 1R711
လမ်းမ မှာ လူ တွေ နဲ့ ပြည့်ကျပ် နေ တာ ပဲ,လမ်းမ မှာ လူ လွေ ခဲ့ ပြည့်ကျပ် နေ ကာ C
‌ဈေး ကို ကြည့် ချင် တယ်,စေ): ကို ကညယ့် ချင် တယ်
ဟိုတယ် မှာ ဆံသ ဆရာ ရှိ လား,ဟိုတယ် မှာ ဆံသ ဆရာ နှိ လား
နိုင်ငံခြား ကို ဖုန်းခေါ် လို့ ဖြစ် လား,နိ င် ငံက ၁  ကို ပု န် =  ခါ လို ပြ စ် လ ၁
ခင်ဗျား အခု အသက် ဘယ်လောက် ရှိ ပြီ လဲ အိမ်ထောင်ပြု ပြီး ပြီ လား,ခင်ား ဘခ ဘသက် ဘယ်ယေက နှ၄ ပြ လ ဘိပ်ထော်ပြု ငြီး ပြ် လား
သောကြာ ဂြိုဟ် သည် ကောင်းကင် ၌ နေ နှင့် လ တို့ မှ အပ အလင်းလက်ဆုံး ဖြစ် သည်,သောကြာ ငြိုတ် သည် ကောင်းကင် ၉ ဖေ ဒှင့် လ တို့ မှ ဘယ ဘလင်းလက်ဆုံး ဖြစ် သည်
ဂျီဒီပီ သည် ဤ ကဲ့သို့ ကိစ္စ များ ကို ထည့်သွင်း မ စဉ်းစား ချေ,ဂီဒိပိ ၁် ကါ ကဲ့ထို့ က၇ ပျား ဂိ ထှ့သှင်း ပ D၃:P ၀၉)
ကောင်းကင် ကို ကြည့် ရ တာ မိုးရွာ မယ် နဲ့ တူ တယ်,"တင်-ကင် ကိ ဩှယ် ၇ ပ P၉- duC"" 1 ၁ ဘCပ'"
မင်္ဂလာ ပါ ခင်ဗျား အိမ် ကို ဘယ်လို သွား ရ မလဲ,မင်္ဂလာ ပါ) ခင်၀၇- ဘိမ် ကို ဘယ်လို သွား ၈ မလဲ
ရန်ကြီးအောင် မှာ ကိုယ်ပိုင် ဉာဏ် ဖြင့် ရေး သော ဝတ္ထု ဖြစ် သည်,ရန်တြီး-ငောင် မာ ကိုယ်ပိုင် ဉက် ဖြင် Pေ: သော ၀၇ု ဖြစ် သည်
ဘာ အလုပ် လုပ် တာ လဲ,ဘာ အလုပ် လုပ် တာ လဲ
လမ်း အဆင်ပြေ လား,လပ်: ဘဆင်ပြေ လာ-
ခင်ဗျား အသက် ဘယ်လောက် ရှိ ပြီ လဲ,ခင်ဗား အသက် ဘယ်လောက် ဌှိ့ ပြီ လဲ
ကျွန်တော် တို့ ပစ္စည်း တွေ အကုန် ပါ လာ သလား လို့ စစ် ကြည့် ပါရစေ,"ကွနဣာ ဘိ ပ၉၄ဃ်: ထာ P-ကE ပါ လ. ၁r-- ကှိ ဇာ် C"" Qy4z"
ခွေးပေါက် ကလေး က မြက်ခင်းပြင် မှာ လူးလိမ့် ကစား နေ တယ်,Gေး၀ေါက် ကလေး က မြက်ခင်းပြင် မှာ လူးလိမ့် ကစား 2 တယ်
ကိတ်မုန့် တွေ က အရမ်း များ လို့ ဘာ ကို ရွေး ရ မလဲ မ သိ ဘူး,ကတမနဲ့ တေ က ဘဓပ်း မား လဲ့ ဘ ကုံ ဆွေး ခ မလ မ သ ဘူး
ဒီ နေရာ က ပို နွေး ပါ တယ်,ဒီ ငေ၈၇ က ပို ငွေ: ပါ တယ်
ဘာ ပေး ရ မလဲ,ဤ9 6t12 R RR0
ခင်ဗျား နေ ရ တာ ပျော်ရွှင် လိမ့် မယ် လို့ မျှော်လင့် ပါ တယ်,oE်t95 F- R R Rt9E 19 R4 1 E0P9R7f II R94
ဘာ ဖြစ် လို့ မ လာ တာ လဲ,"ဘ ၂တ ဂိ S "" တ -ပ"
ရ ပါ တယ် ကျွန်တော် ခင်ဗျား ကို အဓိကကျ သည့် ကိစ္စရပ် များ ပြောပြ ပါ့ မယ်,ရ. ပါ တယ် ကျန်စတော် Sင်o၇: ကို ဏBကက) သည် ကိစန္စရပ် မား ပြောပြ ပံ့ မယ်
ဟင့်အင်း မ ရှိ ပါ ဘူး,ဟင့်ဘင်း မ ရှိ ပါ ဘူး
အစ်ကို တောရွာ မှာ ဝက် မြောက်မြားစွာ မွေး တယ်,ဘပ်ကိ ဝတရွာ  ဝက ဝပြဏပြး၉ ၁္: တယ်
အသစ် လဲ ပေး ပါ,ဘယင် လဲ ဝပး ပါ
သန့်ရှင်း ရေး လုပ် သည်,သန့်၎င်း ရေး လုပ် သည်
အရမ်း လေးလံ လွန်း လို့ တင် တာ ရပ် သင့် တယ်,ဤaRGS Gf124 R2 N) RE RT1 RB 2f R49
ခင်ဗျား ငွေ ကို ကြည့် ပါရစေ,ခင်၀၇- ငွေ ကို ကည် ပ)၈ေ
၁၉၅၉ ခုနှစ် တွင် အဟိ လစဉ် ဟာသ မဂ္ဂဇင်း ကို ကိုယ်တိုင် စတင် တည်းဖြတ် ထုတ်ဝေ သည်,၁၀၈၀ ခနစ် တင် ဘာဟိ လသညဉ် ဟာဃာ ယဝဒင်း ကို ဂငုယ်တိုင် ထတင်င တည်းဖြတ် ထုတ်ပေ ယည်
၁၉၆၂ ခုနှစ် ခန့်မှန်း သန်းခေါင်စာရင်း အရ လူဦးရေ ၁၁၅၉၃၁ ယောက် ရှိ သည်,"oH,.1 2f9 2fS 442ERaReE2- RR1 110S4tI 22t122 ll71R9 R 21ည"
အဲဒီ လို ကိစ္စ ကို ခြွင်းချက် အနေနဲ့ စဉ်းစား ရ မယ်,ဘဲဒီ လို ကိစ္စ ကို ခြင်းခ)ကံ ဘနေခဲ့ စဉ်ဥစား ရ မယ်
အရမ်း မော ရင် နား သင့် တယ်,ဘာဝမ်း ဟော ၎င် နား ယင့် တယ်
ဒါ နောက်ဆုံးပေါ် ကွန်ပျူတာ တွေ ပဲ,ဒါ စ န ၁ က ဆုံ  စ ပါ က န် ပုူတ ၁ စ တ ပဲ
ခင်ဗျား ဘယ် အချိန် အိပ်ရာထ လဲ,of်t95 z9R zR 9R9RR11 10
ဂူဗိမာန် သို့ သွားရောက် ဂါဝရပြု သည်,ဂ၇ဗဓာန် သို သားစောက် ဂါ၀၈ြ သည်
နောက် ဘူတာ နာမည် က ဘာ လဲ,ခောက ဘတာ ခာမည် က ဘ ဲ
နံနက်စာ ဘယ် မှာ ကျွေး မှာ လဲ,HHtRR1 z94 K9 RfH5 H1 R0
တစ် ရက် ဘယ်လောက် လဲ,b ၇f -mtnF က
တိုတိုကပ်ကပ် ညှပ် စေ ချင် တာ လား,တိဘိကပ်ကပ် (ပ ထ ချင် တ -
ညနေ ၇ နာရီ မှာ လာကြို မယ်,ည စ န လ န ၁ ရီ ပ ၁ လ ၁ ကြိ မ ယ်
မိဘ တွေ နဲ့ အတူတူ နေ မှာ မလို့ ပြင်ဆင် စရာ သိပ် မ ရှိ ဘူး,မိဘ တေ ခဲ့ ဘတတ Gေ .ာ မလိဲ့ ပြ်ဆင် စဈာ သိပ် မဲ န့ ဘူး
သူမ ရေမကူး တတ် ပါ,ယုစံ o၈၀တူး တတ် ပါ
သိန်း ၁၅၀၀ လောက် သုံး မယ် စိတ်ကူး ထား တယ် တိုက် ရော ကား ရော ပေါ့,သိန်း ၁၅၀၀ လေက် သံး မယ် စိတ်ကုး ထား တယ် တိုက် စော ကား စော ပေါ့
အိမ် ပြန် ရင် မ မီ ဘူး လား,ဘိပ် ပြန် ရင် ပ ဗံ ဘူး လာ-
ရုရှား,119*
ပြဿနာ မ ရှိ ပါ ဘူး ကျွန်တော် တို့ မ လုပ် ပါ ဘူး,ပြဿနာ မ ရှိ ပါ ဘး ကျန်တော် တို့ မ လပ် ပါ ဘူး
ဖေဖေ က ရေ ထဲ ထမင်း ထည့် စား ခဲ့ တယ်,ဖuေ က ရေ ထ ထဖင်း ထည် ဓား ၃့ တယ်
ရှုပ် နေ လိမ့် မယ် ကျွန်တော် လမ်းပြ ပေး မယ်,ရုပ ဝန လိင့် လယ် ကျန်ဝတ် လပ်း(ြ ဝUး လယ်
ဝီစကီ နဲ့ ရေ ပေး ပါ,ငီစကီ နဲ့ ရေ ပေး ပါ
ကျေးဇူး ပါ ဆရာ,တူဇူ: Cါ ဆ(
မြန်မာ စာ စနစ် အကောင်အထည်ဖော် ခြင်း အဖွဲ့ ကို ဟု လည်း ခေါ် ကြ သည်,မြန်မာ စာ စခစ် ဘကောင်ဘလည်ဂော် ခြင်း ဘဖေဲ့ ကို့ ဣု လည်း ပေါ် က သည်
ဘုန်းတော်ကြီး ကို သင်္ကန်း ဝယ် ကန်တော့ ခဲ့ တယ်,ဘုန်းတော်ကြီး ကို သက်န်း ဝယ် ကန်တော့ ခဲ့ တယ်
ချီကာကို မှာ ခဏ နား တာ ဘယ်လောက် ကြာ မလဲ,ဒါီကကို .ှ ၁က နဲား တာ ဘထ်ဝလာက် ( ဝလဲ
ကျောင်းသား အများစု စာမေးပွဲ အောင်မြင် ကြ တယ်,စ က ၁ င် သ ၁ 1 ဘ မ) ၁ 1 ၈ ၈ ၁ ၈ မ  ပဲ စ ဘ ၁ င် ပြ င် ကြ တ ပ်
အသား အရည်စို နေ ပြီး အတော် ပင် ဝ သည်,H3: iူl N မီ e မ 9 7
လပြည့် ကို မ စောင့် နိုင် တော့ ဘူး,လပြည် ကု ယ ထောင့် (ိင် တော့ ဘူး
တရုတ် ဘဏ် နဲ့ ခင်ဗျား တည်းခို သည့် ဟိုတယ် မှာ လဲလှယ် လို့ ရ ပါ တယ်,"တ-pတ် ဘဏ် ၁ ၁င်၁-: Crယ်၁ 22"" CfDoruo'D၂ ryယ လှိ ) Uါ C'"
ညနေ ၇ နာရီ မ တိုင် ခင် အရောက် လာ မယ်,ညဒနေ ဂ နာဂီ မ ကိုင် ခင် ဘတောက် လာ မယ်
မစ္စတာ ရဲ့ အိတ် တွေ က အလေးချိန် ပို နေ တယ်,မစူတာ ခဲ့ အိတ် တေ့ က အလေးဒါန့် ပ ငေ တယံ
ခု လို အကူအညီ ပေး တာ ကျေးဇူး အများကြီး တင် ပါ တယ်,၁ လို အကူဘညီ ပေ: တာ ကျေး၇ အမဂ-ငီ တင် Oါ) တယ်
ဒီ မှာ နေ တုန်း ပျော်ရွှင် ပါစေ,ဒီ P Sေ တန်း Cဋင် ပါထစ
ဘာ ကို စောင့် နေ တာ လဲ,ဤ R) GR9၄  G 1
မ လို ပါ ဘူး ဗျာ,ပ လိံ့ ပါ ဘူး ၀
အနီးဆုံး မြေအောက် ဘူတာရုံ ကို ညွှန် ပေး နိုင် မလား,ဘနီးဆုံး ပြေတောကံ ဘုတာရုံ ကိ ညှန် ပေး နိင် မလား
နှစ်သစ် ရောက် ရင် လူအများ က ဗေဒင် သွား ကြည့် ကြ တယ်,ခှစ်သစ် ထွေက် ခင် လ၃ဘယျား က ထေ၁င် သား ကြည့ ကြ တယ်
အခု လို ဖိတ် တဲ့ အတွက် ကျေးဇူးတင် ပါ တယ် မစ္စတာ လီ,ဘာခု လို ဖိတ် တဲ့ ဘာတက ကျေ့းဇူးတင် ပါ တယ် ပဋ္တာ လိ
ဒါ က ခင်ဗျား ရဲ့ သေတ္တာ လား,ဒါ က ၁င်O: ခဲ) ဧသတ္တာ လား
အိတ် အကြီး က တော့ ကား နဲ့ ဆံ့ မှာ မ ဟုတ် ဘူး,"ဂီတ် ""ီ P  က ခ ၏ ၈ s ဟု ဘ"
ခင်ဗျား အတော် က တတ် မှာ ပဲ နော်,ခင်ဗy: အတော် က တတ် မာ ပဲ ခေ်
လစာ စာရွက် မှာ လက်မှတ်ထိုး ပါ,လဓာ ဓာဋွက် မှာ လငကပတ်ထိး ပါ
ကျွန်တော် တို့ ဝတ် တဲ့ အင်္ကျီ တွေ ရော ဘယ်လို လဲ,"ကျန်တေ်း တိ, ဝတ တဲ့ အဏ္ကီ စတ ၈ေ ဘယ်လ လဲ"
ဘယ် ကတည်းက ဒီလို ဖြစ် နေ တာ လဲ,-မ mo4n ဒီလီ မ 4 တ လဲ
ဟုတ်ကဲ့,ဟု တီ ကံ့
ဒါ နဲ့ ဘယ်လို သောက် ရ မလဲ,ဒါ နဲ့ ဘယ်လို သေဘာင်က ၄ ယလဲ
ကျွန်တော် အဲ့ဒါ ကို ရှာ နေ တာ,ကန်တော် အ့ဒါ ကို ၄ှာ နနေ တာ
ကျွန်တော် အပြန် လက်မှတ် တစ် စောင် လို ချင် တယ်,ကျန်တော် အပြန် လက်မတ် တစ် စောင် လို ဒင် တယ်
ကြည့် ပါ ဦး ခင်ဗျား ဘာ လုပ် လိုက် တာ လဲ,ကြည် ပါ ဦး ခင်Dpး ဘာ လင် လိုက် တာ လ
နိုင်ငံခြား ပညာသင် သွား ရန် စိတ်အားထက်သန် သည်,ခိင်ငံကား ပညာသင် သား ရန့် စိတ်အားထက်သန့် သည်
ကောင်း လိုက် တဲ့ ဘောလုံး,တင်: လှိဂ ဟဲ တာy-
သူ့ အမျိုး စာလုံး က လျိုး ပါ,သံ ဘမါ) စာလု- က လါ့: C)
ဒီ နေ့ အဲဒါ ကို အထူး လျှော့ ရောင်း တာ ပါ ဒေါ်လာ ၂၀၀ ပါ,ဒီ နေ့ ဘဲဒါ ကို အထုး လျှော့ လောင်း တာ ပါ ဒါ်လာ ၂၀၀ ပါ
ထမင်း နေနေသာသာ ဆန်ပြုတ် တစ် ပန်းကန် တောင် မ စား နိုင် ဘူး,"def Riti77 fမd d မန်:nf် t0 e 1- "" ဘ"
အိမ်သာ ပါ တဲ့ အခန်း တစ် ခန်း ရှိ လား,ဘိမ်သာ ပါ တဲ့ ဘခန်း တစ် ခန်း နှိ လား
ကနေဒါ ထိ ခရီးစဉ် ကို ဆက် ချင် သလား,ကခေဒါ် ထိီ ခငီးသဉ် ကို ဆက ခင် ဃလား
ဒီ မှာ လည်ပတ် ဖို့ အကောင်းဆုံး နေရာ တွေ က ဘာ တွေ လဲ,ဦ  လည်ယတ် ့် ဘကောင်းဆံး ဇေ့ဈာ ထ က ဘာ တေ လဲ
ပြီး တော့ အဲဒါ ကို ပြင်းပြင်း ဖျော် ပေး ပါ,N5 RRyg T2 R VE2l0E= Bl9 E5 1
စင်္ကြံ မှာ အနားယူ တာ ပေါ့ မ ဟုတ် ဘူး လား,စကြ် ၂ှ၁ အနားယူ တာ၁ ပေါ့ မ ဟုတ် ဘုး လ၁း
ဒီ နှစ် သင်္ကြန် ဘယ်နှ ရက်နေ့ ကျ သလဲ,ဒီ နစ် သကြန့် ဘယ်ခ ရက်နေ့ က သလဲ
သင် ပျော်ရွှင် ကျေနပ် မှု ရှိ ရဲ့ လား,သင် ပေ်ရွှင် ကက့ခပ် မ ရိ နဲ့ လား
သူမ က ကျွန်တော့် ရဲ့ ပုံတူရုပ်ပုံ ကို ဆွဲ ထား တယ်,a2 17$ HfeF lgDRg9D 1} ) R12 ဤ42
နောက် လမ်း က ဆေးဆိုင် ရှေ့ က ဘတ်စ်ကား မှတ်တိုင် မှာ,စ န ၁ ကိ လ ပ်  က ဇ ဆ 1ဆို င် ၈ ၈ှ) က ဘ တ စ် က ၁ : ပှ တ တိ င် ၂ှ ၁
စိတ် မ ရှိ ပါ နဲ့ ကျွန်တော် ဆေးလိပ် ပြာ ခွက် ရ နိုင် မလား,စတ် မ.% ပါ နံ့ ကျန်တော် စေးကင် ပြာ ခက် ရ (C- ဖလား
ဒီလို ဆို ရင် ၅ ကိုက် ပေး ပါ,ဒီလို ဆို ငင် ၅ ကိုက် ပေး ပါ
တစ် ပတ် မှာ ဘယ် ရက် တွေ ပိတ် ပါ လဲ,"Rf မf ၈ F ၇ုf t မီ"" မ"
ဖြစ် ချင် တာ ဖြစ် လာ ပြီ ဆို ရင် ပို ပြီး ဖြစ် ချင် တယ်,ဖြစ် ခင် တာ ဖြစ် လာ ပြံ ဆို ရင် ပ ပြီး ဖြစ် ခင် တယ်
ဟော်တယ် မှာ ဧည့်သည် များ ကို ဧည့်ခံ သည်,ဟော်ကယ် မှာ ဒည့်သည် များ ကို့ ဒည့်ခံ သည်
ဘေး မှာ ရှိ တဲ့ လူ က ချစ်သူ ဆို,ဘေး မှာ ရှိ က့ လူ က ချစ်သူ ဆို
စာရင်း ကြိုတင် ပေး ထား တာ ပြင် ချင် လို့ ပါ,တဝ၎င်း ကွုံ့တင် ပေး ထား တာ ပြင် ခင် လို့ ပါ
ဘက်ထရီ အားကုန် နေ လား,ဘ ကိ ထ ရီ အ ၁ =ကု စ် ခ နံ လ ၁
မနေ့ည က က တဲ့ ထဲ မှာ ပါ လား,ယနေ့ည က က တဲ့ ထဲ ဖှာ ပါ လား
ညစာ က ဘယ် အချိန် လဲ,ည ၈ ၁ က ဘယ် ဘ ဒိ န် လဲ
ဘယ် အတန်း လဲ,ဤ4D RRS 10)
ကျွန်တော် တို့ တရွေ့ရွေ့ သွား နေ ရ တယ်,ကန်တော် တို့ တရွေ့ငွေ့ သား နေ ရ တယ်
ဟုတ်ကဲ့ ပါ ဘာ ဝိုင် လဲ ဆို တာ ပြော ပါ,တုငက်ကဲ့ ငါ ဘာ ငိုင် လဲ ဆို တာ ပြာ ါ
အခုတလော ထွက်လာ တဲ့ စာအုပ် ထဲ မှာ ဘယ် စာအုပ် က ကောင်း လဲ,"HhyuP- ည""rn တ Pပ ထ ၂ ဘC၀' ဘpပ . တာင်: '"
ထင် တာ ပဲ,ထင် တာ ပဲ
လိမ္မော်သီး ဒါမှမဟုတ် ပန်းသီး ကျေးဇူးပြု၍ နည်းနည်း ဝယ် ပေး ပါ,RetI2R5 dRR342 1 H22S BRln1201ltl 1ra22 R4D G15 II
နေ့လယ်စာ အတူတူ စား မလား,ဝနဲ့လယ်ဗ ဘတူတူ Pး Dbလ:
ဝန်ကြီးဌာန ၏ ညွှန်ကြား မှု ဦးစီးဌာန ရုံး များ သာ ရန်ကုန် တွင် ကျန်ရှိ ရ မည်,"ပ်ဩ၉-၄ ၏ ဒါ်- y C-Pဌ-1 P- 1-- 2- Pnင် တွင် ကျ်၅P ) """"်"
ကျွန်တော် က ဒီ တွဲ ရဲ့ တွဲစောင့်ခန်း မှာ ရှိ ပါ တယ်,ကွနဘာ .က ဒီ ဘွ ၇ တဏင်- ၂ 1Qါ ဘယ'
ခင်ဗျား နေ့ တိုင်း ဘယ်နှ နာရီ အလုပ် သွား လဲ,"၁င၁- ဏ တိင် ဘCc ,P1Pry သာ- ."
ဟိုတယ် ပြန် ရောက် တော့ အောက်နား မှာ အက်ရာ ရှိ တော့ သိ ခဲ့ ရ တယ်,ယံတယ် ပြန့် Gေက တာ့ ထောကခား ၁ ဘ်က္ S ဘော့ သဲ ခဲ့ ခ တယ်
ဒီ ကုန်ပစ္စည်း ကို အပူပေး ရင် ပျက်တတ် လို့ ဂရုစိုက် ပါ,S RR2 1i TRlR115 ReE tMRlRR9 Rj RWlR 13
တချို့ လေယာဉ်ကွင်း အသေးလေး တွေ မှာ ဆင်း တဲ့ အခါ ကျွန်တော် အရမ်း စိတ်လှုပ်ရှား တယ်,တဝါ့ လေယာဉ၌်ကွင်- ဘသေးလေ- တေ့ မာ ဆင်: တဲ အSါ ကျှန်တော် ဘ၈၆်- စိတ်ကလှုပ်ရှာ- တယ်
အိုး ရ ပါ တယ်,အို့ 1 ရ ပါ တယ်
မရီးနား ၂ ၏ ပန်းတိုင် မှာ သောကြာ ဂြိုဟ် ပင် ဖြစ် သည်,ရန: ၂ ၏ ပန်တိ' ၈ F=P ရဟ် ပ မါ ၁၄
မေရီ နဲ့ စကားပြော နေ တဲ့ မိန်းကလေး နဲ့ မိတ်ဆက် ပေး နိုင် မလား,ပေဂီ နဲ့ စကာ-ပြော နေ တ ပိန်းကလေ- န့ ဖဲတ်သက် ပေ: ခိုင် မလာ-
ဧည့်သည် များ ကို လက်ဆွဲနှုတ်ဆက် ပြီး ဝမ်းသာ စွာ ကြိုဆို ခဲ့ တယ်,ဧည့သညံ မုား ကို လကံဆွနှုတ်ဆကံ ပြီး ဝမ်းသာ ရွာ ကြ၊ ဆို ခဲ့ တယ်
ဇန်နဝါရီ လ,တန့်ခငါရီ လ
အခွင့်အရေး ပြန် ရ ရင် ထပ်ပြီး တော့ ကြိုးကြိုးစားစား လုပ် ပါ့ မယ်,ဘခင့်ဘရေး ပြန် ရ ရင် ဘင်ပြီး တော့ ကြဇကြးစားစား လက် ပါ့ ဖယ်
ခင်ဗျား ဆီး ထဲ မှာ သွေး ပါ ဖူး သလား,၁င်၀၇: ထီး ထဲ ၂မှာ သေး 1 V1 သလား
ဒိုင်နိုဆော မျိုးဆက် ပြတ် သွား ခဲ့ သည်,ါ င် ဒို စ ဆ ၁ ပါုးဆ က ပြ တ သ ၁ 1 ဒဲ့ သ ည
ပြီး ရင် ရှေ့ ကို မီတာ ၅၀ လောက် ဆက်လျှောက် ရင် ရောက် ပြီ,ပြီး ရင် လှေ့ ကို မီကာ ၅ဝ လောက် ဆက်လျှောက် ရင် တောက် ပြီ
အရင်ဆုံး အပူချိန် တိုင်း ကြည့် ပါ စို့,ဘရင်ထံး ဘပချိန် တိုင်း 'ြည့် ပါ စို့
အသက် တွေ က ဘယ် အရွယ် တွေ များ ပါ လိမ့် မဒမ်,ဘသက် တေ က ဘယ် အgယ် တွေ ဖ: ပါ လမ့် ဖ၁၆
မ လို ပါ ဘူး တက္ကဆီ ခ ပဲ ပေး ပါ,မ လိုံ ပါ ဘူး တဌဏီ ၁ D ေး ပါ
စိုးရိမ်ပူပန် မှု က သူ့ မျက်နှာ မှာ ပေါ် နေ တယ်,PP2P 2 -က သ၃ dry ၂ ထါ တ C.'
အဲဒီ လူ က သာမန် ထက် ထူးခြား စွာ ခြေထောက် တို နေ တယ်,Rီ လ၄ = ၁% အ္ အg- %p Kkaf တီ Ri oV
အဲဒီ လမ်း က အမြဲ ကားပိတ် နေ တာ,ဘဲ ဒီ လ ပ  က ဘပြ က ၁ : ပ တီ စ န တ ၁
သူ တို့ နိုင်ငံ အလွန် ချမ်းသာ ပါ တယ်,သူ တို Pင် Pr ၃၆-၁-  P'
လောက မှာ အလကား ရ တာ ဘာ မှ မ ရှိ ဘူး,တက 3- Tr: ၇ တ - S S 17-
နိုင်ငံခြားသား အတွက် လျော့ဈေး ရှိ လား,ငင်Cy--2.- PDn+ Grypndု: 1P r-:
စား လို့ ကောင်း တဲ့ သတ်သတ်လွတ် ဟင်းလျာ တွေ ကို အကြံပေး နိုင် မလား,ဘား လဲ့ ထောင်း တဲ့ သဘသဘ်လတ ယင်း တေေ ကံ ဘကြသေး ခိုင် ပလား
ကျွန်တော် ဘယ် ဟာ မှ မ လို ချင်ဘူး,ကန်တော် ဘယ် ဟာ မှ မ လို ဒင်ဘူး
ဘာ စား တာ လဲ,တာ စား တာ လဲ
ဟဲလို,Cr
ကျွန်တော် ဆေးရုံ မှာ နေ ရ မှာ လား,ကျွန်ဝတ ၁ဘး၈ ၂ ၁န ရ )ှ C:
ငါး ကို ဆား ဖြူး သည်,f ဂီ : မ ါ
သူ့ လက်ရေး မ လှ ဘူး ကြောင်ခြစ် သလို ပဲ,သူ့ Cကထဆး ပ လ ဘး တြာင်ြစ် သလဲ့ ပ
ကျွန်တော့် မှာ ပစ္စည်း တွေ အများကြီး ပါ တယ်,ကျွန်ဝတ့် ၂ ပ၉၄: ဝတွ ဘပျးဌီး ပါ တယ်
ကျွန်တော် ခံတွင်းပျက် ရင် ဟင်းရည် ထဲ ထမင်း ထည့် စား တယ်,nft fRWwf  V1nf  - င် P PF
ကျွန်တော် ခင်ဗျား ကို ဟယ်လီတန် ဟော်တယ် ကို သွား ခိုင်း မှာ အသေအချာ ပဲ,ကျွန်ဝတ ၁ငCDျ: ကို တယ်လီတန် ဝCတယ် ငိ ယှး ဒိုင်း ဟ ဘာယာ၁ာ ပဲ
ဒီ မှာ ပါ ဆရာ,ဒီ လှာ ပါ သတ
ကျောင်းသား အဆင့် ကို ကြည့် ပြီး စာသင် ပေး တယ်,ကျောင်းသား ဘဆင့် ကို့ ကြည့် ပြီး စာသင် ပေး တယ်
ရန်သူ ကို အမြစ်ပြတ် သုတ်သင် ချေမှုန်း ရန် အသက် ရင်း ပြီး တိုက်ခိုက် ခဲ့ တယ်,ရန့သူ ကို အဖြစ်ပြတ် သတ်သင် ဒေ့န်း ၈န် အသက် င်း ငြီး တိုက်ဒိုက် ခဲ့ တယ်
အရမ်း ပူ လွန်း လို့ အေးမြ တဲ့ နေရာ သွား ပြီး အိပ် ချင် တယ်,ဘရပ်း ၂ လွန်း လို့၁းပြ တဲ့ ၀န ၁ှး ပြီး ဘိပ် ဒုပ် တယ်
ကျွန်တော် ခင်ဗျား ကို ကား ကြည့် ဖို့ ခေါ် သွား မယ်,ကန်တော် ၁င်၀၇- ကို ကာ- ကည် ဖို ပေါ် သွာ- ပယ်
ပေဟိုင် ဥယျာဉ်,စမယီ' ဂe၃့်
လေး ငါး ရက် ရှိ သွား ပြီ,တ- ငါ: ၇၇f 1သာ- O
ဟုတ်ကဲ့ ခင်ဗျာ ကြည့် ပါ,ဟုတ်ကဲ့ ခင်၀၇ ကြည် ၆
လမ်းခရီး တစ်လျှောက်လုံး မှာ အဆင်ပြေ ရဲ့ လား,လမ်းဒ်ီး တစ်လျှောက်လုံး ၂ှ၁ အဆင်ပြေ ငံ့ လား
တိရစ္ဆာန် ဥယျာဉ် ထဲ မှာ ဘာ ရှိ ပါ သလဲ,တိရ္ဆာန် ဥယာဥ် ထဲ မှာ ဘာ နှိ ပါ သလ
ခင်ဗျား နဲ့ အတူ ကလေး နှစ် ယောက် ကို ခေါ် လာ တယ်,ခင်ဗျား ခဲ့ ဘတူ ကလေး နှစ် ယောက် ကို့ ဒေါ် လာ တယ်
ထမင်း နှစ် နပ် ကြား ကာလ မှာ မုန့်ပဲသရေစာ စား သေး လား,ထစင်း နှစ် နU် Gmး ကလ ၅ (ုန့်ပဲသဝ၈ဗ Pး ဝCး လး
သင်တန်းကြေး ဆို ပြီး သိပ် လည်း မ ဟုတ် လှ ဘူး,သင်ကန်းကြေး ဆို ပြီး သိ် လည်း မ ဣဘုက် လှ ဘူး
ငှား မယ် ဟို စာအုပ် အဓိပ္ပာယ် ရှိ တယ်,၄၁း မယ် ဟို ၈၁သုပ် သဓိပ္ပာယ် ဌှါ့ တယ်
တခြား ချိန်း ထား တာ မ ရှိ ဘူး,တခြား ခံန်း ထား တာ ယ ၄ှိ ဘူး
ကျွန်တော် နဲ့ ဘယ် အင်္ကျီ နဲ့ အဆင်အပြေဆုံး လဲ အကြံပေး ပါ ဦး,"ကျန်တော် နဲ့ ဘယ် ဘဏဂီ"" နံ့ ဘဆင်ဘဝပြေဆု- လဲ ဘကြပေ ပါ) ဦး"
ကျွန်တော် လီနင် ကို နှစ်သက် တယ်,ကွှန်တေ လိနင် ကိ ၅4်သက တယ်
ဘယ်လောက် လဲ ချင် တာ လဲ,ဘယ် ဧ လ ၁ က လဲ ၁ င် တ ၁ လဲ
ဟုတ်ကဲ့ ပါ အစည်းအဝေး မှာ ဝေ ပေး ရ မယ့် သင်ရိုး တွေ ရော ဆရာ,I ဤ949) I MRည1oRRR2 HI BEH P15  I4 2Ef5 GP) e9 zRl9
စွန်းဝုခုံး,fုfR
စောင့် လို့ အဆင်ပြေ ပါ စေ,စောင့် လိုံ့ ဇဆင်ပြေ ပါ ၈
ဘာ သောက် မလဲ ဆရာ,ဘ ၁ ၈ သ ၁ က ဓ လဲ ဆ ရ ၁
သူများ ကို မ လှောင် နဲ့,သ မ) ၁  ကိ မ ဇ ပှ ၁ င် နဲ့
ကျွန်တော် ခင်ဗျား ရဲ့ ယာဉ်စီး ခွင့် ကဒ် ကို ကြည့် ပါရစေ,ကျန်ကော် ခင်ဗျား ရဲ့ ယာဉ်စီး ခင့် ကဒ် ကို ကြည့် ငါရဝေ
အိမ်သာ ဘယ် မှာ လဲ,o2 ဘC 13 -
ကလပ် တွေ ဘယ် နား မှာ လဲ,က လ ပ ခ တ ဘယ် နံ ၁ 1 မ၂ ၁ လဲ
ကျွန်တော် သွေး အများကြီး ထွက် နေ ခဲ့ တယ်,ကျွန်ဝတ ၁ယး ဘQpgီး ထွက ဝန ၃ တယ်
ကော်ဖီ သောက် မလား ဒါမှမဟုတ် အချိုပွဲ စား မလား,ကော်ဒီ သောက် ဖလား ဒိမှဖဟဘ် အဒိပြု စား ဖလား
နောက်ထပ် မြေအောက်ရထား မကြာမီ လာ မှာ လား,iinfတပ် eve=rf၇ဏ eVီ လ ၈ လ၊
သူ နဲ့ မ ခေါ် နဲ့,သ နဲ့ မ စ ခါ နဲ့
လေဆိပ် က နေ ပြော နေ ပါ တယ်,ဝလထိပ် က ဝန ဝပြာ ဝန ပါ တယ်
ဘယ် အချိန် ဆင်း မှာ လဲ,"ဘU၀""H-ချိန် အင်: ၂ -"
ကောင်း လိုက် တာ ဗျာ,elE2 1R R1 11
ငွေ နဲ့ ရှင်း မှာ လား ဒါမှမဟုတ် ခရစ်တစ်ကတ် သုံး မှာ လား,ငွေ ခဲ့ ရ၎င်း မာ လား ဒါမှမဟုတ် ဒရစ်တစ်ကတ် သုံး မှ လား
အပူ သည် ပွတ်တိုက် မှု မှ ဖြစ်ပေါ် သည်,ဘ့ သည် တဏံုက ၃ ၆ ပြစ်သေါ သည
ကစားပွဲ က ဘယ် အချိန် လဲ,က ၈ ၁  ပဲ က ဘ ် ဘ ဒိ န် လဲ
ဘယ် ဓာတ်ဆီ ဆိုင် ပဲ ဖြစ် ဖြစ် ရ ပါ တယ်,ဘယ် ဓတဆီ ဆိုင် ပဲ ဖြစ် ဖြစ် ခ ါ တယ
အပေါ်ထပ် အိမ် က ကလေး တွေ က မနက် မနက် ဆို ရင် အရမ်း သောင်းကျန်း တာ,ဘပေါ်ထပ် ဘိမ် က ကလေ- တွေ က မနက် ပနက် ဆို ရင် ဘn၆်: သောင်း-ကုန်: တာ
နိုင်ငံခြား ငွေ,ခိုင်ငံဗြာ- င၄
ဒီ နေ့ စားသောက်ပွဲ အတွက် သောက် စရာ က ဘာ လဲ,ဒီ နေ့ စားသောကံပ္ ဘတကံ သောက် စရာ က ဘာ လ
သူ အပြင် ကို ထွက် လိုက် တာ နဲ့ များသောအားဖြင့် တစ် မနက်ခင်း ပဲ,သ ဘပြင် ကံ် ထက် လဲက် တာ ခဲ့ များသောဘားပြင့် တစ် မနကခင်း ပ
ခင်ဗျား ဘာ အားငယ် နေ တာ လဲ,ခ င် ဗ ၁   ၁ အ ၁ 1 C ဟိ ခ နံ တ ၁ လ
ဘယ်နှ နာရီ လဲ,ဘယ်နှ နာရီ လ
နောက် ပြိုင်ပွဲ မှာ လောင်းကြေး ဘယ်လောက် ထပ် လို့ ရ နိုင် လဲ,နောက် ပြုင်ပွ မှာ လောင်းကြေး ဘယ်လောက် ထပ် လို့ ရ နိင် လဲ
ကျွန်တော် စား ကြည့် ချင် တယ်,ကွနCာ် P ဩ၄ယ် ချင် ၁.'
အေ အတန်း ကျောင်းသား,ထေ ဘတန်း ကျျောင်းသား
ပြင်ပ ဖုန်းလိုင်း ကို ဘယ်လို ခေါ် ရ မလဲ ပြောပြ ပေး ပါ,ပြင်ပ ဟန်းလိုင်း ကိ ဘယ်လိ ဝဒါ တ ပလဲ ဝပြပ ဝပး ပါ
ပဉ္စမ လမ်းမ ကျယ် ကြီး ကို ရောက် ဖို့ မှတ်တိုင် ဘယ်နှ တိုင် စီး ရ မလဲ,C-ဥမ လမ်းမ ကျယ် ကြံး ကို တောက် ဖို့ မှက်ကိုင် ဘယ်နှ ကိုင် စီး ရ မလဲ
၂၀၀၆ ခုနှစ် စာရင်း အရ လူဦးရေ တိုးပွား နှုန်း မှာ ၀.၆ သာ ရှိ သည်,၂၈၆ ၃နှစ် စာရင်း ဘရ လူဦးဟေ ကိုးပား နှန်း မှာ ၀ သာ ရှိ သည်
ဒီ နေ့ နေ့လယ်စာ တူတူ စား မလား,။ီ (ံ irbi ဟဟ A i:
ရ ပါ တယ် ရှင်,f  BF ၇
ဒီ နေ့ အစီအစဉ် မှာ ပြိုင်ပွဲ ဘယ်နှ ခု ရှိ လဲ,ဒ နေ့ ဘစ်ဘဗဉ် မာ ပြုင်ပ၌ တယ်ခှ ခ Sှိ လဲ
အမေ က တော့ ကျောင်း ဆရာမ ပါ,ဘာပေ က တော့ ကျောင်း ဆတာယ ပါ
ကျွန်တော် နဲ့ လိုက် ခဲ့ ပါ,ကျန်ဗော် နဲ့ လက် ခဲ့ ပါ
ရေ များများ သောက် ပြီး ကောင်းကောင်း အနားယူ ပါ,စ ရ မ) ၁ 1 မ ၁  ဇ သ ၁ ကိ ပြီ  ခ က ၁ င် 1 စ က ၁ င်   နံ ၁ ယု ပါ
ကျွန်တော် အခန်း တစ် ခန်း ကြိုတင် မှာ ချင် လို့ ပါ,ဣွနCာ် P2- ဪဂ ၁ ဤတာင် ၂ ချင် -ိ ပါ
ဒီ နေ့ ဆယ့်နှစ် လ ပိုင်း ငါး ရက်နေ့ စနေ နေ့,ဒီ ဇေ့ ဆယ့်ဒှစ် လ ပါင်း ငါး ဂက်ဒေ့ ၈၀ ဆဲ့
ဘယ် ဟာ ကို လဲ,ဘယ် ဟာ ကိုံ လ
အာကာသ လူသား ရဲ့ ဝတ်စုံ က တကယ် ကို လေး တယ်,ဘာကသ လူသား ငါ့ ဝတ်စုံ က တကယ် ကိ ဝလး တငယ်
ယင်း ပညာရပ် တွင် လည်း ပညာ ခွဲ နှစ် ရပ် ပါဝင် သည်,ယင်း ပညာရပ် တှင် လည်း ပသာ )့ နစ် ရပ် ပါဝင် သည်
ဘယ် ကား ကို စီး ရ မ လဲ,ဤ4D 1T91 1 MS Rl S F)
သူ မင်း ကို စိတ်ဝင်စား နေ တယ်,သူ ဖင်း ကို စိတ်ဝင်စား နေ ဘယ်
ဒါ က ၄၀ ကီလိုဂရမ် ရှိ တယ်,ဒါ က င ဝ ကီ လို က ရ ပ် ရှိ တပ်
ည က တေးဂီတပွဲ တက် သေး လား တွမ်,ည က ၈ တ  ဂီ တ ပွဲ တ က ဧ သ  လ ၁ : တှ ပ်
ခင်ဗျား အိမ်ထောင်ပြု မဲ့ ပြု ရင် ကောင်း တဲ့ ယောက်ျား ပဲ ရွေး ပြု သင့် တယ်,ခင်ဗျား ဘိမ်ထောင်ပြု ခဲ့ ပြု ရင် ကောင်း ကဲ့ ယယောကျား C ဟွေး ပြု သင့် တယ်
ဆေး သောက် ပေမယ့် အအေးမိ တာ မ သက်သာ သေး ဘူး,စေး သောက ပေဖယ် ဘဒေးိ ဘာ ဖ သက်သာ လေး ဘူး
မျက်နှာသုတ် ပုဝါ တစ် ထည် ငှား ချင် လို့ ပါ,မုက်နှာသုတ် ပဝါ တစ် ထည် ငှား ချင် လို ပါ
ဘယ် တော့ သူဌေး ဖြစ် လာ မလဲ ဆို တာ ကြိုတင် ဟော သည်,ဘယ် တော့ သူဌေး ဖြစ် လာ ယလဲ ဆ ဏာ ကြုတင် ဪော သည်
ကောင်း ပါ တယ်,ဆကာင်း ပါ တယ်
ခင်ဗျား အိတ် က အရမ်း လေး တာ ဖြစ် ရ မယ်,"၁င်၁ျ- 1Dr - ၇ဏ်  တ ပ၈ ၇ ထပ'"""
တစ် ချောင်း ကို တစ်သိန်း သို့မဟုတ် နှစ်သိန်း ကျ မယ်,တစ် ငျောင်း ကို တစ်သိန်း သို့မ.ုတက် နှစ်သိန်း ကျ မယ်
တစ် ယောက် တည်း လာ တာ လား,တစ် ယောက တည် လာ ဘာ လား
အဲဒီ ကလေး က လျှပ်စစ် ကစားစရာ ကို ဝယ် ပေး ဖို့ ဇွဲရှိရှိ နဲ့ ပူဆာ နေ တယ်,သဲဒီ ကလေး က လှုပ်စစ် ကစား:၈၀၁ ကို ဝယ် ယေး ဖု့ တွဲဌဲ့၅့ နဲ့ (သာ နေ တယ်
ဘယ် တုန်း က ရေကူး လို့ ဖျား ဖူး သလဲ,တယ် တန်း က တှေကူး လိုံ ဟျား ဟူး ဃလဲ
လေအေးစက် ပါ တဲ့ အခန်း ပါ သလား,Rf1GR2RR9 I3 W) oR22 I3 2R115
ခရီး ဆက် သွား လို့ ရ နိုင် မလား,သီး ဆက် သား လိဲ့ ခ ခိုင် ပလား
အဲဒီ ဟာ က နှစ်ထောင် တန် ပါ တယ်,ဘဲဒီ ဟာ က နှစ်ထောင် တန် ပါ တယ်
ရင်ပြင်တော် က နေ စိန်ဖူးတော် အထိ ဉာဏ်တော် အမြင့် ၃၂၆ ပေ ရှိ တယ်,ခင်ပြင်တော က Sေ စန်ပူးတော ဘထ် ဉcဒော အဖြင့် ၁.၆ ပေ ၌၊ တယ်
ကောင်လေး နှစ် ယောက် စလုံး အလယ်တန်း ကျောင်းသား ဖြစ် ပါ တယ်,စကောင်လလး နစ် ယောက် စလး ဘလယ်တန်း စကောင်းသား ဖြစ် ပ တယ်
ကျွန်တော့် အခန်း ကို တခြား စောင် ပို့ ပေး ပါ,ReR 2 H4 R1512 GRE W G12 K
စစ်တပ် ၏ လိုအပ်ချက် ကို အလေးနက် ထား သည်,တစ်တပ် ဇ လိုဒာပ်ခုက ကို ဘာလေးခငက ထား ဃည
ပစ္စည်း တစ် ခု ချင်း ရှင်းတမ်း ရ နိုင် မလား,မရ၈ Af s sf ၇1Pe ၇ု ရီ် Ft-
ကျေးဇူးတင် ပေမယ့် ဗိုက် အရမ်း တင်း နေ လို့ ထပ် မ စား နိုင် တော့ ဘူး,တာျးဇူးဘင် ဤK2' P7 P၇ပ ဘင်- တ လှ ထပ် d =: Pင် ထာ ဘူ-
တဆိတ်လောက် စင်္ကြံ မှာ သစ်သီး တွေ ဘယ် နား မှာ ဝယ် လို့ ရ မလဲ,တဆ်္ဘိတ်လောက် ဝက္ မာ ယစ်ယီး တေ ဘဟ် နား မာ ဝယ် လိုံ ဝ ပလဲ
အဲဒါ ကျွန်တော် တို့ ဟာ ပါ,12 ကဣ)ါဌာ် တို ဟ ပါ
လက်မှတ် ၂ စောင် ရ နိုင် မလား,လက္ပတ် ) တောင် ဝ နိုင် ပလား
ခရီးသွား တဲ့ နေရာ တွေ ထဲ မှာ ဘယ် နေရာ က အကောင်းဆုံး လဲ,ဒ်ီ-သွား တဲ ၀ေ၈၇ တေ ထ မှာ ဘယ် နေ၈ က ဘကောင်-သု- လဲ
အစီခံ ပါ သလား,လတ်တ ၀ါ ယrာ-
ကျွန်တော် ဝက်သား ထက် အမဲသား ကို ပို ကြိုက် တယ်,ကွ န် စ တ  ဝ က သ ၁ 1 ထ ကိ ဘ ပဲ သ ၁  ကိ ပို ကြိက တယ်
အပ် စရာ အိတ် များ ရှိ ပါ သလား,ဘပ် စ၈ ဘိတ် မ၇- ရိ CD သလာ-
ဒီ မှာ ခင်ဗျား ရဲ့ လက်ခံ ပြေစာ ဖြစ် ပါ တယ်,ဒီ ၂ှ၁ ၁င်ထျား ငံ့ လက်ခံ ပြေစာ ပြစ် ပါ တယ်
နေထိုင် ကောင်း တယ် ဆို တော့ တော်သေး တာ ပေါ့,ဇေထိုင် ကောင်း ကယ် ဆို တော့ တော်သေး တာ ငေါ
ကားဝပ်ရှော့,R10Deu
အသားပြား ကို ကောင်းကောင်း ကျက် နေ တာ ကို ကြိုက် ပါ သလား,အာယားပြား ကို ကောင်းတေင်း ကက ေ တာ ကုံ ကြုံ့က ပါ ဃလား
သူ က တော့ လေးလေးနက်နက် မ စဉ်းစား ဘဲ စကားပြော တဲ့ အကျင့် ရှိ တယ်,ယူ လ တော့ လေးလေးခငက်ကခနက ယ သဉ်းထား တဲ ထကားပြော တဲ့ ဘကုင် ငှိ တယ်
မင်း ဘယ်သူ နိုင် ဖို့ မျှော်လင့် လဲ,ဖင်း ဘယ်သုူ ၈C ဖို လှာ်လင့် လဲ
မုတ်ဆိတ် ရိတ် ဦး မလား,ယုတ်ဆိတ် တိုတ် ဦး ယလား
ကျေးဇူးပြုပြီး စစ် ကြည့် ပါ,ကေ--.ဝးပြုပြီး စစ် ကြည့် ပါ
အဲဒီ နေရာ က အရမ်း ဆူညံ လို့ စာကျက် ရ မှာ အနှောင့်အယှက် ဖြစ် တယ်,ဤဒ EHf1 1T1 TRR95 ည် R R3ITt R W RRTICallt9 969 T9
ခင်ဗျား တရုတ် စကား ပြော တတ် လား,၁င်၀ာ: တရုတ် စကား ပြော ဘတ် လား
နည်းနည်း ချင်း ရွှေ့ သွား မယ် ဆို ရင် စိတ်ဆိုး မလား,"Hဿ်7ဿသ"" ခင်- ထွ့ သွ- ဤပ'"" ဘီ ဂင် ဤဏ ထr--"
ဒီ ဟာ အတွက် အာမခံ ချက် ရှိ ပါ သလား,ဒ ဟာ ဘတ်က ဘာယခဲံ ခုဂ ိ ပါ ဃလား
အတော် ကောင်း တဲ့ လက်ဆောင် ပစ္စည်း တစ် ခု ပါ ပဲ,ဘတော ကောင်း တ့ လကဆဆောင် ပ၉ည်း တစ် ခ ပါ ပဲ
ဟိုတယ် က နေ ငွေရှင်း ပြီး ထွက် ရ မှာ က ဘယ် အချိန် လဲ,ဟိတယ် က ဝန ညေ့င်း ပြီး ထက ရ ၂ှာ က ဘယ် တခ်ါန လဲ
ဖျော်ဖြေ မှု တစ် ခု ပဲ,ယေုာ်ဗြေ ပှု တစ် ၁ ပ
မင်း သွား တတ် လို့ လား,ဖ- ၁၊ ဖတ် ဂီ လး
တောင် ကို သွား မလား ပင်လယ် ကို သွား မလား စကား ပြော ကြည့် ကြ ရအောင်,ကောင် ကို သှား မလား ပင်လယ် ကို သွား မလား စကား ပြာ ကြည့် ကြ ရဘောင်
ဂျိုဆော ဘုရင်မင်းဆက် က အနှစ် ၅၀၀ ဆက် ခဲ့ တယ်,ဏဝထာ ဘုရင်ဗင်းတက က ဘနှင် ၅၀ဝ ဘက ခဲ့ တယ်
ကက်ဆက် ကို လဲ ပေး နိုင် မလား,ကက်ဆက် ကို လဲ ပေး နိုင် မလား
မေ လ ၆ ရက် အင်္ဂါ နေ့ ညနေ မှာ ထွက်ခွာ ချင် ပါ တယ်,မေ လ ဝ ရက် ဘင်္ဂ နေ့ ညေ မှာ ထွက်နွာ ခင် ပါ တယ်
တံခါး ဖွင့် လျက် ကြီး နဲ့ ဘယ်သူ မှ လည်း မ ရှိ ဘူး,တံခါး ပင့် C)က ကြီး နဲ့ ဘယ်သ S လည်း U S ဘး
ဒါပေမဲ့ ကိုယ်စားလှယ် အနေ နဲ့ ခင်ဗျား တို့ ရဲ့ အရောင်း ပမာဏ သိပ် မ များ ပါ ဘူး,ဒါပေမ့ ကိုယ်စားလှယ် ဘနေ နဲ့ ခင်ဗာ: တို့ ရဲ) ဘတောင်း ပမာဏ သိပ် မ မား ပါ ဘူး
သင်္ဘော က ဖြည်းဖြည်းချင်း စ ရွေ့ လာ ခဲ့ တယ်,"ထဝဘn က ဖြည်းဖြယ်းခုပ်: ၁ ၀၅, လ ခဲ့ တယ်"
ခင်ဗျား ရဲ့ အိတ် အလေးချိန် ပို နေ တယ်,le ၇ ဇ nenီစ် မီ t VC
ဒီ ည ဟင်းလျာ စာရင်း မှာ ဘာ ကောင်း လဲ,ဗီ ည ဟတင်းလှာ စာရင်း ၂မှာ ဘာ ကောင်း လ
ကျွန်တော် ရုတ်တရက် အမေ့ ကို လွမ်း တဲ့ စိတ် က အတွေး ထဲ ဝင် လာ တယ်,ကျွန်တော် ငတ်တငက်္ ဘပေ့ ကု လှမ်း တဲ့ ဒိတ် က အာတေး ထဲ ဝင် လာ တယ်
အခုတလော မင်း စိတ်ဝင်စား နေ တာ က ဘာ လဲ,dazGe171 HE21 R9D6ER1 G1 P R T1 K
မင်း ပဲနို့ရည် သောက် ချင် လား,lE2 Blte E2lR9 C 715
သူ့ ကို တော့ တွေ့ လေလေ သဘောကျ လေလေ ပဲ,ယူ့ ဂငုံ တော့ တေ့ လေလေ ဃဘောက လေလေ ပ
မ လော ပါ ဘူး ဗျာ,မ လလာ ပါ ဘူ) ၀၇
ပိုက်ဆံ လည်း ရှာ ရင်း အတွေ့အကြုံ လည်း စုဆောင်း ရင်း အလုပ် ဝင် ခဲ့ တယ်,"P79ဘ .C် . ၇င် HepPg r2"" Pတဘာင်: ၇င်- PryC် ဝင် ၃ါ Du၀'"
ဟို ကို ရောက် ဖို့ အချိန် ဘယ်လောက် ကြာ မလဲ,ဟု ကို စောက် ဖိ့ အခါန့် ဘယ်လောက် ကာ မလဲ
အဲဒီ လူ က နောက်ဆုံး တော့ ထို ကိစ္စ ကို လုပ် လိုက် တာ ပဲ,အဲဒီ လူ က နောက်ဆုံး တော့ ထို ကိစူ ကို လပ် လိုက် တာ ပဲ
ဘတ်စ်ကားခ ဘယ်လောက် လဲ,ဘတ်င်ကးဝ ဘယ်ဝလက လဲ
ခင်ဗျား အနည်းဆုံး မေမေ့ ကို လိပ်စာ ပြောပြ သင့် တယ်,ဝင်ဗျး ဘနဉ်းဘုံး ဝD၀၈ ကိ လိပတ ဝ၂ြပြ သင့် တယ်
မုတ်ဆိတ် ပဲ ရိတ် မှာ ပါ,။f၏P V ဂိုဂ် ၈ မံ
ဆိုးလ် မှာ နေ ပါ တယ်,ရီဂံ  စဲ ပံ PV
ကျွန်တော် လက်ရေး ရှင်း ရဲ့ လား,ကန်တော် လက်ရေ ရှင်: ရ လာ-
အငယ်လေး က အထက်တန်း ကျောင်း အောင် ပြီ,ဘငယ်လေး က အထက်တန်: ကေဂင်: ဘောင် ပြီ
ဘယ် နား မှာ အမှိုက်ပုံး ကို ဝယ် လို့ ရ မလဲ,ဘယ် နား ၁ ဘပ့ကပ်း ကိံ တယ် လိဲ့ ခ ယလဲ
မင်း က အရောင်းသမား လား,မင်း က အရောင်းသမား လား
ဇာထိုးပန်းထိုး ရှပ်အင်္ကျီ ဆို ဘယ်လို လဲ,ဏ ၁ ထို  ပ န် sထို  ၅ ပ် အ ကီ ဆို ဘ ယ် လို လဲ
လေယာဉ် ထဲ မှာ ဖတ် ဖို့ ကာတွန်း စာအုပ် ဝယ် ခဲ့ တယ်,btvn၄ ခဲ  မတ ဖဲ့ ကတွ် A%ုပ် ဖ% 1 ၆
ခင်ဗျား ဘယ် မှာ ထမင်း စား လဲ,ခင်ဗုား ဘယ် မှာ ထမင်း စား လ
ရှိ ပါ တယ် ဝင် ခဲ့ ပါ,ငှိ ပါ တဟ် ဝင် ခဲ ပါ
ခင်ဗျား မှာ ဘာ ကိစ္စ ရှိ ပါ သလဲ,ခ င် ဗျ ၁ 1 မှ ၁  ၁ ကိ စွ ၅ိ ပါ သ လဲ
၂ ထို သတို့သမီး တို့ တွင် ငါး ယောက် သည် ပညာ သတိရှိ ကြ ၏,၂ ထို သတို့သမီး တို့ တင် ငါး ယောကံ သည် ပညာ သတိရှိ က ၏ါ
နေရာ မှာ သရုပ်ဆောင် တဲ့ သူ က သာယာ တဲ့ အသံ ရှိ တယ်,ခေ့ရာ မှာ သရှပ်ယောင် တက့ သူ က သာယာ တဲ့ ဘသံ ရှိ တယ်
မှ,ဂီ
တိရစ္ဆာန်ရုံ သွား မယ်,တိ ရ နွ ၁ န် ရ သ ၁ 1 မ ဟ်
ဘာ ပဲ ဖြစ် ဖြစ် အဆင်ပြေ ပါ တယ်,ဘာ ပ ပြစ် ဖြစ် ဘဆင်ပြေ ပါ တယ်
ကျွန်တော် အားကစား လုပ် ရင် ချွေး အများကြီး ထွက် တယ်,ကျန်တေ် ဘားကစား လှှ် ရင် ချေး အပားကြီး ထက ဘယ်
ဘယ် အချိန် က ပျောက် ခဲ့ တာ လဲ,ဘယ် ဘဒါန် က ပေဂက် ၁ တာ လဲ
ရောဂါ သက်သာ ရင် တစ် ခေါက် လောက် တွေ့ ရအောင်,ထာကါ သက်သာ ရင် တစ် ပေါက် လက ထေ့ ဆောင်
နှိပ် ပေး လို့ ရ နိုင် ပါ သလား,နိပ်ပ ပေး လို့ ရ နိုင် ပါ သလား
ဒီ အစားအသောက် က အရမ်း စပ် မယ် ထင် တယ်,ဝီ ဘစားဘသသောက် က ဘဂမ်း စပ် မယ် လင် တယ်
ရေ အေး,ပဧါ GSi
သူ့ အဖေ ဆေးရုံတက် တာ တစ် ပတ် ရှိ ပြီ,သူ့ အဖေ ဆေးစုံတက် တာ တစ် ပတ် ရှိ ငြံ
မင်း ရဲ့ မွေးရက် က ဘယ် နေ့ လဲ,"t ) t(f + "" ht """
တာဝန်ခံ ဆရာ က စ ပြီး ကျောင်းသား အများအပြား ဟာ ပွဲတော် ကို တက်ရောက် ခဲ့ သည်,တဝန်ပဲ ဘတ က ၁ ပြီး ဝကျင်းယး ဘဎျးဘပြ: တ ပဲဝတ် ကို တဏဝတက် ခ)့ ယ်
ကြိုးကြိုးစားစား နဲ့ စာကျက် မှ အတန်း တက် နိုင် မှာ,MHlthgR11R12 %) Ba719  aRR15 49 1E WI
ကား နောက်ဖုံး က ပစ္စည်း တွေ အောက်ချ ပေး ပါ,ကား ဝောက်?ု- က (.ဋည်း ငွေ ဘောက်ချ CU2: Cါ
ဆယ် ရာခိုင်နှုန်း ဈေး လျှော့ ပေး ရင် ဝယ် မယ်,ဆယ် ရာခိုင်နှန်း ငေး လျှေ့ာ့ ပေး ရင် ဝယ် မယ်
ခဏ လေး နေရာ မှာ မ ရှိ တုန်း ဖုန်း က လာ တယ်,ဒက လေး နေ့ရာ မှာ မ ရှိ တန့်း ဖန့်း က လာ တယ်
ကျွန်တော် အဲဒါ ကို မှတ် ထား လိုက် မယ်,"ကျန်ဗော် ဒဲဒ်ါ ကိုံ,)မှတ် ထား လံက ဖယ်"
ကျွန်တော် ပထမ ထောင့် ကို ပြန် သွား မယ်,ကျွန်တော် ပထယ ထောင့် ဂုံ ပြန် ဃား ပယ်
ကျွန်တော် တို့ ဘာ မှာ သင့် တယ် လို့ အကြံပေး ချင် ပါ သလဲ,ကျွန်ကော် ကို့ ဘာ မှာ သင့် တယ် လို့ ဘကြံပေး ချင် Cါ သလဲ
ပုံမှန် ထက် ပို များ တယ် လို့ ထင် တယ်,ပံမှန် ထက် ပိ များ တယ် လို့ ထင် တယ်
သရက် ပင် ဝယ် ချင် တယ်,ယရင ပင် ဝယ် ချင် တယ်
ကို သွား ဖို့ ဒီ ရထား မှာ ထိုင်ခုံ ရှိ လား,ကို သှား ဂို့ ဒီ ရထား မှာ ထိုင်ခုံ ရှိ လား
၄ နာရီ ထိုး ဖို့ ဆယ့်ငါး မိနစ် ပါ,၀ နာရီ ထိုး ဖို့ ဘယ့်ငါး စိနစ် ပါ
အဆန်း ပဲ,ဘဆန်း ပ
ငါ တို့ က နင့် တို့ တွေ့ ဖို့ လာ ရ မှာ လား,ငါ တို့ က နင့် တို တေ့ ဖို လာ ရ မှာ လား
ဪ ဘာ ဖြစ် လို့ လဲ ခင်ဗျာ,ပြ- ၁ ၂5 ကှ ' Sင်ဗn
ကျွန်တော် နောက် မှ ပိုက်ဆံ ပေး မယ်,ကန်တော် နောက် ပ ပိုက်ဆသ ပေး ပယ်
သူ တို့ အလုပ် က ခက်ခဲ ပြီး အန္တရာယ်များ တယ် ရင်သပ်ရှုမော ပဲ,သု တို့ လုပ် က ဝက်ခဲ ပြီး အန့္ငာယ်များ တယ် ငင်သပ်၄ုမေ၁ ပဲ
အချိန် ရှိ လား,ဘချိန် ရှိ လား
ဒီ ဟာ လည်း စာရင်း ထဲ မှာ ထည့် ပေး ပါ,ဒ ဟာ လည်း ဘာဝင်း ထဲ ဟာ ထည် ပေး ပါ
သူ က အလုပ် ကို အလားအလာ ရှိ အောင် လုပ် နိုင် စွမ်း မ ရှိ ဘူး,သ က အလပ် ကို အလားအလာ ရိ အောင် လပ် နိုင် စုမ်း မ ရိ ဘူး
ဒီ လမ်းကြောင်း အတိုင်း ပြေးဆွဲ တဲ့ ကား တွေ ရှိ လား,ဒ လမ်းကြောင်း ဘာတိုင်း ပြေးဆဲ တဲ့ ကား တေ ၄ လား
အနာ ကို ပလာစတာ ကပ် သည်,ဘနာ ကံ့ ပ.ဗတာ ကပ် သည
မင်္ဂလာ ညနေခင်း ပါ,ထr Cဟ၁င်: ပါ
အစား ရှောင် တဲ့ အချိန် မှာ ဆေး စား စရာ မ လို ဟု ထင် ခြင်း,"HP: ထင် တဲ Hဒျါ့ ၂ ထေ: P- -၄ 5 ""] ဟ ထင် ပင်-"
ဘန်ကောက် ကို ပြန် မယ့် အမြန်ရထား လက်မှတ် က ဘယ်လောက် လဲ,ဘန်ကောက် ကို့ ပြန် မယ့် ဘမြန်ရထား လက်မှက် က ဘယ်လောက် လဲ
ပြင်သစ် ကို မ သွား ခင် ကျွန်တော် ရဲ့ နိုင်ငံကူးလက်မှတ် ကို သက်တမ်း တိုး ရ မယ်,ပြင်သစ် ကို မ သှား ခင် ကျန်ကော် နဲ့ နိုင်ငံကူးလက်မှက် ကို သက်တမ်း တိုး ရ မယ်
နယူးဇီလန် အိုင်ယာလန် နှင့် ဟာဝိုင်းယန်း ကျွန်း များ တွင် မြွေ ကို မ တွေ့ ရ ချေ,နယူးဂီလန် ဘိုပ်ယာလန် နှင့် တပိပ်းယန်း ကျွန်း Gျး တှပ် ၁၄) ကိ ပ ဝတ ၇ ၀၁)
တစ် ပတ် ကြာကြာ နေ မယ်,တစ် ပတ် ကြာကြာ နေ မယ်
မိဘ တွေ ကော ရှိ ပါ သလား,ပိဘ တေ ကော ငှီ ပါ ဃလား
နေလည်စာ အတွက် တစ် ယောက် ကို ဝမ် ၅၀၀၀ ကျ တယ်,စ နံ လည  ၁ ဘ လှ က တ စ် စ ယ ၁ က ကိ ဝ ပ် ၅ ဝ ဝ ဝ ကှ တယ်
သူ က ကိုကို ပါ,သူ က ကိုကို ၀)
ခွဲစိတ် ထား တဲ့ နေရာ မှာ ဂွမ်းစ ထည့် သည်,ခဲ့စိတ် ထား တဲ့ ခေော ယာ ၄၆-၀ ထည် ယည်
ကျွန်တော် ထိုင်း အစားအစာ အရမ်း ကြိုက် တယ်,ကန်တော် ထိုင်း အစားအတာ အရမ်း ကြံ ကံ တယ်
ကျွန်တော် အမြင့်သံ တစ်ကိုယ်တော် တေးသွား ကို တော်တော် ကြိုက် တယ်,ကျွန်ကော် ဘမြင့်သံ တစ်ကို'ယ်ကော် ကေးသှား ကို ကော်ကော် ကြုက် တယ်
အတွင်းရေးမှူး မှာ ဒေါက်တာ ဒေါ်မြင့်မြင့်သန်း ဖြစ် သည်,ဘတပ်:oရးUး ) O၁ါဏတ ၀ပပ့်ပြင့်သန်း ဖြပ် ယ်
အဲဒီ အထဲ မှာ ဘာ ရှိ လဲ,"Fါ 8ဲ  - ( """
မေ လ ၆ ရက်နေ့ စက် ကို ပြင်ဆင် ထိန်းသိမ်း သည်,ဝ၈ လ ၆ ဇဏကဝနဲ့ ဝက် ကို ပြင်ထင် ထိန်းထိာ်း သည်
အိန္ဒိယ နိုင်ငံ ၏ လူဦးရေ ၇ဝ ခန့် သည် စိုက်ပျိုး ရေး ကို အဓိက လုပ်ကိုင် ကြ သည်,ဘဲခွယ နိုင်င် ၏ လူဉ်းဆ ၇၀ သန့် သည် (်က်သိှုး ထေး ကံ ဘမ်က လပ်ကိုင် ကြ သည
စာပေ မှာ ပင်ကိုယ် အရည်အချင်း ပါ လာ ပုံ မ ရ ဘူး,တပေ မာ ပင်ကိုယ် ဘာဝည်၁ခင်: ပါ လာ ( ယ ဝ ဘူး
ကလေး တွေ က တော့ မနက် ကတည်းက ပတ် နေ တာ မြင် တယ် မ ဟုတ် လား,ကလေ တွေ က တော မနက် ကတည်းက ပတ် နေ တာ ြင် တယ် မ ဟုတ် လာ-
ဘတ်စ်ကား တွေ ဘယ် လို အချိန် နဲ့ ပြေးဆွဲ သလဲ,ဘတက်စ်ကား တွေ့ ဘယ် ကို ဘခန် ခဲ့ ြေးဆဲ သလဲ
လက်ရေးလှ စာအုပ်,လ ကိ စ ရ ပ ၈ ၁ ဘု ပ
၁၀ မိနစ် လောက်,o Npf Elgg49
ထို လူငယ် များ ကို မြန်မာ နိုင်ငံ မှ ခိုးထုတ် သွား ရန် လို ပေ မည်,၏ီ ၇:F ၈- ဂိ မ်၈ ရ%  ီဇုဂ် p: ဂ် ဂီ eမ ၈ါ
ရှေး အခါ က မေမြို့ မှာ ဓနု လူမျိုး များ နေထိုင် ရာ အရပ် ဖြစ် ၏,ရေး အခါ က မေပြဲ့ ပာ ဓခဲ လူခါ့။ မဂး ငေ့ထိုင် က အရပ် ဖြစ် ၏
နောက်ဆုံး ရမှတ် ကို ဘာ လို့ ခင်ဗျား ခန့်မှန်း လဲ,ဧHIRa15 R Ri T 1 2E်R95 2.S ID
ဘတ် ၅၀ တန် လဲ ပေး နိုင် မလား,ဘဏ ၅၁ တန့် လဲ ယး နိုင် မလဟး
အထမ်းသမား က လမ်းပြ ပေး ပါ လိမ့် မယ်,အထမဲးသမား က လမ်းပြ ပေး ပါ လိမ့ မယ်
လက်ဖက်ရည် က အရမ်း ပြင်း တယ်,လက်ဖင်္ဝည် က ဘာဝ်း ပြင်း တယ်
အဲ့ဒီ ကို ညွှန်း ပေး နိုင် မလား,အဲ့ဒီ 1 22 R15 နိစ် RMR1711
ဒါ ဆို ရင် တော့ ပို့ ခ ပေး ရ မယ်,ဒါ ၏ ရင် စော့ Q) ဒ၁ Gေး ၈ ဖယ်
ဘယ်နှ နာရီ ဖြစ် ဖြစ် ရ ပါ တယ်,ဘယ်နှ နာရီ ဖြစ် ဖြစ် ရ ပါ တယ်
ဘယ်သူ ခေါ် နေ တာ လဲ,ဘယ်သု ခေါ် နနေ တာ လ
‌ဖျား သေး လား,O[- P SP CU5
ဘာ ဖြစ် လို့ ဘုရားကြီး ကို အရင် သွား တာ လဲ,ဘာ ဖြစ် လို့ ဘုရာငကြီး ကို အရင် သား တာ လဲ
အသိုက် လုပ် ပုံ အဆင့်အတန်းမြင့် သော ငှက် မှာ စာဗူးတောင်း များ ဖြစ် သည်,ဘသိက် လှာ် ( အအင့်ဘတန်းဖြင့် သော က မှာ ဘ၇နeဘောင်း ဖား ဖြစ် သည်
ပြခန်း ဘယ် တော့ ဖွင့် မလဲ,ပြ ၁ န်  ဘယ် စ တ ၁၄ ( င မ လဲ
ဒါ ဆို ပို ပြီး ပိုက်ဆံကုန်မှာလား,ဒါ ဆို ပိ ပြီ  ယိ က ဆံ က န် မှ ၁ လ ၁ 1
ခင်ဗျား ဒါ ကို အင်္ဂလိပ် လို ဘာသာပြန် နိုင် သလား,ခင်ဏှား ဒါ ကို ဘင်္ဂလိပ် ကို ဘာသာပြန် နိုင် သလား
ဘူဆန် ခရီးစဉ် က ဘယ်နှ နာရီ မှာ ရှိ ပါ သလဲ,ဘူဆန် သခီးဉ် က ဘယ်ခ နာဒီ .ာ ခှ ပါ သလ
နေကောင်း တယ် နော်,၈4emf: Vမ စန္
အဲဒါ ကို ကြည့် လို့ များ ရ မလား,ဘဲ ဒါ ကိ ကြ ည့ လို့ မ) ၁ 1 ရ မ လ ၁ 1
တစ် စုံ,တစ် နံ
ခင်ဗျား ဒီ ရောဂါ ဖြစ် တာ ပထမ အကြိမ် လား,ခင်၀၀: S တောက်ါ ဖြစ တာ ပထပ ဘာကြမ် လား
ခင်ဗျား ရဲ့ အလုပ် သစ် ဘယ်လို လဲ,"oE်t95 li, zRR 2B z9R94 K"
ကျွန်တော် ကဖိန်းလျော့ ကော်ဖီ တစ် ခွက် လောက် လို ချင် ပါ တယ်,ကျွန်တော် ကထိန်းလော့ ကေ်အီ တစ် ခက လောဏ်က လို ခင် ပါ တယ်
နေ ရင်း ထိုင် ရင်း နဲ့ ပဲ ထူးခြား တဲ့ ကိစ္စ တွေ က ပေါ်လာ မှာ ပဲ,နေ ရင်း တိင် ရင်း နဲ့ ပ ထူးခြား တဲ့ ကိစ္စ တေ က စပါ့လာ ၂ှာ ပ
ကျွန်တော် နဲ့ ဓာတ်ပုံရိုက် လို့ ရ မလား,ကျွန်တော် ခဲ့ ဓာတ်ပုငဂို်က လို ဝ ပလား
မင်း ဘာ သောက် ပါ သလဲ,မင်- ဘာ သောဂ်  သလ
ဖက်စ် နံပါတ်,unP နuof
ကူညီ ပေး ပါရစေ,ကူညီ ခ ပ  ပါ ရ ဓ စ
ခင်ဗျား ဘာ အပေါ် မှာ စိတ်ဝင်စား ပါ သလဲ,ခင်ဗုား ဘာ အပေါ် မှာ စိတံဝင်စား ပါ သလဲ
ဟုတ်ကဲ့ ရှိ ပါ တယ်,ဟ၁က 1ပ' ယ'
ကျောင်းစာ မှာ လည်း အလွန် ကောင်း ပါ တယ်,GfRaEIR9 W 1ည5 TRfW Sf96E5 H R4
ခင်ဗျား အဲဒီ နေရာ ကို တန်း သွား ချင် လား,ခင်ဗုား ဘဲဒီ နနေရာ ကို တန်း သွား ခုင် လား
အဆင်သင့် ဖြစ် ရင် ကျွန်တော် တို့ သွား ကြ စို့,ဘဆင်သင် ဖြစ် ရင် ကျန်တော် တို သွာ- က စို
အဆစ် လွဲ သွား တာ ပါ,ဘဘပ် လဲ ယှး တ ပါ
ထို့နောက် ၁၉၃၈ တွင် လွတ်လပ် ရေး ရ ခဲ့ သည်,ထို့နောကံ ၁၉၃၈ တင် လှတဲလပ် ရေး ရ ခဲ့ သညံ
ဘာ လို့ မ ရ ရ မှာ လဲ,ဘာ လို့ မ ရ ရ မှာ လဲ
ဘယ်လောက် ကျ ပါ သလဲ,ဘယ် ဧ လ ၁ က ကှ ပါ သ လဲ
အဲဒီ ကျ တော့ သမီး လေ့လာ ကြည့် ပေါ့,အဲဒီ က တော့ သမီး လေ့လာ ကယ့ ပေါ့
ဒီ မှာ,ဒီ
တိဗက် နှင့် မြန်မာ နိုင်ငံ နယ်နိမိတ် အဖြစ် လည်း ပိုင်းခြား ထား သည်,တိဗကံ နှင့် ဖြန်မာ နိုင်င် နယ်နိမိတ် ဘဖြစံ လည်း ပိုင်းြား ထား သညံ
ခင်ဗျား ဘယ်လို ပေး မှာ လဲ,၁င်၃၇: ဘယ်လုံ ပေး၂မှာ လဲ
အဲဒီ အဆိုတော် က က ရင်း သီချင်းဆို နေ တယ်,ဘဲဒီ အဆိတော် က က ခင်း သီချင်းဆိ Eေ တယ်
ဆံပင်ညှပ်ဆိုင် ကို ပြောပြ နိုင် မလား,ခulခပ်ရG ကိ eမမ ဒီ ဖလ:
အချိန် ဘယ်လောက် ကြာ လဲ,ဘချန် ဘယလေက် ကြာ လဲ
လူ ဘယ်နှ ယောက် လဲ,လ ဘယ်ခ ယောက် လဲ
မြေပြင် တွင် နေ ကြ သော ငါး မျိုး များ လည်း ရှိ သေး သည်,၀၄ပ၆ တွပ် ဝန ( ၁၀ ငါး ယျိုး Gျး လည်း ရှိ ၀၁: သ၄်
ကျမ်းစာ ရေး တဲ့ အခါ ထပ်ဆင့် ရှင်းလင်းချက် တွေ အများကြီး ထည့် ရ မယ်,ကှမ်-စာ (ေ- တ အဒါ) ထပ်ဆင် ဂ၎င်-လင်:ဒက် တေ ဘO၇ ကြီး- ထည် ၈ ပယ်
အပျော် ကို ရင် မှာ ပိုက် ပြီး ပြန်လာ သည်,အပျော ကို ၎င် မှာ ပုက် ပြီး ပြန်လာ သည်
ခြ များ နှင့် ပုရွက်ဆိတ် များ ကို လည်း ကြိုက် နှစ်သက် ကြ သည်,I MH12 7fC W}R29R9 195 H4 11122 iR9 Hf2R9  22
အေး ကြိုက် သလောက် စား ကြ အလှ စား မ ဟုတ် ဘူး နော်,ဘေး ကြိုက် သလောက် စား ကြ အလှ ၈၁း မ ဟုတ် ဘုး ခောဲ
ထို ရာသီ တွင် သရဝဏ် နက္ခတ် နှင့် လမင်း တို့ ယှဉ်ပြိုင် ကာ မွန်းတည့် ၏,ထ့် ဂေသီ တင် သဒဝဏ နက္ခတ ခင့် Cပင်း တ့ ယှဉ်ပြုင် ကာ ပန်းတည ၏
သူ ဘယ် အချိန် ကျ မှ လာ မှာ လဲ,သ ဘယ် အဒ် က( ၂ လာ ၂ှာ လ
ဖျားနာကု ဆရာဝန်,ဖျားနာက ဆရာဝန်
ကိစ္စ တစ် ခု ကို လုပ် ဖို့ ဆုံးဖြတ် တဲ့ အခါ သတ္တိ ရှိ ဖို့ လို တယ်,ကိဥ္ပ တပ် ၃ ကို ဂပ် ဖို့ ဘုးပြတ တဲ့ ဘဒါ ညတီ ရိ ဖို့ လို တယ်
ဟို ဆိုဖာ ပေါ် မှာ ထိုင် စောင့် ပါ လား,ယိ ဘိုဖ ဝပါ လှာ ထတိုင် ဝတာင့် ပါ လး
လူ တွေ သည် ပြုပြင် လို့ ရ ၏,ry ထာ ဿ၄ယ် (င် လိ ၇ ၏
အမြန် လုပ် ပေး တဲ့ ဟာ ရွေး လိုက် ရ မလား,ဘာပြန် လပ် ပေး တဲ့ ဟာ ငွေး လိုက် ဝ ယလား
သူ့ ကို အရန် ခေါင်းဆောင် အဖြစ် ထွက် စေ သည်,"F, ီ f fhff Vf tf f T"
အဆင်ပြေ ပါ တယ် သူ တို့ တွေ က ကောင်း ကြ ပါ တယ်,t၏elမ ပံ 0V . တံ့ မ့ = မrf- ၈ မ V၈
ဘီ ကို သွား မယ့် ရထား အတွက် ဘယ် မှာ စောင့် ရ မလဲ,ဘီ ကို သား မယ့် ရထား ဘတက် ဘယ် မှာ တောင့် ရ မလ
ကောင်း ပြီ တာ့တာ,ကောင်း ပြီ တာ့ကာ
ငါ လည်း နင် လောက် အရပ် ရှည် ရင် ကောင်း မယ်,F K142 7စ် RR19RR T9R9 gလ FE Rf96E1 8lRD
ဒီ မှာ ပါ ၁၂၆ ဒေါ်လာ ကျ ပါ တယ်,ဒ ယာ ယ' ၁ ၂၆ ဒေါ်လာ က၊ ပါ တယ်
ခေါင်းကိုက် လား,။l:rff t
မျဉ်းကျား က နေ လမ်း မ ကူး ရင် အဖမ်းခံ ရ မယ်,လျ်:းကျား က ဝန လဝ်း ပဲ ကူး ရပ် ၁UC:ခဲ ၅ ယ်
တစ် ခု ထဲ ဝယ် လို့ ရ မလား,တစ် ၁ ထဲ ဝယ် လို ရ မလား
ကျွန်တော့် မှာ အထုပ်အပိုး တွေ ပါ တယ်,"ကွ န် စ တ ၁, ၂ ၁ ဘ ထု ပ အ ိ = ဗ တ ပါ တယ်"
ခင်ဗျား ရဲ့ လက်မှတ် ကြည့် ပါရစေ,llen- P mfid ff ဖd
အန္တရာယ် ရှိ တဲ့ ရေစီး တွေ များ ရှိ ပါ သလား,ဘာနတယ် ၄ှ တဲ့ တေဘ်း တေ့ ပုဂး: ငှ ပါ ဃလား
ဒါ အလွယ်တကူ ကူးစက် တတ် လား,ဒါ ဘလှယ်တကူ လူးOf တတ လး
ကလေး သူငယ်,ကလေး သူငယ်
တစ်ဟုန်ထိုး ပြေး မူ မိမိ အရပ် အလျား အပြန် လေးထောင် ခရီး ကို ပြေး နိုင် ၏,တစ်တန်ထိး ဝပြး ပ ဒိခိ ဘဝပ် ဒဘလျား ဘပြန် ဝလးဝထာင် ဒရီး ကို ဝပြး နိင် ဇ
မရူ လူမျိုး တို့ က ယင်း တို့ ကို နိုင်ဗောင်း ဟု ခေါ် ၏,၈ု၇ လ၈- တီ = လ၊ တ့ ဂီ ရKe. ဟ e ၏
ဒီ သတင်း ကို ကြား တဲ့ အချိန် ထိ ကျွန်တော် တို့ ဂနာမငြိမ် ဖြစ် နေ ခဲ့ တယ်,ဒီ သတင်း ကိံ ကြား တဲ့ တဒျ ထိ ကျှန်စတာ် တို့ ဂနာမြ၆် ဖြစ် စန ခဲ့ တယ်
ဝယ် ချင် တဲ့ ပစ္စည်း တွေ ရှိ တယ်,ဝယ် ခင် တဲ့ ပဒ္ွည်း တေ့ ဌှါ့ တယ်
ဪ ဟုတ် လား,R H R9 F1
အလုပ် အရ ပြင်သစ် ကို ခရီးသွား ဖူး တယ်,ဘလုပ် ဘ၈ ပြင်သစ် ကို ဒရီသွာ- (- တယ်
တရုတ် ပြည် အမျိုးသမီး ဘတ်စကတ်ဘော အသင်း ဟာ အာရှ ချန်ပီယံ အသင်း ဖြစ် ပါ တယ်,တဝတ် ပြည် ဘဆျိုးသစီး ဘတ်ဝကတ်ဝဘာ ဘသင်း င ၁၅ ဒန်ပိယဲ ဘသင်း ဖြစ် ပါ တယ်
အခွင့်အရေး ကောင်း လာ ပေမဲ့ မ ကြိုးစား ရင် ဘာ မှ အကျိုး မ ရှိ ဘူး,ဘခင့်ဘထေး ကောင်း လာ ယယမ့ ပ ကြံးစး ရင် ဘာ ( ဘကျုး မ န့် ဘူး
ကျွန်တော် ဒါ ကို မ မှာ ဘူး,ကန်တော် ၁. ကို ပ မှာ ဘူ
ကျွန်တော် တော့ ထူးဆန်းထွေလာ ကမ္ဘာ ထဲ ရောက် နေ သလို ခံစား ရ တယ်,ReR9 GH R1z5RRH71 Rg9 R GflaR E1 MR SR12 f R9
အကြွေး မ ဆပ် ဘဲ ရွှေ့ဆိုင်း ထား သည်,ဘကြေး ပ ဆပ် ဘ ဂွေဆိုင်: ထာ- သည်
အားနာ ပါ တယ် အဲဒါ အရမ်း ကြီး နေ တယ်,ဘားနာ ပါ တယ် ဘဲဒါ ဘရေ်း ငြံး နေ တယ်
ဘယ် တော့ လောက် အဲဒါ ကို ပြန်ရမလဲ,ဘယ် တာ့ လောက် ဘဒါ ကုံ ပြန်ရေလဲ
ဒီ မှာ အခွန် က ဘယ်လောက် လဲ,ဒီ  ဘခန် က ဘယ်လေက် လဲ
ထို ဂြိုဟ် ကို အနောက်တိုင်း နက္ခတ် ဆိုင်ရာ တွင် ဂျူပီတာ ဟု ခေါ် သည်,၏ီ ရိပ် ဂီ Hintတ- 4n ရီ၇ တူ် ဂ၊မီဗ ဟ Ff 7
နောက်ဆုံး ဘတ်စ်ကား ဘယ် အချိန် ထွက် မှာ လဲ,စ န ၁ ကိ ဆုံ  ဘ တီ စ် က ၁  ဘ ယ် ဘ ဒါိ န် ထွ က () ၁ လ
ဖက်ထုပ်,ဖက်ထုပ်
ထီး ပြင် သည်,ထီး ပြင် သည်
ဘယ် မြို့ တွေ ကို ခင်ဗျား သွား ခဲ့ လဲ,ဘယ် မြို့ တေ ကို င်ဗျား သား ခဲ့ လဲ
ရှူးဖိနပ် ကို ပြောင် နေ အောင် တိုက် လိုက် တော့ တလက်လက် အရောင် တောက် နေ တာ ပဲ,၅:၆ခပ် ကုံ ပြောင် ခေ့ အောင် တိုက် လိက် တော့ တလက်လက် အရောင် တောက် ခေ တာ ပဲ
ဒီ ကနေ့ လပြည့် နေ့ ပဲ ဗိုလ်ချုပ်ဈေး ပိတ် တယ်,ဒီ ကနေ့ တပည့် ဒေ့ C ဗိုက်ချုပ်ငဈေး ပဲက် တယ်
ကလေး က အခု ဂီတ သင်္ကေတ တွေ ဖတ် တတ် သွား ပြီ,ကဝလး က ၁၃ ဂီတ ၁ဝဏတ ဝတ ဖတ တတ် ယှး (၉
အလျူမီနမ် နှင့် မဂ္ဂနီဇီယမ် တို့ ကို လည်း လျှပ်စစ် ဖြင့် ဓာတ်ခွဲ နည်း ဖြင့် ထုတ်ယူ သည်,ဘလျူမီနမဲ နှင့် မဂ္ဂနီဇီယမ် တို့ ကို လည်း လှပ်စစံ ဖြင့် ဓာတံခဲ့ နည်း ဖြင့် ထုတဲယု သသံ
တခြား ဘာ ယူ ဦး မလဲ,တြ ၁ 1 ဘ ၁ ယု ဦ 1 မ လဲ
ကတ်သီးကတ်သတ် မ လုပ် ပါ နဲ့,nတZ2ီ-ndSd ဖ လုပ် ပ ခ
ပတ္တယား ကို သွား ဖို့ ဘယ်လောက် ပေး ရ လဲ,ယဘယား ကံ သား ပဲ့ ဘယ်လေက် Cေး ဆ
ဒီ နေ့ ကမ္ဘာ့ စံချိန်သစ် တင် ခဲ့ တယ်,ဒီ နေ့ ကဟှ့ စံခါန့်သစ် တင် ခဲ့ တယ်
ဗိုလ်ချုပ်ဈေး သွား မယ် ဆို ရင် ၃၀၀၀ ကျပ် ပါ,၈ိလဖ၂င်ခခေး သား ဖယ် ၏ိ ရင် ၃၁၀၁ ကင် ပါ
ဒီ လိပ်စာ ဆီ ကို ရောက် ချင် တယ်,ဒီ လိပ်စာ ဆီ ကို ရောကံ ခင် တယ်
တောင်တန်း တစ်လျှောက် ၌ လည်း တောင် ပေါ် ဖြတ် လူ သွား လမ်း များ ရှိ လေ သည်,ထောင်ဘန်း တစ်လောက ၌ လည်း ထောင် ပေါ် ပြတ လူ သား လမ်း မး န၄ လ သည
ခင်ဗျား လက် ရှ သွား ပြီ,ခင်ား Cဏ ၄ သား ပြ်
သူမ ဆရာမ လျို မ ဟုတ် ပါ,သူ မ ဆ ရ ၁ မ လှိ မ ဟု တီ ပါ
ဟယ် အဲဒီ လို ဆို နှစ်ဆန်းတစ်ရက်နေ့ က အင်္ဂါ နေ့ ပေါ့,ဣယ် ဘဲဒီ လို ဆို ဒှစ်ဆန်းကစ်ရက်ဇေ့ က ဘင်္ဂါ ဖေ့ Gေါ့
အများကြီး ကောင်း သွား ပြီ ကျေးဇူးတင် ပါ တယ်,အမပဒးင်္ကီး ကောင်း သား ငံ ကျေး၇းတင် ပါ တယ်
ဒီ ထဲ က ဝယ် ချင် တဲ့ အရာ ကို ရွေး ပါ,ဝီ တဲ က ဝယ် ချင် ဘဲ Rgp ကံ Sြး ပါ
ဆီ ကို ပုလင်း ထဲ ဖြည့် ရင် ကတော့ ကို သုံး ပါ,ဆိ ကိံ ပလင်: ထဲ ဖြည် ၎င် ကတော့ ကုံ ယုံး ပါ
ဟုတ်ကဲ့ ဧည့်ခန်း ပါ,R R9R) Rr22
ကျွန်တော် မှာ ထား တဲ့ မနက်စာ မ ရောက် လာ သေး ဘူး,ကန်တော် မှာ ထား တဲ့ မ နကံစာ မ ရောကံ လာ သေး ဘူး
ကျသင့် ငွေ ရှင်း ရ မယ့် အချိန် က ဘယ် အချိန် လဲ,ကသင့ ထ၄ ၎င်း ဧ ဟယ့ ဘချန် က ဘယ် ဘခိန် လဲ
သောက် စရာ က ရော ဒန်းနစ်,R fT f f hhf
ပင်နယ်ဆလင် ထိုး ပေး လိုက် မယ်,ပင်puပ်ထrvင် ထှိ C. .I7 Tu'
ဒါ က ကင်မရာ ရေ မ စို အောင် ထည့် တဲ့ ဟောင်းစင်း ပါ,၁ါ က ကင်မ၈၇ ဧေေ မ စို အောင် ထည် တ ဟောင်- စင်: O)
၁၉၃၅ တွင် ဆယ် တန်း အောင်မြင် ခဲ့ သည်,၉၃၅ တွပ် ဘယ် တန်း ဝဘင်ပပ် ခဲ့ သ၄်
ဟုတ်ကဲ့ ကျွန်တော် လုပ် နိုင် ပါ တယ်,ဟတက့ ကျန်တော လပ် ိုင် ပါ တယ်
သူ ရဲ့ စားသောက် ပုံ က အဖေ နဲ့ ဆင်တူ တယ်,a. Rl.R242IIR9 0 11 RRR Sု S6R R4
ပထမဆုံး တွေ့ တဲ့ နှစ် ယောက် သား အပြန်အလှန် နှုတ်ဆက် ခဲ့ ကြ တယ်,ပထမဆံး တေ့ တဲ့ ခစ် ယောက် သား အပြန်အလန့် ခတ်ဆက် ဒဲ့ က တယ်
နေသိပ်မကောင်း လို့ ပါ ခင်ဗျာ,ခုေသပ်ကောင်း လို့ ါ သ်ဗျာ
သူ့ ယောင်းမ ဆီ က သိ တာ,သူ ဝယာင်းဗ ထီ က သိ တ
ဒီ နေ့ ဘယ်နှ ရက် ဘယ်နှ လ လဲ ဘာ နေ့ လဲ,ဒီ နေ့ ဘယ်ခ ရက် ဘယ်န လ လဲ ဘာ နေ့ လဲ
ခင်ဗျား ရဲ့ အသုံးအဆောင် ပစ္စည်း တွေ က အခွန် ဆောင် စရာ မ လို ဘူး,"၁င်၁- 7i P2.Pဟဘာင် ပစ္စဌသ်""  . ၉န ထာင် ၁၄ d လ ဣ-"
မိုးရွာ လို့ ပစ်ကနစ် မ ထွက် နိုင် ဘူး,ဝိုးငွာ လို ပစ်ကခစ် မ ထွင် နိုင် ဘူး
ဒီ ဆိုင် ဘယ် အချိန် ပိတ် လဲ,ဒီ ဆိုင် ဘယ် ၁ချိန် ပိတ် လဲ
ဝိုး,ဝိုး
မနက်ဖြန် အပျော် ခရီးစဉ် အတွက် ဘွတ်ကင်လုပ် ချင် ပါ တယ်,မနက်ဖြန် ဇပော် ဒfးစဉ် အဘက် ဘွတ်ကင်လာ် ခင် ပါ ဘယ်
ဆေး ထုတ် လို့ ရ ပါ ပြီ,စ ဆ  ထု တံ လို့ ရ ပါ ပြီ
ဟုတ် တာ ပဲ အဲဒီ လူ ကို အရင် က မြင် ဖူး တာ ပဲ,ဟုတ် တာ ပ ဘဲဒီ လူ ကို ဘရင် က ပြင် ( တ ပဲ
သူ အတွေးအာရုံ များ ကို စုစည်း ပြီး စာကျက် တယ်,a. R1zRg 95 14 WBC2 (05 R4119 ဤ42
အိန္ဒိယ နိုင်ငံ တွင် ကာလကတ္တား ကိုလ်ကာတား ကို ယှဉ်ကြည့် ပါ,"F5.. Pင် ဘွင် -လာg: ဂိလ်ကတာ: "" C.E်၄သ် ပါ"
အစ်ကို နဲ့ ပါ,tAဂ န ပံ
တောင်ထိပ် ရောက် သော်,တောင်ထိပ် စောက် သော်
ဒီ မှာ စာရင်းသွင်း ထား တဲ့ လက်မှတ် နဲ့ စာသင်ကြားခ ပေး ထား တဲ့ ပြေစာ ပါ,ဒီ မာ စာရင်းသင်း ထား တဲ့ လက်မုတ် နဲ့ စာသင်ကြားဒ ပေး ထား တဲ့ ပြေစာ ပါ
နေရူး သည် ၁၉၄၇ တွင် အိန္ဒိယ ၏ ပထမဆုံး ဝန်ကြီးချုပ် ဖြစ် လာ ခဲ့ သည်,စေ၈s သည် ၁၉၄၇ တင် ဘီးစနှယ ၏ ပထဖဆံ။ ဝနကြီးချပ် ဖြစ် လာ ခဲ့ သည်
ဆောဟွီ က ကလေး နှစ် ယောက် ကို ပြုစုပျိုးထောင် ပေး ရ တဲ့ အိမ်ရှင်မ ဖြစ် ပါ တယ်,ဆေဟိ့ က ကလေး နှစ် ဟောင်္ ကိံ ပြုပုပါးထောင် ပေး ၄ တဲ့ ဘမ်၄ှင်ပ ဖြစ် ပါ တယ်
ဂေါတမ မြတ်စွာဘုရားသခင် လက်ထက် ၌ ပင် ဂျိန်း အယူဝါဒ ပေါ်ထွန်း ခဲ့ သည်,GlMG43 R0tTlRPiaR31272E 13R9R3R 15 17E HfS TR112 Et27S ခဲ့ 21r
ဓာတ်ပုံ ပါ တဲ့ အထောက်အထား တစ် ခု ခု များ ရှိ ပါ သလား,တဘင်၊ ပါ တဲ့ ဘထောကဘထား တစ် ၃ ခ ယျား နှိ ပါ သလား
လက်ထပ် ပြီး ပြီ လား,လဏသပ် ပြီး ပြ် လ.း
ခင်ဗျား လေယာဉ် စီး ရ တာ ပျော် လား,ခင်၀ား လေယာငဉ် တီး ၄ တာ ပျော် လား
စိတ် ထဲ မှာ တံဆိပ် တစ် ခု ခု များ ရှိ ပါ သလား,စိဘ ထ . တံဆိပ် တစ် ခ  များ န၄ ပါ သလား
အမေ တွေ က ကလေးမွေး ပြီး ရင် ရင်သား လှ လာ တယ်,ဘဝပ ဝတ က က၁လးg: (ြး ရပ် ရပ်ထး လှ လ တယ်
ဒီ အောက် မှာ ဘာ ရှိ လဲ,ဒါ ထာnf3 - P.r
ခင်ဗျား ကျွန်တော့် ကို ပို တောင်း တယ် လို့ ကျွန်တော် ထင် တယ်,ခင်၀၇- ကှန်တော့်် ကို ပို တောင်- တယ် လို ကျွှန်တော် ထင် တယ်
လေယာဉ် ပေါ် မှာ အခွန်လွတ် ပစ္စည်း တွေ ရောင်း သလား,လေယာဉ် ပေါ်(မှာ ဘခန်လတ် ပစ္စည်း တေ s၇င်း သလား
ကယ် ကြ ပါ,ကယ် ကြ ပါ
မိဘ မျက်နှာငယ် စေ မယ့် ကိစ္စ ရှောင် ကို ရှောင် ရ မယ်,မိံဘ မက်နာငယ် စေ မယံ့ ကိစူ ရောင် ကိ ရောင် ရ မယ်
မနက် က နာရီ နှိုးစက်သံ ကြား ပေမယ့် မ ထ နိုင် ခဲ့ ဘူး,ပနက် က နာရီ နိီးဝက်သံ Gး oueယ် ဗ ထ နိုင် ခဲ ဘူး
ပထမဆုံး ရထား ဘယ် အချိန် ထွက် လဲ,ပထဖဆုံး ဝထား တယ် ဘခုံ် ထွဏ် လဲ
ကောင်း တယ်,ဝကင်း တယ်
ဒီ ကား ပန်းခြံ ရောက် လား,ဒီ ကား ပန်းခြံ တောက် လား
ဒါ တွေ က အသစ်ဆုံး ပုံစံ များ ပါ,"F R0 P hff Vf "" မ"
ဒီ နေ့ က ကျွန်တော် တို့ ကုမ္ပဏီ နှစ် နှစ်ဆယ် ပြည့် ပါ,"ဒီ ငေ, က ကျ(န်တော် တို ကုမ္လီ ခှစ် နှစ်သယ် ပြည် ပါ"
ကျွန်တော် တို့ တက္ကစီ ခေါ် လိုက် ရင် ပို ကောင်း မယ်,ကျှန်ဝတ တဲ့ တတ္ဒီ ဝဒါ လိုက ရပ် ပဲ ဝကင်း ပယ်
ဘာ သောက် ချင် ပါ သလဲ,တာ သောင်ကက ခုင် ပါ' ယလဲ
ယူရေးနပ်စ် သည် ဂျီယာ အမည် ရှိ သော ကမ္ဘာမြေကြီး နတ်သမီး ၏ လင် ယောက်ျား ဖြစ် သည်,"ယငေးခပ်စ် ဃည ""ါယာ ၁ာပည် ၄ှိ သော ကမ္ာပြေတီး နတ်ဿဖါး ၏ လင် ယောက်ဂား ဖြစ် ဃည်"
ထို အမျိုးသမီး ၏ ပခုံး ကို ခပ်သာသာ ပုတ် လိုက် သည်,ထ့ ဘပါုးသမ်း ၏ ယင်ံး ကံ ဒပ်သာသာ .တ လိံ့်က သည်
အင်္ကျီ ဝတ် လျက် ကြီး နဲ့ ရေ ထဲ ခုန်ချ သွား တယ်,ဘ်ီျ၊ တ လက် ဩြီး ခဲ့ Gေ ထ ခန့ခ သား တယ်
ခင်ဗျား နဲ့ အတူ အခန်း သော့ ရှိ လား,of်R92 S MRR TR21 R2.y W f1T11
ကျွန်တော် တို့ ဆီ မှာ ဒီ ညနေ အတွက် ပြည့် ပါ ပြီ,ကှန်တော် တို ဆီ မှာ ဒီ ညနေ ဘတက ပြည့် ပါ ပြ်
မျက်နှာ မှာ ချွေး တွေ ဆို တာ မြင် မ ကောင်း ဘူး,ပုံ၊ကn ၂- ထွ.- ထ Sှ တ င် d တာင်: ဘူ-
ချေးတွန်း ခါးပတ်ပြား,စ ၃ 1တ န်  ခါး ပ တပြ ၁ 1
ကူညီ ရာ လမ်း မ ရှိ ဖြစ် သည်,ကူညီ တာ လမ်း မ နှိ ဖြစ် သည်
ကျန် အနည်းစု သည် အခြား သော အစ္စလာမ် ဘာသာ ခွဲ များ တွင် ပါဝင် ကြ သည်,ကျန် ဘနဲင်းဝု ထ် ဘဋး ၀Dာ ဘ၃rd DC Sွ Gp: တွပ် ပါဝင် ( ၄လ်
အရက် ဖြတ် ပါ,ဘ ရ က ပြ တ ပါ
လက်ရှိ လူဦးရေ စစ်တမ်း မှာ ခန့်မှန်းခြေ မျှ သာ ဖြစ် သည်,လက်ရှိ လူဦးဝေ စစ်တမ်း မှာ ခန့်မန်းြေ ပျှ သာ ဖြစ် သည်
ကျွန်တော့် ယာဉ်မောင်း လိုင်စင် ဆို ရင် အဆင်ပြေ မလား,ReR K1104H3F1 1EBE်  RE azE80 R1RN711
မှာ ရပ် ပေး လား,မှာ ဝပ် ပေး လား
နောက် နေ တာ မလား,စ  ၁ က စ ၁ တ ၁ မ လ ၁ 1
တစ်ပတ် လုံး ငှား လို့ ရ မ လား,တစ်ပတ် လံး Cး လို တ စ လး
ကျွန်တော် တို့ ဆီ မှာ လာ့ခ် ပုံမှန် နဲ့ အပျော့ ပဲ ရှိ ပါ တယ် ဆရာ,ကျွန်တော် တို့ ီ မှ၁ လာ့ဒဲ ပှန် နဲ့ သယော့ ပဲ ဌါ့ ါ တယ် ဆတာ
ဪ ဟုတ် လား ဘယ် က လူကြုံ ရှိ လဲ,ဩာ. တ် ထ.- -ယ - လှC) P.rC
တစ် ည ဒေါ်လာ ၆၀ဝ,တင် C/ ထါ Doo
‌ကျေးဇူး အရမ်း တင် ပါ တယ် ဆရာ,fn If B1 ဖီ BF ff
ဘွဲ့ ရ တဲ့ အစ်မ ကို ပန်းစည်း လက်ဆောင် ပေး တယ်,၇ဲ့  ၏ Hhe ဂီ မfRP tnfelh Kv PP
လုပ်ငန်း သုံး ကား သေး တစ် စီး လို ချင် လို့ ပါ,လု ပ် င န်  သ့ 1 က ၁ : စ သ  တ စ် စီ  လို ၁ င် လို့ ပါ
နေပြည်တော် ကို ဘယ် တော့ သွား မှာ လဲ,နေပြည်တော် ကို ဘယ် တော သာ- မာ လဲ
ခင်ဗျား က တမင်တကာ ရည်ရွယ် တာ မှ မ ဟုတ် ဘဲ,ခင်၀၇- က တမင်တကာ ရည်ရုယ် တာ မ မ ဟုတ် ဘ
အဲဒီ နေရာ ကို ရောက် အောင် ဘယ်လို သွား ရ မလဲ,အဲဒီ ခေရာ ကို စောက် အောင် ဘယ်လိ သား ၈ မလဲ
အဝတ်အစား ပါဆယ်ထုပ် ကို လေယာဉ် နဲ့ ပို့ လိုက် တယ်,ဘဝတ်ဘစား ပါဆယ်ထင် ကို ဧလယာင် နဲ့ (ု့ လိုက် တယ်
မစ္စတာ ဘရောင်း ရှိ ပါ သလား,lRR7P1 eRE21 W() I3 21R1711
ဘယ်မှာ တည်း မလဲ,ဘယ်မှာ တည်း မလ
အခု ချက်ချင်း အခန်း ထဲ ကို လူ တစ် ယောက် လွှတ် ပေး နိုင် မလား,"Fhy ar""ခင်: h2: ထဲ "" -yှ ဏ် Cn .် C.. Pင drn-"
ဆေး ဆိုင် မှာ ဝယ် သုံး ပါ,R2 ိင် M1 R3R သိုး II
ပစ္စည်း အများကြီး ထည့် လို့ အိတ် က အရမ်း လေး တယ်,ပဋ္ဌယ် P0n:ဤ ထှာယ် လှိ PS - 1-pမ G/- ၁ယ'
တစ် ခု နှင့် တစ် ခု ဆက်စပ် မှု အထူး ရှိ နေ ပေ သည်,တစ် ၃ ၅င၄် ဘစ် ဒ ဆက်စ် ၂ှ mထ1၅ ၈န ပေ သည်
အသွား အပြန် လက်မှတ် တစ် စောင်,ဘယား ဘပြန် လဏပှတ် တစ် တောင်
ရွက်လွှဲ ထွက် သည်,RR4 R419 2
ငါးယောက်စာ စားပွဲ တစ် ဝိုင်း ကြိုတင် မှာ ပေး ပါ,ငါးယောက်စာ ၈၁:၂) တစ် ဝိုင်း ကို၊တင် မှ၁ ပေး ပါ
ဘာ ကြောင့် လဲ ရ တာ ပေါ့,တာ ကြောင့် လဲ ဝ တာ ပေါ်
ခင်ဗျား ရော,oE်R95 Gf9
ခြေထောက် သံ စူး သည်,"လွတော"" 2 ၃- ဪ၄်"
စာအုပ် တွေ ကို အက္ခရာစဉ် အလိုက် အမျိုးအစား ခွဲခြား ထား တယ်,စာဘုပ် ငွေ ကို ဘက္ခရာစဉ် ဘလိုက် ဘမျိုးဘစား ခွဲခြား ထား တယ်
‌ကျောင်းသား တွေ အတွက် လျှော့ဈေး ရှိ လား,ကောင်းသား တေ ဘတကံ လေှော့ဗေး ရှိ လား
ဘာ မှာ ချင် လဲ,က   လဲ
နောက်ထပ် အခွင့်အရေး က ရှိ လာ မှာ မို့ လို့ လက်မလျှော့ ပါ နဲ့,ဒောက်ထပ် ဘွင့်ဘဝေး က ရှိ လာ မှာ မို လို့ လက်မလျှော့ ငါ ခဲ့
ကျွန်တော် ငွေ အရွက် သေး တွေ ရ မလား,ကန်တော် ငေ ဘရွက် သေ တေ ၈ ပလာ:
အထက် သို့ မိမိ အရပ် အလျား အပြန် တစ်ရာနှစ်ဆယ့်ငါး ပြန် ခုန် တက် နိုင် သည်,"taP 7ဲ, 88 %ု၆ tm- e4 P8၇4fReb မစ် နစ P ရပ 74"
များသောအားဖြင့် အရပ်အမောင်း ကောင်း ၍ သန်စွမ်း ကြံ့ခိုင် ကြ သည်,ursသောဏဘားဖြင့် အရပ်ဗမောင်း ကောင်း ၅) သန၉၆်း ကြို် ကြ သည်
မြောင်းမြ မြို့ သည် မြောင်းမြ ခရိုင် ၏ မြို့ အကြီးဆုံး ဖြစ် သည်,ပြောင်းမြ မြို့ သည် ပြောင်းမြ ဝရိုင် ၏ မြို့ ဘက်းဆုံး ဖြစ် သည်
စား ပြီး ရင်း စား ချင် ရင်း ပဲ,စား (ပြီး ၎င်း စား ချင် ၎င်း ပဲ
သို့သော် လူရိုင်း များ ကို အောင်ဆန်း မြင် ပုံ မှာ စိတ်ကူးယဉ်ဆန် ၏,"၁)ါဘာ် လျyင်: S=: ""ိ ဟာင်အ်: ဌင် V S BofmCu2အှ ၏"
အင်္ဂလိပ် ဘာသာပြန် ကိုရီးယား ဂန္တဝင် ဝတ္တု ရှိ ပါ သလား,ဘင်္ဂလိပ် ဘာသာပြန် ကိုရီးယာ- ဂနဲ့ဝင် ဝ၀တ) ရှိ C. သလာ:
ကျွန်တော် သူငယ်ချင်း က စိတ်နှလုံးသား နွေးထွေး တဲ့ သူ ပါ,ကျန်ကော် သူငယ်ချင်း က စိက်နှလုံးသား ဇဒေးထထေး ကဲ့ သူ Cါ
ခင်ဗျား တို့ ကုန်ပစ္စည်း တွေ က ဘာ အားသာချက် တွေ ရှိ သလဲ,ဝင်ဗျား တို့ ကုန်(စ္ဌည်း တွေ က ဘာ ဘားသာချက် ဣွေ ရှိ သလဲ
သင်္ဘော ပေါ် မှ အထွက်,သင်္ဘော ပေါ် မှ ဘထွက်
သူမ က သီချင်း အဆို ကောင်း တယ် ဂီတ လည်း တီး တတ် တယ်,သူဖ . သိဒင်: 1-1 ကောင် ဘC'.၁- .2- ထ တof ဘယ'
ခင်ဗျား တို့ အတန်း ထဲ မှာ ကျောင်းသား ဘယ်လောက် ရှိ လဲ,ခင်ဗျား တို့ ဘကန်း ထဲ မှာ ကျောင်းသား ဘယ်တောက် ရှိ လ
ရုံး ကို စောစော တက် ပြီး နောက်ကျ မှ ရုံးဆင်း တယ်,ခုံး ကု ဆောဆော တဏ ပြီး ထောက်ကျ ၂ ငုံးဆင်း တယ်
ကျွန်တော့် မှာ ပိုက်ဆံ အလုံအလောက် မ ပါ ဘူး,"ကွ န် စ တ ၁, ၂ှ ၁ ပိ က ဆံ  လုံ ဘ စ လ ၁ က မ ပါ ဘု"
အဲဒီ သူငယ်ချင်း က ဘယ် သွား သလဲ ဆို တာ မ သိ ပါ ဘူး,"+52ငယ.ဒင်: - ဘယ သွာ- SrC"" .ထ တာ ဖ 2ပါ ဘ-"
ဈေး သွား တယ်,ထေး သား တယ
ဂျယ်ဂျူ ကျွန်း သို့ လေယာဉ် ခရီးစဉ် ဘယ် အချိန် ရှိ သလဲ,ကျယ်ကျူ ကျန်း သိ့ လယာဉ် နီးထဉ် ဘယ် ဘချန် ၌ သလဲ
ဘယ်လို တေးဂီတ မျိုး ကို အကြိုက်ဆုံး လဲ,ဘယ်လို တေး်ီတ မါ့(: ကို အကြုက်ဆုံး လဲ
၄ : ၃၀ အိပ်ရာထ တယ်,၀   ဝ ဘိ ပ ရ ၁ ထ တယ်
ဒီ မှာ ပြန်အမ်းငွေ ၁၅ ဒေါ်လာ ပါ,ဒ ယာ ပြန်ဘပ်းငေ ၁၈ ခော်လာ ပါ
၁၉၇၈ ခုနှစ် ၌ အိမ်ထောင်စု အလိုက် တာဝန်ခံ သည့် ကန်ထရိုက် စနစ် ကို ကျင့်သုံး ခဲ့ သည်,၁၉- ၄နှစ် ၌ အိပဲထောင်စု သလိုက် တာဝန်၁ံ သည့် ကန်ထငိုက် စနစ် ကို ကျင့်သုံး ခဲ့ သည်
မနက်ဖြန် မှ ရောက် မယ်,ဖနက်ဖြန် မှ ဒရာက ဖယ်
အသက်ကြီး လာ လို့ မျက်စိမှုန် လာ ပြီး စာအုပ် တောင် မ ဖတ် နိုင် တော့ ဘူး,H-2rဪ. r- လိ ခုံ-ကု5 -- (' P1G ထာင် ၁ ပတ် ဒင် ထာ ဘူ-
ချွေးတလုံးလုံး နဲ့ အလုပ် လုပ် နေ တယ်,Q၉ျ:Qcု:cု: နဲ့ ဘုပ လပ ၁န ယ်
အချင်းချင်း မျက်နှာချင်းဆိုင် တွေ့ သည်,ဘာခင်းခင်း: ယု)ဏကနှာခင်းဆိုင် တေ့ ဃည်
ရ မှာ ပါ,ဌ ၅ ါ
စနစ်တကျ အားကစား လုပ် တာ က အရေးကြီး ပါ တယ်,စနငစ်တကျ ၁ားကတား လုပ် တ က ဘဝ၈းကြီး ပါ တယ်
လေယာဉ် ပေါ် တက် တော့ မှာ လား,"လ ယ ၁ ဥ ခ ပါ' တက် စ တ ၁, မ ၁ လ ၁ 1"
ကျွန်တော် နို့ မ ပါ တဲ့ ကော်ဖီ ကြမ်း လို ချင် ပါ တယ်,ကျန်ကော် နို့ မ ငါ ကဲ့ ကော်ဂီ ကြမ်း လို ချင် ငါ တယ်
ချီကာဂို ရောက် တဲ့ ပလက်ဖေါင်း ဟုတ် ပါ သလား,ခီ က ၁  ၈ ရ ၁ က တံ့ ပ လ က ခ ပါ င် 1 ဟု တ ပါ သ လ ၁ 1
ဘေး ကို လှိုင်းတွန့် လုပ် ပေး ပါ,စ ဘ = ကိ လှို င် 1တ န့် လု ပ စ ပ  ပါ
အဆင်မပြေ တဲ့ ဖောက်သည် တွေ ရဲ့ အဆိုပြုချက် အရ ပစ္စည်း အသစ် ထုတ် ခဲ့ တယ်,H-ဆငသ2ေ ဘဲ 72၄2 ထာ P P41Gar P) uဋ္ဌဋယ်: P25 ထ၁ ဒဲ Co'
သူ့ ရဲ့ မေးခွန်း တွေ ကို စာအုပ် ရဲ့ နေရာ လွတ် မှာ ရေးမှတ် ထား တယ်,သူ့ ငဲ့ ပေးခန်: ၀ွေ ကို စာဘုပ် ရဲ့ ပေရာ လှတ် မှာ ၀ေးမှက် ထား ကယ်
အိတ် က ဘယ်လို ပုံစံ လဲ,ဘိတ က ဘယလဲ့ ့်စီ်
စည်းလုံး ခြင်း ဟာ အင်အား ဆို တာ ခင်ဗျား သိ သင့် တယ်,F၄-ry- ၂င်: Cက Pလာ- ဘှိ ဘာ -င်a-- S သင့် တယ'
ခင်ဗျား က က ကျွန်တော် တို့ ရဲ့ လမ်းညွှန် လား,ခင်ပား က က ကျန်တော် တ့ ခဲ့ လမ်းသြှန် လား
ကျွန်တော် သမုဒ္ဒရာ မြင်ကွင်း မြင် ချင် ပါ တယ်,"nft"" Tti Vn- V hf V Bf"
အထဲ ဝင် ပါ,အ ထဲ ဝ င် ပါ
ကျွန်တော့် မှာ တာဝန် မ ရှိ ဘူး,ကျွန်တော့ ပာ တာဝန် ယ ၅ှ ဘူး
ဘယ် တော့ ပြီး မှာ လဲ,ဘယပ် ဣာ ၂ ၂ လ'
သူ မွန်းတည့် ၁၂ နာရီ ခွဲ ထွက်သွား တယ်,"သု ၉-၁- ၁) PP ၉ ထွnSာ- Pu"""
ဝင်ရိုး မှာ အက်ရာ ရှိ လား,ဝင်ရိုး မှာ ဘက်တ ရှိ လး
ရှိ ပါ တယ်,ငှိ ပါ တယ်
မ ဆာ ဘူး ကျွန်တော် မော လိုက် တာ နောက်ပြီးတော့ ရေ ဆာ တယ်,မ ဆာ ဘူ ကှန်တော် ဗော လိုက် တာ နောက်ပြီးတော စေ သာ တယ်
ကျွန်တော် တို့ နိုင်ငံ က လက်ယာ ကပ် မောင်း ပါ,ကျွန်('် တီ့ ဒ = tfမ ပG er၊ ပံ
ရက် စေ့ ရင် ထပ် ပြီး ဆက် ငှား လို့ ရ ပါ သလား,တင်္ ပေ့ ၎င် ထပ် ပြး ဆက တး လိုံ ၄ ပါ ဃလား
လမ်းညွှန် ဆိုင်းဘုတ် က '' ဦးစားပေး ပါ '' လို့ ပြော တာ,"လမ်းညှန် ဆိုင်းဘုတ် က "" ' ဦးစား၀ေး ငါ  ' လို့ ပြာ ကာ"
ကျွန်တော် တို့ အလည် ခရီးစဉ် မှာ စီစဉ် ထား တဲ့ အတိုင်း ရေ သွား ကူး ရအောင်,"ကဪ တို P-r.2"" -PS21၂ P+ဥ ထာ- ဘဲ Pဘိုင်: . သ- ကူ- ၇ဏောင်"
အဲဒါ တွေ က ခင်ဗျား ကို အခွန် လွတ် ခွင့်ပြု တာ ထက် ပို နေ တယ်,ဘဲဒါ လေ က ခင်ဗျား ကို ဘခန် လှတ် ခင့်ပြ၊ တာ ထက် ပါ့ ၀န ကယ်
ငါ က တော့ ငါ့နည်းငါ့ဟန် နဲ့ အလုပ် လုပ် မှာ ပဲ,f n  fe(ပန် န့ nရုပ် လုပ်  ပ
သူ ရဲ့ မျက်နှာ က သိပ် မ ချော ပေ မယ့် သဘော အရမ်း ကောင်း တယ်,သ၄၆) ဖကနှာ က သဒ် ဖ ၈a၇ ပေ ဖယ့် သဘော အရ်4 ကကောင်း တယ်
ဒီ ပလ္လင်တော် ကို ကျွန်း သစ်သား နဲ့ ဆောက်လုပ် တာ လား,ဒီ C-လွှင်ကော် ကို ကျွန်း သစ်သား နဲ့ ဆောက်လုပ် တာ လား
အပေါ် က ပြုတ်ကျ ပါ တယ်,ဘာပေါ် က ပြုတ်က ပါ တယ်
ကျွန်တော့် ရဲ့ ခရီးဆောင် အိတ် ကို ရှာ လို့ မ တွေ့ ဘူး,ကွဪာ် P၇ -P.ဘောင် 1၁f ကိ ၅ လိ ဟ တဘ့ ဘ-
နက္ခတ္တဗေဒ ပညာ တွင် မျိုးကွဲ ပေါင်း မြောက်မြား စွာ ရှိ သည်,နကွေတတဝ၀၁ U တွပ် (ိုးကွဲ ဝပါင်: oCfC: ွ- ရှိ ၀၄်
ဒေါ်လာ ၄၅၀ ရ မလား,ဒေါ်လာ ၄၅၀ ရ မလား
အားလပ်ရက် မို့ လို့ ရုပ်ရှင်ရုံ မှာ လူ များ နေ မှာ,ဘားလပ်ရက် မို လို့ ရပ်ရှင်ရုံ မှာ လူ များ Xေ မှာ
ပြောင်းဖူး စား သည်,စြာင်i ဘး သည်
ခင်ဗျား ဖုန်းနံပါတ် လေး တဆိတ်လောက် ပေး ပါ,၁င်၁၇- mf-2f r- C-aအoterp7 ယ.: ပ
မင်း ဝယ် တာ ဈေးကြီး တယ်,မင်း ဝယ် တာ စဈေးကြီး တယ်
တစ် ရက် ထဲ ပါ,တစ် ရက် ထဲ ပါ
ဘာ လို့ ရေနွေး မ ရှိ တာ လဲ,ဤ Nု) ele2  f( R91 10)
တင်းနစ် က တော့ မာရီအာ က ဝဲအီ လောက် မ ကျွမ်း ဘူး,of4 = စဟ ဂိဂ = Jီ tnP ဗ လf ဘ
ဒီ ဟာ ကို ၄ နာရီ ခြား သောက် ပါ,ဒါ RP91 1 G -a l15 G2lR
မုတ်ဆိတ်မွေး ရိတ် မလား,ယုတ်ဆိတ်မေ့း ငိုတ် ယလား
ကျွန်တော် ခင်ဗျား ကို ဆေးထိုး ပြီး သောက်ဆေး တချို့ ပေး လိုက် မယ်,ကျွန်တော် ခင်ကျား ကိုံ ဆေးထိုး ပြး သောငကကဆေး တချံး ပေး လိုက ယယ်
ရ ပါ တယ်,ရ ပါ တယ်
​တောင်းပန် ပါ တယ် ကျွန်တော် ခင်ဗျား ကို နားလည် မှု လွဲ သွား တာ ဖြစ် မယ်,ကောင်းပန် ငါ တယ် ကျန်ကော် ခင်ဗျား ကိံ့ နားလည် မု လှဲ သား တာ ဖြစ် မယ်
ဒါ ပေါ့ စောင့် ရ မှာ ပေါ့,ဒါ ပေါ့ ထောင့် စ ဗာ ယေါ့
ကြုံးဆန်းလင် ကို သွား ရင် လမ်း ပေါ် မှာ အချိန် ဘယ်လောက် ကြာ မလဲ,ကြံးဆန်းလင် ကို သွား ရင် လမ်: ဝေါ် မှာ ဘချိန် ဘယ်လောက် ကာ မလဲ
မှား နေ သော နေရာ ကို ပြင် သည်,"၂-  လာ တ၇ "" ပင် သှ်"
ဆေးရုံ က ဆင်း ရင် ဖုန်းဆက် ခေါ် နော်,Rz1 RT RE2 e W2zR 4 R
အထူး ရထား နံပါတ် ၁၂၂ အချိန် အတိအကျ ရောက် မှာ လား,ဘထူး ရထား ခုံပါက် ၁၂၂၊ ဘချိန် ဘက်ဘကျ တောက် မှာ လား
သူ မြို့ တက် ပြီး ပစ္စည်း သွား ဝယ် တယ်,သူ မြို့ ကက် ပြီး (.စဋည်း သွား ငfယ် တယ်
အရမ်း လှ တော့ မ စား ရက် ဘူး,အရမ်း လှ တော့ မ စား ရက် ဘုး
ဘယ်လို ပဲ ပို တွက် တွက် လူ ၁၀၀ တော့ မ ရှိ လောက် ပါ ဘူး,ဘယ်လိ ပဲ ပု တက် တက် လူ ၁၀၀ တော့ မ ဓှိ လောကံ ပါ ဘူး
ကျွန်တော် တို့ အခွန်ဆောင် ပြီး ပြီ,ကျွန်ဝတ တိ့ ဘဒွန်ဝဘာင် ပြီး (၉
အင်္ဂလန် မှာ ဆောင်းရာသီ က ဘယ်လောက် ကြာ လဲ,အင်္ဂလန် မှ၁ ဆောင်းင၁သီ က ဘယ်လောက် ကြာ လဲ
လူကြိုက်များ ပြီး လက်ဆတ် တဲ့ အသီး မျိုး ပေါ့,လူကြုက်ယား ငြီး လဏဆတဘ တဲ့ ဘသီး ပါ့ုး ငေ့
ဖုန်း လက်ခံ သူ က ငွေ ရှင်း ရ တဲ့ စနစ် နဲ့ ခေါ် ချင် လို့ ပါ,ပန်း Cက်္ သ က  ၎ှင်း ခ တ့ ထနစ် ခဲ့ ထခါ ချင် လိဲ့ ပါ
ပေကျင်း အော်ပရာ သည် ပေကျင်း ဒေသခံ ဇာတ်ပွဲ မ ဟုတ် ပေ ဘူး လား,Gကျင်: ဘော်ဒရာ သည် Gေ-ကျင်း G3ဿS တာတက်ပ) မ (က် G. ဘူး လား
ခင်ဗျား အလုပ် တာဝန် တွေ ကို ကျွန်တော့် ခေါင်း ပေါ် ပုံမချ ပါ နဲ့,၁င်၁- PryC ၀န ဟာ ဂိ ကဣ)ဪ ထါင်: ' UR၃)  2
ယာဉ်မောင်း ဆီ မှာ လက်မှတ် ဝယ် ပါရစေ,ယာဉ်ဟောင်း ဆိ ဟာ လင်္ကပတ် ပယ် ပါဝသေ
သူမ ဟာ အင်တာဗျူး မှာ အဖြေ မ တတ် လို့ ကျ ခဲ့ ရ တယ်,"သူd C Pင်Dmoy: ၂ 12u S Cf ""] .ကျ) 2 ၇ Cu၀"""
မြင်း သည် အချိုးအစားကျ သော တိရစ္ဆာန် ဖြစ် သည်,lြE- C 1lW2RR211 429 MiRR4 09 2.
ဒီ နေရာ က ထုံ နေ လား,ဒီ နေရာ က ထုံ နေ လား
ကောင်း ပြီ ဒါ ဆို သွား ကြ တာ ပေါ့,ကေင်း ပြ ဒါ ဆိံ ဃား က တာ ပေါ)
ဘောလ်တီမိုး ကို ၉ နာရီ ခွဲ တိုက်ရိုက် ရထား မှာ ပထမတန်း နှစ် စောင် ပေး ပါ,ဘဘာလဘီ္မိံး ကံ ၇ .ာမီ ) တကမိုက ခထား ၂ာ ယထမတန်း ခှစ် ထောင် ထယး ပါ
စျေး သွား ပြီး စား စရာ ဝယ် ခဲ့ တယ်,၀ဗ: ယှး ပြီး ဘ ၀၈ ပယ ခဲ့ တယ်
ဒါ ကို ကိုယ့် ဘာသာ သယ် တာ ပို ကောင်း လိမ့် မယ်,ဒါ ကိ ကိုယ့် ဘာသာ သယ် တာ ငါ ကောင်း လိမ့် မယ်
ကျွန်တော် တို့ ည ၁၀ နာရီ နယူးယောက် ကို ရောက် လိမ့် မယ်,ကျန်ကော် ကို့ ည ၁၀ နာရီ နယူးယယောငက် ကို တောက် လိမ် မယ်
လက်မှတ် ယူ ရအောင်,RR H ReR4E
သိ ပါ ပြီ,သိ ပါ ပြီ
ငါ သည် ရေငတ် သောအခါ သင် တို့ သည် သောက် ဖို့ ပေး ကြ ၏,ငါ သည် ဝေငတ် သောဘခါ သင် ကို့ သည် သောက် ဖိ့ ပေး ကြ ၏
အခကြေးငွေ က ဘယ်လောက် လဲ,ဘ၁oCြ:၀၄ က ဘယ်ဝဏဏက လဲ
‌ရှေ့ ထောင့်ချိုး ကျ ရင် ဘယ်ဘက် ကွေ့ ပါ လား,ဝှေ့ ထောင့်ခံး ကု ၎င် တယ်တ်္ ကေ့ ပါ လား
ဆရာ ဂင်မ် အိမ်ထောင်ပြု တော့ မယ် ဆို,ဆရာ ဂင်မဲ အမဲထောင်ပြု တော့ မယ် ဆို
ခင်ဗျား ဘာ လို့ ကနေဒါ ကို သွား ချင် တာ လဲ,၁ငoျ: ၁ လို့ ကဝနဒါ ကိ သှး ဒုင် တ လဲ
ဒီ လမ်း က ပို သက်သာ လို့ ပါ,ဒီ လမံး က ( သက်သာ လိံ့ ပါ
သို့ဖြင့် သပိတ်မှောက် ရန် ဆုံးဖြတ် ကြ ပါ တော့ သည်,2၂င့် 2ohထr 7 C-Uတ (ဤ ပါ ထာ ဿဿ်
ကျွန်တော် တို့ အောက် ဆင်း ဖို့ အချိန် ရှိ လား,ကန်တော် တို့ ဘောက် ဆင်း ဖို ဘဒါန် ဓှိ လား
ဘယ် သီချင်း အမျိုးအစား ကို ပို ပြီး နှစ်သက် ပါ သလဲ,ဘင် သိချင်း ဘချိုးဘစား ကိ ပိ ပြီး နှစ်သက် ပါ သလဲ
ဒီ က တည့်တည့် သွား တယ်,ဒီ က တည့်တည့် သွား တယ်
အောက် ဘက် လောက် မှာ ပင်လယ် ကို တွေ့ ရ တယ်,ဘောင်က တက်္ လောက ပမာ ပင်လယ် ကုံ တေ့ ဝ တယ်
ဘယ်လို,ဘ ယ် လို
ဟုတ် တာ ပေါ့,ဟတf တာ ငါ
ခင်ဗျား ရဲ့ ကုလားထိုင် ကို စားပွဲ နဲ့ နီး အောင် ရွှေ့ ပေး နိုင် မလား,"ilwr: ု nုnr-းရီ"" ဂီ P:yု ခ နီ Gn ဟူ့ sမ: ဇီ ၈t၊"
လေယာဉ်ခ ဘယ်လောက် လောက် ကျ ပါ သလဲ,eCဟpS -ယ=pn+ Crpn+ py ပါ Cr'
ဒီ တစ် ခု က ရော,ဒီ တစ် ခု က ရော
သတို့သမီး အရန် လုပ် သည်,သ တို့သ မီ  ဘ ရ န် လှ ပ သည်
အရင်ဆုံး အပူချိန် တိုင်း ကြည့် ပါ စို့,ဘ ရ င် ဆုံ 1 ဘ ပ ဒါ န် တိ င်  ကြ ည ပါ ို့
နေမကောင်း ဘူး လား,GHfARt9E1 5 R712
ကျွန်တော့် ရဲ့ အမေရိကန် ထဲ ကို ထည့် လိုက် ပါ,ကွနဣာ 7i zz7 ထ က ထှယ် nP ပ'
ကျေးဇူးပြုပြီး အေဘီစီ ဟိုတယ် ကို ပို့ ပေး ပါ,ကျေးတူးပြုပြီး တေဘီစီ ဟိုတယ် ကို ငါ့ Gေး ငါ
ကြွ ပါ,ကြ ပါ
သူမ က တော့ ဆရာမ လျို လား,ယူမ က တော့ ဆတပ လါ လား
အလေး ခိုး တာ သိသာ သည်,ဘလေး ဒိး တာ သိသာ သည်
မြှပ်နှံသူ တွေ ကို ဆွဲဆောင် သည်,ပြပ်နှိသု တေ့ ကို ဆွဲဆောင် သည်
အင်္ဂလိပ် လူမျိုး တချို့ နဲ့ အခြေအတင် စကားပြော ရ တာ ခက်ခဲ ပါ တယ်,ဘင်္ဂလိပ် လူမါ့း တခါ့(ခဲ့ ဘခြေဘတင် စကားပြော ရ တာ ဒက်ခဲ ပါ တယ်
အစားထိုး လေယာဉ် ရှိ ပါ သလား,ဘာတားထိုး လေယာဉ် ဋှိ ပါ ဃလား
ဘယ် တော့ သွား မှာ လဲ,ဘယ် ၈ တ ၁၄ သှ ၁ 1 ၂ှ ၁ လ
အဲဒီ လို မျိုး က ခေတ် ရဲ့ တောင်းဆိုချက် ဖြစ် တယ်,ဤါဒါ  MN5 R1 GR9 Rl. GHT9E22R 0 RR4
အပြင်ပန်း ကြည့် ရင် အတော် ပျော်ရွှင် နေ တဲ့ ပုံစံ ဘဲ,ဘပြ င် ပ န်  ကြည့ ရ င် ဘ စ တ S ၉ ပ S ၅ င် စ နံ တံ့ ယ ၏
ဒီ မှာ ငွေလက်ခံ ဖြတ်ပိုင်း ပါ,ဒီ ၂ှ၁ ဋွေလက်ခဲ ဖြတ်ပိုင်း ါ
ဟုတ်ကဲ့ ကောင်းကောင်း သင် ပေး ပါ တယ်,ဣက်ကဲ့ ကောင်းကောင်း သင် Gေ: ငါ တယ်
တစ် ချိန် လုံး နေမကောင်း ဖြစ် နေ ပါ တယ်,တ4 ဒိန် tုံ Rietmf- မ၏ ၈ဲ ပံ DG
တော်တော် အရသာရှိ ခဲ့ ပါ တယ်,တော်တော် အရသာရိ ခဲ့ ပါ တယ်
ခင်ဗျား စကားပြော တာ တကယ် သေချာ လိုက် တာ,၁င်oာ: စကားပြော တာ တကယ် သေခာ လိုက် တာ
အခြား ရထား တွေ ပေါ် မှာ ညလယ်စာ မုန့် လည်း ကျွေး ပါ တယ်,H-g- 7ဘာ- ထာ ယါ၂n CxruuSn 3၄ -C2် တွ: ပါ Cro'
အိတ် ကတ်ပြား ကို ကြည့် လို့ ရ မလား,ဘိဘ ကတ်ပြား ကိံ ကြည် လို ၈ ဖလား
လက်မှတ် တစ် စောင် ဘယ်လောက် ပေး ရ သလဲ,လက်မှတ် တစ် စေ၁င် ဘယ်လောက် ပေး င သလဲ
ကျွန်တော် တို့ ရဲ့ နိုင်ငံ မှာ မိုး များ တယ်,ကျန်ကော် ကို နဲ့ နိုင်ငံ မှာ မိံး များ ကယ်
ပြည်နယ် နှင့် တိုင်း များ ကို လူမျိုးနွယ် အလိုက် ခွဲခြား ထား သည်,ပြည်ခယ် နှင့် တိုင်း မား ကို လူမျိုးခွယ် လိုက် ခဲ့ဩ၁း ထား သည်
အားနည်း နေ တယ်,ဘားခုည်း Gေ တယ
တစ် ခိုင် တွင် အပွင့် ၁၀ ၁၅ ပွင့် ပါ ရှိ သည်,တစ် နိုင် တွင် အပွင့် ၁ ၁၅ ပွင့် ပါ ဌှါ့ သည်
လေယာဉ် လက်မှတ် ကြိုတင် မှာ ချင် လို့ လား,လေယာဉ် လဂ်္ကပှတ် ကြု့တင် မာ ခင် လို့ လား
စာတိုက် က ဘယ် နား မှာ လဲ,။တီ် က ဲ န၊  လဲ
ကျွန်တော် ခေါင်းကိုက် နေ တယ်,ကျွန်တော် ခေါ်င်းကိုက်က ခေ တယ်
ဝမ်းနည်း မဲ့ ကိစ္စ မ စဉ်းစား နဲ့ တော့,၀၆%နုည်း မ့ ကိစ္စ ဖ စ၉)းစး နဲ့ တော့
ရှင် ဝါသနာ တွေ သိပ် များ တယ် နော်,ရှင် ဝါသ နာ တေ သိပ် မုား တယ် နနောဲ
အပြင် ဘက် မှာ လင်း တယ်,ဘပြင် ဘက် မာ လင်: တယ်
မင်း ပြော တာ မှန် တယ်,မင်း ပြော တာ မှန် တယ်
ခင်ဗျား က တင်းနစ် မှာ တော် လား,ခင်လား က တင်းနစ် မာ တော ဟား
ဆရာ ကျေးဇူးတင် ပါ တယ် နောင် လည်း များများ လာရောက် အားပေး ပါ,"ထ( တကျ-ူးဘင် ပ ၁o'"" တှာင် -.CယE- Sp:an- rnep7 7Cu. C'"
ခင်ဗျား အရက် များများ သောက် နိုင် မလား,၁င်၃ns Pimr unsup: သသာက (C ဖလား
ကုန်းလိပ် များ သည် ပင်လယ်လိပ် များ ကဲ့သို့ ခရီး များ စွာ မ သွား ကြ ချေ,"ကင်rိ' ဖn: 2၄ ပင်-vorါC un: .P23 -% Q- ဌ၉ S သာ- ( ထ,"
ခွ နဲ့ လှည့် ပါ,ခ နဲ့ လှည့ ပါ
လက်ဖက်ခြောက် ထုပ်,လက်ဖက်ခြောက် ထပဲ
သက်ကြီးရွယ်အို တစ် ယောက် အတွက် လပေးလက်မှတ် က ဘယ်လောက် လဲ,သကံ်ကြီးရွယ်အို တစ် ယောကံ ဘတကံ် လပေးလကံမှတ် က ဘယ်လောက် လ
ခင်ဗျား ဘယ် တံဆိပ် ကြိုက် သလဲ,ဝင်ဗျး ဘယ် တံဆိယ် ဤါက် သလဲ
ကိုယ်ပိုင် အုပ်ချုပ် ရေး တောင်းဆိုသံ များ ပိုမို ကျယ်လောင် လာ သည်,ကိုယ်ပိုင် ဒုပ်ခုပ် တေး တောင်းဆိုသံ ယဝ: (ခုံ က)ယ်လောင် လာ ဃည
အဲဒါ အလွန် မြန် တယ်,ဤdါ l 0 R419
ကြည့် ဖူး လား,ရါ န P:
မှန် ပါ တယ် ကျေးဇူးတင် ပါ တယ်,ပှ န် ပါ တယ် စ ကှ း Pတ င် ပါ တယ်
တရုတ် လူမျိုး က ယဉ်ကျေး တဲ့ အပြုအမူ ကို ပို ၍ အလေးအနက် ထား တယ်,ဤR Rll5 11 11104H12 တဲ TlUlg R  H ae112z19 R12 R4
ဒီ အဝတ်စ က ဘယ်လောက် လျှော်လျှော် ကျုံ့ဝင် မ သွား ဘူး,ဒီ ဘဝတ်စ က ဘယ်လောက် လျှော်လျှော် ကျုံ့တင် မ သှား ဘူး
ခင်ဗျား ရဲ့ သမီး လေး အတွက် အိပ် ခန်း လက်မှတ် တစ် ခု လို ချင် တာ လား,ခင်ဗျား ရဲ့ သမီး ၀ေေး ဘကွက် အိပ် ခန်း လက်မှက် တစ် ခ လို ချင် တာ လား
မုန့် လက်ညှိုး ညှပ် ကိတ်,ု န် လ ကိ ညှိ) ညှ ပ် ကိ တ
ကုန်ကျစရိတ် က ဘယ်လောက် လဲ,ကူ န် ကှု ၈ ရီ တ က ဘယ် စ လ ၁ က လဲ
သုံး နှစ် ရှိ ပြီ,သံး နှစ် ရှိ ပြီ
တကယ် လို့ မင်း ကျန်းမာရေး ကောင်း ချင် ရင် နေ့ တိုင်း လေ့ကျင့်ခန်း လုပ် ပါ,တ-ာယ လိ တင်: ကုနတတ: တာင် ခင် ဂင် တ တိုင် တyက၇)်၁P ryC် ပါ
ဘတ်စ် ကားဂိတ် ကို ဘယ်လို သွား လို့ ရ နိုင် မလဲ,ဘတ်စ် ကာ-ဂိတ် ကို ဘယ်လို သွာ- လို ၈ နိုင် မလဲ
ရေ ခဏခဏ ကူး လား,F-flt T1fH1f f5 11T15
ယူရေးနပ်စ် ၌ လ သို့မဟုတ် အရံ ဂြိုဟ် ၅ လုံး ရှိ သည်,ယူတေးခပ်စ် ၉ လ သို့မက် ဘဝံ ြိုတ် ၅ လုံး ရှိ သည်
ကောင်း ပါ တယ်,ဆကာင်း ပါ တယ်
ဟို မှာ ၂၀ အေ ဒီ မှာ ၃၀ အေ,ဟို မှာ၁ ၂၀ ဘေ ဒီ မှာ ၃၀ ဘေ
ဗိုက်ဆာ ရင်း က နေ ဗိုက်နာ လာ တယ်,ဝိုက်သာ ရင်- က နေ ဝိုက်နာ လာ တယ်
မီးပူ ရှိ သလား,M2l M 21R111
ထမင်း မှာ မယ်,ထယင်း ဟာ ပယ်
ကလေး တွေ အတွက် ပျော် စရာ ကောင်း တဲ့ အပျော် ခရီးစဉ် များ ရှိ ပါ သလား,Ref12 RR7 R9R9 419 RRl9 Ef9K1 R) zRR19 2flzP 112 R) I3 2R1715
နက်ဖြန် ညနေခင်း ဘယ်လို လဲ,ခက်ဖြန် သနေခင်း ဘယ်လိံ လဲ
ခင်ဗျား တို့ ရဲ့ ထောက်ခံ အားပေးမှု ဟာ ကျွန်တော့် အတွက် ကြီးမား တဲ့ အင်အား ပါ ပဲ,ခင်၀၇- တို R ထောက်ခဲ -ပေး) ဟာ ကျ)န်တော် ဘတွက် ကြီ-မာ- တ ဘင်ဘာ- C) ပဲ
နောက် ဘူတာရုံ မှာ ဆေးရုံ ရှိ လား,ဒောက် ဘူကာရုံ မှာ ဆေးရုံ ရှိ လား
အပြည်ပြည် ဆိုင်ရာ စွန် လွှတ် ပွဲတော် နေ့,ဘပြ ညပြ ည ဆို င် ရ ၁ စ န် ပှ) တ ပွဲ စ တ S ဇ နံ့
ခင်ဗျား ငွေစက္ကူ အတု ဘယ်လို ရ လိုက် တာ လဲ,ခင်၀ဝး ငွေတဣ၊ ဘတု ဘယ်လို ၄ လိုက္ တာ လဲ
ဆောင်းရာသီ ထက် ဆောင်းဦး ရဲ့ မ ပြင်းထန် တဲ့ ရာသီဥတု ကို ပို ကြိုက် တယ်,ဝထာင်းတသိ ထက် ဝဘာင်းဦး နါ့ D (ပြင်းထန် တဲ့ တဏိဥတု ကို U Gဤက တယ်
ကိုရီးယား မှာ ဆရာ့ ရဲ့ အရိပ် ကို မ နင်း ဘူး ဆို တဲ့ စကား ရှိ တယ်,ကိုရီ ယာ- မှာ အ၈ာ ၈ ၁ရိပ် ကို မ နင်- ဘူ- ဆို တဲ စကာ- ရိ တယ်
ဟုတ်ကဲ့ ပါ ဆရာကြီး ဂရုစိုက် ပါ မယ်,Cofp  zအpဤ n၄P7T o' uယ'
သူ က ကိုရီးယား လူနေမှုဘဝ အသားကျ တဲ့ လျှို့ဝှက်ချက် ကို အသိပေး ခဲ့ တယ်,သ က ကီရိီးယား လုမှဘ၁ အးသားက တဲ့ လှိ့ှက်ခက ကု အသပေး ခဲ ဘယ်
အခု ရာပြတ်ဌာန ကို သွား ပြီး အဲဒီ မှာ အခွန်ဆောင် ပါ,ဘာခု တပြတ်တခ ကို ယား ပြး ၁ဲဒ ယာ ဘခွန်ဆေင် ပါ
ခင်ဗျား ခေါင်း ပေါ် က အခန်း မှာ ခင်ဗျား ရဲ့ လက်ကိုင်အိတ် ထား ပါ,ခင်၀၀: ခေါင်း ပေါ် က အခန်း: ဟာ ခင်ကား ငဲ့ လကကိုင်ဘတ် ထား ပါ
ကျွန်တော် တို့ သတ်သတ်စီ ပေး မယ်,ကျွန်ဣာ တိ CofDvo5' e.- 2C'
စားသောက် တွဲ ကို ဘယ် လမ်း က သွား ရ မလဲ,စားသောက် တဲ့ ကို ဘယ် လမး က သား ရ မလဲ
အများကြီး ကွာ လား,ဘ မ) ၁ ဂကြီ ကွ ၁ လ ၁ 1
ဒါ ခင်ဗျား အတွက် အတွေ့အကြုံ ကောင်း ဖြစ် လိမ့် မယ်,ဒါ ဒ င် ဗ ၁ : ဘ တှ ကိ ဘ စ တူ့ဘကြံ စ က ၁ င် 1 ပြ စ် လိ မါ ပ ယ်
တစ် လက်မ ခွဲ ဒေါက် ဆို အဆင်အပြေဆုံး ပဲ,တစ် လကယ ခဲ့ ဒေါ်က ဆို ဘဆင်အာပြေဆံး U
ဟိုတယ် အထိ ပို့ ပေး လိုက် ပါ မယ်,ဟိုတယ် အထိ ငို ပေး လိုက် ပါ မယ်
ရ ပါ ပြီ ခင်ဗျား ပစ္စည်း တွေ အားလုံး အဆင်သင့် ဖြစ် ပြီ လား,ရ ပါ (ပ ၁၆၀: ပဋ၄: ၁တ ၁းလ်း ဘဘပ်သင့် ဖ၆် (ပ လး
ဘက်စ်ကား နဲ့ ထရပ်ကား မျက်နှာချင်းဆိုင် တိုက် သည်,ဘက်စ်ကား ခဲ့ ထရပ်ကား ခုက်နှာချင်းအိုင် တိုက် သည်
ခင်ဗျား ငွေ ဘယ်လောက် ယူလာ သလဲ,ခင်ဗုား ငေ ဘယ်လောက် ယုလာ သလဲ
ပြီး ခဲ့ တဲ့ ည က ပြိုင်ပွဲ ကြည့် ခဲ့ လား,ပြီး ခဲ့ တ့ သည က ပြုင်ပဲ ကြသ့ ခဲ့ လး
ဒီ မှာ ထိုင် ပါ,ဗီ မှာ ထိင် Q
သြော် အခု မှ ပဲ သေချာ သိ တော့ တယ်,ဝြာ် ဘခ မှ C သေခာ သိ ကော့ ကယ်
ခင်ဗျား ဒိုးဇက် ကစား လား,ခင်၀၇- ဒိုးဝက် ကစာ- လာ-
လည်ပင်း တောင့်တင်း နေ ပါ တယ်,r.ယပင်: ဣာင့်၁ာင်: တ ပါ Qu'
ဒီ မှာ လဲ ဝယ် နိုင် ပါ တယ် ဘယ်လောက် တန် လို ချင် သလဲ ရှင်,ဒီ မှာ လဲ ဝယ် နိုင် ပါ တယ် ဘယ်လောက် တန် လို ခင် သလ ရှင်
ဆို သည် မှာ ကို ခေါ်ဆို ခြင်း ဖြစ် သည်,ဆို သညံ မှာ ကို ငေါ်ဆို ခြင်း ဖြစ် သညံ
ဟုတ်ကဲ့ ပါ ခင်ဗျာ,ဟုတ်က ပါ ၁င်၀၇
တစ် ခု လောက် မေး ပါရစေ,တ စ ခ ဧ လ ၁ ကိ စ မ  ပါရ စ ၈
ဒုက္ခသည် ကို သွား ပြီး နှစ်သိမ့် သည်,ဒက္ှ် ကို သွှား ပြီး နပ်ထိလ့် သှလ်
ခြေထောက် မ ရှိ တဲ့ စကား အဝေးကြီး သွား တယ်,ထြထောဏက ပန၄ တ့ ဗကား ဘထးကြီး သား တယ်
အဆင်ပြေ လား ခုတလော အရောင်းအဝယ် ဘယ်လို လဲ,ဘာဆင်ပြေ လား ခတလော ဘတောင်းဒာပယ် ဟယ်လို လဲ
အချို့ ကို မူ ပင်လယ် များ အတွင်း ၌ တွေ့ ရ လေ သည်,ဘချို့ ကို မု ပင်လယ် မှား ဘကွင်း S ၀ွေ့ တ လလ သည်
ကော်ဖီ ကို နောက်ထပ် ပေး ပါ,ကေ်ဖဲ ကို ဆော်ကကထပ် ပေး ပါ
မတ် လ ၃ ရက်နေ့ ဖတ်စာ နှီးနှော ဖလှယ်ပွဲ,ယတ် လ ၃ ဝဂ်္ခေ့ ယတ်ထာ နှီးော ဖလယ်ပ၌
ဒီ ရေဒီယို က လက်ဆောင် ပါ သလား,ဒီ ဘှါ်:? - -.nPဘဘာင် ငါ C-rp-
မီး တစ် ညှိ လောက် ရ နိုင် မလား,"စီ တဇ် ခါ့ ၈ ၇ ဒီ"" လ၊"
ခင်ဗျား ဘာ ယူ မလဲ,le: ဘ R V
ရုံး ဘက် ကြုံ ရင် ဝင် ခဲ့ ဦး,ရုံး ဘက် ကြ ရင် ဝင် ခဲ ဦ-
ကျွန်တော် မန်မိုရီကတ် က နေ ရိုက် ပေး လို့ ရ မလား,ကွ်ဘ ဟာ်+PPm၁f် - ဏ P7 C- လိ ၇ dr--
ပြီး သွား ပြီ လား,ပြီ  သှ ၁ 1 ပြီ လ ၁ 1
လူ ရှေ့ မှာ အရှက် ရ စေ သည်,လ ၈ ၉ ၂ ၁ = ၅ ကိ ရ စ စ သ ည
ခင်ဗျား ဘာ အရောင် ကြိုက် လဲ,ln  t %f က
ဝမ် ၂၀၀၀ ပါ နောက် ကော တခြား ဟာ လိုအပ် ပါ သလား,ဝမ် (ဝ၀၀ ပါ) နောက် ကော တဗြာ: ဟ လိုဘပ် C. သလာ:
ဒါ စက် နဲ့ လျှော် လို့ ရ လား,ဝါ စက် ခဲ့ ဝလျှ် လို့  လး
လူကြိုက်များ လား,လူကြိုက ပ) ၁ = လ ၁ :
အဲဒါ ကို ကြေး နဲ့ လုပ် ထား ပါ တယ်,"12 ."" ဟ- 1 yC် ထာ- ပါ ၁o'"
ပညာသင် ကာလ ၁ ခု ကို ကျောင်း လခ ဘယ်လောက် လဲ,"ပညာသင် ကာလ ၁ ခ, ကိံ ဧကေဂင်း လခ ဘယ်လောက လ"
ယာဉ်ကြော ပိတ်ဆို့ မှု လုံးဝ ရပ် သွား ပြီ,t990etT 1R2 K 12 t 211 ပိ
တစ် နေ့ ကို ဘယ်နှ ကြိမ် သောက် သင့် သလဲ,တစ် ခေ့ ကိံ ဟယ်နှ ကိမ် သောက်္ ယင့် ဃလဲ
ထိုင် ပါ ဘာ ပြဿနာ ရှိ ပါ သလဲ,ဤင် I  027H1  I 21R0)
အကြွေစေ့ ကို အပေါက် ထဲ ထည့် ပြီး ခလုတ် ကို နှိပ် ပါ,ဘကြေငေ့ ကို အပေါက် ထ ထည့ ပြီး ခလုတ် ကို နှိပဲ ပါ
စရန်ငွေ လို လား,၀ရန်၀၄ လို လး
ဖော်မေကာပြား,လ်သေကပ-
သူ နေမကောင်း လို့ လား တော့ မ သိ ဘူး ခပ်ယိုင်ယိုင် ထိုင် နေ တယ်,သူ တဏတင်: .ှ n- Cာp P သ ၇- ၁CCှင်ဟှင် ထှင် တ PC'
အစ်မ ဘာ လို ချင် ပါ သလဲ,ဘစ်ဖ ဘာ လိံ ချင် ပ သလ
ခင်ဗျား ရဲ့ ကဒ် ကို ယူ သွား လို့ ရ မလား,ခင်၀၀: ရဲ ကဒ် ကို ယ သား လိံ့ ၈ မလား
တစုံတယောက် က မင်း ကို လမ်းဆုံ မှာ စောင့် နေ တယ်,တ စံ တ ဧ ယ ၁ ကိ က မ င်  ကို လ ပ် 1ဆုံ မှ ၁ စ ၈ ၁ င့ စ နံ တ ပ်
အားလုံးပေါင်း လား,ထ၁းလုးေါင်း လား
အားလပ်ချိန် မှာ ကျွန်မ အင်္ဂလိပ် ဘာသာ ကို သင်ကြား လေ့လာ တယ်,ဗားလပ်ချိန် မှာ ကျွန်ဖ အင်္ဂလိပ် ဘာသာ ကိ သင်ကြား လေ့လာ တယ်
ကျွန်တော် ထမင်းပေါင်းအိုး ကြည့် ချင် လို့,က်td mentd-f Pါ့ 1f ဂီ
မနေ့ ကတည်းက ဗိုက် က တရစ်ရစ် နာ လာ တာ ပဲ,မနေ့ ကတည်းက ဝိုက် က တရစ်ရစ် နာ လာ တာ ပ
အဲဒီ လို အတွေး မျိုး ဘယ် တုန်း က မှ မ ရှိ ခဲ့ ဘူး,ဘဲဒီ ကို ဘတွေး မိုး ဘယ် ကုန်း က မှ မ ရှိ ခဲ့ ဘူး
မင်း ရဲ့ အကြိုက်ဆုံး ရုပ်ရှင်မင်းသား က ဘယ် တစ် ယောက် လဲ,ဖင်း ) ဘကြက်ဆံန ရှ်ှင်ဖင်းသား က ဘယ် တစ် ယောက် လ
အမေ က ကလေး ရဲ့ အပြုအမူ ကို ကြည့် ရင်း က နေ တုတ် ကိုင် လိုက် တယ်,ဘမေ က ကလေး ရဲ့ ဘပြ၊ဘမု ကို ကြည့ ရင်း က နေ တုတ် ကိုင် လိုကံ တယ်
သီလရှင်ဝတ် သည်,ထီလင္င်ဝတ် သည်
ကိုရီးယား နေထိုင် မှု က မ ပင်ပန်း ဘူး လား,ကိfးယား နေထိင်.မှ က ဖ ပငနs ဘူး လား
မနေ့ က ကျောင်း မှာ ကိုရီးယား ဟင်းချက်နည်း ကို သင် ခဲ့ တယ်,၈၀နဲ့ က ဝကျာင်း ှာ ကိုရီးယား ယင်းဒျက်န်ည်း ဂိ သင် ၃့ တယ်
တကယ်လို့ ငါ က နင် ဆို ရင် အဲဒီ လို လုပ် မှာ မ ဟုတ် ဘူး,တကယ်လို ငါ က နင် ဆို ၎င် ဒဲဒ လိုံ လပ် ယမှာ ယ ဟုတ် ဘူး
ချင်းမိုင် ကို သွား မယ့် ရထား ဘယ် နေရာ မှာ ရပ် မလဲ ဆို တာ ပြောပြ ပါ,ချင်းမိ့င် ကံ သား ယယ့ ခထား ဘယ် ေ .ာ ရပ် ယလဲ ဆ့ တ ပြောြ ါ
စိတ်တိုင်းကျ မှာ ပါ,စတတိင်းက) မှာ ၆ါ
ဝဲအီ က ဘာ လို့ မိန်းကလေး တွေ ကြား ထဲ မှာ စိတ်ဝင်စား မှု များ တာ လဲ,"OR"" .က ဘာ လှိ ဘ-တ.- ထာ '- ထဲ ၂ Sfင်၈- S Sn- ဘာ '"
အားနာ ပါ တယ် ကျွန်တော့် ပစ္စည်း တွေ အားလုံး ကို ကိုယ့်ဘာသာ မ သယ် နိုင် ဘူး,f4 V VG mftd ပရိင် မဟ Ht ဂီ fီကm၁ s 1% ရ၌ =
ခင်ဗျား ရှေ့ မှာ ရှိ တဲ့ သင်္ကေတ ကို ခင်ဗျား ဖတ် ပါ လား,ဝင်ဗျား လှေ့မှာ ရှိ ကဲ့ သငက္ကေတက ကို ခင်ဗျား ဖက် ါ လား
ဒီ ဟာ က ဂရေး ရဲ့ အိမ် လား,ီ ဟ ၁ က ဂ စ ရ = ရဲါ ဘိ ခံ လ ၁
ကျွန်တော် မ တတ် နိုင် ဘူး,ကန်တော် မ တတ် ဒိုင် ဘူး
ဇော်ဝင်းထွဋ် ရဲ့ အင်ပါရာ အဖွဲ့ လည်း လာ မယ် ကြား တယ်,ဇေ်ဝင်းထဋ် ရဲ့ အင်ပါရာ ဘဖဲ့ လည်း လာ မယ် ကြား တယ်
ခေါက်ဆွဲ မှာ ပါရစေ,ပါက်ဆှဲ မှာ Uါရ၀၈
နေဝင်း သည် ဂဏန်း ဗေဒင် ပေါ် တွင် မှီခို သည်,ဖေဝင်း သည် ကဏန်း ေဒင် ပေါ် တွင် ဝှီခိ သည်
ဂိတ်စ် သည် ၁၉၇၃ တွင် မှ ကျောင်းပြီး ခဲ့ သည်,ဂိတ်စ် သည် ၁၉၈၃ ကင် မှ ကျောင်းပြီး ခဲ့ သည်
နင် တောင် ငါ ကို မ ကြိုက် ဘူး ဆို တော့,နင် တောင် ငါ ကို မ ကြိုက် ဘူး ဆို ပော့
စာရွက်စာတမ်း တွေ လို ချင် သလား,တာဋျက်တာဘမ်း တေ လဲ့ ခင် သလား
ဘယ် အချိန် လဲ,"ဘu၀""P-ခန -V"
အဲဒါ ပြဿနာ ပဲ,ဘဲဒ်ါ ပြဿနာ ပ
ကောင်း ပြီ ကျွန်မ ကို ရေပူ လည်း ယူလာ ပေး ပါ အုံး,GlE2 0 1149 R) Gtl R122 g71 S115 1 ဒ
ကျွန်တော့် မှာ လည်း အကြမ်းဖျင်း အစီအစဉ် တစ် ခု ရှိ ခဲ့ သည်,ကျန်ဗော့် မှာ လည်း ဘကြစ်၈နင်း ဘဇီဏစဉ် တစ် ၃.၅ ခဲ့ သည်
အဖေ ဆုံး တာ သတိမထားမိ လိုက် ခင် မှာ ပဲ ဆယ် နှစ် တောင် ရှိ ခဲ့ ပြီ,အပေ ဆိံး တာ သတိပထားပဲ လိုက် ၁င် မှာ ပဲ ဆယ် နှစ် လောင် ၅ါ့ ခဲ့ ပြီ
ခေါင်းအုံး တစ် လုံး ရ နိုင် မလား,ဝဒါင်းဘံး တစ် လုံး ၈ နိုင် ပလး
ခင်ဗျား တို့ မိသားစု ဘယ်နှ ယောက် ရှိ သလဲ,ခင်ား တံ့ မိသား၇ ဘယ်ခ ယယာက S သလဲ
ကျွန်တော် အစား လျှော့ နေ တယ်,ကျွန်ဝတ ဘး ဝလျှာ့ ၃န တယ်
မင်း လည်း ဘာ လက်ဆောင် ပေး မှာ လဲ,မင်း လည်။ ဘာ လကစောင် ပေးမှာ လ
မနက်ဖြန် က စ ပြီး ၂ လ အတောအတွင်း အတန်း မ ရှိ ပါ ဘူး,မနကံ်ဖြန် က စ ပြီး ၂ လ ဘတောဘတင်း ဘတန်း မ ရှိ ပါ ဘူး
ပထမ ထပ် မှာ ဧည့်ကြို ကောင်တာ ဘေး မှာ ငွေ လဲ တဲ့ ကောင်တာ ရှိ ပါ တယ်,ပထမ ထပ် မှာ ဧေ့်ကြိ၊ ကောင်တာ ဘေး မှာ ငေ့ လဲ တဲ့ ကောင်တာ ရိ ပါ တယ်
စိတ်မကောင်း ပါ ဘူး,စိဘပကောင်း ါ ဘူး
မှို ဟင်းချို ကြိုက် လား,မို ဟင်းခါ ကြုံ့က လား
များ တယ်,ပျား တယ်
ခင်ဗျား ရဲ့ ငွေ တွေ ကို ထိုင်း ဘဏ် မှာ နဲ့ လဲ ဖို့ လို တယ်,၁င်urး  ၅၉ တေေ ကို ထိင်း ဘက် မှာ နဲ့ လဲ (. လို တယ်
အစ်ကို,ဘစ်ကိ
သူ တို့ ဘယ် တော့ ရောက် မ လဲ အခု ထိ မ သိ ဘူး,သူ တိ့ ဘယ် တော့ ဝဂက ဝ လဲ ဘခ ထိ ပ သိ ဘူး
ရုပ်ရှင် က ကြေကွဲ တာ နဲ့ အဆုံးသတ် ရင် မ ကြည့် ဘူး,ရုပ်ရှင် က ကြေကွ တာ ခဲ့ ဘဆုံးသက် ရင် မ ကြည့် ဘူး
ကောင်း ပါ တယ် သွား စို့,ကောင်း ငါ ကယ် သှား စို့
ဘူတာ မှ ရထား ထွက် လာ ပြီ,ဘူာ မှ ရထား ထက် လာ ပြ
ဒီ နေ့ ညနေ နည်းနည်း နွေး လိမ့် မယ်,ဒီ နေ့ ညဇေ နညီးနည်း ဧွေး လိပ့ မယ်
လေအေးပေးစက် ပိတ် ပေး လို့ ရ မလား,လေဘေးပေးစကံ ပတံ ပေး လို့ ရ မလား
ဦးလေး ဒီ ရှေ့ မှာ လာ ထိုင် ပါ ခင်ဗျာ,ဦးလေး ဒီ လှေ့ မှာ လာ ထိုင် ငါ ခင်ဗျာ
ဒီ မြို့ မှာ မြေအောက် ရထား ရှိ ပါ သလား,ဒီ မြဲ( မှာ ပြေဘောကံ ရထား နှိ ပါ သလား
ဒီ လောက် လဲ မ ဟုတ် ပါ ဘူး,ဒီ ၈ လ ၁ က လ မ ဟု တ ပါ ဘူ
ဘယ်လောက် ကြာကြာ စောင့် ရ မလဲ,တယ်လောက်က ကာကာ တောင့် ဝ ယလဲ
သူ စောင့် နေ တဲ့ ကောင်မလေး က သူ့ ရဲ့ ညီမလေး ပါ,သူ စောင့် နေ တဲ့ ကောင်မလေး က သူ့ ရဲ့ ည်မလေး ပါ
နံနက် ၉ နာရီ လောက် ပေါ့ သင်္ဘော မ ထွက် မီ ၁ နာရီ ပေါ့,ခံခက် ၉ နာဇီ လလောက် ၀ေါ့ သင်ဘော မ ထှက် မီ ၁ နာဂီ ငေါ့
ဘယ်သူ့ ဟာ လဲ မ သိ ဘူး,ဘယ် သူ ဟ ၁ လ မ သိ ဘု 1
တစ် ခု လောက် လုပ် ပေး ပါ လား,တစ် ခ ယေဟက် လပ် ယေး ပါ လး
ဘယ် မှာ လဲ,- %
ဘာ ဆေး သောက် နေ ပါ သလဲ,ဘ ၁ စ ဆ  စ သ ၁ ကိ ဝ စ ပါ သ လဲ
ရှန်ပူ အခြောက် လို ချင် ပါ တယ်,ရှန်ပူ ဘဝြောက် လို ချင် ပါ တယ်
မူလီ ကြပ် ပါ,့နလီ ကပ် ပါ
သွက်သွက်လက်လက် သွားလာ လှုပ်ရှား ပါ,Mhgfnfnf nfT iDP-
သူ ဟာ လေ စကား ကို အေးတိအေးစက် ပြော လို့ သိပ် ကြည့် မ ရ ဘူး,ယု ဟ ၁လ Sကး ကိ ငဘးတိဝဘးဝက် ၁ပြ လို့ ထိပ် (ည့် ၀ ၈ ဘူး
မနေ့ က စာ လုပ် တာ ညလုံးပေါက် သွား ခဲ့ တယ်,မနေ့ က စာ လုပ် တာ ညလုံးပေါကံ သား ခဲ့ တယ်
နိုင်ငံကူးလက်မှတ် ပျောက် သွား ပြီ,ခိုင်င်ကူးလကဝှတ ပောက သား ပြ်
မကောင်းမှု လုပ် ရင် ပြစ်ဒဏ် ခံ ရ တာ သဘာဝ ပဲ,မကောင်းy) လုပဲ ၎င် ပြစ်၁ဏ ခဲ  တ၁ သဘ၁ဝ ပဲ
သူ က အတွဲ ၅ မှာ ပါ,သ က ဘတွ ၅ ၂ CI.
လွန် ခဲ့ တဲ့ ၂ ရက် က မေ လ ၁၆ ရက်နေ့ ဖြစ် သည်,လန် ခဲ့ တဲ့  ရက က ဖေ လ ၁၆ ဧကစနဲ့ ဖြစ် သည်
ကျွန်တော် တီရှပ် တစ် ထည် လို ချင် ပါ တယ်,ကန်တော် တီရှပ် တစ် ထည် လို ခုင် ပါ တယ်
မကြာသေးခင် က မှ လဲ ထား တဲ့ သုံး လို့ ရ မလား,ပကြာသးင် က လှ လဲ ထား တဲ့ သံး လို တ ပလး
ယေဘူယျအားဖြင့် တော့ သူ တို့ ဟာ ငွေ အမြောက်အများ ရ နေ ကြ တယ်,ယေဘုယဘားဖြင့် တော့ သု တို့ ဟာ ငေ ဘမြောက်ဘမား ရ နေ က တယံ
အစည်းအဝေး လုပ် နေ တဲ့ အတောအတွင်း အားလုံး စိတ်လှုပ်ရှား နေ ခဲ့ တယ်,ဘဝည်:၁၁၀: လုပ် ၁န တဲ့ ၁ဝ၀၁တွပ်: ၁းလံး ဝိတUရး ၁န ၁ဲ တယ်
စရံ ငွေ လို လား,စငါ့ ဌွေ လို လား
ကျွန်တော် ဒါ ကို စစ် ကြည့် ရ အုန်း မယ်,ကျန်ကော် ဒါ ကို စစ် ကြည့် ရ ဘုန်း မယ်
သူ ဘယ်သူ ပဲ ဖြစ် ဖြစ် ပေါ့ အမေ တို့ က အနေသာ ချည်း ပါ ကွယ်,သု ဘယ်သူ U (၂၆် ဖ၆် ၁ါ ၁ဝ၀ တို့ က ၁ဝနထာ ဒဉ်: ပါ ကွယ်
ကျွန်တော် အမှန်တကယ် ပဲ ဗိုက်ပြည့် နေ ပြီ,ကန်တော် ဘမှန်တကယ် ပ ဝိုက်ပြည် နေ ပြီ
ဒါ ဆို ခဏနေ ၃ နာရီ ၄ နာရီ လောက် ဖုန်းဆက် လိုက် မယ်,၁ါ ဆို ခကခေ ၃ နာဝိ ၄ နာငီ လောက ဟုန်းဆက လိုက ပယ်
ဒီ က နေ လမ်းလျှောက်သွား လို့ ရ လား,ဒီ က ဝ န လ ပ 1 ၈ လှ ၁ က သ ၁  လို့ ရ လ ၁ 1
ခင်ဗျား ဘာ ကို ဆိုလို တာ လဲ,ခ င် ဗှ ၁   ၁ ကို ဆို လို တ ၁ လ
တိမ် ထူထပ် သည်,တမ် ထုတပ် သ၄'်
မိန်းကလေး တွေ အတွက် တော့ နားထွင်းမင်္ဂလာပွဲ ကျင်းပ လေ့ ရှိ တယ်,မိန်းကလေး တေ ဘတကံ တော့ နားထင်းမင်္ဂလာပဲ ကုင်းပ လေ့ ရှိ တယ်
ရန်ကုန် မြို့ မှာ တစ်ခါတလေ မှောင်ခို ကား တွေ့ နိုင် ပါ တယ်,ရန်ကျန် (ပါ့ ( တပ်ဒါတဝလ ၀)င်ဒို ကး ၁တ နိပ် ပါ တယ်
နား တစ် ဖက် က နားထောင် ပြီး တစ် ဖက် က ပြန် ထုတ်ပစ် တယ်,နား တစ် ဂဇက် က နားထောင် ပြီး တစ် ဖဇက် က ပြန် ထုင်က်ပစ် တယ်
ဟုတ်ကဲ့ မ ပြီး သေး ဘူး,ဟု တ ကံ့ မ ပြီ  စ သ  ဘူ
အစ္စရေး,"""""ါ""င"
နံနက်ခင်း ရှုမြင်ကွင်း ကို စိတ်ကူး ပုံဖော် ရေးဆွဲ သည်,နံစုက်ခင်း ၅ဖြင်ကျင်း ကိ. စဘကူj Ueဖ etထဲ သည်
မီးဖို ထဲ မှာ အလုပ် တွေ မ ပြီး သေး လို့ ဆက် လုပ် လိုက် ဦး မယ်,အီးပို ထဲ ဟာ အလှပ် တေ့ ယ ပြီး ယေး လို ဆက လုပ် လိုငက္က ဦး ယယ်
ခင်ဗျား မှာ ဓာတ်ပုံ စာအုပ် ရှိ သလား,ခင်ား ၂ တတ်ပ် တာဘပ် S သလား
သူ အလုပ်လုပ် ရင်း အမြဲ တွန့်ဆုတ်ဆုတ် လုပ် နေ တတ် တယ်,ယူ ဘာလုပ်လုပ် ၄င်: ဒပြ တန်ဆတ်ဆုတ် လုပ် ခေ တတ် တယ်
ဟုတ်ကဲ့,ဟoက
ကလေး သာ ဆို တယ် လူကြီးဆန် လိုက် တာ,က ၈ လ 1 သ ၁ ဆို တယ် လူကြီ ဆ န် လို က တ ၁
ရှောင် လို့ ရ မယ့် အကြောင်းပြချက် ကို ရှာ တယ်,ရေင် လို့ ၈ မယ့် အကြောင်းပြချက် ကို ၈ တယံ
ကြက်ဥ မွှေကြော် က အေး သွား ပြီ,ကြက်ဥ ၀မေကြော် က ဘေး သွား ပြံ
ရေဒီယို မ ဖွင့် ပါ နဲ့,ဋေဒီယို D ဖွင် ပါ) နဲ
ရေခဲသေတ္တာ,၁၈၁၁Cဋတ
အာမခံ ကုမ္ပဏီ က အာမခံ စည်းမျဉ်း အရ လျော်ကြေး ပေး ပါ တယ်,"ned ngfီ = ne AE၈်"" =၇ု မnfeP tv: ပ VO"
ကာကွယ် ရေး ဝန်ကြီးဌာန တွင် လက်ရှိ ဝန်ကြီး မှာ တီယိုချီဟန်း ဖြစ် သည်,ကာကွယ် ရေး ဝန်ကြီးဌာန တင် လကံရှိ ဝန်ကြီး မှာ တိယိုချံဟန်း ဖြစံ သညံ
ဟုတ် ပါ တယ် ကျွန်တော် လည်း အဲဒီ လို ပဲ တွေး မိ တယ်,ဟုတ် ပါ တယ် ကျွန်ဝတ လည်း ဘဲဒီ လို ပဲ တေ: ဗိ တယ်
အခွန် ကင်းလွတ် ခွင့် နဲ့ ဒါ ကို ရ နိုင် ပါ သလား,ဘ၉ ကင်းလတ် ခင့် နဲ့ ဒီါ က ၈ EE- ပါ သလား
ကျွန်တော် တို့ ကစား ဖို့ ခင်ဗျား မှာ ဖဲ ထုပ် ရှိ ရင် ရ နိုင် မလား,ReR9 R RR1 W 2EH15 H9 B R9 M fE 11 နE် R11
သူ တို့ နည်းနည်း ဈေးများ တယ်,သ တို့ နိည်းနုည်း ချေuns ဘယ
သင် သည် အဘယ် သို့ ထင် သနည်း,သင် သည် ဘဘယ် ထို့ ထင် သနည်း
စက်ရုပ် ဘောလုံးပွဲ သွား ကြည့် တယ်,စကမဂ် ဘောလုးဲ သား ကြည် တယ်
ဟယ်လို ဆာကူယာ စားသောက်ဆိုင် လား,ဟယ်လို ဆာကယာ ထားသောက်ဆိုင် လား
ကျွန်တော် သွား မယ့် နေရာ မှာ ကား ပြန်အပ် လို့ ရ နိုင် မလား,ကျန်ကော် သား မယ့် ၀ေရာ မှာ ကား ပြန်ဘပ် လို့ ရ နိုင် မလား
ညီမလေး မှတ်စု စာအုပ် ဈေးသက်သာ သည်,ညီ မ စ လ 1 (ှ တ စ ၈ ၁ ဘု ပ ဧ ၅ သ က သ ၁ သ ည
ဒါ ကို ယူ လိုက် မယ်,ဒါ ကိ ယူ လို က မ ဟ်
မင်း ရဲ့ မွေးနေ့ က ဘယ် လ ဘယ် ရက် လဲ,မင်း ရဲ့ မွေးနေ့ က ဘယ် လ ဘယ် ရက် လ
ဘယ်လောက် ကြာကြာ ကိစ္စ မ ရှိ ပါ ဘူး,ဘယ်လောက် ကြာကြာ ကိစ္စ မ ရှိ ပါ ဘူး
ဝါခေါင် လ သည် ဝါလယ် လ ပင် ဖြစ် သည်,R4e် K ည BR1IR 11 13E 969 2.
မင်း ဘယ် အချိန် အား လဲ,lE2 MR Tlf R2 10
ချီးမွမ်း တာ ကျေးဇူးတင် ပါ တယ်,ဒါီးမှမဲး တာ ကေ၇ူးတင် ပါ တယ်
ဘာ ဖြစ် လို့ မယူ ရ တာ လဲ,ဘာ ဖြစ် လို မဟု ၈ တာ လဲ
မ ဟုတ် ပါ ဘူး ဈေးမကြီး ပါ ဘူး,ပ ယုတ် ပါ ဘူး osျeကီး ပါ ဘူး
အား တယ် လေ သိ တယ် မလား,ဘား တယ် ငလ သိ တယ် ပလား
ကျွန်တော့် အစီရင်ခံစာ လိုအပ် တယ်,"ကွ န် စ တ ၁, "" စီ ရ င်  ၈ ၁ လို  ပ တယ်"
ခင်ဗျား နောက်ထပ် တက္ကစီ တစ် စီး ငှား ရ မယ်,ခင်၀ာ: ခောက်ထပ် တလဣွှစီ တစ် င်း ငား ဝ ပယ်
အဆင်ပြေ တယ်,ဘဆင်ပြေ တယ်
နေ ပါ အုန်း ဘာ အလုပ် တွေ လုပ် နေ တာ လဲ,ခေ ပါ အုန်း တာ ဘလုပ် တေ လုပ် ခေ တာ လဲ
လူ ကို အပြင် ပုံပန်း နဲ့ ကြည့် ပြီး ဝေဖန် လို့ မ ရ ဘူး,လူ ကံ ဘပြင် င်ယန်း နဲ့ ကြည့ ပြ်း ထဖန် လိဲ့ ပ ဆ ဘူး
သူ ထွက်သွား ပြီ ဆို တဲ့ စကား ကို တွေး ပြီး နှမြောဝမ်းနည်း မိ တယ်,1 Rူf၁၇၊ မီ ရီ R sက ီ tတ၇ မီ iViR)P  VF
ဘာ စာအုပ် ဝယ် တာ လဲ,တာ ၈ုပ ဝင် တ လဲ
နေ့တိုင်း ၇ နာရီ အိပ် ပါ တယ်,ဝနဲ့တိုင်း ၇ နာရီ ဘိU ပါ တယ်
သူ က ဘတ်စ်ကတ်ဘောသမား ဆို ပြီး အရပ် က ပု တယ်,သု က ၁oPmofsဘာ2t: + 0 1.၇C . ) P၁'
အနှေး ပြေး ချင် လို့ လား,အနှေး ပြေး ဒင် လို့ လား
ကျေးဇူးပြုပြီး ထိုင် ပါ,ဧM110li 14E 1
တစ် ဖက် လူ ရဲ့ စကား ကို နည်းနည်း လောက် နားထောင် ကြည့် ပါ အုန်း,တစ် င်္က လ ငဲ့ သကား ကို နည်းနည်း လော်က နားထောင် ကည် ပါ ဘုန်း
လက်မှတ် ရောင်း ရာ ဌာန,လက်မြှတ ရောင်း ၈၇ ဌန
ရင်သပ်ရှုမော ဖွယ် ရာ ပဲ,ခင်သပ်ဋှော ပယ် ဓ ပ
ခွဲခွာ မှု က အမြဲတမ်း နာကျင် ရ ပါ တယ်,ခဲ၄ မု က ဘမြကမ်း နာကျင်  ငါ တယ်
ဟုတ် ပါ တယ် အားလုံး အပါအဝင် ပါ,ဟတ ပါ တယ် ဘားလူ်း ဘပါဘဝင် ပါ
အခြား သက်သက်လွတ် ဟင်းပွဲ တွေ ရှိ လား,ဘခြား သက်သက်လှက် ဣာင်းပှဲ လွေ ရှိ လား
အလုပ် အဆင်ပြေ ရင် တစ် ဝိုင်း ကျွေး ပါ မယ်,ဘလုပ် ဘဆင်ပြ ရင် ကစ် ငိုင်း ကကျွေး Cါ မယ်
ဒီ မှာ အခန်း ဝန်ဆောင်မှု ပေး ပါ တယ်,ဒီ ပ ၁ ဘ ခ န်  ဝ န် စ ဆ ၁ င် ၂ စ ပ  ပါ တယ်
စား မ ကောင်း ဘူး,စား မ ကောင်း ဘူး
ဆေး ကို အခု ထိ မ သောက် သေး ဘူး လား,ဆေး ကို ဘ၃ ထိ မ သောက် သေး ဘုး လား
မြန်မာ နိုင်ငံ ရှိ ဇီးကွက် သည် ၈ လက်မ ခန့် ရှိ သည်,ဖြန့်မာ ခိုင်ငံ ရိ ဗီးကွက် သည် ၈ လက်မ ဒန့် ရိ သည်
၅ နာရီ ၃၀ မှာ လာ ယူ ပါ,၅ နာဂါ ၃၀ ပာ လာ ယူ ပါ
တကယ်လို့ ရောဂါ မ သက်သာ ရင် ဘယ်လို လုပ် မ လဲ,P-mc:9 m 2 2r၁- ဂင် ၁C:) y d လ.
ဘယ် ဝတ္ထု အကြောင်း ပြော ကြ မလဲ,ဘယ် ဝတ၊ ဘကြောငး ပြော က ယလဲ
တရုတ် ပြည် က စေတီတော် ပုံစံ အမျိုးမျိုး ရှိ ပါ တယ်,တရတ် ပြည် က စေတ်ီတော် ငံစံ အမါ့(မါ)(: ရိ ပါ တယ်
ဘဏ် သွား တော့ တံခါး ပိတ် တော့ မယ့် ဆဲဆဲ တည်းတည်း လေး ပဲ,ဘဏ် သွား တော့ တံခါး ပဲတ် တော့ မယ့် ဆဆ တည်းတည်း လေး ပ
အချစ် ဇာတ်လမ်း တွေ ကို ပို ကြိုက် တယ်,ဘချစ် ဇာတလမး တေ ကံ ( ကြငြ် တယ်
ဘယ် ရုပ်ရှင်ရုံ မှာ လဲ,တယ် ၄င်၄၄်၄ံ) ယာ လဲ
အရင် တုန်း က ဆရာဝန် တွေ ခင်ဗျား ကို ဘာ ဆေး ပေး ဖူး သလဲ,1.7င် ၁၇- - အ၇ပှ ဟ ၁င၁-: ကို ၁ ထ: - ပ- Sr
ဒီ နေ့ ခင်ဗျား ဘယ် အချိန် အိပ်ရာထ လဲ,ဒီ နေ့ ၁င်ဗ၇: ဘယ် အဒါန့် အိပ်ရာထ လဲ
အိမ်သာ သုံး စက္ကူ နည်းနည်း လို ချင် တယ်,ဘမ်ဿဘ ယုံး ထဋု နေ်းနညေ်း လိုံ ခင် တယ်
ခဏ စောင့် ပါ လေယာဉ် အချိန်ဇယား ကို စစ် ကြည့် လိုက် ပါ ဦး မယ်,an ut ပ Gev) eိီနeမ၊ ဂီ 25 ဇ4့ လို+ ပ ဦး ဖမံ
ယန်း ကို ဘတ်ငွေ လဲ ချင် လို့ ပါ,ယ န်  ကိ ဘ တ စ ၄ လဲ ခ င် လို့ ပါ
ဟင့်အင်း မ ရောင်း ပါ ဘူး,ဟင့်အင်း မ တေင်း ပါ ဘုး
ခင်ဗျား ဆရာဝန် စကား နားထောင် နော်,ခင်၀၇- သရာဝန် စကာ- နာထောင် ငေ်
လက်မှတ် ဘယ် တော့ ရ မလဲ,လ က မ တီ ဘယ် ဧ တ ၁၄ ရ မ လဲ
လုပ် ပြီး သွား ပြီ လား,t9 0S z12 (0 K111
စာဖတ်ခန်း ထဲ မှာ အောင်း နေ ခဲ့ တယ်,စ ၁ ဖ တီ ဒ င်  ထဲ ပ ၁ စ ဘ ၁ င် 1 စ န ခဲ့ တယ်
ခင်ဗျား သိပ် ကံကောင်း တာ ပဲ,၁င်၃၇s သပ် ကကောင်း တာ ပ
အဲဒီ လူ ကို ကျွန်တော် တို့ အတန်းခေါင်းဆောင် အဖြစ် ရွေး ခဲ့ တယ်,ဘဲဒီ လ ကို ကျန်တော် တို့ ဘတန်းေါင်းဆောင် ဘပြစ် ရွေး ခဲ့ တယ်
အခွန် ဆောင် ရ မယ့် ပစ္စည်း တွေ ပါ လား,ဘဒန် ငောင် ၈ မယ် ပစ္ည်: တေ ပ) လာ-
ပြတင်းပေါက် ဘေး က စားပွဲ ရ နိုင် မလား,ပြတင်းပေါက် ဘေး က စားပြ ရ ခိုင် မလား
စာရင်း ဖော်ပြ ဖို့ ရှိ ပါ သလား,တရင်း ပေပြ ဖဲ့ နှ ပါ သလး
ဒီ မှာ ကျွန်တော့် လက်မှတ် ပါ,ဒါ M9 ReR) M1RRR9 1
ကိုကို သူ က ကျွန်တော့် သူငယ်ချင်း မစ္စတာ ဂန် ပါ,ကိုကို သူ က ကျှန်တော့် သူငယ်ချင်း မစ္ဌတာ ဂန် (ါ
အစ်မ နည်းနည်း လောက် မေး ပါရစေ,ဘစ်မ နည်း-နည်: လောက် ပေ: U)၈eေ
အဓိက ဟင်းလျာ ထဲ မှာ အသီးအနှံ မ ပါ ဘူး သပ်သပ် မှာ ချင် ပါ သလား,ဘဓိက ဟင်းလျာ ထဲ လှာ ဘသီးဘနှ ပ ပါ ဘူး သပါ်သပ် လှာ ဒျင် ပါ သလး
အသက် ၇၀ ဆို တာ မ အို သေး ပါ ဘူး,အသက် ၇ ၏ို တာ ဖမ ဤ သသး ပါ ဘူး
ဒီ နေ့ ဘာ နေ့ လဲ,ဒီ ဝနဲ့ ဘ ဝနဲ့ လဲ
သူ က တော့ ဘတ်စ်ကား ထက် မြေအောက် ရထား ကို ပို ကြိုက် တယ်,သု က စဘော့ ဘတ်စ်ကား ထက စမြောက် ရထား ကို (. တတ် တယ်
ခြောက် နာရီ မှာ မနက်စာ စား နိုင် ပါ တယ်,ဝဋြာက် နာရီ ှာ ပနက်တ ဘး နိုင် ပါ တယ်
အဖေ အမြတ်တနိုး ထား တဲ့ ပန်းကန် ကို ခွဲပစ် တယ် ဆို တော့ ....,Hcu 1g2S7. ထာ- ဘ ဟန-က က ဥဟ် CuC' သု Cာ ...
လေ နည်းနည်း တိုက် လို့ အေးတေးတေး နေ တယ်,စ လ နံ ည  နံ ည  တို က လို့ စ ဘ = ဇ တ  ၈ တ း စ နံ တယ်
ခင်ဗျား ကျွန်တော့် ကို ကူညီ ပါ တယ် ကျွန်တော် လည်း ကူညီ ချင် ပါ တယ်,၁င်Oး ကျန်တော် ကိ ကူညီ ပါ တယ် ကျန်တော် လည်း ကူညီ ချင် ပါ တယ်
အကြံဉာဏ် ကောင်း ပဲ,ဘကြဥဃာကံ ကောင်း ပ
ကျွန်တော် တို့ ဘတ်စ်ကား လေဆိပ် အပြင် မှာ ပါ ကျွန်တော့် နောက် က လိုက် ခဲ့ ပါ,ကျွန်တော် တို့ ဘတ်စ်ကား လေဆိပ် အပြင် ၂ှ၁ ပါ ကျန်တော့ ခောက် က လိုက် ခဲ့ ပါ
ကျွန်မ အမေရိက ချီကာကို ကို နယ်ဝေး ခေါ် ချင် လို့ ပါ,Rf4 TReERlR1 lRaT1R) Ri 71965 42ါ 7E N) B
ကြည့် ပါရစေ,ကြ ည ပါ ရ ဧ ၈
အမည် နာမ ၏ စာပေ အဓိပ္ပါယ် မှာ မြန်မာ လို နေ ၏ နန်း မြို့ ဖြစ် သည်,nsP ie ၏ nsv nBde န မ်၈ ဂီ စ ၏ ခ မီ မ၏ -ါ်
ဈေးပေါ တဲ့ ဟိုတယ် ကို အကြံပြု ပေး နိုင် မလား,ခေးပေါ ဘဲ့ တိဘယ် ကိံ ဘကြပြ Ous ECE ဖလား
မြင်း နှင့် မြင်းကျား တို့ တွင် အမြီး ဖျား ၌ သာ အမွေး ရှည် များ ရှိ သည်,ပြင်: နှင့် ပြင်းက၇- တို တွင် ဘပြီ- (၇- ဥ သာ ဘပပေ- ရှည် မ၇- ရှိ သည်
ဓား နဲ့ ခက်ရင်း ကျေးဇူးပြု၍ ပေး ပါ,၁ 1 နဲ့ ဒ ကိ ရ င 1 ၀ ကှ 1 0ူ1ပြု(၍ ဝ ပ 1 ပါ
အချို့ မွန် ကျောက်စာ တို့ ၌ မကုဋ မင်း ဟု လည်း ခေါ် သည်,za RfR9RR1 RR  HIRg HE2 H R12 42 212
ကျွန်တော် တို့ ရဲ့ ဖြတ်ပိုင်း နဲ့ လက်မှတ် ကို ပေး ပါ,ကျွန်တော် တို့ ငဲ့ ဖြတပိုင်း နဲ့ လဏကဟတ် ကိံ ပေး ပါ
ယူနန် ပြည်နယ် ဟာ တရုတ် နိုင်ငံ မှာ လူမျိုးစု အများဆုံး နေထိုင် တဲ့ ပြည်နယ် ဖြစ် ပါ တယ်,CP (၄2၂ယ' Cက C-pQr် 1Pင်C ၂- -yoft-2 -dn:3- ှယှိင် ဣ. UCဿC' ၂5 C C-.'
သက္ကရာဇ် ၁၂၀ဝ ခန့် က တည်ရှိ နေ သော ပအိုဝ်း ရွာ ဒုံတောင်ကျည်း ရွာ ရှိ သည်,သလဗဒ် ၁.၁၁ ခန့် က တညင် Sေ သော ယဘိင်း ဌ *ံတောင်ကျည်း  S သသည
တဆိတ်လောက် ခင်ဗျား ခေါ် တဲ့ နံပါတ် မှား နေ ပါ တယ်,DgတetnP ile- e တ နံပါတ် န- ခ) ပံ VV
နှစ် ပတ် ကြာ ပါ,ဒ စ ပ တ ကြ ၁ ပါ
အတူတူ သွား ကြ စို့,ဘ တူ တူ သှ ၁ : ကြ ို့
ဒီ မှာ စောင့် ပါ,ီ  ၁ ဧ  ၁ ငိ ပါ
မျက်မှန် ပြင် ပေး နိုင် ပါ သလား,t:m ပင် C. Pင် ပါ Crn:
ခဏ ကိုင် ထား ပါ,-ဏ ဂိင် ထာ: ပါ
မ ကျက် သေး ဘူး,မ ကုက် သေ ဘူ-
ထမင်း နဲ့ ဟင်း စား တာ,ထမင်း နဲ့ ဟင်း စား တာ
တနေ့တခြား စက်ဆုပ် ဖွယ် ရာ ဖြစ်ရပ် များ တိုးပွား လာ လေ သည်,neR၊ Hf10 ဖF ၇ မfပ  ဟ၊ ၈n HP 17!
အဲ့ဒီ ပြဿနာ ကို သေချာ စဉ်းစား ကြည့် ပါ,ဘဲ့ဒီ ပြဿနာ ကို သေဒျာ စဉ်းစား ကြည့် ပါ
တောင်ကြီး မြို့ သည် ရှမ်း ပြည်နယ် ၏ ရုံးစိုက် ရာ မြို့ ဖြစ် သည်,ကောင်ကြး မြို့ သည် ရှမ်း ပြည်နယ် ၏ ရုံးစိုက် ရာ မြို့ ဖြစ် သည်
မ လို ပါ ဘူး ခင်ဗျာ,ပ လှိ ပါ ဘူး ဒင်ဗျ
သူ က အလုပ် အသွားအပြန် ၁၀ မိုင် နေ့ တိုင်း မောင်း ရ တယ်,a. R9 RR9 R211z0 20 e Bg H9E5 GHE2 l R34
ကျေးဇူတင် ပါ တယ် ငြိမ်းငြိမ်းချမ်းချမ်း နေရစ် ပါ,ကျးတဘင် ပါ တယ ငြမ်းငြမ်းချမ်းခမ်း ထေုခစ် ပါ
ရာသီဥတု က ပို ပို ပူ လာ တယ်,တဏိဥတု က (  ပ လ တယ်
အိမ်စာ မ ပြီး လို့ အိပ်မပျော် ဘူး,ဤMlRa H 02 N lB4419 25
ကျွန်တော် သူ့ ကို သွား ရှာ ဖို့ ဆုံးဖြတ် ပြီး ပြီ,ကျွန်ဝေား သူ ကို သား၅ A အံဒဖြာ ပြီး ပြ
ကျွန်တော် နှုတ်ဖြေ စာမေးပွဲ နီး လာ ရော နှုတ်ခမ်း တွေ ခြောက် နေ တယ်,ကျန်ကော် နှတ်ဝြေ ၈ား နီး လ၁ တော နှုက်ခမ်း ၀ေ ငြောက် ၀ ကယ်
ကျွန်တော် နောက် မှ ပြန်ခေါ် လိုက် မယ်,က်td sHP  မန်b ဂ ဖ၆
ကျွန်တော့် သူဌေး အတွက် အခွန် လွတ် ဆိုင် က နေ ဆေးပြင်းလိပ် တချို့ ဝယ် လာ ခဲ့ တယ်,ကျန်တော့ သူဌေး ဘထက ဘဒန် လာ် ၏ိင် က နေ စေးပြင်းကာ် တရ့ ဝယ် လာ ခဲ့ တယ်
လုပ်ငန်း အစ မှာ ခင်ဗျား ကို တစ် နာရီ ၅၀ ကျပ် နှုန်း နဲ့ ပေး မယ်,ryှC၁ P-8 ၂ -င်-: - ၁ 7-P P၀ ကုပ 2န- 1 C.- ဟယ'
သူ တို့ ကို ထပ် ပြီး ပေးမစမ်း ပါ နဲ့ တော့,ယူ တို့ ကို ထပ် ပြး ပေးပထမ်း ပါ' ခဲ့ တော့
သွား မယ့် နေရာ ကွာလာလမ်ပူ မှန် ပါ သလား,သ ၁ 1 မ ယဲ့ စ နံ ရ ၁ ကွ ၁ လ ၁ လ ပ ပ ၂ှ န် ပါ သ လ ၁ 1
သူ နေမကောင်း လို့ အိမ် မှာ နေ ရ တာ ရက် တော်တော် ကြာ ပြီ,သု ထdဘင်: လ F ၂- တ ၇ ဘ Pဂ ဌာ်တေ (ဤ (
ကြို မှာ ထား ပါ သလား ဆရာ,ကြ၊ မှာ ထား ပါ သလား ဆရာ
အခု ကုန်တိုက် ကို သွား မလို့ အတူတူ သွား မလား,အ၄ ကုန်တိုက် ကို သှား မလို့ အတူတု သွား မလား
ကြွေထည် မြေထည် ပစ္စည်း မှာ ရောင်းဝယ် ရေး အကြီးစား လုပ် တယ်,စကြထည် ပြေထည် ပစ္စည်း မှာ စောင်းဝယ် esး အကြိီးစား လ၃် တယ်
အဲဒါ တွေ က လုပ် ထား တာ အရမ်း ကောင်း ပြီး ကြာရှည် ခံ မှာ ပဲ,ဘဲဒါ ထေ က လုင် ထား တာ ဘရပ်း ကောင်း ပြီး ကြာရှည် ဒဲ ၂ှာ U
ငါ့ ရဲ့ ကြပ်တည်း နေ တဲ့ နေရာ ကို လည်း နည်းနည်း လောက် ကြည့် ပါ အုန်း,"ငါ ၇ ဤပ၁၄ ဏ တ .၇ ""ိ rှC: 2""P၄၁: mrpr C'် ပ 1၄-"
ဟုတ်ကဲ့ သဘောပေါက် ပါ ပြီ ဆရာကြီး,ဟုတက်ကဲ့ သဘဘောပေါက် ငါ ပြီ ဆရာ်ကြီး
ခင်ဗျား က သားသမီး ထဲက အကြီးဆုံး လား,of်t95 11 Pa22182 RR9 1aR5 712
ဘယ်နှ နာရီ လဲ ဘယ် လေကြောင်း က လေယာဉ် လဲ,တယ်နှ နာင်ဂ လဲ တယ် လေကြောင်း က လေယာဉ် လဲ
မ ဟုတ် ဘူး သူ က ကျွန်တော့် ညီမလေး,မ ဟုတ် ဘ၇- သု က ကွန်တော် ညီမလေ-
ကိုရီးယား လူမျိုး တွေ ရဲ့ ယဉ်ကျေး မှု ကို လေ့လာ ချင် လို့ လာ ခဲ့ တာ ပါ,ကိုရီးယား လုင်ိုး ၁တ ရဲ့ ယ်ဝကျး ပူ ဂို ၁လှလ ဒုပ် လို့ လ ခဲ့ တ ပါ
ခင်ဗျား က ထိုင်း မှာ ခရီးသွား လား နိုင်ငံခြားသား ဆရာ လား,ခင်၀ား က ထိုင်း မာ ခ်ါးသား လား နိံင်ငံခြားသား ဆတာ လား
မ လို ပါ ဘူး ကျေးဇူးတင် ပါ တယ်,"E "" Uါ ဘ- တု-ူးင် Oါ CC'"
ခရီးသည်တင် အမြန်ရထား က တိုက်ရိုက် အမြန်ရထား ထက် ပို မြန် တယ်,ဝရီးသည်တင် ဘပြန်ရထား က တိက်မိုက် ဘပြန်ရထား ထက် ( စန် တယ်
နာနတ်သီး,နာနတ်သိီး
အကူအညီ ရ ရင် ကျေးဇူးတင် တာ သဘာဝ ပဲ,ဘကဘသညီ ခ ခင် ကျေးဌးတင် ဘာ သဘာဝ ပ
ဒါ လေး က အတော် လှ ပါ တယ် ဘယ်လောက် ပါ လဲ,၁ါ လေး က ဘတော် လှ ါ တယ် တယ်လောက ပါ လဲ
ဒါ က အစစ် တွေ လား,ဒ က အစစ် ခေ လား
ခင်ဗျား စကိတ်စီး ဖို့ အတွက် ဘယ် နေရာ ကို သွား ချင် လို့ လဲ,"၁င်၁- Trr်F"" V PဘnI -ဘယ' တ၇ ကိ သာ- ချင် လိ '"
ဘာ ကြောင့် အလုပ် ထွက် လိုက် တာ လဲ,က Mf t၆ စု် ကိုး ဗ ၈
ဘယ် နေ့ လဲ,ဘယ် နေ့ လ
သူ့ ကို စိတ်ကုန် တယ်,သူ့ ကိ စိ တီ က န် တယ်
ဒီ ဟာ ကို သန့်ရှင်း ပေး နိုင် မလား,"ဒီ ဟ ၁ ကို သ န်, ၅ င်  ခ ပ  .ိ င် မ လ ၁ 1"
စတိုးဆိုင် ဘယ် မှာ လဲ,စဘုးဆိင် ဘယ် ၂ာ လဲ
ခင်ဗျား ငွေကြေး ဒီ လောက် အသည်းအသန် ဖြစ် နေ လား,of်R95 4P5 ဒ Gf1RR9 Ta2122za1 06 G. 1111
အစည်းအဝေးခန်း,ဘဝည်းဘoO:ဒန်:
နာမည် ဘယ်လို ခေါ် ပါ သလဲ,နာမည် ဘယ်လို ခေါ် ပါ သလဲ
မီးသတ်ပန့် ဆက် ပါ,မီးသတ်ပန့် ဆက ပါ
ဘာ အကြောင်း လဲ,ဘာ ဘကြောငး လဲ
ဒီ ပစ္စည်း က စျေး တော်တော်လေး ပေး ရ မှာ ပဲ နော်,S MMRe2 R RRH5 GR4R96f112 R12 R1 HI D R19
အစာ ကို နှုတ်သီး ဖြင့် ဖြစ်စေ ခြေသည်း ဖြင့် ဖြစ်စေ သယ်ယူ လာ တတ် ကြ သည်,ဘစာ ကို နှတ်သီး: ဖြင် ဖြစ်စေ ဝြေသည်: ဖြင့် ဖြစ်စေ သယ်ယူ လာ တတ် ကြ သည်
‌ရှေ့ မှာ ကား တွေ ပိတ် နေ တယ်,Rg9 HT11 RP9 MR G1 R4
ကျွန်တော် တတ် နိုင် တဲ့ အတိုင်းအတာ ထက် များ နေ တယ်,ကျန်တော် တတ် ခိုင် တဲ့ အတိုင်းအတာ ထက် မျ၀: ဓေ့ တယ်
အသက် ဘယ်နှ နှစ် လဲ,အသက် ဘယ်န နစ် လဲ
သို့ရာတွင် ဆိုရှယ်လစ် စနစ် အတွက် အထောက်အကူပြု မှု မှာ သိသာမြင်သာ မ ရှိ ချေ,ယို့တတင် ဆိံငှယ်လစ် သခစ် ဘတက ဘာထောင်္အာကူပြု မူ မာ ယိဃာပြင်ယာ ယ ၄ှ ခေ
ငွေသား နဲ့ ပေးချေ ရ မှာ လား,"ဤ- .ါ S""-Tေ. ? 1 ""--"
အဆက်မသွယ် မ ရ တဲ့ ပုံ ပဲ,Hzn120 d ၇ တ ) C
နောက် လ ၁ က နေ ၇ ထဲက တစ် ခု ကို ရွေး ပေး ပါ,နောက လ ၁ က ခေ ဂ၇ ထဲက တစ် ခု ကို ငွေး ပေး ပါ
ကျွန်တော် အမဲသား မ စား နိုင် ဘူး,ကျွန်ဝတ ဒဝဲသး ၀ Pး နိင် ဘူး
အရမ်း ကောင်း တယ်,အရမ်း ကောင်း တယ်
ဘာ အူတို တာ လဲ,ဘ ဘုတိ တ လဲ
အဲဒါ ကို မြည်း စမ်း ကြည့် ပါ့ မယ်,ဘဲဒါ ကို ပြည်း စမဲး ကည့် ပါ့ မယဲ
ကျွန်တော် နေမကောင်း ဘူး,ကျွန်ဝတ ၁နDorC်: တူး
ပထမ အဓိပ္ပါယ် မှာ ဂျီဒီပီ ကို တွက်ချက် ရာတွင် အကျုံးဝင် သည်,C-ထမ ဘဓိ(ုံယ် မှာ ဂျ်ဒိ် ကို တွက်ချက် ရာကွင် ဘကျံးတင် သည်
အံ့ဩ ဖွယ် ကောင်း တဲ့ မှတ်ဉာဏ် ကို ပိုင်ဆိုင် သည်,အိံ့ဩှ ပွယ် ကောင်း တိဲ့ မှတ်ဉဏ် ကို ပိုင်ဆိုင် သည်
ခက် လည်း မ ခက် ဘူး လွယ် လည်း မ လွယ် ဘူး,ff ftf f ff  f ftf f %f
ဆံပင်ဆိုး ရင် ရော ညီမ နဲ့ လိုက် ပါ့ မလား,ဆံပင်ဆိုး ၎င် တော ည်ပ နဲ့ လိုင်္က ပါ ယလား
ဝင်ကြေး မ ရှိ ပါ ဘူး,ဝင်ကြေး ပ ငှိ ယါ ဘူး
ငွေကြေး လည်း ငွေကြေး အလျှောက် ဆို ပေမယ့် အချိန် က လည်း ပြဿနာ ပဲ,ငွေကြေး လည်း ငွကြေး ဘလှောက် ဆို ပေမယ့် ဘခါန် က လည်း ပြဿနာ ပ
ဟုတ်ကဲ့ စာကြည့်တိုက် မှာ စာ လေ့လာ လို့ ရ ပါ တယ်,တုက်ကဲ့ စာကြည့်တိုက် မှာ စာ လေ့လာ လို့ ရ ါ ကယ်
နောက်ကျ သွား ပြီ သူ့ မှာ ရည်းစား ရှိ နေ ပြီ,တာဏကျ၊ သာ: OS D 72-၈: 1 ဟ (
ကဆုန် သည် မြန်မာ ပြက္ခဒိန် ၏ ဒုတိယ လ ဖြစ် သည်,ကဆုန် သည် ပြန်မာ ပြက္ှဒိန် ဂါ ဒုတိယ လ ဖြစ် သည်
မှို နည်းနည်း လောက် လို ချင် တယ်,မိ နည်းနည်း လောက် လို ခင် တယ်
ကျွန်တော့် ကို အကြံပေး နိုင် မလား,ကျွမ်စတ် ဂီ =fPeu: ဇိ် ဗလ၊
တွေ့ ဖို့ အစီအစဉ် ဖျက် တာ ရှိ ရင် ခင်ဗျား ကို ဖုန်းဆက် ပြီး အကြောင်းကြား ပေး မယ်,GfW aalaaR9P 7R5 B3  9E oEf72 1 M27R9 105 ael3aE22 S112 14
ခင်ဗျား သမီး အတွက် ခုံ အမြင့် လို ချင် ပါ သလား,ခင်၀ာ: ဃမီး ဘတွက် ခံ ဘာပြင့် လို ခင် ပါ ဃလား
ဆရာ ဦးနေမင်း တရုတ် နိုင်ငံ မှာ နေသားကျ ပြီ လား,ဆ၁ ဦးနေ့ပင်း တငုတ် နိင်င် မ၁ ဇေသားကျ ပြီ လား
ဟယ်လို မင်္ဂလာ ညနေခင်း ပါ ဒီ ဟာ က ရွှေဘဲ စားသောက်ဆိုင် ပါ,l 19RD RRlR171 4-E= H3 S 1 1 1T1 GM2 R242IIR2E 2
သတင်း တစ် ခု ပေး ချင် တယ်,dRE2 69  GH2 e B9
ကောင်း လိုက် တာ ကျေးဇူးတင် ပါ တယ်,ကောင်- လိုက် တာ ကွေ-၇.တင် ပ' တယ်
မင်း ဘယ်လို ပြော လိုက် တာ လဲ,lE2 MRR G0 RR R t0)
ကျွန်တော် တို့ ဆီ မှာ နိုင်ငံခြား စာစောင် တွေ ယူ ဖို့ ခွင့် မ ပြု ပါ ဘူး,"nfeဏ တို့ ဒီ ၈ ရီty: ikr တူ့ မ မီ (  မ ပံ ဘ,"
ကျော်သူ သည် နာရေး ကူညီ မှု အသင်း ရန်ကုန် အသင်း ၏ ဥက္ကဋ္ဌ လည်း ဖြစ် သည်,"တာ၄ သ၄ါ ၁တ:- ""ူဏီ 5 12င် 7Pn4 1သင်- ၏ ၄၇၂ .Cယ် (၁ .ဿ"
ခရီးသွား ကိုယ်စားလှယ် က ငွေ ကို လက်ခံ ဖို့ လက်မှတ် လိုအပ် တယ်,ဒရီးယှား ဂိုယ်ဗးလှယ် က ၁၉ ကို လကဝဲ ဖို့ လကပတ လိုဘပ တယ်
ယူရို ငွေကြေး ခရီးဆောင် ချက်လက်မှတ် များ ကို ငွေသား လဲ ချင် လို့ ပါ,ယရို င၄ေငြေ: ဒရီ-ထောင် ဒ)က်လက်ပတ် V၇- ကို ငေသာ- လဲ ဒင် လို ပ)
ပိတ်ရက် မှာ ဘာ အစီအစဉ် တွေ ရှိ လဲ,ပဘဧက ၁ ဘာ ဘငီသဆဉ် တေ နဲ့ လဲ
ကြက်ဥ အကာ ကို ခလောက် လိုက် တာ နဲ့ အမြုပ် ထ တော့ တာ ပဲ,ကြက်ဥ ဘကာ ကို့ ခလောက် လိုက် တာ ခဲ့ ဘမြုပ် ထ ကော့ တာ C
လည်တံ တို ၍ ဦးခေါင်း လုံး ပြီး လျှင် နှာတံ ချွန် ၏,RC4 R t 0s42E2 R S Fue -MR af 4
တစ်စုံတစ်ခု ကို ဆုံးဖြတ် ပြီး သွား ပြီ လား လူကြီးမင်း,ဘစ်စုဘစ်ု ကံ အုံးဖြတ ပြီး သား ပြ လား လဣူိကြီးဖင်း
တောင်ကြီး မြို့ အား ဖြတ်သန်း သော ရထားလမ်း ကို ၁၉၉၅ ခုနှစ် မှ သာ ဖောက်လုပ် ခဲ့ သည်,"ထဉာင်ဤ ( P-: ၂၁fန- ဪ Pဘာ-vu"" က ၁၉၉၅ -၄P ၂ C- zunfryC 2 22"
အဲဒီ မှာ မှားယွင်း တာ အချို့ ရှိ တယ်,ဘဲဒီ )ှ- Qးယှင်: တ ဒဒါို့ ရိ တယ်
ဝါကျ တစ် ခု ဆို ရင် ကတ္တာပုဒ် ကြိယာပုဒ် ပါ စမြဲ ပဲ,ဝါက တစ် ခ ဆို ရင် ကတ္ာပဒ် ကြယာပဒ် ပါ စပြ ပဲ
ကောင်လေး ရဲ့ ဘောင်းဘီ က တင်ပါး နေရာ မှာ စုတ် သွား သည်,ကောင်လေး ရဲ့ ဘောင်းဘီ က တင်ပါး နေရ မှာ စုတ် သား သည်
ပျံသန်း နိုင် ရန် အတွက် တစ်မျိုးတစ်ဖုံ ပြောင်းလဲ နေ ခြင်း သာ ဖြစ် သည်,ယျံသန်း ခိုင် ရန် ဘကွက် ကစ်မိးတစ်ဂံ ပြောင်းလဲ ၀ ခင်း သာ ဖြစ် သည်
မ ကြိုက် ဘူး လား,d ဤnf7: လ-
ဘာ ဖြစ် လို့ ရန်ကုန် ကို တိုက်ရိုက် မ သွား ရ တာ လဲ,ဘာ ဖြစ် လိုံ ရန်္ကန် ကိ တိုကမိုက် မ သား ၈ တ လဲ
ဒီ ခရီး အတွက် ငွေ ဘယ်လောက် ကုန် မလဲ,ဒီ ခရီး ဘတကံ ငွေ ဘယ်လောကံ ကန် မလ
လူနာ ၏ ရောဂါ ကို ကုသ သည်,လနာ ၏ါ ရောဂါ ကို ကုသ သညံ
နေ့တိုင်း ရှစ် နာရီ ကြာ အိပ် ပါ တယ်,tတC- ၇1 . ၈ ဂပ ပ တမ်
ဒီ နား မှာ ကြေးနန်းရုံး ရှိ လား,ဒါ P- 3- PPPP- 1 ---
နှစ် ထပ် မှာ ရှိ တယ်,H R0 W  R4
ကျွန်တော် ခင်ဗျား ရဲ့ အကူအညီ ကို နားလည် ပါ တယ် ဒါ ကျွန်တော့် ကဒ် ပါ,ကျွန်ဝတ ၁င်ဗျ%း ရဲ့ ဘကူဘညိ ဂိ နားလဉ် ပါ တယ် ဒါ ကျွန်ဝတာ့် ကဒ် ပါ
ဒီ နှစ် ခု ရဲ့ ကွာခြားချက် က ဘာ လဲ,ဒီ နှစ် ၃ု ရဲ့ ကွာခြားခုကံ က ဘာ လ
အနီးအနား မှာ လမ်းကြောင်း ရှိ လား,ဘ နီ 1က နံ ၁  ၂ ၁ လ ပ် 1 ၀ ကြ ၁ င် 1 ၅ှိ လ ၁ :
အားနာ ပါ တယ် နောက် တစ် ခု ယူ ပေး မယ်,ဘားနာ ပါ တယ် ဆောက် တစ် ခု ယူ ပေး ပယ်
ဒီ နေ့ ရာသီဥတု ဘယ်လို လဲ,ဒ ခေ့ တယ်ဥတု ဘယ်လို လဲ
သူ အင်္ဂလိပ် စာ လုံးဝ မ တတ် ပါ,သူ အ ဂီ လိ ဝ် စ ၁ လံ  ဝ မ တတ် ပါ
စျေးလျော့ သည်,ထျေးသှာ သှ်
ဝမ်းနည်း သည်,ငမ်-ဿသင် ဿှ်
သန်းတစ်ထောင်,သ နင် ဒတ စ် စ ထ  င
ခင်ဗျား အကြာကြီး စောင့် နေ ရ တာ အားနာ စရာ ကြီး,ဝင်ဗျား ဘကြာ်ကြ်း စောင့် ဒနဲ ရ ကာ ဘားနာ စရာ ကြီး
လက်ငင်း ပဲ,လ က င င် စ ပဲ
မ ဟုတ် ပါ ဘူး ခင်ဗျား နံပါတ် မှား နေ ပါ တယ်,မ ဟုတ် C. ၁၇- ၁င်၀၇: နပါတ် မာ- ငေ G' တယ်
ပျော် စရာ ခရီးထွက် ဖြစ် ပါစေ,el BR ofl2RB 04 144
အဲဒီ အမျိုးသား က ခန္ဓာကိုယ် နဲ့ ယှဉ် လိုက် ရင် အောက်ပိုင်း အရမ်း သေး တယ်,ဘဒီ ၁မါ):သာ- က ဒန္ဓာကိုယ် နဲ ယဉ် လိုက် ရင် ဘောက်ပိုင်: ၈မ်: သေ- တယ်
လုပ်အားပေး ခြင်း များ ကို လည်း အသိအမှတ်မပြု ချေ,"ryC:C.. ဤင်: Sn- ကိ -ယ"" M2nyတU( C'"
သူ က သတ္တိ မ ရှိ ဘူး,"သု ဣ 2g"" d 17ဘ-"
ဟယ် ကိုယ့် ကို ကိုယ် တောင် မ မှတ်မိ တော့ ဘူး,ယယ် ကုယ့် ကံ ကုယ ဘောင် မဲ ပတ၆ တော့ ဘူး
ထမင်း စား လို့ ကောင်း ရဲ့ လား,ထပင်း စား လဲ့ ကာင်း နဲ့ လဟး
ဒီ စာ ကို ချိန် ပေး ပါ,ဒ  ကိုံ ချံး ပေး ပါ
မြန် မြန် လုပ် ပါ,ပြန့် ဖြန့ လပ် ပါ
ခင်ဗျား ကျွန်တော့် ကို ဘာ ကူညီ မှာ လဲ,၁ငဗျး ကျွန်ဝတ့် ကို ဘ ကူညိ လှာ လဲ
ဓာတုဗေဒ ကို လေ့လာ ရာတွင် များ စွာ သော အရေးပါ သည့် အခြေခံ သဘောတရား များ ရှိ သည်,"စoP "" eryprn ဟွင် ထ-- ဥ- ထာ PတU ဿ် HC၂ငါ သတာ၁-- ထ: P2y်"
ထူးဆန်း တယ် နော်,ထူးဆန်း တဟယ် ခော်
ကျွန်တော့် ကလေး အတွက် ထိုင်ခုံ တစ်ခုံစာ လောက် မေး ပါရစေ,ကျန်ကော့် ကလေး ဘကွက် ထိုင်ခံ ကစ်ခံစာ လောက် ပေး ါရ၀ေ
ခရိုင် တွင်း ရှိ မြို့ များ နှင့် သော်ကား နေ့ချင်းပေါက် သင်္ဘော လမ်း အဆက်အသွယ် ရှိ သည်,ခရိုင် ကွင်း ရှိ မြိ့ များ ဒှင့် ထသော်ကား ဖေ့ချင်းပေါက် သင်္ဘော လမ်း ဘဆက်အသယ် ရှိ သည်
ကံကောင်း ပါစေ,ကံကောင်: ၀)e၈
ခွင့်ပြု စေ ချင် တဲ့ ဒီ ပစ္စည်း တွေ အတွက် တင်ပို့ ခွင့် လိုင်စင် ကို ပြ ပါ,၃င့်ပြ၊ စေ ခင် တဲ့ ဒီ ပစ္ည်း တေ့ အတှက် တင်ပို့ ဒင့် လိုင်စင် ကိ ပြ ပါ
သို့ဖြင့် ရွှေ အားလုံး သည် သွပ် တွင် လာ ၍ စုရုံး နေ တော့ ၏,သို့ဖြင့် ဝဠှ ားလုံး သည် ယှပ် တှပ် လ ရ ဝုရဲ: ၁န ၁၀၇့ ၏
ဧည့်ခန်း ထောင့် က အဲဒီ စုံစမ်း ရေး စားပွဲ ကို ဆက်သွယ် ပါ,ဖ့်ဝန်း: ၁ထင့် က ဘဲဒီ ဝဲဝပ်: ၁၈: SO ဣိ ဘကသှယ် ပါ
ပို ကြီး တဲ့ ဆိုဒ် ရှိ သေး လား,ပုံ ကြီ တံ့ ဆို S ၅ှိ စ သ 1 လ ၁ 1
စာအုပ်,fh0
ကောင်း ပြီ ရှစ် နာရီ ရော ဘယ်လို လဲ,ကောင်း ပြီ ရှစ် နာရီ တော ဘယ်ကို လဲ
ကိုးသောင်းကိုးထောင်ကိုးရာကိုးဆယ့်ကိုး,ကိုးသောင်းကိုးထောင်ကိုးရာကိုးဆယ့်ကိုး
ဟို နေရာ မှာ ပါ,CP တP  ပါ
ဒီ ည အပြင်ထွက် စား ရအောင်,ဒီ  ဘပြပ်ထွက ဘး ၈၀ပ်
သမီး အငယ်ဆုံး ကို လက်ထပ် ခိုင်း ပြီး တော့ အိမ်ခွဲ နေ ခိုင်း လိုက် တယ်,သမ်း ဘဘယ်ဆံး ကံ့ လကထပ် ခိုင်း ပြီး တော့ ဘိပ်ခဲ (ေ့ ခိင်း လဲ့်က တယ်
မြို့တော်ခန်းမ ကို မှတ်တိုင် ဘယ်နှ ခု ဖြတ် သွား ရ မှာ လဲ,ပြိံတော်ဒန်-မ ကို ပတ်တိုင် ဘယ်နှ ၃ ဖြတ် သွား ၈ မှာ လဲ
ကုန်သွယ်ခွန် ပေးဆောင် ရ မည့် ရက် ဧပြီ လ ၁ ရက်နေ့,ကုန်သယ်ခန့် ပေးဆောင်  မသ့ ရက် ခြေ လ ၁ ရက်နေ့
အခန်း ခ ဘယ်လောက် လဲ,ဘခန်း  ဘယ်လေဏ လဲ
ကျွန်တော် လို ချင် ပါ တယ်,ကျွန်တော် လို ခင် ပါ တယ်
ထိုင်ခုံ ကို နောက်မှီချ လို့ ရ မလား ခင်ဗျာ,တိင်? ကိ ထn၁ လှ ၇ dr-- -င၁-
ကျွန်တော် ပြေစာ လို ချင် ပါ တယ်,က်td ewi ုိ Hf ပံ တ
ဒီ က နေ ကို ကား နဲ့ သွား ရင် ဘယ်လောက် ကြာ မလဲ,ဒီ က နေ ကံ ကား နဲ့ သား ရင် ဘယ်လလောက ကြာ မလ
လတ်ဆတ် တဲ့ လီမွန်ဖျော်ရည် တစ် ခွက် လောက် ရ နိုင် မလား,လတ်ဆတ် တဲ့ လီမွန်ယျော်ငည် တဆ် ဒက် လောက် င နိုင် ပလား
အားနာ ပါ တယ် ခင်ဗျား လမ်းပျောက် နေ ပြီ,ဘားနာ ါ ကယ် ခင်ထား လမ်းပောက် ၀ေ ပြီ
တစ်ခါတစ်ရံ အရောင် ဆဲလ် မဲ့ သော ငှက် မျိုး ကို လည်း တွေ့ ရ တတ် သည်,ofRpft ti P   F  ဂီ m် tတူ့ 1 Ad 7်
စည်ပင် က ဌာနမှူး ဦးကျော်လင်း က ဆက် တယ် လို့ ပြော ပေး ပါ,စည်ပင် က တန့yူ: ဦီးကျေ်လင်း က ဆက် တယ် လိံ့ ပြော ပေး ပါ
အိမ်ရှင် အသင်း က အလုပ် ကောင်းကောင်း လုပ် ခဲ့ တယ်,ဘိမ်ရှင် ဘသင်း က ဘလုပ် ကောင်းကောင်း လုပ် ခဲ့ တယ်
မင်း က ကိုယ့်ဟာကိုယ် တရုတ် စကားပြော လေ့ကျင့် နေ တာ လား,မင်း က ကိုယ့်ဟာကိုယ် တရုတ် စကားပြော လေ့ကုင့် နေ တာ လား
ညနေ ၆ နာရီ လောက်,ညနေ ၆ နာ်ါ လလောက
ဟဲ့ မိလှ မ ဟုတ် ဟုတ် ဟုတ် ငါ တို့ နဲ့ ဘာ ဆိုင် လို့ လဲ,တဲ့ မံလှ မ 'ုတ် ဟုက် ဟုတက် ငါ တို့ နဲ့ ဘာ ဆိုင် လို့ လဲ
ဒီ နေ့ ချမ်း တယ် နော်,ဒီ နေ့ ၁ပး တယ် ခော်
သစ်ပင် နှစ် ပင် စိုက် ခဲ့ တယ်,သ စ ပ င် ဒ စိ ပ င် ို ကိ ခဲ့ တယ်
တွေ့ ရ တာ ဝမ်းသာ ပါ တယ်,တေ့ ရ တာ ဝဓံးသာ ပါ တယ်
မြန်မာ နိုင်ငံ ဆိုင်ရာ တရုတ် သံရုံး က တစ်ဆင့် ဆက်သွယ် နိုင် ပါ တယ် ခင်ဗျာ,ပြန်မာ နိုင်င် ဆိုင်လ၁ တဂုတ် သံငုံး က တစ်ဆင့် ဆက်သွယ် နိုင် ယါ တယ် ဝင်ဗာ
ကျွန်တော် အတူတူ လိုက် ပြီး ကူညီ ပေး ပါ့ မယ်,ကျန်ကော် ဘတူတူ ကိုက် ပြီး ကူည်ီ ငေး ငါ မယ်
ဘယ်နှ ယောက် သုံးဆောင် မှာ လဲ,ဟယ်နှ ယောင်က ယုံးဆောင် မာ လဲ
ပြ တဲ့ အခါ သေသေချာချာ ကြည့် ပါ,ပြ တဲ့ ဘခါ ယေသေခခ၀ ကည် ပါ
မ ဟုတ် ပါ ဘူး ကျွန်တော် တစ် ယောက် တည်း သွား မှာ ပါ,မ ဟက် ငါ ဘူး ကျွန်တော် တစ် ယောက် တည်း သား မှာ Cါ
အသွား ပါ,ဘသွာ: ပါ
သစ်သား ဆင် တစ် ရုပ် လောက် ကြည့် လို့ ရ နိုင် မလား,သစ်သား ဆင် တစ် ငပ် Cေေဟ်က ကြည့ လိဲ့ ခ ခိုင် ပလား
ဒီ နေ့ အမျိုးသား နေ့ ပါ,ဒီ နေ့ ဘမါ့းသား နေ့ ပါ
ရန်ကုန် လမ်းညွှန် နဲ့ ပတ်သတ် တဲ့ စာအုပ် ဘယ် မှာ ရှိ လဲ,ရန်ကန် လမ်းညန် နဲ့ ပတ်သတ် တဲ့ ဘာဏင် ဘယ် မှာ ၅ လ
သူ တကယ့်ကို ယုံကြည်မှု သမာဓိ ကို အလေးထား ပါ တယ်,ယု တကယ့်ကိ ယကြည်ဟ စာဓိ ကိ ဘဝလးထား ပါ တယ်
စေတီ သည် ရွှေတိဂုံ စေတီတော် ထက် ၃၀ စင်တီမီတာ ခန့် သာ နိမ့် သည်,ထေတီ သည် ထွတင်ဂ ထဆတီထေ ထက် ၁ စင်ဘီဗ်ဘာ သန့် သာ နိုမ့ သည
ရေ နောက်ထပ် တစ် ခွက် လောက် ထပ် ရ နိုင် မလား,ရေ နောက်ထပ်ဲ တစံ ခက် လောကံ ထပ် ရ နိင် မလား
အရင် အတိုင်း ပဲ,င် .တင်- U
အလုပ် တွေ များ လို့ အိမ်စာ မ လုပ် ခဲ့ မိ ဘူး,ဘလုပ် တေ မား လို ဘိမ်စာ မ လပ် )့ မဲ ဘူး
ကျွန်တော် က ထိုင်း မှာ နေ တဲ့ နိုင်ငံခြားသား တစ် ယောက် ပါ,ReR9 R9 RE2 W G. R) Eff122712 RaR GllR I
အပေါ်ထပ် မှာ အိပ် ပါ တယ်,အပေါ်ထပ် မာ အိပ် ပါ တယ်
ခင်ဗျား ဘာ အသီး စား ရ တာ ကြိုက် လဲ,ခင်၀၀း ဘာ ဘယ်း ထား ဝ တာ ကြို့က လဲ
ဒေါက် မြင့် တဲ့ ဖိနပ် စီး လိုက် တာ ခြေထောက် နာ သွား တယ်,ti မl တဲ ပိခပ် ဖီ လီး တ uထF H ၁: တမ
အံ့ဩ စရာ နော်,ဘဲက ၈၈ ငနေ်
စာမေးပွဲ ပြီးပြီးချင်း ကျောင်းသား တွေ က အချင်းချင်း အဖြေ တိုက် ကြည့် ကြ တယ်,စာမေးပ ပြီးပြီးချင်း ကကျောင်းသား လွေ က အချင်းခင်း ဘဝြေ တိုက် ကည့် ကြ တယ်
ကျွန်တော် ချောင်းဆိုး ခြင်း အတွက် တစ် ခု ခု လို ချင် တယ်,ကျွန်ဝတ ၁၁ျှင်းတိုး (ပင်: ဘတှက တပ် ၁ ၃ လို ဒုပ် တယ်
အမေ က ငွေတိုးပေးစား ပြီး ကျွန်တော့် တက္ကသိုလ် ကျောင်းအပ်ခ ရအောင် ပြင်ဆင် ပေး ခဲ့ တယ်,tte = tူefftiP- မီ otn PpPe tnh:ti ၇inl မ1၏ tမ R P-
သွား တု နှစ် ပတ် လောက် တပ် ထား ပြီး မှ အသားကျ မှာ,"သွား တု နှစ် ပတ် လောကံ တပ် ထား ပြီး မှ ဘသားက, မှာ"
ညောင်လေးပင် အမျိုးသား အထက်တန်း ကျောင်း တွင် ဆယ် တန်း အောင်မြင် ခဲ့ သည်,လောင်လေးပင် ဘဓါ့(းသာ- အထက်တန်: ကေဂင်: တွင် ဆယ် တန်: အောင်ပြင် ၁ သည်
ဖျား တာ လား,"ငါ ""-5 ""-S%"
ဆံပင် တွေ လွင့်ပျံ နေ သည်,အဲပင် စတ လင့်ပဲ့ နေ သည်
အလုပ် သစ် ရ ပြီ လို့ ကြား တယ် ကောင်း လိုက် တာ,ဘ လှ ပ သ စ် ရ ပြီ လို့ ကြ ၁  တယ် စ က ၁ င် = လို က တ ၁
ဒီ လမ်း က ဟိုး က နေ စ ပြီး ကုန်းတက်လမ်း ဖြစ် တယ်,ဒီ လပဲး က ဟိုး က နေ စ ပြီး ကုန်းတက်လမဲး ဖြစ် တယ်
အသား နဲ့ ငါး တွေ ထဲ က ကျွန်တော် က တော့ ငါး ကို ကြိုက် တယ်,ဘသား နဲ့ ငါး တေ ထ က ကျန်တော် က တော့ ငါး ကို ကြိ က် တယ်
အမှန်တကယ် ပဲ လား,ဤgRaR49 D K712
တာဝန် ကို အခြားသူ ထံ လွှဲချ သည်,တ ၁ ဝ န် ကို အS ၁ 1သူ ထဲ လှဲ ခ သည
​သောက် စရာ တစ် ခု ခု လို ချင် ပါ သလား,သောက် စတာ တစ် ခ ခ လို ခင် ငါ သလား
ချိုစန်း ဟော်တယ် သွား ချင် တယ်,aiRa1 El904I4D 11 eE P49
ဘယ် လမ်း လဲ,ဘယ လင်- .
သူ က စကားပြော မြန် လို့ တစ်ခါတစ်လေ နားမလည် ဘူး,သူ က စကားပြော ဖြန့် လိဲ့ တစ်ခါတစ်လေ ခုားပလည် ဘး
ကျွန်တော့် ကင်မရာ က အပေါ် က အခန်း မှာ ရှိ နိုင် လား,ကျွန်ဝတ့် ကပ်၀၈ က ဘဝပါ က ဘဝန်း မှာ ရှိ နိင် လး
ကျွန်တော် လေယာဉ် ပေါ် ယူ ဖို့ အိတ် ဘယ်လောက် ခွင့်ပြု ထား လဲ,ကျွန်တော် လေယာဉ် ပေါ် ယူ ဖဲ့ အိတ် ဘယ်လောက် ငင့ပြ( ထား လဲ
ကျွန်တော် ဟမ်ဘာဂါ နဲ့ ပြင်သစ် အကြော်အလှော် စား ချင် ပါ တယ်,ကျန်ဝတ တပ်၁ဂါ နဲ့ ပြင်သစ် ၁၁C၁လှ ဘး ဒုင် ပါ တယ်
နိုင်ငံတော် နေ့ မှာ ဟောပြောပွဲ သို့မဟုတ် အဆို အက ပြိုင်ပွဲ ကျင်းပ မယ်,EPCeတေ နေံ့ ၂မှာ တောပြောပဲ သို့ပဟုတ် ဘ၏ တက ပြင်ပ ကင်းပ ဖယ်
အရင် သွား နှင့် ပါ,ဘ ရ င် သ ၁ 1  ငိ ပါ
အိတ် ဘယ်လောက် သယ် ခွင့် ရှိ လဲ,ဘိတ ဘယ်လေက် သယ် ခင့် ခ့် လဲ
ခင်ဗျား မြို့တွင်း မှာ ပဲ သုံး မယ် ဆို ရင် ကား သေး လို လိမ့် မယ်,le- မတ်၊ ၈ မ =  ဒီ ၇ က 4 ဂ ကီး ၈
ကြည့် ပါ,ကြည့် ပါ
ကောင်း တယ် ငါး တစ် ပွဲ အမဲသား တစ် ပွဲ ပေး ပါ,ကောင်း တယ် ငါး တစ် ပ ဘမံသား တစ် ပ ပေး ပါ
အိမ်စာ များ ကို တွက်ချက် ဖြေရှင်း သည်,"၏4mn d-: "" mnarn 2uင်- 22"
ကြာ ပန်း ဝယ် ချင် တယ်,ကြာ ပန်: ဝယ် ဒင် တယ်
တော်တော် စိတ်လှုပ်ရှား ဖို့ ကောင်း တယ်,"တော်တော် ခဘီလှ်ှား န, ကောင်း တယ်"
ဆရာ အခု အလုပ် များ ရှုပ် နေ မ လား,"t Tt tf0D  10 h t ""-"
ခင်ဗျား ဆရာဝန် သွား ပြ သေး လား,ခင်၀ား ဆတာဝန် ဃား ပြ သေး လား
လှေ တစ် စင်း ငှား ဖို့ ဘယ်လောက် ကုန်ကျ လဲ,လလှေ တစ် စင်း ၄ား ဖိ ဘယ်လောက် ကုန်ကျ လဲ
ခင်ဗျား ဝယ် တဲ့ စားပွဲတင်နာရီ အရမ်း ကြည့် ကောင်း တယ်,၀ငဗျr ဝယ တဲ့ ဘးပဲတပ်နာရီ ဘရပ်: (၄) ၁ကပ်: တယ်
ပူတာအို ဒေသ ကို ရှေး က ခန္ထီလုံ ဒေသ ဟု ခေါ် သည်,ပတဘါ 2၁၁ ကို ၁၅: က ၁နိ့လ) ၀၁ဩ ု ဝဒါ သ၄်
မင်္ဂလာ နေ့ ရက် က ဘယ် နေ့ လဲ,မင်္ဂာ နေ့ ရက် က ဘယ် နေ့ လဲ
ကျွန်တော် သိ ပြီ,ကျန်တေ သိ ပြ်
ဆရာ့ အိမ် ကို ဘယ်လို သွား ရ မလဲ ပြောပြ ပါ,ထ( P0 -. ဘC) ၁- ၇ တr. ၀၂၇ပ ပ
ကျွန်တော် တို့ ရေကူး နိုင် မယ့် နေရာ ရှိ လား,ကန်တော် တို့ ရေကူး ဇိင် မယ့် နနေရာ ဓှိ လား
တယ်လီဖုန်း ဆက် ချင် ပါ တယ်,တယ်လီဖန်း ဆက် ခုင် ပါ တယ်
ဆောင်းတွင်း တစ်တွင်းလုံး အတွက် ထင်း လုံလုံလောက်လောက် ရှိ ရဲ့ လား,ဆောင်းတင်း တစ်တင်းလ့်း ဘထက် ထင်း လု့်လိ့်ထောက်လောက ၆ နေ့ ား
ရန် တွေ ကုန်စင် သော အဓိပ္ပါယ် နှင့် အလောင်းမင်းတရားကြီး က ရန်ကုန် ဟု အမည် ပြောင်း လိုက် သည်,ရန့် တေ့ ကန်စင် သော အဓိပါယ် နင့် အလေင်းမင်းတတး်ကြီး က ရန်ကန့် ဟ အမည် ြောင်း လိက် သည်
ဂျပန် ကို ဖုန်းဆက် ချင် ပါ တယ်,၀ပန ကို uးဆက် ခင် ပါ တယ်
မင်း ကို သေ တာ တောင် မ စွန့်လွှတ် နိုင် ဘူး,မင်: ကို သေ တာ ကောင် မ စွန့်လှက် နိုင် ဘူး
အတော့် ကို မြန် တာ ပဲ ဘယ်လောက် လဲ,ဘတော် ကို ဖြန် တာ ပ ဘယ်လောက် လဲ
ဒီ နေရာ မှာ အီးမေးလ် စစ် လို့ ရ နိုင် မလား,ဒီ ငs၈၇ မ ဒီ-လေလဲ စစ် လို ၈ ခိုင် မလာ-
ဒီ နေ့ အလုပ် တွေ များ လို့ မနက်ဖြန် မှ တွေ့ ကြ ရအောင်,ဒီ နေ့ ဘလ် ဝတ nး လိုံ မနုကိဖြန် ၂ှ ဝ ကြ ရဧဘောင်
များသောအားဖြင့် ၄ နာရီ လောက် ပါ,ဖားသောဏားဖြင့် ၄ နာစီ လောက် ပါ
ဘတ်စ်ကား လာ နေ ပြီ,ဘ တ စ က ၁ 1 လ ၁ ၈ နဲ ပြီ
ကျွန်တော် နဲ့ သွား ကြည့် မလား,ကန်တော် နဲ့ သွား ကြည့ မလား
မင်း အပေါ် မှာ မစ္ဆရိယစိတ် မ ရှိ ပါ ဘူး,ပင်း အပေါ် ၂ှ၁ ပဋ္ဌတါ့ယစိတ် မ ၅ါ့ ပါ ဘုး
သူမ က ဩဂုတ် လ ၁၅ ရက်နေ့ မွေး တာ ပါ,သမ က ဩဂတ် လ ၁၅ ရက်ခေ့ မေး တာ ပါ
ဒီ အနီးနား မှာ စာတိုက် ရှိ ပါ သလား,ဒီ ဘနီးနား ဗှ ဘတိက ရှိ ပါ လလး
ခင်ဗျား ကျန်းမာရေး ဘယ်လို လဲ,၁င်၁- ကုန်တတ- -ယ) rC
ကျွန်တော် တို့ ရဲ့ ခရီး ဘယ် တော့ စ မလဲ,peတ တီ ၇ 1 - မတ 1 iP
ကျွန်တော် မှာ ထား တာ တော်တော် ကြာ မှာ လား,ကျွ(န်တော် ဟာ ထား တာ တော်တော် ကြာ ဟာ လား
ပန်းဝတ်မှုန် နဲ့ မ တည့် တာ ရှိ တယ်,ပန်းဝတ်ပွန် နဲ့  တဋ့်် တ ရှိ တယ်
သွား ကြည့် လို့ ရ ပြီ လား,သှး ဤဋ့် လို့ ရ (၂ လး
အဲဒီ လူ ပဲ ငါ့ စိတ် ကို နားလည် တယ်,ဤါဒါ 1J B ဆ၃ RR R9 112R1 R94D
သူ က အပြော ပဲ ကောင်း တာ လက်တွေ့ ကျ တော့ မ လုပ် ဘူး,a R9 e09 B Gf7T9E5 TT1 11R4R 11 GRy H K 21
ကိုယ် အသက် ကြီး တာ ကို သတိ မ ရ ချင် ဘူး,ကိုယ် အသက် တီး- တာ ကို သတိ မ ၈ ဒင် ဘူ-
အပေါ် က နေ ကျွန်တော် တို့ အဲဒါ ကို ရှင်းရှင်းလင်းလင်း မြင် နိုင် လား,ဘဝေါ က ၀ ကျန်တော် ကို့ ဘဲဒါ ကို ရှင်းရှင်းလင်းလင်း မြင် နိုင် လား
အဲဒီ လူ က လက်ထပ် လိုက် ပြီ လို့ တော့ ပြော တာ ပဲ,ဘဲဒီ လူ က လက်ထပ် လိုကံ ပြီ လို့ တော့ ပြော တာ ပဲ
အဲဒီ မှာ ကျောင်းသား ကျောင်းသူ တွေ စာမေးပွဲ ဖြေ နေ တယ်,ဘဲဒီ မှာ ကကောင်းသား ကေောင်းသု တေ ဘာမေးပ ပြေ နနေ တယ်
ဆယ်သိန်း,ထယ်သိန်း
ကျွန်တော် အရသာ သိပ် မတွေ့ ဘူး အလွန် ပျော့ တယ်,ကွ န် စ တ ၁ အ ရ သ ၁ သိ ပ မ စ ထ့ ဘူ 1 အ လှ န် ၈ ပ) ၁ တ်
အဆင်ပြေ ပါ တယ် ရှင် အဆောင်မှူး က လည်း လိုလေသေးမရှိ ပြင်ဆင် ပေး ထား ပါ တယ်,ဘဘင်ဝပြ ပါ တယ် ၎င် ဘဝထောင်ပူး က လည်း လိဝလဝသးလရှိ (ပြင်ဘင် ဝC: ထား ပါ တယ်
မနက်ဖြန် ၇ နာရီ မှာ နှိုး ပါ,ယခက်ပြန် ဂ ဆာင်ဂ ယာ နှုး ပါ
အိုး ခင်ဗျား ပါ လား,ဘိုး ခင်လား ါ လား
ဗိုက်ဆာ နေ ပြီ,ဝိကသာ ငန ပြီ
သိမ်း ထား ပါ ဆရာ,သံမံး ထား ပါ ဆရာ
တစ် တုံး ကို ၅၀ ကျပ် ပါ,ဤ9 တို2 R} 14 1D 1
ရာသီ က ပူနွေး စိုစွတ် တယ်,ရ ၁ ဘီ က ပ စ ဒ 1 စိ စ တ တဟ်
ဘာ တံတား လဲ ဗျ,ဘာ ဘကား က S
ခင်ဗျား သတ္တိ နည်း တာ ကြွက် ကျ နေ တာ ပဲ,ခင်၀၇- သတ္ိ့ နည်- တာ ကြွက် က( နေ တာ ပ
လုံးဝ မ သောက် ဘူး အအေး ရ နိုင် မလား,R2R H9 R279R m5 dR4211 1 နိစ် RMR111
ဒီ နား တစ်ဝိုက် မှာ လမ်းဘေး ဖုန်း ဘယ် နား မှာ ရှိ လဲ,ဒီ နာ- တစ်ဂိက် မာ လမဲ-ဘေ: (ဖန်: ဘယ် နာ- မာ ရီ လဲ
သူ က အကျင့် စာရိတ္တ မ ကောင်း ဘူး,သ က အကျင့် စာစိထှ မ ကောင်း ဘး
ဝမ်းသာ စရာ သတင်း ကြား ရ သည်,တပ်းသာ စေ သတင်း ကြား ခ သည
ခင်ဗျား မှာ လက်ဖက်ရည် အိုး ရှိ သလား,၁င်၃၇: ၂ှာ လကဖကရည် ဏး ၅ သလား
သစ်ရွက် ခြောက် ဖြင့် နှင်း ကို ဖုံးအုပ် သည်,သစ်ရွက် ကြောက် ပြင့် နှင်: ကို ပု-၁၆် သည်
အဲဒီ လို နည်းလမ်း ကောင်း ရှိ တယ် ဆို တာ သိ ကို မ သိ ဘူး,အဲဒီ လို နည်းလမး ကောင်း ရှိ တယ် ဆိ တာ သိ ကို မ သိ ဘုး
ရေနံစိမ်း ကို ကုန်ကြမ်း အဖြစ် သုံး ပြီး ပစ္စည်း အမျိုးမျိုး ကို ထုတ်လုပ် နိုင် တယ်,၀၈န်ဝိယ်: ငိ ကန်ကြပ်: ဘဖြပ် ယံး (ပီး ပ၉ယ်: ဘယိုးပျိုး ကို ထုတ်လုပ် နိပ် တယ်
မြေအောက် ရထား ဘူတာ ဘယ် မှာ ရှိ ပါ သလဲ,ဝပြဝဘာက် ဂထား ဘူတ ဘယ် လှာ ရှိ ပါ သလဲ
ရှေး က ပင် အသုံးပြု ခဲ့ သော ကြိုးတပ်တူရိယာ များ လည်း ရှိ သေး သည်,ရှေး က Cင် ဘသုံးပြ ခဲ့ သော ကြိုံးတပ်ကူရိယာ များ လည်း ရှိ သေး သည်
အခြေခံ ကွန်ပျူတာ သင်တန်း မှာ ဘာ တွေ သင် ပေး သလဲ,ဘခြေခဲ ကွန်ပျ)ုတာ သင်တန်း မှာ ဘာ တွေ သင် ပေး သလ
သူ ဟာ ကိုင် ထား တဲ့ ကလေး ရဲ့ လက် ကို လွှတ် လိုက် တယ်,သု ဟာ ကိုင် ထား တ့ ကလေး ရ့ လကံ ကို လွှတ် လိုက် တယ်
ဘယ်လောက် ကြာ မလဲ,ဘယ်လောက် ကြာ မလ
အမှား နည်းနည်း ဖြစ် သွား တဲ့ အတွက် တကယ် စိတ်မကောင်း ပါ ဘူး တောင်းပန် ပါ တယ်,ဘးမှား နည်းနည်း ဖြစ် သား ဘဲ့ ဘထက် ဘကယ် စိတ်ပကောင်း ပါ ဘူ) ခောင်းပန် ပါ ဘယ်
အပူချိန် ပြောင်းလဲ မှု ဆိုးဝါး သည်,ဘဋဘျိန် ၁ပြာင်းလဲ (ူ ထိုးဝါး သည်
ကျွန်တော် အနူးအညွတ် တောင်းပန် ပါ တယ် ဆရာ,nft Thh4 Wfhruf V PP
ဒီ နေ့ ဘယ်သူ က ဒကာခံ မလဲ,ဒီ နေ့ ဘယ်သ က ဒကာဒံ မလဲ
လေဆိပ် အထိ ဘတ်စ်ကားခ ဘယ်လောက် ကျ ပါ သလဲ,လေဆိပ်၌ ဘထိ ဘတ်စကားခ တယ်လောက်က် က) ပါ' ယလဲ
ကား အသေး တစ် စီး လို ချင် ပါ တယ်,ကား ဘသေး တစ် စီး လို ခင် ပါ တယ်
လန်ဒန် ကို ညနေ ၈ နာရီ အတွက် အပြန် လက်မှတ် ၃ စောင် ပေး ပါ,လန့်ဒန့် ကို သနေ ၈ နာစီ အတက် အပြန် လက်မတ် ၃ စောင် ပေး ပါ
တော်တော် ကောင်း သွား ပါ ပြီ,၀၀ဝတ ဝကင်း သှး ပါ (ြ
နံပါတ် ၇ အဆန်ရထား အချိန် မှန် သလား,နံပါက် ရ ဘဆန်ရလား ဘချိန် မှန် သလား
ချစ်မေတ္တာ တွေ ပြည့်လျှံ နေ တဲ့ စာ ကို ဖတ် ပြီး စိတ်လှုပ်ရှား ခဲ့ တယ်,ခုစ်မေတာ တေ့ ပြည့လှံ် နနေ တဲ့ ဆာ ကို ဖတ် ပြီး စိတံလှပ်ရှား ခဲ့ တယ်
စျေးဆစ် သည်,စ ၈ 1ဆ စ် သ ဉ
အများ သုံး ဖုန်း ကို သာ သုံးစွဲ ရ မည်,ဘမား သုံး ဖန်း ကို သာ သံးစွဲ ရ မည်
ကျွန်တော် နေမကောင်း ဘူး,RfR9 G-36fP96E1 215
ဘယ်လောက် လဲ,ဘယ်လောက် လဲ
ခင်ဗျား က ကျွန်တော့် ကို အများကြီး ကူညီ ပါ တယ်,ဝင်ဗျား က ကျှန်တော့် ကို ဘများကြီး ကူည် Cါ တယ်
ကလေးငယ် ကလေး တွေ လမ်းလျှောက် ရာ က လဲကျ တာ ဖြစ် တတ် ပါ တယ်,ကလေးငယ် ကလေး လွေ လမ်းလျှောက် ရာ က လဲကျ တာ ဖြစ် ကတ် Cါ တယ်
ကောင်း ပါ ပြီ ဆရာ ပြီး ရင် ယူလာ ပေး ပါ့ မယ်,GlE2  l0 R19 5 te WR171 R12 t 124
မြို့ပတ်ရထား က ဘူတာ တိုင်း ရပ် တယ်,ပြုံ့ပတ်ဝထား က ဘူတာ တိုင်း ငပ် တယ်
ဆယ့်သုံး,ထယ်ထုံး
အိတ် တွေ ကို ဘယ် မှာ သွား ထုတ် ရ မလဲ,ဂိဇ ဖ ဂီ - ၅ 1- အP ( t
အရသာ က ဘယ်လို လဲ,အ ရ သ ၁ က ဘယ် လို လဲ
ကောင်း တယ်,ဝ က ၁ င် စ တယ
ကျောင်း,ကျောင်-
စာရင်း ကြိုတင် ပေး ထား တာ အတည်ပြု ချင် လို့ ပါ,စာရင်း ကြံ၊ တင် ပေး ထား တာ အတညံပြု ခင် လို့ ပါ
အဲ့ဒါ က စာရင်း မ သွင်း ထား တဲ့ နံပါတ် ပါ,အဲ့ဒါ က စာရင်း မ သင်း ထား တဲ့ နံပါတ် ပါ
သူ က တော့ နေ့ တိုင်း အားကစား လုပ် တယ်,သူ က ဝတ) ဝနဲ့ တိင်း ဘးကစား လပ တယ်
အေး အပြန် ကို ကား အလွတ် မ ပြန် ရအောင် ကုန် ရှာ ခဲ့ ကြ,ထေး ဘပြန် ကို ကား ဘလှက် မ ပြန် ရယောင် ကုန် ရှာ ခဲ့ ကြ
ကျေးဇူးတင် လို့ တောင် မ ကျေ ပါ ဘူး,ကျေးဇူးတင် လို့ ကောင် မ ကျေ ါ ဘူး
စိတ်မကောင်း စရာ က အေ ကို ဒီ က နေ တိုက်ရိုက် ရထား မ ရှိ ပါ ဘူး,စိင်မကောင်း စ၈ရာ က တေ ကို ဒီ က ဇေ ကိုက်ရိုက် ရထား မ ရှိ (ါ ဘူး
ကောင်း တဲ့ တစ် နေရာ ရာ ကို အကြံပြု ပေး နိုင် လား,ကေင်း တဲ့ တစ် ခေတာ လ ကုံ ဘကြပြ ပေး နိုင် လား
တစ်ရာ,Ff
ပါတီပွဲ ကျင်းပ နေ တယ်,uါoD .ကျင်းပ ဟှ Dr'
စာမေးပွဲ ကို ပွတ်ကာသီကာ အောင်မြင် တယ်,စာမေ.ပ ကို ပတ်ကာသီကာ အောင်ပြင် တယ်
၁၉၂၅ ခုနှစ် တွင် ရန်ကုန် မြို့ မြို့မ အထက်တန်း ကျောင်း မှ ဆယ် တန်း အောင်မြင် ခဲ့ သည်,၁၇ ၂၈ ခနှစ် တွင် ၎န်ကန် ပြုံ ဖြံ့ ဘထက်တန်း ကောင်း ပ ဆယ် တန်း ဘောင်ပြင် ခ)ဲ ယည်
ကောင်း ပြီ ငါ့ ကို ဆိုဒ် သေး ပေး ပါ,၈rf- မီ ရုံ ဂီ ဇီ် ၈၁ tပ: ပံ
အစာ စား ပြီး သွားတိုက် ပလုတ်ကျင်း သည်,ဘ ၈ ၁ ၈ ၁ 1 ပြီ  သှ ၁ 1တို က ပ လု တ ကှ င် 1 သ ည
ကျွန်တော် အစာအိမ် နာ နေ တယ်,"ကွ န် စ တ ဒ "" ၈ ၁ ဘိ ပံ နံ ၁ ၈ နံ တယ်"
ငှက်အသိုက် မှာ ငှက် ပေါက် နေ တယ်,ငကဘသ့က .ာ ဌက ပေါက် Sေ တယ်
နှစ်ဟောင်း ကုန် ၍ နှစ်သစ် ရောက် သည်,နှစ်ဟောင်: ကုန် ၍ နှစ်သစ် တောက် သည်
သို့သော် ထို အချိန် တွင် ဝက်ဝံကလေး များ ၌ အမွေး ထူ များ ရှိ နေ လေ ပြီ,သို့သော် ထို ဘခံ့န် တင် ဝကံပ်ကလေး မုား ၌ ဘမေး ထု မျှား နိ နေ လေ ပီ
သူမ က ပန်း ခူး ပြီး ကျွန်တော် ကို နမ်း ကြည့် ခိုင်း တယ်,သူဖ က ပနး 21 ပြီး ကျွန်စော် ကိံ န၆်: ကြည့် SိEး တယ်
လှ လိုက် တဲ့ ဥယျာဉ်,"လှ လိုက် ဘဲ့ ဥယဥ်,"
ခင်ဗျား မှာ ချင်းမိုင် မြေပုံ ရှိ လား,ဝင်ဗျး လ ဒျင်းဆိင် ၀၆၂ပ) ရှိ လး
အချိုပွဲ တွေ အတွက် နေရာ မ ရှိ တော့ ဘူး,ဘချုပဲ တေေ ဘဘက Sေ့ဘ ပဲ ၌ တော့ ဘူး
ကျွန်တော် အားကစား တွေ ကို ကြိုက် တယ်,ကျွန်ဝတ ဘားကဗး ဝတ ငိ ဤက် တယ်
ကိတ်မုန့် ဆိုင် ဘယ် မှာ လဲ,ကိတ်ပန့် တိုင် ဘယ် ဗှာ လဲ
ခင်ဗျား မေဂျာ ကို ခင်ဗျား နှစ်သက် ပါ သလား,၁င်ဗျး O၀ဏ က ၁င်ဗျ နှစ်သက် ပါ သလး
စက်ရုံ မှာ လုပ် တာ လား,စက်ရုံ မှ၁ လုပ် တာ လား
ခင်ဗျား မှာ အစ်မ ဘယ်နှ ယောက် ရှိ လဲ,၁င်၁- ၂ 1Pd -ဘuy Cnf 1P.rC
ဒါ လေး လက်ခံ ပေး ပါ,ဒါ လေး လက်ခံ ဇေး ပါ
ခင်ဗျား ကံကောင်း မယ် လို့ မျှော်လင့် ပါ တယ်,ခင်၀၇- တကောင်း- မယ် လို မြော်လင် ပ) တယ်
ဒါ နဲ့ စကားမစပ် ကို ဘယ် အချိန် ရောက် မလဲ,d နဲ့ RR791R1R9 1 za4D a Gf9R9 3K)
ကံဆိုး တာ ပဲ ခင်ဗျား နောက်ထပ် တစ် စောင် ဝယ် ရ မယ်,ကံဆိုး တာ ပဲ ဝင်ဗား နောက်ထပ် တစ် စောင် ဝယ် ငု မယ်
ကို ရဲ့ မှာ တစ်စိတ်တစ်ပိုင်း ဖော်ပြ ပါ တယ်,ကို ရဲ့ မှာ ကစ်စိတ်ကစ်ပိုင်း ဖော်ပြ ပါ တယ်
တစ်ရာ့ခုနှစ်,တစ်စာဒှစ်
အခြေအနေ က ဆိုးဝါး တယ် လို့ ထင် တယ်,HmPတ - Sှဝါ:- ယ' လှိ ထင် Cuပ'
ခင်ဗျား ရဲ့ လက်ဆွဲသေတ္တာ ရောက် ပါ ပြီ,ခင်ဗုား ရဲ လက်ဆွသေတာ ရောက် ပါ ပြ်
မိုးကြိုး သာ ပစ် တယ် မိုး မ ရွာ ဘူး,မိုးကြံး သာ ပစံ တယ် မိုး မ ရာ ဘူး
ဒီ ဟာ စား လို့ ရ လား,။ီ ဟ ၊ ဂီ ၇ ၊
နှစ် မျိုး စလုံး ကို လေး ငါး ပုလင်း လောက် ပြင်ဆင် ထား ပါ,၅စ် ဒ၉ ၁လး ကိံ ဧလs ငါ ပလင်း လောက် ပြင်ဆအင် ထား ၆ါ
အိတ် က ဘယ် မှာ လဲ,ဏီတ် က ဘယ် မှာ လ
မျက်နှာရိပ်မျက်နှာကဲ ကြည့် ပြီး အလုပ် လုပ် သည်,ပက်နာခ်ပ်ပျက်ခာက ကြည့ ပြ်ီး ဘလပ် C၆ သည်
‌ကျေးဇူးတင် ပါ တယ် ဆရာ,စ ကှ ? တူတ င် ပါ တယ် ဆ ရ ၁
အိပ်စင် တွေ က အုပ်စု တွေ ခွဲ ထား တယ်,ဘိပ်စင် တေ့ က ဘုပ်စု တေ ခ ထား တယ်
ကျွန်တော် တို့ နယ်ပယ်ပိုင်း အလုပ် က မျှော်လင့်ချက် မဲ့ ပါ တယ်,ကျန်တော် တို့ ခယ်ပယ်ဝိင်း အလပ် က မေဂ်လင့်ခ)က် ခဲ့ ပါ တယ်
ကျွန်တော် သောက်ရေ အနည်းငယ် လို ချင် ပါ တယ်,ကျွန်ကော် သောက်တေ ဘနည်းငယ် လို ခင် ငါ ကယ်
သူမ က စာဖတ် နေ ရင်း က စ ငို လာ တယ်,သူd - SuOf တှ ဂင်: - S C rဟ Q.'
အဲ့ဒါ ကို ဘယ်လို နှစ်သက် သလဲ,အဲ့ဒါ ကို ဘယ်လို နှစ်သက် သလ
ဟုတ် တယ် အချို အငန် ဆီ ရှောင် တာ မ မှား ဘူး,ဟုတ် တယ် ၁ခါ ဘငင် ဆိ ငှောင် တာ ယ ပား ဘူး
ရုပ်ရှင် မှာ အဓိက သရုပ်ဆောင် ခန်း မှ ပါ တယ်,ရပ်ရှင် မှာ ဘဓိက သရပ်ယောင် ခန်း မှ ငါ တယ်
နည်းနည်း နောက်ကျ တယ် နော်,နန်းနန်: fAPm 0မ f4
သူ့ ရှူးဖိနပ် က ဘာ အရောင် လဲ,သူ့၅ူ134S က ဘာ အeေင် လဲ
အဓိပ္ပာယ် မ ရှိ တဲ့ စကား ပြော တာ သူ ပြော တာ နားမထောင် နဲ့,ဘမ်((၁ယ် မ ရှိ ကဲ့ စကား ပြာ ကာ သူ ပြော ကာ နားမလောင် ခဲ့
ကျွန်တော် နို့ ကော်ဖီ လို ချင် ပါ တယ်,ကန်တော် နဲ့ ကော်ဖီ လို ခင် ပါ တယ်
အနီးဆုံး သွား ဆေးခန်း ဘယ်မှာ ရှိ လဲ,Hန.3-: ဩ-- ထ-၁- -C၂ P.r'
သူမ က ပြော တယ် နောက်ကျ သွား လို့ တောင်းပန် ပါ တယ် တဲ့,သူမ က ပြော တယ် နောက်က သွား လို တောင်းပန်ံ ပါ တယ် တဲ့
သူ တို့ မနက်ဖြန် ဘတ်စ်ကက်ဘော ကစား မယ်,ယူ တို့ ယခငကကဖြန် ဘတ်စ်ကကတော ကထား ပယ်
‌ပျော်ရွှင် စရာ ခရီး တစ် ခု ဖြစ် ပါစေ,ပော်ဂွင် ၈၀၁ ၁င်ီး တစ်  ဖြစ် ပါစေ
သင်္ဘော ပေါ် တက် ကြ စို့,သင်္ဘော ငေါ် တက် ကြ စို့
ခင်ဗျား ဒီ မှာ နေ ရ တာ ပျော်ရွှင် မယ် လို့ မျှော်လင့် ပါ တယ်,၁င၀ျ%: ဒီ ဟ ၁န ၈ တ ၁ပရှပ် ပယ် လို့ ဝပျလင့် ပါ တယ်
ခင်ဗျား တို့ မှာ ချုပ် ပြီး သား ကျွန်တော် နဲ့ လိုက်ဖက် တာ များ ရှိ ပါ သလား,of်t95 Hို H1 R 02 2711 Ret Sု့ MRRR3R R1 1195 R  2MR711
သွား ကြည့် ပေမဲ့ လည်း ရှိ မှာ မ ဟုတ် ပါ ဘူး,သား ကြည် ပေမ့ လည်း S မှာ မ ဟတာ် ပါ ဘ1
ခင်ဗျား ရဲ့ အကြိုက်ဆုံး ရုပ်ရှင်မင်းသား မင်းသမီး တွေ က ဘယ်သူ တွေ လဲ,ခင်၀ား ငဲ့ ဘကြှု့်ကဆုံး ၎ပ်၄ငပင်းသား ယင်းယာဖီး တေ က တယ်ယ့ တေ လဲ
အဲဒီ လူ တွေ လောက် နဲ့ တော့ ဘယ်လောက် အင်အား ရှိ မလဲ,အဲဗီ လု ထေ လောက် နဲ့ တတော့ ဘယ်လလောက ဘင်တား၅. ပလ
ဖြည်းဖြည်း ပြော ပါ,U2်:D၄ဃ- ၂ ပ
ဒါ ကျွန်တော့် ကုမ္ပဏီ လိပ်စာ ကဒ် ပါ,"ဒါ ကွ န် ခ တ ၁, က ပု ဂီ လိ ပ စ ၁ က ဒ ပါ"
ဂွမ်ဂျူ ကို သွား တဲ့ ဘတ်စ်ကား ဘယ်နှ နာရီ မှာ ရှိ ပါ သလဲ,၇၆၇n။ ကို သား တဲ့ ဘတ်စ်ကား ဘယ်ခ နာစီ မှာ ရှိ ပါ သလဲ
ကျွန်တော် ကိုယ်အားဉာဏ်အား တတ်စွမ်းသရွှေ့ လူကြီးမင်း တို့ ကို ကူညီ ပေး ပါ မယ်,ကျန်တော် ကိုယ်ဘားဉာက်ဘား တက်စွမ်းသလှေ့ လူကြီးမင်း တို့ ကို ကူညီ ငေး .ါ မယ်
မိုးတိမ်မဲ တွေ ကောင်းကင် ကို ဖုံးအုပ် သွား တယ်,ခိုးတိဓိပဲ တေ ကေင်းကင် ကို ပုံးဒုပ် ယား တယ်
တရုတ် ပြည်,တရတ် ပည်
စိတ်လှုပ်ရှား သည်,စတ်လှ်ှား သည်
သွား စရာ အများကြီး ရှိ လား,သား ၈. ဘပျားကြီး ၆ှ လား
လယ် စိုက် ပြီး တော့ မှ ရိတ်သိမ်း မယ့် ရက် ကို စောင့် နေ တာ ပေါ့,လယ် စိက ပြီး တော့ ၂ဲ ခါဘသိမ်း ယယ့ ဧက် ကံ ဆောင့် ခေ့ တာ ယေါ့
၄ နာရီ ထိုး ဖို့ ၅ မိနစ် လို တယ်,၄ နာဂါ ထိုး ဖို ၅ ဒီိခစ် လို တယ်
ဘယ် အပိုင်း ကို အကြိုက်ဆုံး လဲ,ဘယ် ဘပိင်း ကိ Sgက်အံး လဲ
နောက်အကျဆုံး ဘယ် အချိန် ထွက် နိုင် မလဲ,ဆောင်အကဆုံး ဘယ် အဘချံး ထင်္ နိုင် ယလဲ
ဒီ ရထား ပေါ် မှာ စားသောက် တွဲ ရှိ လား,ဒီ ရထား ပေါ် မှာ စားသောက် တဲ့ ရိ လား
ပြန်လှည့် တာ အကောင်းဆုံး ပဲ,ပြန်လှည် တာ အကောင်-သု- ပဲ
ခင်ဗျား ဘာ လို့ ကျွန်တော့် ကို အဲသည်လို ကြည့် တာ လဲ,ခင်ပား ဘာ လိ့ ကျန်တော့ ကျံ် ဘသည်လဲ ကြည့ တာ လဲ
စောင့် နေ ရ တဲ့ အတွက် တောင်းပန် ပါ တယ်,GRf GH 11 P) RR9H9 GR779ElH 1 RT9
မှန်းချက် နှင့် ကိုက်ညီ သည်,မှနးချက ၅၄့ ကိကညိ သည်
ကျွန်တော် ပို ကြီး တဲ့ တစ် ခု ခု ကို လို ချင် ခဲ့ တယ်,ကျွန်ဝတ ( ဤီး တဲ့ တစ် ဒ ၃ ု လို ဒျင် ခဲ့ တယ်
၁၉၅၈ ခုနှစ် ဇွန် လ ၁ ရက်နေ့ မှ အစပြု ၍ သီးခြား တက္ကသိုလ် ဖြစ် ခဲ့ သည်,၁၉၇၈ ၃နှစ် ၉န် လ ၁ ရက်ခေ့ မှ ဘစပု ၍ သီးဘား တက္သိုလဲ် ဖြစ် ခဲ့ သည်
ကိုယ့် အတိုင်း နဲ့ ဝတ်စုံ ပြည့် လို ချင် ပါ တယ်,ကိုယ့် ဘတိုင်း နဲ့ ဝတဝံ (ြည့် လို ခင် ပါ တယ်
သူ စာတိုက် မှ ပြန်လာ လိမ့် မယ်,သု စာတိုကံ် မှ ပြန်လာ လိမ့် မယ်
ကျွန်တော် တို့ အခု သွား ကြ တော့ မလား,ကွ န် စ တ ၁ တို့ ဘ ခ သှ ၁ 1 ကြ စ တ သ မ လ ၁ 1
စာဗူးတောင်း သိုက် များ မှ ဗူးတောင်း ကို စောက် ထိုး ထား ဘိ သကဲ့သို့ ရှိ သည်,စာူးကောင်း သိုက် များ မှ ဟူးတောင်း ကို စောက် ထိုး ထား ဘံ သကဲ့သို့ ရှိ သည်
ဟုတ်ကဲ့ မှန် ပါ တယ်,ဟုတ်ကဲ့ မှန် ပါ တယ်
ဘလူးချီစ်ကိတ်,ဘကူးဒါစ်ကိတ်
ကြက်ဥ ကြော် သည်,ကြက်ဥ ကြော် သည်
ကျွန်တော် ခရီး တစ်ထောက် နား မယ်,ကျန်ထာ -% တာါထဘာဏ န- d'
တူ ဘယ် မှာ ရှိ ပါ သလဲ,ဘူ ဘယ် မှာ ၅ ၆ါ သလဲ
ဂျပန် သံရုံး ကို ဖုန်းခေါ် လိုက် ပါ,n၂ပန် သံ်ံး ကိ ဖန်းေါ် လိုက် ပါ
အဲဒါ အတွက် ဘယ်လောက် များများ လဲ,"T 0 eff ၈ """
ဟုတ်ကဲ့ အဲဒါ လုပ် ပေး ပါ,ဟုတ်ကဲ့ အဲဒါ လပ် ပေး ပါ
ဒီ ဘတ်စ်ကား က နိုင်ငံတကာ လေဆိပ် ကို သွား သလား,ဒီ ဘတိစ်ကား က စို်ငတကာ လေဆဒ် ကို သား သလား
ရ ပါ တယ်,ဝ ပါ တယ်
ဒီ မှာ ကျွန်တော် တို့ ခရီးသွား ချက်လက်မှတ် လက်မခံ ပါ ဘူး,ဒီ မှာ ကှန်တော် တို့ ခစီးသွား ခကံလကံမှတဲ လကံမခံ ပါ ဘူး
ကျွန်တော် တို့ ဘတ်စ်ကား စီး ရင် ဘယ်လောက် သက်သာ မလဲ,ကျန်တော် တို့ ဘတ်စ်ကား စီး ရင် ဘယ်လောက် သက်သာ မလဲ
ဘတ်စ်ကား နဲ့ဆို ၂ နာရီ ကြာ မယ် ကား နဲ့ဆို တစ် နာရီ ကြာ လိမ့် မယ်,ဘတ်စ်ကး နဲ့ထို ၂) နာဂီ ဤာ ပယ် ကး နံ့အို တစ် နာဂီ ကာ လိဝ့် ခယ်
ကုဋေတစ်သိန်း,ကဋွေတစ်သိန်း
အလိုအလျောက် ငွေ ထုတ်ယူ စက် က ဘယ် မှာ လဲ,ဤMkae11H9R9 eP ဤ49R4 RR R  H9 t0
ဒီ ကောင်လေး က တဖျပ်ဖျပ် ခုန် ရင်း လက်ခုပ်တီး ပြီး သဘောကျ ခဲ့ တယ်,ဒီ ဝကင်ဝလး က တဖျုပ်ပျပ် ခန် ၎င်း လကဒုယ်တီး ပြီး သဝာကျ ခဲ့ တယ်
အကြောင်းအရာ ကို နားထောင် ကြည့် လိုက် တော့ တကယ့် ကို အကျပ်အတည်း တွေ့ နေ ပါ ရော လား,ဘဝဋင်း၁၈ ဂိ နးဥထာင် ၂ြ၄့် လိက် ဝတ တကယ့် ဂိ ဘကျပ်ဘတည်း ဝတ ၀န ပါ ဝဏ လး
ပထမဦးဆုံး ပေါ်ပေါက် လာ သော အမျိုးသား မဟာမိတ် အဖွဲ့ ဟု ခေါ် နိုင် ပါ သည်,ပထမဦးဆုံး ပေါ်ပေါကံ လာ သော အမါ(းသား မဟာမိတ် ဘပွဲ့ ဟု ခေါ် နိင် ပါ သညံ
အိန္ဒိယ နိုင်ငံ သည် ကမ္ဘာ ၌ မန်ဂနိ သတ္တု တတိယ အထွက်ဆုံး ဖြစ် သည်,ဘိခွံယ ခိုင်ငံ သည် ကမှာ ၌ ပန်ဂခို သတ တတိယ ဘထွက်ဆုံး ဖြစ် သည်
ခင်ဗျား ရဲ့ နာမည် နဲ့ အခန်း နံပါတ် ကို လည်း သိ ပါရစေ,le- ၇ Hel 4 t14 idမ ဂီ m် S ၇2
ဘတ်စ်ကား အမှတ် ဘယ်လောက် က ဂျန်ချူ အားကစားရုံ ကို သွား ပါ သလဲ,ဘတ်ပ်ကး ဘbတ ဘယ်ဝလက် က ဂျန်ဖှ ၁းကSးရ) ို ဃှး ပါ ဃလဲ
အဲဒီ ကို ရောက် ချင် ရင် ဘယ်လောက် လောက် ကြာ ပါ မလဲ,F f ၈f if ၇ -irf etf ၈ ပံ လ
ဪ ဒီလို ဆို ခင်လဲ့ဝင်း လည်း ကူမင်း မြို့သူ ပဲ ဟုတ် လား,၀O ဒီလို ဘို ဝင်လှ့ဝင်း လည်း ကူဝင်း: (ဧြိ့သူ ပ ဟုတ် လး
အခုတလော ကုမ္ပဏီ အလုပ် က အရမ်း များ လို့ မ ပြီး နိုင် အောင် ပဲ,ဘခကလော ကုနုက် ဘလုပ် က ဘရမ်၊: များ လို့ မ ပြီး နိုင် .ောင် C
ကို ခင်ဗျား ဖယ်ရီ နဲ့ သွား သင့် တယ်,ကို SEopး ဖယ်၈ နဲ့ သား သင့် တယ်
ထဘီ ကော အပြောင်းအလဲ မ ရှိ ဘူး လား,ထဘိ ကာ အပြောင်းဏလဲ ဖ ၅ိ ဘူး လား
မင်္ဂလာ ပါ မ တွေ့ ရ တာ တော်တော် ကြာ ပြီ နော်,ယင်္ဂ ပါ ဖံ ထာ့ ၇ တ ဣာဘော ဌ  ဟာ်
အအေးမိ နေ ပြီ ဒါ တွေ က အအေးမိ တဲ့ လက္ခဏာ တွေ ပဲ,ဘဘေးမိ နနေ ပြီ ၁ါ တေ က ဘဘေးမိ တဲ့ လက္ခဏာ တေ ပဲ
ဒါ က နားလည် ဖို့ ခက်ခဲ တယ် ပြီး တော့ ပျင်း စရာ ကောင်း တယ်,ဒါ က နားလည် ဖိ ခက်ခဲ တယ် ပြီ်း တော့ ပျင်း စရာ ကောင်း တယ်
ကျွန်တော် နှလုံးရောဂါ ဖြစ် နေ တယ်,ကျန်ဝတ နှလုူးဝ၈ါ ဖ၆် ဝန တယ်
ခင်ဗျား လုပ် နေ တာ အလုပ် အမျိုးအစား က ဘာ လဲ,၁ င် ၀ ၁ : လု ပ စ န တ ၁ ဘ လု ပ ဘ ပါ့းဘ ၈ ၁ : က ဘ ၁ လဲ
ခင်ဗျား ကားတိုက် မှု ကို မကြာခဏ တွေ့ မိ လား,၁င်DPး ကားတိက၂ှ က ဖကြာဒက ထေ့ ဖ လား
ဒီ မှာ ကြယ်သီး မ ရှိ ပါ ဘူး,ဒ၂ ကယသ်- d 1P ပါ ဘူ-
လမ်းခုလပ် ဘယ် မှာ ရပ် ပါ သလဲ,လမ်းခုလပ် ဘယ် မာ ဝပ် ပါ ဃလဲ
သို့သော် အလွန် အားနည်း သော သံလိုက် စက်ကွင်း ရှိ သည်,သို့ထော် အလှန် ဘားခနည်း သော သံလိုက် စက်ကွင်း ရှိ သည်
နိုင်ငံတော် ပစ္စည်း အဖြစ် ကာကွယ် ထိန်းသိမ်း ထား သည်,နိုင်င်တော် ပစ္စည်း ဘဖြစ် ကာကယ် ထိန်းသိမ်း ထား သည်
ကျွဲ သည် နွား ထက် ကိုယ်လုံးကိုယ်ထည် ထွားကျိုင်း ၍ ခွန်အား ဗလ ပိုမို ကြီးမား သည်,ကျ သည် နှား လက် ကိုယ်လုံးကိုယ်လည် လွှားကျိုင်: ၍ျ ခန်ဘား ၀လ ပုံမို ကြီးမား သည်
ဈေးကြီး လွန်း တယ် လို့ ထင် ပါ တယ်,စေ)င်ကြီး လန်း တယ် လို့ ထင် ပါ တယ်
ခင်ဗျား ည ကလပ် တွေ ကို ကြိုက် လား,ဝင်ဗျား ည ကလပ် ကွေ ကို ကြံိုက် လား
လိပ်စာ နဲ့ နာမည်,လိပ်စာ နဲ့ နာမည်
နှုတ်ဆက် ပါ တယ် နော်,ရံဂဂ၏ဇf ပံ DN စ
စစ်ဆေး ဖို့ ကား ရပ် မယ် နော်,စစ်ဆေး ဖို ကား ရပ် မယ် ခော်
ဦးကြီး ကျေးဇူးပြုပြီး မေး ပါရစေ,ဦးကြီး amးp)uြ)ြီး aေး 0၈vခ
ဗေကင်ဖရန်စစ်,ဗေကင်ဖရန့်စစ်
စာအုပ် ဝယ် ဖို့ အထူးတလည် ရည်ရွယ် ပြီး သွား ခဲ့ ပေမဲ့ တံခါး ပိတ်ထား ခဲ့ တယ်,R1zgD G49 W RR2RR1 teDRg4 2 712 ခဲ့ ဧ0 R215 NiRRT15 sဲ့ R4
အင်ဒိုနီးရှား နိုင်ငံ အင်ဒိုနီးရှား နိုင်ငံ ၏ ရုံးသုံး အမည် မှာ အင်ဒိုနီးရှား သမ္မတနိုင်ငံ ဖြစ် သည်,ထင်ဒိုနီးဌ၄၁း နိုင်င် ထင်ဒိုနီး၄၁1 နိုင်င် ၏ ငုံးသုံး အပည် ၂၁ ထင်ဒိုနီးဌ၄၁: သမ္မတနိုင်ငံ ပြစ် သည်
ကြိုတင် ကာကွယ် ခြင်း ဟာ ကုသ ခြင်း ထက် သာ တယ်,ကြငြာင် ကာကယ် ခြင်း တာ ကသ ခြင်း ထက သာ တယ်
ယာဉ် များ ရဲ့ စည်းကမ်း,C၃C ဘn: 1) S၄ဪ-ပ်
ဆေးဝါး ထုတ်လုပ်ရေး စက်ရုံ,ထဘးဝါ- ထတ်yCဘ- Prp)
ကြေငြာ ချက် ကို ခင်ဗျား ကြား လား,စ ကြပြ ၁ ၁ ကိ ကိ ခ င် ဗ ၁ 1 ကြ ၁ : လ ၁
အိုး နောက်ထပ် နှစ် ပြ လောက် ပဲ လို့ ငါ ထင် တာ ပဲ,ဘုး ခောင်ကထပ် နှစ် ပြ လော်က ပ လို င်ါ ထင် တာ ပ
ရ ပါ တယ် ရှင်,ရ ပါ တယ် ရှင်
ခင်ဗျား အတွက် ဘယ် အချိန် အဆင်ပြေ မလဲ,ခင်၀၀: ဘတဂ်က တယ် ဘာချံန် ဘာဆင်ပြေ ပလဲ
ရန်ကုန် က ထွက် လာ တဲ့ ရထား ပဲခူး ကို ဘယ် အချိန် ရောက် မလဲ,၇စfကုစ် = စု် m  ၇4: မ ဂီ -F ff Bf n
အာကာသ လူသား ရဲ့ ဝတ်စုံ က တကယ် ကို လေး တယ်,ဘ ၁ က ၁ သ လူ သ ၁ 1 ရဲ့ ဝ တ စံ က တ ကယ် ကို စ လ = တဟ်
ဒါ က တခြား ကုန်ကျစရိတ် ပါ လား,ဒါ က တဩ ၁ 1 က န် က ၈ ရ တ ပါ လ ၁ =
စနေ နေ့ မှာ ကျွန်တော့် ဆီ လာ ပြီး ရုပ်ရှင် လာ ကြည့် ချင် ပါ သလား,၀၀န ၀နဲ ၅ှာ ကျွန်ဝတ့် ထီ လ (ပြီး ရပ်ရင် လ (ြ့် ဒျင် ပါ သလး
ယောက္ခမ နဲ့ ချွေးမ ကြား မှာ ပဋိပက္ခ ကို ယောက္ခမ ချွေးမ ပဋိပက္ခ လို့ ခေါ် တယ်,ယောကွပ နဲ့ စျေးဖ ကြား မှာ ဃ၅)ကု ကိုံ ယောကွဖ သျေးဖ ပS)က လိုံ) ဒဒါ်' ဘယ်
ပထမ ထပ် မှာ ဘာ ပြခန်း တွေ ရှိ သလဲ,ပထမ ထ် မှာ ဘာ ပြဒနီး တွေ ၅ါ သလ
အလုပ်ချိန် မှာ တခြား ဟာ တွေ ကို မ လုပ် ပါ နဲ့,ဘလုပ်တိန် ၂ တညြား တ ဝတ ကိ ပ လုပ ပါ နဲ့
ခင်ဗျား စားပွဲတင်တင်းနစ် နဲ့ ပတ်သက် ပြီး ရူးသွပ် တယ် နော်,၁ငoျ%: ဘးပဲတပ်တင်းနိဗ် နဲ့ ပတသက (ြီး :ယ၆ တယ် ၀န
ဒါ ဆို ရင် ကျွန်တော် ဘာ လုပ် ရ မလဲ,၁ါ ဆို ၄င် လှန်တော် ဘာ လုပ် ဝ ယလဲ
အန္တရာယ် ကို အံတု ၍ တောထဲ သို့ ဝင် သွား သည်,အ ဒနှ ရ ၁ ယ ကို ဘဲ တု ၍ ၈ တ ၁ ထံ သို့ ဝ င် သွှ ၁ 1 လည
ဒီ ဒေါ်လာ တစ်ရာ ကို အသေး နဲ့ လဲ ပေး ပါ,ဒ ဪေါ်လာ တစ်တာ ကို ဘာသေား နဲ့ လဲ ပေး ပါ
ခဏ စောင့် ပါ,ခဏ Gောင့် (ါ
ဒီ အရောင် အတိုင်း ပို ကြီး တာ ရှိ သေး လား,ဒီ ဘဝတင် ဘတိင်း Q ဤီး တ ရှိ ဝသး လး
မှန် အသစ် လဲ ပေး ပါ,မန့် အသစ် လဲ ပေး ပါ
ရေခဲသေတ္တာ ထဲ မှာ စား စရာ များ တယ်,ဂျေဒဲသေဘာ ထဲ ၂၁ ၈၁း ၈၇၁ မား တယ်
အခ ပေး ဖုန်း ဘယ် နား မှာ လဲ,t %မး မစ် ၆ နး  လ
ကွင်း တစ် ကွင်း ငှား ဖို့ အခကြေးငွေ က ဘယ်လောက် လဲ,"ဂ F ဂ P ၏ ""il.R  t7f ""ဲ"
နွားမြီး စွပ်ပြုတ် စား ကြည့် ပါ လား လို့ ကျွန်တော် အကြံပြု ချင် ပါ တယ်,နားပြီး ဋပပြုတ် ထား ကည် ယါ လား လိုံ လှန်တော် ဘကပြု ခင် ပါ တယ်
ကိစ္စ ရှိ လို့ ကျွန်တော် အပြင် ခဏလောက် သွား ရ မယ်,"ကg 1 . ကျွန်တာ် PUင် ၁rmr- သာ ၇ Zo"""
သူ က စိတ်ထား အေးစက် မာကျော သူ ဖြစ် တယ်,သူ က စိတ်ထား ဘေးစက် မာကော သု ဖြစ် တယ်
နောက်ပေါက် က နေ တဆင့် ထွက် လာ ပါ,နောကပေါက် က နေ တဆင့် ထွက် လာ ပါ
ကြိုက် တဲ့ နည်း နဲ့ စစ်ဆေး ကြည့် ပါ,ကြိုက် တိဲ့ နည်း နဲံ့ စစ်ဆေး ကြည့် ပါ
တစ် ပုလင်း ဆို ရင် ဘယ်လောက် တန် သလဲ,"တာ် ၂rပင်: ဆှ ၅ှင် ဘCP-n9 2 Sr"""
ဟုတ်ကဲ့ ကျေးဇူးတင် ပါ တယ်,ဟတ်ကဲ့ ကျေးတူးတင် ပါ တယ်
ကျွန်တော် ဆွယ်တာ တစ် ထည် လိုက်ရှာ နေ တာ ပါ,ကျန်တော် ဆယ်ဘာ တစ် ထည် လိုကကဂာ နေ ဘာ ပါ
အမဲသား,ကာပဲကား
ခင်ဗျား ရုပ်ရှင် ကြည့် ချင် လား,၁င်O၇: ရ၄် ကြည် ချင် လား
လိုင်း အတွင်း ထဲ မှာ ရပ် ပါ,လိုင်း ဘတင်း ထဲ မှာ ရုပ် ငါ
ဟင်းလျာ စာရင်း ထဲ မှာ သက်သတ်လွတ် ဟင်း ပါလား,ဟင်:လ၇ စာရင်- ထ မှာ သက်သတ်လွတ် ဟင်း: C)လာ-
ဌာနမှူး အပတ်စဉ် ပိတ်ရက် ကို ကောင်းကောင်း ကုန်ဆုံး ခဲ့ ရဲ့ လား,"ဒါ S  """" ' ""'"" ""င """""""""" ' ''"" "" ''""'' "" ""' '' '""' "" """
အဲဒီ က နေ လုပ် ပေး နိုင် မလား,၁ဲဒီ က ဝန လုပ် ဝပး နိုင် ၀လး
တစ်ရာတစ်ဆယ့်ကိုး,တစ်တတစ်ဆဟ့်ကျိုး
ချမ်းသာကြွယ်ဝ ကျက်သရမင်္ဂလာ ပြည့်စုံ စွာ နှင့် နေထိုင် သည်,ခမ်းသာကြယံဝ ကှက်သရမင်္ဂလာ ပြည်စံ ရာ ခှင့် ခေထိုင် သည်
ပူးပေါင်း ပါဝင် မှု အတွက် ကျေးဇူးတင် ပါ တယ်,(5eI6F2 IsE 1g R GRRH12R4 13 R42
စာမေးပွဲ အတွက် စာ မ ကျက် ဘဲ နေ လိုက် တာ နောက်ဆုံး တော့ စာမေးပွဲကျ သွား တယ်,တဝ၀:းပ ဘတွက် ဘ ပ ကျက ဘဲ ၁န လိက တ -နဏတံး ဝတ ဘ၀၀:Uကျ ယှး တယ်
ကောင်း တယ် ဟေ့ တက္ကစီ ယာဉ်မောင်း,ကေင်း တယ် ဟေ့ တလွစ် ယဘဉ်ဟောင်း
ဆား နှင့် ကြက်သွန်မြိတ် နည်းနည်း ထည့် ပြီး ထမင်း ကို ရောမွှေ ပြီး စား ပါ,ဘာ- ၄င် ဤmသ်S၁f 4၄.2S ထှာ် C' ထဏင် ကိ တှသှေ O -P- ပါ
မနက်ဖြန် အဲဒါ ကို ကစား ကြ စို့ အဆင်ပြေ လား,မနကံ်ဖြန် ဘဲဒါ ကို ကစား ကြ စို့ ဘဆင်ပြ လား
အသွား လက်မှတ် ပါ,ဘ သှ ၁ 1 လ က ပှ) တီ ပါ
ဒီ ဟာ က နည်းနည်း ပို ကြီး လား,"ဒ Cက က ်3C၁"" V G ""-.-"
မူစလင် စတိုင် ကြက်သား အမဲသား အာလူးဟင်း,မ ၈ လ င် ၈ တို င် ကြ က သ ၁ 1 ဘ မဲ သ ၁ 1 ဘ ၁ လူ းဟ င် 1
ခင်ဗျား အရက် ကြိုက် လား,၁ င် ၀ ၁ = ဘ ရ က ကြိုက လ ၁
အထုပ် က တော်တော် လေး တယ် နော် ဘာ တွေ ထည့် ထား လို့ လဲ,ဤMRg R GReRR G115 R34 G. 29 Rt Rညု R11 N) f0)
သူ့ ရဲ့ အကြည့် မှာ မေတ္တာ တွေ ပါဝင် နေ တယ်,သူ့ ပ့ဘကြည့ ဟာ ထဘာ တေ ါဝင် Ss တယ်
ခင်ဗျား အိမ် ကို ဘတ်စ်ကား နဲ့ လာ လို့ ရ သလား,ခင်ပား ဘိပ် ကံ ဘဘစ်ကား ခဲ့ လဟ လဲ့ ဆ သလား
နီးစပ် သည်,နိီးစပ် သည်
ကွန်ပျူတာ ကို ဘယ်လို ပိတ် ရ လဲ,ကွန်ပ။တာ ကို ဘယ်လို ပိတ် ရ လ
နမ်ဒေမွန် စျေး ကို သွား ချင် ပါ တယ်,နုပ်သေမန် ပေး ကို ယား ခင် ပါ တယ်
ချောစု က နေ့ခင်း ပိုင်း မှာ အိမ် မှာ မ ရှိ သလောက် ပဲ,ခောပု က ခေ့ခင်း (ုင်း ဟာ ဘ၆် ဖာ မ ၄ှ ယလောကက
၃၀ ကီလိုဂရမ်,၃၀ ကံလိုဂပဲ
ကျွန်တော် တို့ နောက် တစ် ခေါက် ထပ် လာ ချင် ပါ တယ်,ကန်တော် တို့ နောကံ တစ် ခေါကံ ထပ် လာ ခုင် ပါ တယ်
ကျွန်တော် ရောက် တာ နဲ့ ကျွန်တော့် ရဲ့ ခရီးဆောင် အိတ် ကို ရ နိုင် မလား,ကျန်ကော် တောက် ကာ ခဲ့ ကျန်တော့ ရဲ့ ခရီးဆောင် ဘိတ် ကို ရ နိုင် မလား
မြန်မာ တို့ သည် နှစ် ဘက် စလုံး မှ ပါဝင် ခဲ့ ကြ သည်,မြြန်မာ ကို့ သည် နှစ် ဘက် စလုံး မှ ငါဝင် ခဲ့ ကြ သည်
ခင်ဗျား ထိုင်း ကို ပထမဆုံး ရောက် တာ လား,ln A ဂီ vRt tf ဖ က
တာယာ ထဲက လေ ကို စစ် ပေး နိုင် မလား,တာယာ ထက လေ ကို ခစ် ပေး စုင် ဖလား
အရင်း ထက် အတိုး က ပို များ တယ်,ဘရင်- ထက် ဘတိုး က ပို ၀- တယ်
စာပို့ ပစ္စည်း များ ကို လေယာဉ်ပျံ ဖြင့် ပို့ဆောင် သည်,စာငပ့် Cစ္ဌည်း များ ကို လေယာဉ်ပျ ဖြင့် ပုံ့ဆောင် သည်
အများသုံး သန့်စင်ခန်း က ဘယ် နား မှာ လဲ,ဘun:သုံဒ သနဲ့စင်ဒနး က ဘယ် နား ၂မှာ လ
အိမ်သာ ထဲ က အမြန် ထွက် လာ ပါ,ဘမ်ဿာ ထဲ က ဘပြန် ထက လာ ပါ
အမေရိကား ကို ပဲ ရောက် ဖူး ပါ တယ်,ဘမေဓိကား ကို ပ တောက် ပး ပါ တယ်
ခင်ဗျား ဘာ အရောင် ကြိုက် သလဲ,၁င်oာ: ဘာ ဘရောင် ကြတက် သလ
ခင်ဗျား အဖိုး အဖွား ကျန်းကျန်းမာမာ ရှိ နေ တုန်း ပဲ လား,သင်ား ဘပဲ့း ဘပား ကျန်းကျန်းဟ န၄ Sေ တန်း ပဲ လ.ား
တော် လိုက် တာ,တော် လိုက် တာ
သေချာ ဆောက် ထား တဲ့ စင် က ပြိုကျ ပါ့ မလား,ဧ1H9 4zR R95 m) E R9 0l(R1 11 IR1715
ခင်ဗျား ရော ဘယ်လို လဲ,၁င်၃-: e ဘယ်လိုံ လ
ဒါ ဘတ်စ်ကား အချိန် ဇယား လား,၁ါ ဘတ်စ်ာကား ဘချန် ယေား လား
နေ့လယ်စာ ကို စား တော့ စား ပေမယ့် ဗိုက် မ ဝ ဘူး,ခေ့လယ်စာ ကို စား တော့ စား ပေမယ့် ဗိက် မ ဝ ဘုး
ထပ်မံ ရရှိ သော သတင်း များ ကို ကြေငြာ ပါ့ မယ်,လပ်မံ ရရှိ သော သကင်း များ ကိံ ကြေငာ Cါ့ မယ်
ထမင်း ကြော် နဲ့ ဝက် ချိုချဉ် မှာ မယ်,ထဖင်း စကြာ နဲ့ ဝက ချိခင့်မှာ ပယ်
ဖိနပ် နံပါတ် ၇ စီး ပါ တယ်,ခိခနပ် နံပါတ် ဂ စီး ပါ တယ်
ကျွန်တော် တို့ မိသားစု လိုက် ပန်းပွဲတော် သွားကြည့် မှာ ပါ,ကျွန်တေ တိံ့ ဖသားစ လိုံက် ပန်းပိတေ သားကြည် မှာ ပါ
ရေပူစမ်း သွား တယ်,တေ့ဝမ်း သား တယ်
အခန်း ကျဉ်း လေး ထဲ မှာ လူ အများကြီး အိပ် လို့ မ ရ ဘူး,ဘဒန်း ကျဉ်း လေး ထ မှာ လူ ဘများငကြ်- ဘိပ် လို့ မ ရ ဘူး
ကျွန်တော် တို့ ရဲ့ ကတိ ကို မ မေ့ ပါ နဲ့,ကန်တော် တို ၈ ကတီ ကို မ ပေ့ C) နံ့
ခဏ အရင် ထိုင် ပါ ဦး,an =၇f ဇ် ပ Cီ
သူ ကား အတိုက်ခံ ရ ပေမယ့် ကြီးကြီးကျယ်ကျယ် မ ထိခိုက် မိ တဲ့ အတွက် ကံကောင်း တယ်,သ ကား ဘတ့ကဒံ ဝ ယေယယ့ ကြီးကြီးကယ်ကယ် မ ထာဲ့က် ပဲ တဲ့ ဘတက က်ကကောင်း တယ်
ဒီလို ပါ ဆရာ ပုစွန်ထုပ်ကြော် နဲ့ ပွန်ထုပ်ကင် အတွက် က ၈၇ ဒေါ်လာ ကျ ပါ တယ်,SR  19 KR96tT 4ိ) (Rg479E TR9R 11 Rag 42111 1T H R94D
ဟုတ်ကဲ့ ရှင်းပြ ပေး မယ်,ထတ်ကှ ရှင်းပြ ဝuး ဗC်
ဒီ မှာ ရေချိုး အသုံးအဆောင် ပစ္စည်း တွေ ရှိ လား,ီ ၈ B%း =pntz ပနင်၊ ဟတ့ ( လ၊
ဆရာ က စိတ်ဆိုး မယ် ထင် တယ်,ဘတ က စိတ်ဘိုး ခယ် ထင် တယ်
မ ဟုတ် ပါ ဘူး ဘယ်သူ့ ကို ရှာ တာ ပါ လဲ,မ ဟုတ် C. ၁၇- ဘယ်သ ကို ရာ တာ CD လဲ
ဒါ ခင်ဗျား ရဲ့ ခရီးဆောင် အိတ် လား,"၆ါ ၁EDps 4 3းeောင် ""ိတ် လား"
နောက် အပတ် မှာ သူငယ်ချင်း မွေးနေ့ပါတီ ရှိ လို့ လက်ဆောင် ဝယ် ဖို့ သွား နေ တာ,နောက် သပတ် မှာ၁ သုငယ်ချင်း မွှေးနေ့ပါတီ ၅့ လို့ လက်ဆောင် ဝယ် ဖို့ သှား နေ တာ
ဒီ ရထား မှာ ထိုင်ခုံ တစ် ခုံ ကြိုတင် မှာ ချင် ပါတ ယ်,ဗီ စထား မှာ ထို်၁ တစ် ဒဲ ကြတင်၂မှာ ချင် ပါတ ယ်
မ လုံလောက် သေး ၍ တိုးချဲ့ ဆောက်လုပ် ရန် စီစဉ် ဆဲ ဖြစ် သည်,o tံernP s 7 ဇ4. arfeုပ် ၇ 1ီs1 5 မဇ ၁င့်
ဝင်ကြေး က ဘယ်လောက် လဲ,GECelt5 H9 4eliIR K
ဒါ က စနေ တနင်္ဂနွေ ငှား ခ လား,dါ 1R9 R6 RIHi4 P15 2 R111
ကျွန်တော် မူး ပြီး အန် ချင် နေ တယ်,ကျန်တော ၃း ပြ်း ဘန့် သင် `ေ တယ်
တရုတ် ဘာသာ သင်ခန်းစာ,တခတ် ဘာသာ သင်ဘင်းဆ
ပိုက်ဆံ ကို ဟို ဘက် စားပွဲ မှာ ရှင်း ပေး ပါ,ပိုက်သ ကို ဟို ဘက် စားပွ မာ ရှင်: ပေ- O)
ကျွန်တော့် အိတ် ကွဲ သွား တယ်,ကျွန်တော့ ဘံတ် လဲ ဃား တယ်
လုံးဝ ဖြစ် နိုင် ချေ မ ရှိ ပါ,"t၇e မf ရ""် t e (ု မံ"
အင်း ကျွန်တော် တော့ အဲဒါ ၄၂၅၅ လို့ ထင် တယ်,ဘင်း ကျန်တော တော့ ဘဒါ ၄၂၉၅ လိဲ ထင် တယ
ဆေးစာ ရေး ပေး မှာ လား,"၆ဪ-"" ""f!: TC '' '7'"
တီဗွီ ကြည့် ရင်း နဲ့ ထမင်း မ စား ပါ နဲ့,တိဒ၌ီ ကည် ၎င်း နဲ့ ထပင်း ယ သား ပါ ခဲ့
မြန်မာ နိုင်ငံ မှာ ဘာ စီးပွားရေး လုပ် ရင် ကောင်း မလဲ,ပြန်ဗာ န်င ၂ှာ ဘာ စီးားခေ လ၃် ရ် ကောင်း မလ
နောက် လည်း လာ အားပေး ပါ ကျေးဇူးတင် ပါ တယ် မင်္ဂလာ ပါ,တm -.yဿ်- n Aာ:CV: ၀ တ-ူးတင် ပါ CruC Srr-
ခင်ဗျား မိသားစု ဘယ်နှ ယောက် ရှိ သလဲ,ဝင်ဗျး စိသားခု ဘယ်နှ ဝယက ရှိ သလဲ
ဒီ ကိစ္စ က အရေးပါ တဲ့ အတွက် လက်လျှော့ ထား လို့ မ ရ ဘူး,ဒီ ကိစ္တ က အငေးပါ တိဲ့ သတွက် လက်လျှော့ ထား လို့ မ ငု ဘူး
ခင်ဗျား လိုင်ချီး နည်းနည်း လောက် စား ဦး မလား,ခင်၀၇- လိုင်ဒီ- နည်-နည်း- လေက် စာ- ဦး မလာ-
နောက်ပိုင်း တွင် ဝင်းဘားမိ အင်တာနက် တွင် ခေတ်စား လာ သည်,"တ""yC- တွင် ပင်:-ာ.၏ -င်၁pn တွင် CေofP: ""n 2ဿသ်"
အေး ကောင်း တယ် ကျေးဇူး ပါ ပဲ,တေး ကောင်း ကယ် ကျေးတး Cါ C
ဒီ အရောင် ကြိုက် ပါ တယ် တစ် ကိုက် ကို ဘယ်လောက် ပါ လဲ,S aete tif I 34 R8 RPR9 1 z94ettaR 1 P
လိုင်းကားဂိတ် ဘယ် နား မှာ ပါ လဲ ခင်ဗျာ,လိုင်းကာင်ိဂတ် ဘယ် နား မှာ ပါ လဲ ခင်ဗာ
အဲဒီ ကစားနည်း က ကလေး တွေ တင် မက ဘူး လူကြီး တွေ ပါ နှစ်သက် ကြ တယ်,ဘဒီ ကဏားနုည်း က ကလး ထ တင် ပက ဘူး လကြီး တေ ါ နှစ်သက ကြ တယ်
အရေးပေါ် အချိန် အတွက် ကြိုတင် လေ့ကျင့် သည်,Hတှ:ဏါ P-ငျ 1-m- (ဤဘင် ထyကျင့် ဿ၄ဪ်
ကျွန်တော် ဆံပင် ပုံစံ ပြောင်း ချင် တယ်,ကျန်တော် အံပင် ငံစ် ပြောင်း ချင် တယ်
ရုပ်ရှင် တေး ကဗျာ က မောင်သာချို ရဲ့ ကဗျာ ခံစားမှု ဆောင်းပါး ပါ လို့ ငှား လာ တာ,၄ယ၇င် ထာ- -ကo- - ထောင်သာပျါ့ P Pgn ါဘးလှု တောင်ပါ- ပါ -ိ ၄- . တ
အခု လား ဒါမှမဟုတ် ညစာ စား ပြီး မှ သောက် မလား,ဘခ လား ဒါမှမကုက် ညစာ စား ပြီး မှ သောက် မလား
ဟင့်အင်း မ ရှိ ပါ ဘူး,G faE1 BRi  5
တစ် ယောက် ထဲ လုံးဝ ကို မ သွား ရ ဘူး,တစ် ယောက ထဲ လုံးဝ ကို ပ သား ၄ ူး
ဆံပင် ပဲ ညှပ် မယ် ခေါင်းမလျှော် ဘူး,ဆံပင် ပဲ သပ် မယ် ခေါင်းမလျှေင် ဘူး
သို့သော် နရယုဂ သည် ပါဠိ ဘာသာစကား ရင်း မ ဟုတ် ချေ,သှင၁ာါ် ၁ှ..n ဪဿသ် ၀၉ =2er- ၅င်- P Cof C'
သူ ဆရာဝန် သွားပြ တယ်,သ ဆစာဝန့် သားပြ တယ်
ကျေးဇူး ကို ရန်သူ အဖြစ် တုံ့ပြန် တယ်,တာူးg: 7 ၇၃ Huf ၁U DU၀'
ခင်ဗျား ရဲ့ အထူး ဟင်းလျာ တွေ က ဘာ တွေ လဲ,၁ငCDo% ငါ့ ဘထူး ဟင်းလျ ၁တွ က  ၁တ လ
အဝတ် တွေ ကို ပင်မင်းဆိုင် ယူ သွား ရ မလား,ဘတက် တွေ ကို ပင်မင်းဆိုင် ယူ သှား ရ မလား
သူတစ်ပါး ကို ချောက်တွန်း ရင် နောင် တချိန် မှာ မိမိ လည်း ချောက်တွန်း ခံ ရ တတ် တယ်,သတစ်ပါး ကို ချောက်တှန့်း ရင် နောင် တခါ့န့် မှာ မိမိ လည်း ဒေျေက်တှန့်း ၁ံ ၈ တတ် တယ်
ပြတင်းပေါက် နား က အခြား စားပွဲ ရှိ သလား,ပြတင်းပေါက် နား က အဗြား စားပဲ့ ရိ သလား
အခမဲ့ မနက်စာ စား ချင် တယ်,ဘခခ့ ပနကတာ စား ခင် တယ်
နောက် မှ ကော်ဖီ ဖြစ် ဖြစ် တစ် ခွက် လောက် သောက် ကြ ရအောင်,နောက် မှ ကော်ဖီ ဖြစ် ဖြစ် တစ် ဒက် လောက် သောက် ကြ ငုသောင်
သူ တော်တော် သတ္တိ ကောင်း တဲ့ လူ ပဲ,သူ စ တ ဒ စ တ ၁ သ ဣိ စ က ၁ င် 1 တံ့ လု ပဲ
ကြက်သွန်ဖြူ ဆော့စ် နဲ့ တွဲဖက် သုံးဆောင် ပါ,Gဏသန်U ဝဘပ် နဲ့ တuက :ဝဘပ် ပါ
မှန် ကြည့် လိုက် တော့ ရှပ်အင်္ကျီ ကြယ်သီး ပြုတ် နေ ခဲ့ တယ်,မှန် ကြသည့ လိုကံ တော့ ရှပ်ဘင်္က္ီ ကြယ်သီး ပြုတံ နနေ ခဲ့ တယ်
ဒီ မှာ ပါ,ဒါ M9 I
တိတ်တဆိတ် အတွေး ထဲ မှာ နစ် နေ တယ်,တတဘဆိတ ဘထေး ထ ၂ နစ် (ေ တယ
တစ် နှစ် ပတ်လုံး အေးမြ သည်,တ စ ဒ စ် ပ တ လုံ  စ အ (ပြ သည်
သူ မူး သွား ပြီ,သု မူး သား ပြီ
လောင်းကစား ကြောင့် ငွေ မနည်းမနော ဆုံးရှုံး ခဲ့ တယ်,tPnhPf- f1 fi tiftRP t4 f Pf
နောက် နေ့ ကျ အသံဝင် သွား တယ်,နောက် ခေဲ့ ကျ ဘသံဝင် သှား ကယ်
ကျွန်တော့် တီဗီ တစ် ခု ခု ဖြစ် နေ တယ်,ကျွန်တော့ တိဗါ တစ် ခု ခု ဖြစ် ခေ တဟယ်
အတွေး မ ရင့်ကျက် သေး ပါ,အတေး မ ရင့်ကျှက် သေး ပါ
ပြာသို လ တွင် ၃၀ ရက် ရှိ သည်,ပြာသို လ လွင် ၃၀ ရက် ရှိ သည်
ဟာ မောင်သူရ ပါ လား ဘယ် က လှည့် လာ ခဲ့ သလဲ,ဟာ မောင်၁၈ ) လား ဘယ် က လှည် လာ ခဲ သလဲ
ပြင်သစ် စတိုင် အရွက်စုံသုပ် တစ် ပွဲ လို ချင် တယ်,ပြင်သဗ် ဗတိုပ် ဘရွဏ၃၁ု တဝ် ပ လို ဒုပ် တယ်
မှတ်တမ်း စာအုပ် ကို ကြည့် ပြီး ပြီ လား,မှတ်တပ်း ၈၁အုပ် ကို ကြည့် ပြီး ပြီ လား
ဒီ ကို လာ လက်စနဲ့ အဲဒီ လူ ကို တွေ့ ပြီး မှ သွား မယ်,ဒ ကို လာ လငကကထခဲ့ အဲဒ လ ကို တေ့ ပြီး ၂ ဃား ပယ်
လက်ငင်း ငွေ ပေး ရင် နေ့ တိုင်း ကုန်ပစ္စည်း အပ် နိုင် ပါ တယ်,လက်ငင်း ဧေ ပေး ငင် နေ့ တိုင်း ကုန်ပတ္တည်း အပ် နိုင် ပါ တယ်
ကျွန်တော် မှား တယ်,ကျွန်တော် ဟား တဟ်
မ သွား ဘူး,"""ံ ""-"" ""*"
ခင်ဗျား မှာ ရှိ နေ တဲ့ ကား က မောင်း ရ တာ အဆင်ပြေ နေ တယ် လေ,ဝင်ဗျး လှာ ရှိ ၀န တဲ ကး က ဝဟင်း တ တ ဘဘင်ဝပြ ဝန တယ် ဝလ
နည်းနည်း များများ လေး ထည့် ပါ,နံ ည  န ည 1 မ) ၁  ဖ) ၁ 1 ဇ လ 1 ထ ည့ ပါ
စာသင်ခန်း ထဲ မှာ ဆေးလိပ် မ သောက် ရ,တသင်ဒန်း ထဲ လှာ ဝဘးလိပ် ပ ဝသက် ၏
ကျွန်တော် ဆေးရုံ မှာ ကျန်းမာရေး သွား စစ် တာ ပါ,ကွ န် စ တ ဒ စ ဆ 18 မှ ၁ ကှ န်  မ ၁ ဧ ရ  သ ၁ 1 စ စ တ ၁ ပါ
သူ့ အသက် လေးဆယ် ကျော် ပြီ လား,သ အသက် ဒလးဆယ် ကာ် ပြ လား
ကိုယ် အလေးချိန် တဖြည်းဖြည်း များပြား လာ တယ်,ကိုယ် ဘလေးခံ့န် တပြည်းဖြည်း မုားပြား လာ တယ်
ဒီ ဟာ က သစ်သား နဲ့ လုပ် တာ ပါ,ဗီ ဟာ က သစ်သား နဲ့ လု် တာ ပါ
ရထား ပေါ် က ရေ တွေ ကို သုံး ပါ,ရား ပေါ် က ၈ေ စတွ ကုံ သံ။ ပါ
သူ ဖောင် ဖြည့် ဖို့ မေ့ သွား တယ်,သု ဖောင် ဖြညှ့ ဖို့ မေ့ သွား တယဲ
ဆရာမ ဆီ က လက်ဆောင် ရ ခဲ့ တယ်,"zpu .ီ"". -nPPဘောင် ၇ ဒဲ ဘယ'"
တစ်သန်း,တစ်သန့်း
ကျွန်တော် တို့ ကို ဖျော်ရည် စာရင်း ကြည့် ဖို့ ၂ မိနစ် လောက် အချိန် ပေးပါ,ကျွ(န်တော် တို ကို မေင်ငည် ဘာဝ၎င်း ကည် ိုံ ၂ နစ် လောက ဘာချ်းန ပေးပါ
မြန်မာ ဆိုင်ကလုန်း ရန်ပုံငွေ သို့ လျာထား သော အလှူငွေ ရရှိ နိုင် သည်,ပြန်မာ ိုင်ကလုန်း ငန်ပုဋွေ သို့ လှာထား သော အလှုတေ င၅% နိုင် သည်
အေး လို့ လက် ထုံ လာ သည်,အေး လို့ လက် ထိုံ လ၁ သည်
သူ သွား ကြည့် တယ်,ယူ ဃား ဣည် တယ်
နံပါတ် ၁၉ က မြို့ ထဲ ရောက် တယ်,န်ပါတ် ၁၉ က ဖြဲ( ထ ရောကံ တယ်
နင် ကြီး လာ ရင် ဘာ လုပ် မလဲ,နင် ကြီး- လာ ရင် ဘာ လုပ် ပလဲ
မျက်နှာတော် က ပြောင်းလဲ သွား တာ ကို ခင်ဗျား တွေ့ ရ လိမ့် မယ်,ပု၊ကှာဘာ - ောင်းလ သွာ- ာ ကို ၁င်၁-: ဟ့ ၇ r' Tu'
ပစ္စည်း ကို ရွေးဝယ် ပါ,ပဆ္ွည်း ကို ကျေးဝယ် ပါ
ဝါရှင်တန် ကို တိုက်ရိုက် ရှိ လား,ဝါရှင်ဘာန် ကံ့ တိုက်ိုက န လား
ဒီ ပို့စကတ် ကို ဂျပန် ကို နာမည် စာရင်း သွင်း ပြီး ပို့ ချင် လို့ ပါ,ဒီ ငို့စကက် ကို လှန် ကို ဓာမည် စာရင်း သွင်း ပြီး ပို့ ချင် ကို့ ငါ
ညနေ လေး နာရီ ခွဲ မှာ ရုံးဆင်း တယ်,ai e Hnf i Pp ၇s၊ တမ်
ရာသီဥတု ပူ လို့ နွမ်းခွေ နေ တယ်,"ဂယီ-တ၄ ပ "" ၁င-၉ တ Crcပ"
မြို့ဟောင်း ကို ကြည့် ချင် တယ်,မြုဟောင်း ကံ ကယ့ ဒင် တယ်
ဈေး က များ လှ ချေ လား,"ကိဲ"" ''' ို""' "" Tါ' ''''"
ခင်ဗျား နောက် မှ နောင်တ မ ရ နဲ့ နော်,ခင်၀၀: ခောက ပ ဆောင်တ ယ ၄ နဲ့ ခေ်
တောင်းပန် ပါ တယ် ရထား ပေါ် မှာ ပင်မင်း ဝန်ဆောင်မှု မ ပါ ဘူး,"RPhuf V B T P: fV P ဖff"" Bftht t V"
ပျော် ရဲ့ လား,ပော် နဲ လား
ဘောလ်ပင် တစ် ချောင်း ပေး ပါ,ဝဘပင် တစ် ဝ၁nင်: ၀Oး ပါ
အဲဒီ ည လှည့်လည် တဲ့ အစီအစဉ် မှာ ဘာ တွေ ပါ မလဲ,ဘဲဒီ ည လှည့်လည် ကဲ့ ဘစီအစဉ် မှာ ဘာ ွေ ငါ မလဲ
ခင်ဗျား ခုံနံပါတ် က နဲ့ ပါ,ခင်၀၄: ခုံခံပါတ် က နဲ့ ပါ
အသံ အနိမ့် အမြင့် ရှိ လို့ မြန်မာ စာ က အင်္ဂလိပ် စာ ထက် ပို ခက် တယ်,"H2 HhO 1eSင် 1 - ဤတ ၁- - Ard0""  ထnT ) 2r Cuo"""
ကျွန်တော် လူနာ အတွက် ကူညီ လုပ်ဆောင် ပေး ဖို့ ကုမ္ပဏီ က လွှတ် လိုက် တာ ပါ,ကန်တော် လူနာ အတက် ကုညီ လုပ်ဆောင် ပေး ဖို့ ကုမှဏီ က လှတ် လိုကံ် တာ ပါ
ဒီ အလုပ် လုပ် ကို အတော်ကြာကြာ လုပ် လာ ခဲ့ တယ်,"ဒါ PryC -yC 71 Pထာ်ဣဋာ -yC လ. ဒဲ ၁uပ"""
မိုးရွာ ပြီး တဲ့ နောက် မြေကြီး က မာကျော လာ တယ်,ပိုးရွာ ပြီး တဲ့ ဝနဏ ဝCပဋီး က ဟဝကျာ လ တယ်
မစ္စတာ တေလာ တုတ်ကွေးမိ ပြီး အပြင်းဖျား နေ ပါ တယ်,ပတ္တာ တေလာ တတ်ကွေးမိံ ပြး ဘပြင်းပျား ခေ ပါ တယ်
မင်္ဂလာဆောင် ပြီး နောက် ဇနီး သား ၂ ယောက် သမီး ၃ ယောက် ရှိ တယ်,ပင်ဂလာသဆောင် ပြီး ထောက ထနီး သား . ာက် သမ်း ၃ ယယာက S တယ
လက်မှတ် ပြ ပါ,လက်မှတ် ပြ ပါ
မြေပုံ ကို ပြ လို့ ရ ပါ သလား,၀၆ြပ) က ပြ လို ၈ ပါ သလး
နင် ဘယ်လို လူတန်းစား မျိုး နဲ့ လက်ထပ် ချင် လဲ,နင် ဘယ်လို လူတန်းသား ယ်း ခဲ့ လငဂ်္ထပ် ခင် လဲ
ဒီ မှာ လက်မှတ်ထိုး ပါ,ဒီ မှ၁ လက်မှတ်ထိုး ပါ
ဆိုးလ် မြို့ မြေပုံ လည်း ကောင်း တဲ့ ဟာ ရှိ ပါ တယ်,ဘိုးလ မြို့ ၀၆၉ပ လ်း ဝကင်း တဲ့ ဟ ရှိ ပါ တယ်
ကျွန်တော် စကားပြော တာ အရမ်း မြန် တယ်,ကျန်ဗော် စကားစပြာ ဘာ ဘရမ်း ပြန် ဘယ်
မင်း တို့ ခြံဝင်း ကျယ် ပါ သလား,ယင်း တို့ ခ၀င်: ကှယ် ပါ ဃလား
အခြားသူ ခိုင်း တဲ့ အတိုင်း လိုက်လုပ် သည်,ဘခြားသူ ခိုင်း တဲ့ ဘတိုင်း လိုက်လုပ် သည်
ခင်ဗျား မျက်စိ ညောင်း ရင် မျက်လုံး ထဲ အစက် နည်းနည်း ထည့် ချ လိုက် ပါ,ခင်ဗုာ: မဟျက်စ် လညောင်း ရင် ဟက်လှံး ထ ဘစက် ခည်းနည်း: ထည့် ဒ) လိုကံ ပါ
ပြော စရာ ရှိ လို့ မနက်ဖြန် ကျောင်း စားသောက်ဆိုင် မှာ တွေ့ ရအောင်,ပြော စရာ ရှိ လို့ မနကံဖြန် ကောင်း စားသောက်ဆိုင် မှာ တေ့ ရဘောင်
ကို ပို ပြီး စား ချင် တယ်,ကို (. ပြး ဘား ချင် တယ်
သွား ဆေးခန်း ကို သွား ရ ပါ မယ်,သှား ဆေးဒန်း ကိ သှား  ပါ ပယ်
ခင်ဗျား က တော်တော် စဉ်းစား တတ် တာ ပဲ,၁င်၃ျ: က တော်တော် စဉံးစား တတ် တာ ပ
ဒီ က နေ တွက် ရင် ဘယ်နှ မှတ်တိုင် စီး ရ တာ လဲ,ဒီ က ၀န ကွက် ရင် ဘယ်နှ မှက်ကိုင် စီး ရ ကာ လဲ
နှစ် ယောက် တွဲ ကစား ကြ စို့,ခှစ် ဃာက တ ကဗား ကြ မဲ့
ဘယ်နှ ယောက် အတွက် လဲ,ဘယ်န ယောက် အတှက် လဲ
ကျွန်တော် မ ထင် ပါ ဘူး,ကျန်တော် မ ထင် ပါ ဘူး
ကျွန်တော် ကုတ်အင်္ကျီ ဝယ် ချင် တယ်,ReR RRRzMR11 4 7e ဤ42
ကျွန်တော် ရဲ့ ခုံ ကို ပြ ပေး မလား,ကျန်ဝတ ရဲ့ )ဲ ကို (ြ oU: Dr:
ကြည့် ချင် လို့ ဒါ ကို အောက်ချ ပေး ပါ လား,ကြည့် ချင် လို့ ဒါ ကို ဘောက်ချ ငေး ါ လား
သူ နဲ့ ကျားထိုး တဲ့ အခါ သုံး လေး ပွဲ အကျော ပေး ပြီး ထိုး ရ တယ်,a. Sိ့ RHM2RRi5 1 T92ါ သိုS GfR15 K TeRlR11 R2 2 R95 1l R3
မုတ်ဆိတ် ရိတ် မလား,။f၏တ f tn-
ကောင်း တာ ပေါ့ အချိန် မ တိကျ ရင် ပြဿနာ မြောက်မြား စွာ ဖြစ်ပေါ် တယ်,ကောင်း ဘာ ပေါ့ ဘဒ္ခန ဖ တိက) စင် ပြဿဿနာ ဖြောက်ဖြား စာ ဖြစ်ပေါ် ဘယ်
ဘာ ဖြစ် လို့ လဲ,ဘ ဖြစ် လို့ လဲ
သိ မယ် ထင် တယ် အခန်း နံပါတ် ရဲ့ ပထမဆုံး ဂဏန်း က အလွှာ ပါ,သိ မယ် ထလင် ကယ် ဘဝန်း နံ်ါက် ရဲ့ C-လမဆုံး လကန်း က ဘလှာ Cါ
ခင်ဗျား ဘယ်လို ခံစား ရ လဲ,ခင်ဗုား ဘယ်လို ခံစား ရ လ
နောက် မှာ ကျွန်တော် တို့ ကို များများ အားပေး ပါ,၈P p ်e တိ့ ဂီ းeရား neuး ပံ
တက္ကသိုလ် မှာ ဘာ မေဂျာ ယူ ချင် လဲ,တလ္သိုလဲ မှာ ဘာ မေဂာ ယု ခင် လဲ
အဲဒီ ဝတ္ထု ရဲ့ အကြောင်းအရာ ကို အကြမ်းဖျင်း တော့ သိ ထား တယ်,ဘဲဒီ ဝတ္ထု ရဲ့ ဘကြောင်းဘရာ ကို ဘကြမ်းဂ၎င်: -ော့ သိ ထား ကယ်
သတိထား ပါ ရထား မ လွတ် စေ နဲ့,သတိထး ပါ ရထား ပ လှတ ဝ၀ နဲ့
ဧည့်ခန်း ဆောင် မှာ စောင့် ပါ,ဖလ့ဝန်း ဝထင် ဟ ဝတင့် ပါ
ဒီ အလုပ် ကို ဒီ နေ့ အတွင်း အပြီးသတ် ရ မယ်,ဉ ဘလပ် ကံ့ ဦ ဆေ့ ဘတင်း ဘင်းသတ် ခ ယယ
လူနေမှု အနှစ်သာရ,လူနေ့ ဘနစ်သာခ
၂၇ ငယ်သား က သခင် ၏ ညီ သည် ရောက် လာ ပါ ပြီ,",M6 E2712 R9 12f   21 EfiR 171 13 9"
သူ တို့ စကားများ ကြ တယ်,သူ တိ့ စကားမား ကြ တယ်
တနင်္ဂနွေ နေ့ တောင် မှ ကျောင်း ကို သွား တယ်,တန်္ဂခွေံ နေ့ တောင် မ ကကျေဂင်- ကို သွား တယ်
ကောင်း ပြီ ဒါ ဆို နံနက်စာ အစုံ ယူ မယ်,ကောင်: ပြီ ၁ါ သို နဲနက်စာ ၁၈ ယ) ပယ်
ဒီ အရပ် က ရေနံစိမ်း ထွက် တဲ့ အရပ် ဖြစ် တယ်,။ီ ုပ် = ife ဆွး တ ုပ် မf VO
သူ တို့ အတန်း ရဲ့,သ တို့ တန်း )
နောက်ဆုံးတော့ ဘောလုံးပွဲ အနိုင် က မျက်စိ ရှေ့မှောက် ရောက် လာ ပြီ,နောက်ဆံးတော့ ဘောလုံးပ ဘခိုင် က မက်စ် ရေ.-မှောက် ငောက် လာ ပြ
ပရိုတွန် သည် အဏုမြူ ဗဟို တွင် တည်ရှိ သည်,ပရဂုဏဘန် သည် အဏဖြူ ၂တ တင် ဘည်ှ သည်
ကျေးဇူးတင် ပါ တယ် ဒါပေမယ့် ကျွန်တော် ကားမောင်း ရ ဦး မှာ,ကေးဇူးတင် ပါ တယ် ၁ါပေမယ့် ကျန်တော် ကားမောင်း ရ ဦး မှာ
မျက်လုံး ကို ပွတ် ပြီး အိပ်ငိုက် ပြေ စေ သည်,မု)ကံလုံး ကို ပတ် ပြီး ဘိပ်ငိုကံ ပြ စေ သညံ
ပြတင်းပေါက် ကို ဖွင့် လိုက် ပါ,ပြတင်းပေါက် ကို ဖင့် လိုက် ပါ
စာရင်း ကြိုတင် ပေး ချင် လို့ ပါ,စာရင်း ကြတင် Gေး ချင် လိုံ ပါ
တဆိတ်လောက် မစ္စ ကျွန်တော် တို့ ဘယ် အချိန် ရောက် မှာ လဲ,တဆ်္ိတ်လောက် ယဝွ လျွန်တော် တို့ ဘဟ် ဘာချံးန တေက ဟာ လဲ
လျှောက်လွှာ ပုံစံ တွေ က ဘယ် မှာ လဲ,စ လှ ၁ ကံပလှဲ ၁ ယ စ စ လွှ က ဘယ် မှ ၁ လဲ
ခွင့်လွှတ် ပါ နိုင်ငံတကာ ကြေးနန်း ဒီ မှာ ရိုက် ရ ပါ သလား,ခွင့်လှတ် ပါ နိုင်ငံတကာ ကြေးနန်း ဒီ မှာ ရိုက် ရ ပါ သလား
အသီး သည် ရှည်မျောမျော အနည်းငယ် ကွေး သည်,ဘသ်ီ- သည် ရှည်ပေ?၀ေ၇ အနည်းငယ် ကွေ: သည်
ဒီ သုံးသပ်ချက် ကို အားလုံး သဘောတူ ပါ သလား,ဒီ သုံးသပ်ခက် ကို အားလုံး သဘောကူ ငါ သလား
ခင်ဗျား ထွက် ရင် ကား တွေ သေချာ ကြည့် ဦး,၁င်၁- ထn? ဂင် -- ထ an (၄ C-
ခင်ဗျား တရုတ် နိုင်ငံ ကို ရောက် ဖူး လား,ခ င် ဗ ၁  တ ရ တ ခို င် ငံ ကိ ဧ ရ ၁ ကိ ပ 1 လ ၁ 1
လူကောင်း မို့ လို့ တစ် ခါ လောက် တော့ တွေ့ ကြည့် ပါ,လူကောင်း မဲ လဲ့ တစ် ခါ လေက ဘော့ ထေ့ ကြည့ ါ
ကျွန်တော် နဲ့အတူ မန္တလေး ကို အလုပ် ကိစ္စ နဲ့ ခရီးထွက် မလား,ကွဪဘာ P=-ဘ ဆ၃ဘry- ကိ T-yG )ကp 1 -Pသn dr.--
နေ့လယ်စာ ကို ခင်ဗျား ဘယ် မှာ စား တတ် လဲ,ဝနဲ့လယ်ဗာ ကိ ဝင်ဗျး ဘယ် ဗှာ ဘား တတ် လဲ
အသေအချာ ပေါ့,ဘသေဘဒဂ ဝပါ့
သူငယ်ချင်း က သက်ပြင်း အရှည်ကြီး ချ ပြီး ခေါင်း ငိုက်စိုက် ကျ သွား တယ်,သငယချင်း က သက်ပြင်း အရယ်ကီံး ဒ ငြီး ခေါင်း ငိုက်စိုက် က) သား တယ်
သူ့ ကို ဘယ် အချိန် လေဆိပ် လာ ကြို ရ မလဲ,သူ့ ကို ဘယ် ဘဒါန် လေဆိပ် လာ ကြံ် ရ မလ
ဒယ်ဂူ ကို သွား တဲ့ လေယာဉ် ရှိ သလား,၁ယ၇ ကို ဃား တဲ့ လေယာဉ် ဒှိ ဃလား
ခင်ဗျား အတွက် ပြတင်းပေါက် ဘေး ကစားပွဲ ချန် ထား ပါ တယ် ဆရာ,of်t95 TRRR RTaE24IR Gz5 nRa20)  RT15 I R3K Rla
ကျွန်တော် က တော့ ကိုရီးယား လူမျိုး ပါ,"ကွ်ဘာ - တာ ""ါPC- -yu. ပ'"
ဒါ ဆို ကြည့် မယ်,dါ  Tညှ H4
ဘင်္ဂလားဒေ့ရှ်,ဘင်္လားဒေ့်
ကျွန်တော် ခင်ဗျား အတွက် လုပ် ပေး နိုင် တာ တစ် ခု ခု ရှိ လား,ReR9 ERH2 RR49 K 412 စ် R 89 2 2 W MN712
ကျွန်တော် က အရောင် တောက်တောက် အင်္ကျီ တွေ ကို သဘောကျ တယ်,"ကျန်တော် က အရောင် တောက်တောက် အင်္ကီ"" တေ ကို သဘောက တယ်"
နက်ကတိုင် ရော ဘာ အရောင် ယူ မလဲ အစ်ကို,ခက်ကကိုင် တော ဘာ ဘတောင် ယ မလဲ ဘစ်ကို
ပြုံးရယ် ရင် ကံကောင်း ခြင်း တွေ ရရှိ တယ်,ပြါ(1ရုယ် ရ င် ကဲ ဝ က ၁ င် 1 ဩ င်  ဧ တှ ရ ရှိ တယ်
ဘယ် မှာ လဲ,ဘယ် ၉ ၁ လ
ဒေါသ ထွက် တော့ မလို့ ဖြစ် နေ တာ ဒီ အတိုင်း ပြန် မျိုသိပ် လိုက် တယ်,ဝေါသ လှက် တော့ မလို့ ဖြစ် Gေ ကာ ဒီ အကိုင်း ပြန် မိသိပ် လိုက် ကယ်
မျက်လုံး မှိတ် ပြီး အရင် အတိတ် အကြောင်း ကို တွေး နေ ခဲ့ တယ်,မက်လုံး မိတ် ပြီး ဘရင် ဘတိတ် ဘကြောင်း ကို တွေး နေ ခဲ့ တယ်
မနက်ဖြန် မနက် မှာ ရယ်ဒီ ဖြစ် နေ ပါ့ မလား,dpnU dpn1y 7.22 ၂င ထ cါ dr.-
မြူနှင်း တွေ အရမ်း ထူထပ် နေ လို့ လေယာဉ်ပျံ မ ဆင်း နိုင် ဘူး,ပြ(နင်- တေ ဘရမ်: ထှထပ် နေ လို လေယာဉဥ်ပံ) D ဆင်း- ခိုင် ဘ၇ူ
အဆင်ပြေ ပါ တယ် ကွာ,ဘဆင်ပြ ပါ တယ် ကာ
ဘာ ဖြစ် လို့ ဒီ လောက် စိတ်ရှုပ်ခံ တာ လဲ,ဘာ ဖြစ် လို ဒီ လောက် စိတ်ရှုပ်ခဲ တာ လဲ
ဂျင်းဘောင်းဘီ မ ဝတ် ရ ပါ,ျ င် 1 ၈ ဘ ၁ င် ဒဘီ မ ဝ တ ရ ပါ
သွား ပြန် ပြီ,သာ- ( (
မ စား ပဲ နဲ့ ဘာ လို့ လာ တာ လဲ,မ စား U ခဲ့ ဘာ လို့ လာ တာ လဲ
စားပွဲ ပေါ် မှာ ရှိ တဲ့ ဟာ တွေ အားလုံး ကို သိမ်း လိုက် ပါ,R120) ElI W9  R I1 RR R2R5 1) 2B2 NR9 1
သူမ ရဲ့ စာ ကို ဖတ် ပြီး အရမ်း တော် တယ် လို့ ကောက်ချက်ချ တယ်,သူဖ ၈ဲ စာ ကို ဖaတ ပြီး အရမ်။ တော် တယ် ကလို့ ကောကခကခ၊ ဘယ်
ဒီ ပစ္စည်း က ဒီ မှာ စျေးအကြီးဆုံး ပဲ,ဒီ ပ၉င်: က ဒ . ၁ဗးဘဋီးဘုး ပဲ
ဒီ မှာ ဘတ် ၁၀ဝ တန် အက်ဖ်အီးစီ,မီ ၂ -တ ၁၀ တန် မပမီခီ
ဒီ နေရာ က နေ မြို့ ထဲ ကို ဘယ်လို သွား ရ မလဲ,ဒ ေေ က ခေ ဖြံ ထဲ ကို ဘယ်လို ဃား ဝ ယလဲ
သာမန် အားဖြင့် ဤ ဝယ်ယူ မှု မျိုး ကို ရင်းနှီးမြှုပ်နှံ မှု ဟု ဆို မည် ဖြစ် သည်,သာမန် ဘားဖြင့် ဤ တယ်ယူ မု မိုး ကိံ ၎င်းနှီးမြှုပ်ဒံ မု ဟ ဆို မည် ဖြစ် သည်
အဲဒီ ကလေး ကို မွေးစား လိုက် တယ်,ဘဲဒီ ကလေး ကို မမေးစား လိုက် ကယ်
ကော်ဖီ စက် က အခန်း ထဲ မှာ ရှိ ပါ သလား,ကော်ဖီ စကံ က ဘခန်း ထ မှာ ရှိ ပါ သလား
ရေခဲရေ လည်း လို မယ် ထင် တယ်,ef2ef R142 R Bl4 RE B34
သေချာပေါက် ပါ ပဲ,သေ၁nပေါ)က် U) ပ
အဲဒါ က ကောင်းကောင်း အလုပ် မ လုပ် တာ ဖြစ် နိုင် တယ်,ဘဲဒါ က ကောင်းကောင်း ဘလုပ် မ လုပ် တာ ဖစ် နိုင် တယ်
သရက်သီး အစိမ်း နဲ့ ငါးခူ အကြွပ်ကြော် သုပ်,သရက်သိီး အစိမ်s နဲ့ ငါး၃ ဗကြင်စကြာ သု်
ခင်ဗျား ကို သတိပေး မယ် ရထား မ လွတ် စေ နဲ့,ခင်ဗျား ကိ သင်ကငေး မယ် ရထား မ လှက် ၀၈ ခဲ့
ဆေးလိပ် မ သောက် ရ တဲ့ နေရာ က ခုံ လို ချင် လို့ ပါ,ဆေးလိင် မ သောက် တ တဲ့ ဇေော က ခုံ လို ခင် လို ါ
ကန့်ကွက် မဲ,ကန့်ကွက ပဲ
လမ်းပိတ် တဲ့ အနား မှာ လမ်းကြောင်း တစ် ခု ခု မ ရှိ ဘူး လား,လမ်းပိတ် ကဲ့ ဘနား မှာ လမ်းကြောင်း တစ် ခ ၃ မ ရှိ ဘူး လား
ဒီ နေ့ ဘာ နေ့ လဲ,ဒီ R1 211 R1 10)
ဖစ်ရှားမန်းစ်ဝါ့ဖ် ထိ ပို့ ပေး နိုင် မလား,"u္y-Z+""Pငါပ ထီ ) C.: နင် dr--"
မိုးရွာ ပြီး နောက် သက်တန့် ပေါ် တက် တယ်,ပံးဣ္ာ ပြီး နောက် သက်တန့် ပေါ် တက် တယ်
သုံး ပိုင်း တစ် ပိုင်း,သုံး ဝိုင်း တစ် ငါင်း
အများကြီး ကျေးဇူးတင် ပါ တယ်,ဘ မ) ၁ ငကြီ စ ကှ း တ 2ဟတ င် ပါ တယ်
ည ဖက် ခရီးစဉ် ရှိ လား,လ ယက ခငိါးသဉ် ၄ှ လား
အလို အားလုံး ဟာ ရိုးရိုး နားကျပ် ကက်ဆက် တွေ ပါ လား,ဘလို Sားလုံး ဟ ရိုးရိုး နးကျပ် ကဏထဏက ဝတ ပါ လး
ခရီးသွား ချက်လက်မှတ် ပေး လို့ ရ လား,-၅သ-- aုrnfrpmy2F G- လှ ၇ --
မြန်မာ ဘာသာ ရွတ် ခြင်း ဟော ခြင်း ဟော သည်,(ဗ ဘသာ ၉၀f ပင်- Cက ညင်: Cက သညသ်
ရေ ပေါ် မှာ သစ်မွှေးစ တွေ ပေါလော ပေါ် နေ တယ်,တှ ထါ.၂ သင်တွေ-S ထာ ထါတာ ထ' တ Du'
ဆင်းရဲ သော မိသားစု က ငွေ အသဲအသန် လိုအပ် နေ တယ်,ဆင်:၈ ၀ော မိသာ- က ငွေ အသဘသန် လိုဘပ် ငေ တယ်
ဘာ ကူညီ ပေး ရ ပါ မလဲ,ဘ ကူဃီ C. ၇ ပါ Br
သူ များ တွေ သူ့ ကို နားလည် ဖို့ သူ အထူး မျှော်လင့် တယ်,= ၈- စတွ့ 3. ဂီ H-0p မဲ့ Sု =aအ tstf P
အေး သွား ပြ ကြည့် မှာ ပေါ့,G2 z11 0 tTိ W1 Gtl
စားသောက် တွဲ က ရထား ရဲ့ ရှေ့ မှာ လား နောက် မှာ လား,တားသော်က တဲ က တထား ငဲ့ ဝှေ့ ပှာ လား နောက မှာ လား
မင်း က ဒီ မှာ နေ တာ လား,ယင်း က ဒ မှာ ခေ တာ လား
နွေဦး ရာသီ ရောက် တော့ ခံတွင်းပျက် လာ လို့ ဝိတ် က သိသိသာသာ ကျ သွား တယ်,စေဉဦး စာသိီ စောက် တော့ ခဲတွင်းပ)က် လာ လိုံ ဝိတ် က သိသိသာသာ က) သား တယ်
ဟုတ်ကဲ့ ဒီ ဘက် ကို ကြွ ပါ,ဟုတ်ကဲ့ ဒ ဘဏက ကို လွ ပါ
အဲဒီ ကို ‌နောက် ၁၅ မိနစ် နေ ရင် တက္ကစီ နံပါတ် ၃၂၀ ရောက် ပါ မယ်,ဘဒီ ကို ဝောက် ၁၇ မိနစ် နေ ရင် တလှစီ နံပါ)တ် ၃ ]၀ ဋောက် CU ပယ်
တံဆိပ်ခေါင်း ကို ဘယ် မှာ ဝယ် လို့ ရ နိုင် မလဲ,တံအိပ်ဝဒါင်း ကိ ဘယ် ဃမှာ ဝယ် လို ၈ နိင် ပလဲ
ငါ့ ကို မင်း သင် ပေး ပါ,ငါ့ ကို မင်း သင် ပေး ပါ
ကိုရီးယား လူမျိုး တွေ က တော့ ဇွန်း နဲ့ တူ နဲ့ စား ပါ တယ်,ကိုရီးယား လူင်ိုး ၁တ က ဝ၀ာ့ ဇှန်း နဲ့ တူ နဲ့ း ပါ တယ်
အိမ် က နေ ကျောင်း ကို သိပ် ဝေး တာ မဟုတ်ပေမဲ့ လမ်းလျှောက် သွား ရင် ပင်ပန်း တယ်,ဘိမ် က ၀ေ ကကျောင်း ကို သိလ် ၀ေး ကာ မကုတ်ငေမဲ လမ်းလျှောက် သား ရင် ပင်:န်: ကယ်
စျေးဆစ် ပြီး မ ဝယ် လို့‌ ဆိုင်ရှင် က ဒေါပွ နေ ခဲ့ တယ်,ရေ(းသစ် ပြီ- မ ဝယ် လို ဆိုင်ရှင် က ဒေါပ ဝေ ခဲ တယ်
ခင်ဗျား အိမ် ကို ဘယ်လို သွား ရ မလဲ ပြောပြ ပါ,၁င်၁ျn- 14 -. ဘC) သာ- ၇ တr' ၀nပ ပ
ကျွန်တော် ပါတီပွဲ တစ် ခု သွား ချင် တယ်,ကွ န် စ တ ၁ ပါတီ ပဲ တ စ် ခ သှ ၁ 1 ၁ င် တ်
ယာဉ်မောင်း အရေအတွက် ကို တိုး ပေး လို့ ရ ပါ သလား,ယာဉ်ယောင်း အထေတက ကံ တုး ပေး လိဲ့ ခ ပါ သလား
ပြိုင်ပွဲ မှာ ပြိုင်ဘက် ကို အထင်သေး လို့ မ ရ ဘူး,ပြိုင်ပ မှာ ပြုင်ဘက် ကို ဘထင်သေး ကို မ ရ ဘူး
လေယာဉ် မ ရပ် ခင် ဖုန်း ကို မ ဖွင့် ပါ နဲ့,လေယာဥ် မ ရပ် ခင် ဖန်း ကို မ ဖြင့် ပါ နဲ့
ကျွန်တော့် အတွက် ဒီ စာ ကို ပို့ ပေး လို့ ရ လား,ကျန်တော့ ဘတက ဦီ တ ကံ ( ယေး လဲ့ ဓ လား
ကိုယ်ပူ သလား ကိုယ် အပူချိန် တိုင်း ကြည့် ပါ,ကိုယ်) သလား ကုယ် ဘပဒန တိင်း ကြည် ပါ
ချော်လဲ ရင်း နဲ့ ပြင်းပြင်းထန်ထန် ဆောင့် မိ သွား လို့ ခေါင်း မှာ ဒဏ် ဖြစ် သွား တယ်,ပျေ်လ ၎င်း ခဲ့ ပြင်းပြင်းထန်ထန် ထောင့် မိ သှား ကို့ ဝေါင်း မှာ ဒက် ဖြစ် သှား ကယ်
ကျွန်တော့် ကို သူ နဲ့ မိတ်ဆက် ပေး နိုင် မလား,ကန်တော့် ကို သူ နဲ့ မိတ်ဆက် ပေး နိုင် မလား
စုစုပေါင်း အလေးချိန် ဘယ်လောက် လဲ,ု ၈ ဇ ပါ င် 1 ဘ ၈ လ 1 ဒါ န် ဘယ် စ လ ၁ က လ
တရုတ် စာ ကို ဘယ် တုန်း ကတည်းက စိတ်ဝင်စား ခဲ့ လဲ,တရုတဏ် စာ ကိံ ဘယ် တုနီး ကတည်းက စတ်ဝင်စား ခ့ လဲ
ဒါ ကို အောက်ထပ် အိပ်စင် နဲ့ လဲ လို့ ရ နိုင် မလား,၁ါ ကို ဘောကထပ် အိပ်သင် ခဲ့ လဲ လို့ ၄ နုင် ယလား
ကျွန်တော် တို့ အမြန် လုပ် ရင် ကျွန်တော် တို့ အဆင်ပြေ မှာ ပါ,"nစ်မ ၏ nမ4 tုပ  ကft တ, nstမ  မ"
ကျွန်တော့် ကို ငါးထောင် လောက် ချေး ပေး လို့ မ ဖြစ် ဘူး လား,ကျန်ကော့် ကို့ ငါးထောင် လောက် Gျး ၀ေးး လို့ မ ဖြစ် ဘူး လား
ဪ နည်းနည်း ဈေးကျ တယ် နော်,ငေှ် နည်:ည်: Gေt:က) တယ် ငေ်
အားနာ ပါ တယ် တစ်ယောက်စာ တောင် မ ကျန် တော့ ဘူး,ဘားနာ ပါ တယ် တစ်ယောင်္တာ တောင် ပ ကန် တော့ ဘူး
အပြောင်းအလဲ လေး ဖြစ် သွား အောင် ပင်လယ်စာ စား ရအောင်,ဘပြောင်းဘလဲ လေ။ ဖြစ် သား ဘောင် ပင်လယ်စာ စား ရောင်
ကျွန်တော် တို့ ကြက်ဥ မွှေကြော် က အစိမ်းရောင် ဟင်းသီးဟင်းရွက် နဲ့ ကြော် တာ ပါ,ကျွန်တော် တို့ ကြက်ဥ မေကြောဒဲ က အစ်ိမးဌေင် ဟင်းသီးဟင်းငှက် နဲ့ ကြောဒ တာ ပါ
အနားယူ ဖို့ နေရာ ရှိ လား,ဘနားယူ ဖိ ဒေရာ ရှိ လား
ဆာလောင်မွတ်သိပ် နေ တဲ့ ကျား က စား စရာ လိုက်ရှာ နေ တယ်,ဘာဝလပ်ပတ်သိပ ၀န တဲ့ ကျး က ဘး ၁၈ လိုကရှာ ၁န တယ်
မြန်မာ နိုင်ငံ ကယား ပြည် ငွေ တောင် ပေါ် တွင် လည်း နေ ခဲ့ ဟန်တူ သည်,ဖြန်ဗ စိ်- ကယား ပြည် ဝ၉ တောင် ပေါ' တွင် လည်း နေ ဲ့ ဟန်ဘူ သည်
ပျောက် သွား မှာ စိုး လို့ အံဆွဲ ထဲ ထည့် ထား ခဲ့ တယ်,GHaR 212 W9 5 Nု) d2ဲ R Rလှ R11 ခဲ့ R49
ဘယ် ဟော်တယ် မှာ တည်း မလဲ,ဟယဟ် ဟော်တယ် ပှာ တည်း ပလဲ
ခင်ဗျား ဘယ် နေရာ က မ ကောင်း တာ လဲ,of်R95 z9K G1R 139 H3 R9E5 G 1D
ကျွန်တော် ပြဇာတ် တစ် ခု ကြည့် ချင် တယ်,ကျန်ဗော် ပြဇတ် တစ် ၃ ကြည် ချင် ဘယ်
ကျွန်တော် ပါရာစီတမော့ လို ချင် တယ်,ကျွန်တော် ပါတစီိတမော့ လို ခင် တယ်
ကျွန်တော် မဲ ပေး ဖို့ အရွယ်ရောက် တာ ‌တော်တော် ကြာ ပြီ လို့ ပြော ရုံ ပဲ,ကျွန်တော် ပဲ ပေး ို အာင္ွယ်တေက် တာ တော်တော် ကာ ပြ လို ပြော ငံ ပ
ဂီတပညာရှင် တစ် ဦး အဖြစ် နဲ့ ဘဝ ကို နိဂုံးချုပ် သွား ခဲ့ တယ်,"fR12iue် RT989 0i 10B S, 4 H4 127 1 ဲ R14"
ကျွန်တော် ဒီ နေ့ ည ပဲရစ်စ် ကို လက်မှတ် တစ် စောင် လို ချင် တယ်,ကန်တော် ဒီ နေ့ ည ပရစ်စ် ကို လကံမှတဲ တခ် တောင် လို ခင် တယ်
နေ့တိုင်း မပျက်မကွက် အချိန်ပေး ပြီး စာ ဖတ် ပါ,ခေ့တိုင်း ယပကကမကက ၁ခနပေး ပြး သာ ယတ် ပါ
ဒီ အချိန် ဆို ရင် သူငယ်ချင်း က အိပ် နေ တယ် နဲ့ တူ တယ်,ဒီ ဘချံန် ဆို ရင် သုငယ်ခင်း က ဘိပ် နနေ တယ် နဲ့ တု တယ်
ကျေးဇူး အများကြီး တင် ပါ တယ်,Gfn25 TaR9lt1 16E I R4
ကျွန်တော် အလျင် မ လို ပါ ဘူး သတိထား ပြီး မောင်း ပါ,ကျန်တော် အလျင် မ လိံ ပါ ဘူး သတိထား ငီး မောင်း ပါ
အထုပ်အပိုး တွေ ယူ ရ မယ့် နေရာ က ဘယ် မှာ လဲ,fRufeီ RR  ( fE Bif P   P
တစ်သောင်း တန် ကို ငွေ အကြွေ နဲ့ လဲ ပေး ပါ,တစ်သောင်: တန် ကို ငွေ ဘငြ နဲ့ လဲ ပေ: O)
ဒီလို စိတ်ဓာတ် သေးသိမ် မှ တော့ ဘယ်လို လုပ် လူတောတိုး လို့ ရ ဦး မှာ လဲ,ဒီလိုံ စိတ်ဓာတ် သေးသိခံ မှ တော့ ဘယ်လိံ လပ် လူတောတိုး လို့ ၈ ဦး မှာ လဲ
ကုန်ထုတ်စွမ်းအား ကျဆင်း လျှင် လုပ်ခ ကို ပါ လျှော့ပေး ရ သည်,ကုန်ထုတ်စွမ်းအား ကျဆင်း လျှင် လှပ်ခ ကို ငါ လျှော့ငေး ရ သည်
တောင် ဘက် ထွက်ပေါက် ရဲ့ အရှေ့ မှာ ပါ,တောင် ဘကံ ထက်ပေါကံ ရဲ့ အရှေ့ မှာ ပါ
ဈေး သွား ရင် ဖရဲသီး တစ် လုံး ဝယ် ပေး ပါ,ထး သား ခင် ပဋုသီး တစ် လူ်း တယ် ယး ါ
ဒီ နေ့ ကျွန်တော့် အဝတ်လျှော် တာ ပြီး ပါ့ မလား,"ဒ  ကျွန်တာ့ POfတှ ၁ (C"" ပါ dr--"
မြန်မာ မှာ ဘယ် လ က အလှ ဆုံး လဲ,မြန်မာ မှာ ဘယ် လ က ဘလှ ဆုံး လဲ
မင်း နဲ့ ငါ ပန်းခြံ သွား ကြ ရအောင် ဘယ်လို သဘော ရ လဲ,မင်း ခဲ့ ငါ ပန်းS သား ကြ ရအောင် ဘယ်လိ သဘော ၈ လဲ
ဒီ မှာ ဒစ္စကို ကပွဲ ရှိ သလား,ဒီ မာ ၁စ္ကို ကပဲ ရှိ သလား
မနက်ဖြန် ညနေ ပါ,မခနက်ဖြန့် ညနေ ပါ
ဒီ လူ က ကျွန်တော့် သူငယ်ချင်း ပါ,။ီ လု ၈ ဂန်စက် Si ပ
ကျွန်တော် မုတ်ဆိတ်မွေး ရိတ် ချင် တယ်,ကွ န် စ တ ဒ ဟု တ ဆိ တီ စ မှ 1 ရိ တ ခ၊ င် တ်
သူ ဟာ ကျွန်တော် တို့ တွေ့ဆုံပွဲ မှာ ချောဆီ လို ဖြစ် တယ်,သု ဟာ ကျ(န်တော် တို တွေ့ဆုံပ မာ ၀ေpသီ လို ဖြစ် တယ်
ကျွန်တော် တို့ ဝိုင် ကို ပုလင်း နဲ့ ပဲ တည်ခင်း ပေး ပါ တယ်,ကျွန်ဝတ တို့ ပိုင် ကို ပလင်း နဲ့ ပဲ တည်ဝင်း ဝ: ပါ တယ်
ယင်း တို့ ကို ရှေး အီဂျစ် လူမျိုး တို့ ကိုးကွယ် ရှိခိုး ခဲ့ ကြ သည်,"ယင်- တို ကိ ထ- P၇င် -yu- တို .ကွယ' P. .ဲ "" သသ်"
ခင်ဗျား ဘယ်လို စာအုပ် မျိုး ဖတ် တာ နှစ်သက် တာ လဲ,oE်t95 z944 Razg M415 RR9 R7T1 7fzR R71 10
အခု တော့ မ လို မှန်း သိ ပြီ,အဒ တော့ မ လိံ မှန်း သိ င
က ယင်း ကို ဟု သတ်မှတ် ပေး ထား သည်,က ယင်း ကို့ ဟု သတ်မှက် ငေး ထား သည်
ဟိုတယ် ပါ,ဟိုတယ် ပါ
ရုပ်ရှင် ကြည့် ဖို့ သွား မယ်,ရုပ်ရှင် ကြည့် ဖို့ သွား မယ်
အဲဒါ ကို သိုလှောင်ရုံ မှာ စစ် ပြီး တော့ မှ ပြေစာ ယူ ပါ,ဘဲဒါ က သစလှောင် မှာ ခစ် ပြီး စော့ ၂ှ စပြစာ ယူ. ၆ါ
နောက်ဆုံး မှတ်တိုင် မှာ ဆင်း ရင် ရောက် ပြီ,ဧ1IRa11 WR9R9eE W1 6E= fE် EfaR9
ရထား ပြောင်း စီး ဖို့ ပိုက်ဆံ ထပ် ပေး ရ မှာ လား,ရထား ပြောင်း စီး (. Cက်အဲ ထင် Gေtး ၈.မာ လား
သူ ဘယ်လောက် ကြာ မှ ပြန် လာ မှာ လဲ,သ ဘယ်လောက် ကာ မှ ပြန့် လာ မှာ လဲ
လည်ချောင်း ခြောက် လို့ အအေး သောက် သည်,လည်ဒျောင်း ဘြောက် ကို့ အအေး သောက် သည်
ကျွန်တော် ကမာကောင် မှာ မယ်,ကွှနတေ ကမာကောင် မှာ ဖယ်
ဘဏ် မှာ ငွေစု ရင် အတိုး ရ တယ်,oRB W1 GK RE် RR}2 1 R84
ချက်ချင်း မ သွား ကြ ပါ နဲ့,"ခ,ကံခုင်း မ သား ကြ ပါ နဲ့"
သူမ က နှစ် တန်း ကျောင်းသူ ပါ,te P Hf P4 Bnh မ
ဒီ စာ ကို အောက် က အတိုင်း ဖြေရှင်း သွား မလို့ လေ,။ီ R ဂိ Fn = တီး၊ ၈မ၇- ၁၄၊ လီ မt
ကျွန်တော် ဘတ် နဲ့ ပေး မယ်,ကျွ(န်တော် ဟတ် ခဲ့ ပေး ပယ်
ခင်ဗျား ဘာ ဖြစ် နေ တာ လဲ,ခင်ဗား ဘာ ဖြစ် နေ ကာ ဂ
၇ နာရီ မှာ နှိုးစက် လုပ် ထား ဖို့ မ မေ့ နဲ့ နော်,C M M1 l5RR9 R R11 W 4$ K0 %)
နိုင်ငံတော် ငြိမ်ပိ က အမျိုးသား ဒီမိုကရေစီ အဖွဲ့ချုပ် နှင့် ဆွေးနွေး ညှိနှိုင်း ရန် ငြင်းပယ် လိုက် သည်,ခိင်င်ံတော် ငံခဲပ် က အခါ)းသား ဒီမိကရေစီ အပဲဒုပ ခင့် ဆေးခေး ညိနိ့င်း ရန ဝင်းပယ် လိက် သသညံ
လက်ဖက်ရည် ဘယ်လောက် များများ မှာ ချင် လဲ,လ က ပ ကိ ရ ည ဘ ပ် ဇ လ ၁ က မ) ၁  မ) ၁ 1 မှ ၁ ခ င် လ
ရာသီဥတု အေး ရင် အစားအစာ ပူပူလေး စား ရ တယ်,တသိဥတု Cဘး တင် ဘဘးဘဘ U၁လ:း ဘး ဇ တယ်
သန့်ရှင်းရေး ကို စ လုပ် ရ မလား,သန့်၄င်ieေး ကိ ၈ လုပဲ င မလား
မ ဆုံးဖြတ် ရ သေး ဘူး,ယ ဆုံးပြတ် ဝ သေား ဟူး
ခင်ဗျား ခရီးထွက် လာ တာ အလုပ် အတွက် လား အပျော် လား,ခ င် ဗု ၁  ဒ ရီ 1ထ က လ ၁ တ ၁ ဘ လူ ပ ဘ တှ က လ ၁ 1 အ စ ပ) ၁ လ ၁ 1
သီချင်း က တော့ အထင်ကြီး စရာ ပဲ,ဘီ ခ င်  က ခ တ ၁၄ ဘ ထ င် ကြီ စ ရ  ပဲ
အဲဒီ မှာ ထူးချွန် တဲ့ တရုတ် အနှိပ်သည် တွေ အများကြီး ရှိ တယ် လို့ ကြား တယ်,ဘဲဒီ မှာ လူးချွန် ကဲ့ တရုက် ဘနှိပ်သည် လွေ ဘများကြီး ရှိ ကယ် လို့ ကား တယ်
ခင်ဗျား မြို့တော် ခန်းမ ရဲ့ ဖုန်း နံပါတ် ကို သိ ပါ သလား,ခင်ဗုား မြ)တော် ခန်းမ ရဲ့ ဖုန်း န်ပါတဲ ကို သိ ပါ သလား
ကျွန်တော် ရေမွှေး တွေ ကို စိတ်ဝင်စား ပါ တယ်,ကျွန်ဝတ ၁၈၀ဋ္: ဝတ ိ ဒိတဝပ်ဗး ပါ တယ်
ဘယ်လောက် လဲ,zitett1it 1
ပြိုင်ပွဲ မှာ ပန်းတိုင် အမှတ် ကို အရင်ဆုံး ဝင် တဲ့ သူ က အနိုင် ရ တာ ဘဲ,"မမ P မfeff ""s4 fီ tt 1 e  =  ၇ P"
လူငယ် အဖွဲ့ဝင် တွေ က တော့ ဘာသာ စကား သင်ယူ တာ မြန် တယ်,လငယ် ဘဖွဲဝင် တေ့ က တော ဘသာ စကား သင်ယု တာ ဖြန် တယ်
ဒါ လေး မြည်း ကြည့် စမ်း ပါ့ ပဲကြီးနှပ်ချက် လေး ကောင်း တယ် နော်,ဒါ လေး မြည်း ကြသည့ စမဲး ပါ ပကြီးနှပ်ခုကံ လေး ကောင်း တယ် နနော်
ကျွန်တော် ချက်လက်မှတ် နဲ့ ပေး မယ် မနက်ဖြန် က နေ စ ပြီး ငှား မယ်,ကျန်တော ချက်လကပတ ခဲ့ ယး ယ် ဝခုကပြန် က ခေ့ စ ပြီး ဌး ယယ
ပို မြန် တဲ့ ခရီးစဉ် ရှိ လား,ပို ဖြန် တ ဒဂီ-၈့၌ ရှိ လာ-
အသားပြား တစ် ပွဲ ယူ ခဲ့ ပေး ပါ,ဘသားပြာ။ တစ် ပ ယ ခဲ့ ပေး
၁ ၁ဝ ၂ဝ၁ဝ ရက်နေ့ ရှိ ခန့်မှန်း လူဦးရေ မှာ ၅၉ ဒသမ ၇၈ သန်း ရှိ သည်,၁ ၁၀ ၂၀၁၀ ဝဂကခေ့ ငှံ ခန့်ပှန်း လူ်းတေ ဟာ ၅၇ ၁ဿဃပ ဂ၈ ယန်: ၄ ဃည်
ကျွန်တော် ခင်ဗျား ရဲ့ ဖုန်း ကို သုံး လို့ ရ မလား,ကျွန်တော် ခင်ကျား ၄ဲ့ ဟုန်:း ကို ယုံး လို ၄ ယလား
ဒါ ကို တူရာတူရာ စုစည်း ပြီး အုပ်စု ဖွဲ့ လိုက် ရင် အုပ်စု ၃၀ ရ လာ သည်,d 1R RgRT9R19 KR42 5 R Wဲ tR Re DR 2 Rl 1171 21လဲ
ဘတ်သ်အွိုင်းလ် တွေ အမျိုး သုံးဆယ် လောက် ရှိ ပါ တယ်,ဘတ်ယ်အိင်းလ် တေ ဘယ်း ယုံးဆယ် လောက်က် ဒှိ ပါ တယ်
ဘယ် ဟာ ကို နှစ်သက် ပါ သလဲ,ဘယ် 'ာ ကို နှစ်သက် ငါ သလဲ
ကနေဒါ က လာ တာ ပါ,ကခေဒါ် က လာ တာ ပါ
ယင်း ပညာရပ် ကို ထပ်မံ ၍ နှစ် စား ခွဲ နိုင် လေ သည်,ယင်း Cညာပ ကို ထပဲမဲ ဤ နှစ် ၈၁း ခဲ့ နိုင် လေ သည်
ဘေလ် ကို အခု ပြင် ဖို့ ရှာ သင့် တယ် ထင် တယ်,ဘေက် ကို့ ဘခု ပြင် ဖို ၅ သင့် ကယ် ထင် တယ်
နည်းနည်း လျှော့ ပေး ပါ,"Hဿ်7ဿသ"" ထyှဂ C. ပ)"
သောက် စရာ ကို ကောင်တာ က နေ ကိုယ့်ဘာသာ ယူ သောက် ရ မှာ လား,သောက် ၁၈၉ ကိံ ကောင်ဘာ က နေ ကိုယ့်ဘာသာ ယူ သောက် ၈ ၂ှာ လား
သူ သိပ် စိတ်ကောင်း ရှိ တယ်,ယူ ယိပ် စိတ်ကောင်း Sှိ တယ်
အခု ဘယ်လို ခံစား ရ လဲ,ဘဒ ဘယ်လိ ဲံစား တ လ
အဝါရောင် အင်္ကျီ ထက် အဖြူရောင် အဝတ် ပဲ ဝယ် ပေး ပါ,"H-ါတင် P-nfီ"" ထnf 1uyတှင် Poo U C'"" C.- ၀"
မိုး က သွန်ချ သလို ရွာ သည်,ပိုး က သှန်၁) သလိ ရွ ဃည်
တီးဝိုင်း ခေါင်းဆောင် က ဘယ်သူ ပါ လိမ့်,တီ-ဝိုင်: ဒေါင်-ထောင် က ဘယ်၁ူ ပါ လိမဲ
ဟဲလို ၅၅၅ ၁၁၁၁ နံပါတ် နဲ့ ကျေးဇူးပြု၍ ပြော ချင် ပါ တယ်,Cry ၅၅၅ ၁၁2၁ Po် ) .ျ-၃-၂က၉ Cn ခင် Cါ C'
ပြတိုက် ဒါမှမဟုတ် ပြတိုက် လို ဟာ မျိုး ရှိ လား,"Oဘ%m 2uzn2 U၁7 လ . ဒုျံ: P ""n."
အာစရိ ကျွန်တော် ရန်လင်း ပါ,အာစတါ့ ကျှန်တော် ငန်လင်း ပါ
ကုန်စည် ပြပွဲ မှာ ရောင်း တဲ့ ပစ္စည်း တွေ အရည်အသွေး ကောင်း လား,ကုန်စည် ပြပ မာ ရောင်- တ ပစ္စည်- တေ အရသည်ဘသသေ: ကောင်- လာ-
ဝက်ခြံ ပေါက် သည်,ဝကိဖြ ပေါက် သည်
ဘာ သုံးဆောင် မလဲ လူကြီးမင်း,ဘ ၁ သံ  စ ဆ ၁ င် မ လဲ လူကြီ  မ င် 1
ဒါ က တော့ အေးအေးဆေးဆေး ပျံ တာ ပါ ပဲ,ဒါ က တော့ အေးတေးဆေးဆေး ပံ တာ ပါ ပဲ
ကျွန်တော့် ကို မှန် က အရောင် ဖျော့ဖျော့ လုပ် ပေး ပါ,ကန်တော့ ကို မှန် က ဘရောင် ဖော့ပော့ လုပ် ပေး ပါ
လေ က အသား ကို တိုးခွဲမတတ် အေး သည်,လေ က အသား ကို တိုးခဲ့မတတ် အေး သည်
အချိန်ဇယား ထက် နောက်ကျ မှာ မို့ အားနာ ပါ တယ်,ဘာချံန်ယေား ထ်က နောဏ်က၊ ယှာ ပုံ ဘားနာ ပါ တယ်
ခင်ဗျား ကို ဒီ တိုင်း ကြိုက် လား ဒါမှမဟုတ် ရေခဲ နဲ့ လား,ဝင်ဗျား ကို ဒီ ကိုင်း ကြံု(က် လား ဒါမှမ'ဘုတ် ၀ေခဲ ခဲ့ လာာ:
ကျွန်တော် ပျော် တယ် ဗျာ ဆောင်းရာသီ ရောက် ပြန် ပြီ,ကျန်ကော် ပေျာ် ကယ် တှာ ယောင်းရာသိ တောက် ပြန် ပြီ
ကျွန်တော် တို့ နှစ် ခု လုံး ပို့ ပေး ပါ မယ်,ကျန်ဗော် တို့ နစ် ၃ လး Qံ Gus ပါ ဖယ်
မျက်လုံး ထဲ မှာ မျက်ရည် ဝဲ လာ တယ်,မု)ကံလုံး ထဲ မှာ မ)ကံရညံ ဝ လာ တယ်
အရေးပေါ် ထွက်ပေါက် ကို ခင်ဗျား ထိုင်ခုံ အိတ် ထဲက ကတ် မှာ ရေး ထား တယ်,ဘ၀ေးပေါ ထလွှက်ပေါက် ကို ခင်ဗျား ထိုင်ခံ အိက် ထဲက ကတ် မှာ တေး ထား ကယ်
ဓား,C6
တတိယ ထပ် က စာရေးကိရိယာ ရောင်း ပါ တယ်,"QQTv. ထင် က ဘတှ-က. .င်: ပ ၁o'"""
ဘယ်လို လဲ ဆရာ,တယ်လို လဲ ဆတ
ကျွန်တော် တတ် နိုင် တဲ့ ဈေးနှုန်း ထက် များ နေ တယ်,ကန်တော် တတ် ခိုင် တဲ့ စေးနုန်း ထက် မား ခေ တယ်
ထွက်မသွား နဲ့,ထင်္ပယား ခဲ့
ခြေလှမ်း များ လေးလံ သည်,ခြေလှမ်း C၄: လေးလဲ ယည်
ဝင် ခ ပေး ရ မှာ လား,ဝင် ဒ ပေး ရ မှာ လား
ဘယ် နှစ် ခု လောက် လို ချင် ပါ သလဲ,ဘယ် နှစ် ၈ လောက် လိုံ ချင် ပါ သလဲ
ပို ၍,၆ ၏
အင်မတန် ကြီးကျယ်ခမ်းနား သော အိမ် ကြီး တွင် သူ တစ် ယောက် တည်း နေ သည်,tfwD4 mifi- 47 e ၏ီ တု်  ဟf DvnP m် ခ 7I
စား လို့ ပို တာ လေး တွေ ထုပ် ပေး လို့ ရ မလား,R. ဂ ပီ G Bt- မတူ့ အပ် စe: ဂီ ၇ r:
သိပ် မ ပြင်းထန် ပါ ဘူး,သိပ် မ ပြင်းထန် ပါ ဘူး
ကျောင်းနေဘက် တွေ့ဆုံပွဲ တက် ရအောင်,"တာုဂင်းတာ"" ဣာဆုပ C- ဂတာင်"
ကျွန်တော် သူငယ်ချင်း အိမ် လူခေါ်ဘဲ ကို နှိပ် လိုက် တယ်,ကျန်တော် သငယ်ချင်း အိမ် လပေါ်ဘဲ ကို နိပ် လိက် တယ်
မြို့ ၏ အမည် ကို ရမ္မာပူရ ရမ္မာဝတီ ဟူ၍ ပင် ဘွဲ့ သတ်မှတ် တော် မူ သည်,မီ ၏ F2 P npy( hpedီ ဟ ပl 7ဲ့ 7deP id s 7i
ဒီ ဆေး ကို လက်ဖက်ရည် ဇွန်း နှစ် ဇွန်း စာ သောက် ပါ,ဉ ထး ကံ Cဏuဏသေ် ဌန်း နြစ် ဣင်း ထာ လေောက ပါ
အသံ က အရမ်း ကောင်း တယ်,daz IR9 T9RB95 Gt941 B9
ဒီ နေ့ ဘာ ဝန်ဆောင်မှု ပေး မ လဲ,"ဒီ ဧ ., ဘ ၁ ဝ န် ဧ ဆ ၁ င် ပ ဧ ပ 1 မ လဲ"
အမျိုးသား,ဘချိီုးသး
ညနေ ခုနှစ် နာရီ ပါ,ညဝေ့ ၃နှစ် နာဇရီ ပ)
အခုလို ကြား ရ တာ ကျွန်တော် စိတ်မကောင်း ပါ ဘူး,maaf G512 RI R ReR9 1R94GR779F5 I 21
ခင်ဗျား ရောက် မ လာ သေး ရင် ကျွန်တော် တောင် ခု ပဲ သွား ကြို တော့ မလို့,ဝင်ဗျား တောက် မ လာ သေး ရင် ကျွန်တော် ကောင် ခ C သား ကြို ကော့ မလို့
အကောင်းဆုံး က တော့ မင်း လတ်ဆတ်သော သစ်သီး ကို ပို စား ပါ,ဘကောင်းဆုံး က တော့ မင်း လတ်ဆင်သော သစ်သီး ကို ငါ စား Cါ
ရှပ်အင်္ကျီ အဖြူ ဝယ် ချင် လို့ ပါ,pQnု: P0 o.' ခင် ိ Q)
ဇွန်း,၈နS
သူ့ ပထမ နာမည် က ဘာ လဲ,သ ပထဖ နာမည် က ဘာ လဲ
ဘန်ကောက် က သွား လာ ဖို့ အလွယ်ကူဆုံး မြို့ ပဲ,၁မက  p၊ n ဖဲ့ Ttpfn မိ 0
မစ္စတာ ရော်ဂျာ ကို ကျွန်တော် ဖုန်းခေါ် တဲ့ အကြောင်း ပြော ပြ ပေး ပါ,မစ္တာ ရော်ဂျာ ကို ကျန်တော် ပန်းခေါ် တဲ့ ဘကြောင်း ပြာ ပြ ပေး ပါ
ကိုကို နေ့ တိုင်း မနက်ခင်း မှာ နံနက် လေ့ကျင့်ခန်း လုပ် တယ်,ကိုက ဧနံ့ တိ၄်း ဖနကိ၁ာင်း ၂ှာ နိံနက် လလေ့ကင့်ဒန်း လှ တယ်
ဘာ တွေ စား ချင် လဲ,ဘ ၁ ၈ တ စ ၁ 1 ခ င် လဲ
အဆင်ပြေ ပါ တယ်,ဘဆင်ပြေ ပါ တယ်
မိနစ် ၂၀ လောက် မှ ခင်ဗျား ကို နေရာ ရ နိုင် ပါ မယ်,Rif ) ttPP e 1er ဂီ မ၇ ၇ ရ် ပံ FP
ပြန် လဲ ပေး ပါ့ မယ်,lြ t0i B2 t4 8R9
ခင်ဗျား ဒီလို မကြာခဏ ဖြစ် လား,ခင်ား ဒီလဲ့ ပကြာခဏ ဖြစ် လား
ပလာစတာ နည်းနည်း လို ချင် တယ်,ပလ၁တ နဉ်းနင်း လို ချင် တယ်
ခဏလောက် စောင့် ပေး ပါ,inen sig Ku: ပံ
ဘယ်သူ မှ ထိခိုက်ဒဏ်ရာ မ ရ ဖို့ မျှော်လင့် ကြ စို့,တယ်ယ့ မ ထိခိုက္ဒင်္ငာ ယ ဝ ယုံ မေ့င်လင့် က ငို့
ကျွန်တော့ အထင် တော့ ဂျယ်ဂျူကျွန်း ရဲ့ ရှု့ခင်း က လှ မယ် ထင် တယ်,ကျွန်ဝတာ ဘထင် ၁p ဂျယ်လျူကျွန်း ရဲ့ ရဝင်း က လှ ပယ် ထင် တယ်
သူမ ကို မြင်မြင်ချင်း စွဲမက် သွား ခဲ့ တယ်,ht ဂီ Mei- tef A  PF
သတင်းထောက် ဆို တာ လည်း တိုင်းပြည် အတွက် အလုပ် လုပ် သူ ပါ,သ တ င် 1 စ ထ ၁ က ဆို တ ၁ လ ည  တို င် ပြ ည ဘ တှ က အ လု ပ် လှ ၆ သု ပါ
ကမ္ဘာ့ နေရာ အနှံအပြား မှာ တရုတ် အမျိုးသား တွေ တွေ့ နိုင် ပါ တယ်,ကယှာ့ ေေ ဘန်ီဘပြား ၂ တဋတ် ဘပါ့ုးသား တ ထေ့ ခိင် ပါ တယ်
သူငယ်ချင်း က ကျွန်မ ထက် ပို အရပ် ရှည် ပါ တယ်,သငယ်ချင်း က ကျန်ပ ထက () ဘခပ် ၄ှည ငါ တယ
ပခုံး အောက် မှာ ဖော့ ခံ ချင် လား,ပခုး ဘောကံ မှာ ဖော့ ခံ ခုင် လား
ထမင်း စား ပြီး သန့်ရှင်း ရေး လုပ် မယ်,ထပင်း ဘား ပြး ဃန့၄င်: တေး လပ် ပယ်
ဒါ ဟာ သူငယ်ချင်း တွေ နဲ့ မ သင့်မြတ် စေ တဲ့ အဓိက အချက် ပါ ပဲ,ဒါ ဟာ သငယ်ချင်း တေ့ နဲ့ မ သင့့်ဖြတ် စေ တဲ့ အဓိက အဒက် ပါ ပဲ
အလုပ် မ များ ဘူး ဆို ရင် မနက်ဖြန် တွေ့ ကြ မ လား,ဘလပ် ၆ဲ ယား ဘး ဆဲ ခင် ပခနကဖြန့ ထေ့ ကြ ပ လား
ဓာတ်မှန် ထဲ မှာ တော့ ဘာ မှ မ တွေ့ တော့ ဘူး,တဘဖ့န် ထ .ာ တော့ ဘာ  ယ ထေ့ တော့ ဘူး
ဖျက်,ဖျက်
လမ်းမ ကို ထွက်ကြည့် တဲ့ အခါ ဆိုင်တံခါး တွေ ဖွင့် ထား ပြီ လား,လပ်းပ ဂို ထှကပြ၄့် တဲ့ ဘဒါ ဘိုပ်တံဒါး ဝတ ဖွင့် ထး ( လး
ချီးစ်ဘာဂါ အာလူးချောင်းကြော် နဲ့ ကိုလာ အသေး ပေး ပါ,ဒါ- စ်ဘာဂါ ဘလ:ေင်:-ကြေ် န့ ကိုလာ ဘသေ- Gေ: 0)
ခင်ဗျား အချိန် ရ လား,"၁င်၁- Pဉ ၇ "".-"
ခင်ဗျား မှာ ရှိ တဲ့ ထဲ မှာ ဒါ က ဈေး အသက်သာဆုံး လား,၁င်၀၇: ၂ှာ ၆. တဲ ထဲ ၂ှာ ဒါ က ခေး ဒသကသာဆုံး လား
ပြီး တော့ ကြက်သား က တူး ပြီး သားရေ လို ပဲ မာ နေ တယ်,ပြီး တော့ ကြက်သား က တူး ပြီး သားလေ့ လို ပဲ မ၁ နေ တယ်
ကျွန်တော် မန်မိုရီကတ် လို ချင် လို့ ပါ,ကန်တော် မန်မိုရီကတ် လို ခင် လို့ ပါ
နွေရာသီ မှာ ဖြစ် ဖြစ် ဆောင်း မှာ ဖြစ် ဖြစ် ခရီး ထွက် ရအောင်,ထွဂယီ ၂ာ ပ၀င ပ၁ ထာင်: ၂- ပ၁ (၀၁၉ - ထွက ၇ဏာင်
မြေအောက် ရထား နဲ့ သွား လို့ ရ ပါ တယ်,ပြေဘောင်္ ဂထား ခဲ့ သား လို ဝ ပါ' တယ်
မနက်ဖြန် ဒီ စာ ကို ပို့ မလို့,ယနက်ဖြန် ဒ တာ ကို (ံ ပလို
ငွေတိုက် ထဲ က ငွေ ပျောက် ခဲ့ သည်,၀ဋတိုက ထဲ က ၀၄ ၁upဏ ခဲ ဃလ်
ကောင်း ပါ ပြီ ကျေးဇူးတင် ပါ တယ်,ကောင်း ပါ ပီ ကျေး၇းတင် ပါ တယ်
တာမီနာလ် ကို သွား တဲ့ ဘတ်စ်ကား လား,တ ၁ မီ နဲ ၁ လ ကိ သ ၁ : တံ့ ဘ တ စ က ၁ 1 လ ၁ 1
နင့် အစ်ကို က ဘယ် သွား လဲ,နင့် အစ်ကိုံ က ဘယ် သား လဲ
ဟော သူ ထွက် လာ ပါ ပြီ,စ ဟ ၁ သု ထွ ကိ လ ၁ ပါ ပြီ
ကောင်း ပါ ပြီ ဒီ မှာ ဒေါ်လာ ၂၀ ပါ,တာင်း ပါ (O S.၂3 ဟါလ ၂ဝ ပါ
ရေ က အရည် ရေခဲ က အစိုင်အခဲ ရေနွေးငွေ့ သည် အငွေ့ ဖြစ် သည်,စေ က ဘရလ် ၈ေ က ဘf်:ဘ? eေgီး၈၉ သည် တသေ ဖြစ် သည်
ထိရောက် တဲ့ ပညာရေး အတွက် အကြံဉာဏ်ကောင်း များ ကို ရှာဖွေ နေ တယ်,ထိတောက် ကဲ့ Cညာရေး ဘကွက် ဘ်ကြံဉာက်ကောင်: များ ကို ၅ာေ ဒ တယ်
မည် သည့် စောင်းတန်း က ပင် တက် သည် ဖြစ်စေ တောင် ခုလတ် တွင် သွားရောက် ပေါင်းဆုံ သည်,မည် သည့် ဆောင်းတန်း က ပင် တက် သည် ပြစ်ဆေ တာင် ခလတ် တွင် သွားလေက် ပေါင်းဆုံ သည်
ဒီ ဖုန်း နံပါတ် ခေါ် တဲ့ စနစ် ကို တစ်ဆိတ်လောက် ပြောပြ ပါ,ဒီ ဟန်း နံပါတ် ခေါ် တဲ့ စခစ် ကို တစ်ဆိတ်လောက် ပြောပြ ပါ
ကလေး တွေ ကို ငယ်ငယ် လေး ကတည်းက စာဖတ် တာ ဝါသနာပါ အောင် လုပ် ရ မယ်,ft tR f 1PP Rf fBHP fW6 P PnPd ttt (  f
တစ် ည လုံး စေ့စေ့တွေးကြည့် တော့ ငါ့ အတွေး မှန် သလို ဘဲ,တစ် ည လုံ- စေစေတွေးကြည် တော ငါ) အတွေ: ပန် သလို ဘ
ဒါ ကို ထပ် နွှေး လို့ ရ မလား,၁ါ ကို ထပ် ခွေ: လို ၈ မလာ-
ပြီး တော့ ကျွန်တော် ဒီ မနက် အစောကြီး ဗိုက် အရမ်း နာ ပါ တယ်,N5 BRyg R44R9 S H1 zRRRl15 (R zlR12 11 1I R
အခန်း နံပါတ် က ဘယ်လောက် လဲ,44န်: နဲပါတ် က မစလnP လဲ
၂၄ ဇွန် ၁၉၄၅ တွင် နတ်တလင်း မြို့ ၌ မိမိ ကိုယ်ကို သတ်သေ သွား ခဲ့ သည်,"၂၄ ဇ့် ၁၇၄၅ တှင် ခုတ်တလင်း ဖြို, ခ မိမိ ကိယ်ကိ သတ်သေ သား ခဲ သည်"
အဲဒီ ကလေး က အစား လွန် လို့ ဗိုက်နာ လာ တဲ့ ပုံစံ ပဲ,အဲဒီ ကလေး က အစား လနဲ့ လိံ့ ဗိက်နာ လာ တိဲ့ ()စ္ဂ ပဲ
ကျွန်တော် ဒီ လုပ်ငန်း မှာ အကြီးအကျယ် စွန့်စား ထား တယ်,ကျွန်ကော် ဒီ လုပ်ငန်း မှာ ဘကြ်းဘကျယ် စွှန့်စား ထား ကယ်
ရထား က ဘယ် အချိန် ထွက် မှာ လဲ,ရထား က ဘယ် ဘဒါျိန် ထွက ( လဲ
ကိုးဆယ့်ကိုး ဒေါ်လာ လောက် သုံး ချင် တယ်,ကိုးဆယ့်ကိုး ဒေါ်လာ လောက် သံး ခင် တယ်
သူ အဆင့်မြင့် လူနာခန်း မှာ တက် နေ တယ်,ယူ ဘထင့်ဋြင့် လူနာဂဒန်း လှာ တက ၁န တယ်
ခရီးသည် တွေ အားလုံး တက် ပြီး ရင် ရထား က တစ် မိနစ် အတွင်း ထွက် လိမ့် မယ်,ခငီးယာည် တေ ဘားလုံး တ်္ ပြီး ၎င် ငထား က တစ် ပံခစ် ဘတင်း ထွင်က လိမ့ ယ်
ကျွန်တော် တို့ ရွေ့ တယ် ဆို ရုံ လောက် ပဲ,ကျန်တေား တိ့ ခေ တယ် R စံ လောက ပ
အသက်ရှူသွင်း လိုက် ပါ,အးသကိန္ူသင်း လိုက် ပါ
သူ တို့ ၏,သူ တို ဂါ
သရေ ဖြင့် ပြိုင်ပွဲ ပြီးဆုံး သည်,သ စ ရ ပြ င့ ပြါ င် ပွဲ ပြီ 1ဆုံ 1 သည်
နောက်ကျ ကာ မှ နောက်ကျ ရော အရှိန် လွန် တာ တော့ မ ဖြစ် စေ နဲ့,ခောက်က ကာ မှ နောက်က) စော အရိန့ လန် တာ တော့ မ ဖြစ် စေ ခဲ့
ဒီ နေရာ မှာ သင်္ဘော က ဘယ်လောက် အကြာကြီး ကျောက်ချ ထား မှာ လဲ,ဒီ နေရာ မှာ သင်ဘော က ဘယ်လောက် ဘကြာကီ်း ကျောက်ချ ထား မှာ လဲ
အဲဒါ ဆောက်လုပ်ရေး အကြီးကြီး တစ် ခု ကြောင့် ပေါ့,ဘဲဒါ ဆောက်လင်တေး ဘကြီးကြီး တစ် ၃ စကြာင့် ပပ့
ကုရ်အာန် ကျမ်းစာ အား စမ်းစစ် လေ့လာ အဓိပ္ပာယ်ကောက် သော ပညာရပ် ကို တဖ်စီရ် ဟု ခေါ် သည်,ကု၏ါဘန် ကျပ်းတ ဘး ဝ၀်:ဝပ် ဝလှဏ ဘပိဟယ်ဝကက် ဝ၁ Unရ ကို တယ်ပိ၏ါ တု ဝဝါ ယည်
အစ်ကို ရှပ် က လည်ကတုံး နော်,ဘ စ ကိ ၅ ပ က လ ည က တ် = ခ နံ S
ကောင်း ပါ တယ် ဒါပေမဲ့ ဒီ နေ့ ကျွန်တော် ပင်လယ်စာ ကို နှစ်သက် တယ်,စကောင်း ပါ တယ် ဒ၈ေမ့ ဒီ နနေ့ ကျန်တော် ပင်လယ်စာ ကိုံ နစ်သက် ဘယ်
ဒါ ပဲ,ဒါ ပဲ
အဓိကကျ တဲ့ အကြွေးဝယ်ခွင့် ကဒ် တွေ အားလုံး ကို လက်ခံ ပါ တယ်,"ဘ ဓိ က က တံ့ ဘ ဧ ကြ 1 ဝ ယ် ဒ င်, က ဒ ၈ တ ဘ ၁ လုံ  ကိ လ က ဒ ပါ တ ယ်"
ဝမ်းနည်း ပါ တယ် စားပွဲ အားလုံး က ကြိုတင် မှာ ထား ပြီး သား ဖြစ် နေ တယ်,DBa2 H3 R49 R20i aR2K5 R ti3E M1 R11 02 712 04 G1 R3
မင်း စကားပြော တာ သိပ် မြန် တယ်,ပင်: arey တ ဒပ် မန် တမ်
ပြည်ဝင်ခွင့် က ရော,wiit P t
ဆရာကြီး မြသန်းတင့် ရဲ့ လေရူးသုန်သုန် က တော့ ကျွန်တော် အကြိုက်ဆုံး ပဲ,ဤR12 0lz1H2R3C Ri. BF1R12yf 1 BR HeF9 hRPz2 B
သို့သော် အချိန် ကား နှောင်း ခဲ့ လေ ပြီ,သို့သော် ဘခိန် ကား ဒနောင်း: ခဲ့ လေ ပြီ
ဒီ နေ့ မနေ့ က ထက် အေး တယ်,"ီ စ 4, မ စ 4, က ထ က ၈ ဘ = တယ်"
အရပ်မျက်နှာ ညွန်ပြ သည်,ဘ၈UDyကန ညှန်ပြ ၁၄
ဒီ နေ့ က အင်္ဂါ နေ့,ဒီ နေ့ က အင်္ဂါ ငေ့
ဈေးနှုန်း အနည်းငယ် နိမ့် ပေး နိုင် လား,ပေးခနန်း ဘနည်းငယ် နိမ့ ပေး နိုင် လား
ခဏလောက် စောင့် နော်,ဒကလောက ခောင့် နော်
ကျွန်တော် တို့ စခန်းချ ဖို့ အတွက် ဘယ် နေရာ မှာ ခွင့်ပြု ချက် တွေ ရ နိုင် မလဲ,ReR9 MR R227W zRRP5 zMR G-R9 H1 ဋfG) 21f9 4R 1 1စE HR0
ခင်ဗျား ရဲ့ အခွန် ကင်းရှင်း ကြောင်း လျှောက်လွှာ ကို ကြည့် လို့ ရ မလား,"ခင်ဗာ: င, သခွန် ကင်း၄င်း ကြောင်း လျှောက်လှာ ကို ကြည့့် လို့ ၄ မလား"
မိသားစု မှာ နှလုံး ရောဂါ ဆေး မှတ်တမ်း ရှိ ပါ သလား,ယ၁-P ၂ Jry- Pါ ထ: JofSမ- Pပ ဃr.-
ဘယ် အချိန် ဆိုင် ပိတ် လဲ,"ဘU၀"" Hခ တှင် Uာf -C"
သွေးထွက် နေ ပါ တယ်,fht 4  P
အဲဒီ ကို ၁၅ မိနစ် နဲ့ ရောက် နိုင် မလား,အဲဒီ ကိံ ၁၅ မိခစ် နဲ့ ဧေက် ခိုင် မလား
ငါး မှန် လျှင် ဟင်းသီးဟင်းရွက် စား ဟူ၍ မ ရှိ လှ ချေ,ငါး ၂ န် လှု င် ဟ င် 1င်ီ းဟ င် =ရ က ၈ ၁ 1 ဟူ၏ မ ဂံါ လှဲ စ ခ
ခင်ဗျား တို့ မှာ ဘာ အသီး ဖျော်ရည် ရှိ လဲ,ခင်၀၀: တို့ ဟာ ဘာ ဘယီး ပေ်ဝည် ငှီ လဲ
ဟို ပိုစတာ တွေ ထဲက ညီမ ကြိုက် တာ ရွေး ကြည့် ဦး လေ,ဟို. (၁တာ ထေ တဲက ညီဖ ကြက် ဘာ ရွေး ကြည့့် ဦီး လေ
ဟုတ်ကဲ့ ဆရာကြီး ကျေးဇူးတင် ပါ တယ် သွား ခွင့် ပြု ပါ ဦး ရှင်,ဟုတ်ကဲ့ ဆလတြီး ကျငးဇူးတင် ပါ တဟယ် ဃား ခင့် ပြု ပါ ဦး ၄င
နောက် တယ် ဆို တာ အခြေအနေ ကို ကြည့် ပြီး နောက် ရ တာ,ဝနာက် တယ် ဘို တ ၁ဝ၉၁၀န ကိ ဌဣည့် ပြီး ဝနက် တ တ
မိုးချုပ် တော့ မယ်,မိုးခုပ တော့ မယံ
တခြား မှာ ချင် တာ ရှိ သေး လား,တ ၁ 1 ပှ ၁ ခ င် တ ၁ ၅ှိ ဗ သ  လ ၁
ကျွန်တော့် မှာ အထုပ်အပိုး တွေ ပါ တယ်,ကျွန်ဝတ့် ၂ ဒဘုပ်ဘပုး ၁တ ပါ တယ်
‌နောက် မှတ်တိုင် မှာ ကျွန်တော် ဆင်း ရ မလား,ဝနာက ပှတတိင် လှာ ကျန်ဝတ ဘင်း ရ ပလး
၂၇ နိုဝင်ဘာ ၁၉၇၈ တွင် ထိုင်း မြန်မာ နယ်စပ် ၌ ကျဆုံး ခဲ့ သည်,၂၇ ခိုဝင်ဘာ ၁၉၇၈ တွင် ထိုင်း မြန်မာ နယ်စပ် ၌ ကဆုံး ခ့ သည်
တခြား အရောင် တွေ ရှိ လား,ဘြား အeေင် တေ ၅ လား
သူ ယူ သွား တယ် ဆို တာ မင်း သေချာ ရဲ့ လား,သ ယူ သား တယ် အိ တာ မင်း သေ၁ ရဲ့ လား
အိန္ဒိယ နိုင်ငံ ၏ သမိုင်း ခေတ် သည် ဘီစီ ခြောက် ရာစု က စတင် ခဲ့ သည်,ဘိနိုယ နိင်ငံ ၏ သိုင်း ဝ၁တ သည် ဘီဗီ ဝဠာက ၈၃ က ဝတင် ခဲ့ သည်
၃ ခု ပါ,၃ ခ ပါ
ကျွန်တော် အမြန်ချောပို့ နဲ့ စာ ပို့ ချင် လို့ ပါ,ဣွfCာ် Pge၃n4.1 = ).င် ဂ ပl
စစ်ရေး လေ့ကျင့် သည်,စစ်ရေး လေ့ကျင့် သည်
ကျောက်ဆောင် တွင် နွယ်ပင် ကပ်ငြိ သည်,ကျောင်က်္ဆောင် တွင် ခနယ်ပင် ကပ်ြ ယည
ဘူတာရုံ အနီး မှာ ကြိုတင် မှာယူ နိုင် တဲ့ ရုံး ရှိ လား,ဘူကာရုံ ဘန်း မှာ ကြံု(တင် မှာယူ နိုင် ကဲ့ ရုံး ရှိ လား
ကျွန်တော် တို့ လို့ ပြော တယ်,က်t တ့ လီ မမ B၆
မင်း ဘယ်နှ တန်း တက် ပြီ လဲ,ဖ်: -မ်နဲ တန်: ၈ မီ လဲ
ဤ ကား ဗမာ့ ကျမ်းဂန် တွေ ၌ ပင် ရှိ ၏,ဤ ကား ဝမာ့ ကျမ်းလန် တွေ  Cင် ရှိ ၏
ခင်ဗျား မှာ လျှောက်လွှာ တင် စရာ လုံးဝ မ ရှိ တော့ ဘူး လား,ခင်ဗုား မှာ လျှောက်လှာ တင် စရာ လုံးဝ မ နှိ တော့ ဘုး- လား
ခင်ဗျား ပြော တာ မှန် ပါ တယ် အဲဒီ ကို ပဲ သွား ကြ တာ ပေါ့,ဝင်ဗျား ပြော တာ မှန် ယါ တယ် အဲဒီ ကိ ပဲ သွား ကြ တာ ပေါ့
