ground_truth,prediction
သည်,သည်
မှာငြိပါ ပါလိမ့်။,မှာပြီပါ ပါလိမ်း
သေတ္တာကို မရဲတ,သေတ္တာကို မရဲ့တ
၃၅၃ ဖြစ်သည်။ ၂၀၁၄ သန်းခေါင်စာရင်းအရ တောင်နီကျေးရွာအုပ်စုတွင် ကျား ၁၁၀,၄၅၃ ဖြစ်သည်။ ၂၀၁၄ သန်းခခါစ်စာရင်းအရ တောစ်မီခကျေးရွာအုပ်ခုတွင် ကျား ၁၁၀
ပုသိမ်မြို့သည် ၁၂ စ,ပုသိမ်မြို့သည် ၁၂
ပုန်း,ပှန်း
ရင်မ အားပြန်၍ လက်,ရင်မ အားပြန်၍ လက်
မလာသေး,မလာသေး
ခဲ့သော,ခဲ့သော
အ,အ
အမြဲရှိတယ်၊ ကင်,အမြံရှိတယ်၊ ကင်
နာ,နာ
လွတ်တစ်ရွက်,လွတ်တစ်ရွက်
ရှင်း,ရှင်း
မှု ကူးစက်ရော,မြု၊ ကူးဝငက်ရော
နိုင်ချေ။ တနင်္ဂ,နိုင်ချေ၊ တနင်
ပွဲကြီးနှင့် သာသနာနှစ် ၂၅၀၀ ပြည့် အထိမ်းအမှတ် အောင်ပွဲသဘင်ကြီးကို ၁၉၅၆ ခုနှစ် မေလ ၂၂ ရက်မှ,ပွဲကြီးနှင့် သာသနာနှစ် ၂၅၀၀ ပြည့် အထိမ်းအမှတ် အောင်ပွဲသဘင်ကြီးကို ၁၉၅၆ ခုနှစ် မေလ ၂၂ ရက်မှ
လောက်ဖြစ်သည်။ သို့ရာတွင် အလွန်ကြီးမားသော နှုတ်ခမ်း,လောက်ဖြစ်သည်။ သို့ရာတွင် အလွန်ကြီးမားသော နှတ်ခမ်း
သည် တိုက်ကွင်းထဲ ဝင်ရောက်၍ ပါ,သည် တိုက်ကွင်းထံ ဝင်ရောက်၍ ပါ
ပါတယ်၊ ကျုပ်ပါ ဟာ,ပါတယ်၊ ကျုပ်ပါ ဟာ
င့်အတွက်ပါလာ,င့်အတွက်ပါလာ
သည်။,သည်။
အင်ဂျင်ကို အကန့်အသတ်ဖြင့် ခုတ်ရခြင်း၊ လွယ်လင့်တကူ အရေးပေါ်လုပ် ခတ်တက်က,အင်းျုင်ကို အကန်အသတ်ပြင့် ခုတ်ရခြင်း ပွေထ်လင့်တကူ၊ အရေးပေ) လွစ် စတ်တတ်က
အမှန်,အမှန်
ဦး,ဦး
၏,ဇါ
။ စာရေးဆရာ မောင်ဝံသ ပဲခူးတိုင်း၊ ဝေါမြို့နယ်၊ မြစ်ကျိုးကျေးရွာတွင် မွေး,။ စာရေးဆရာ မောင်ဝငံသ ပဲခူးတိုင်း၊ ခေါမြို့နယ်၊ ဖြစ်ကျိုးကျေးရွာတွင် မွေး
တို့,တို့
နေ,နေ
သီး၏ မျက်မှောက်ဘ၀ အတွေ့အကြုံများကို,သီး၏ မျက်နောက်ဘဝ အတွေ အကြုံများကို
။,။
င့်,င့်
ဖေဖျားရဲ့။ အံ,ဖေများရဲူ အံ
ဘဝ၌ပင် အခြေခံ ကျမ်းစာအဖြာဖြာတို့ကို သင်ကြားတတ်မြောက်သည်,ဘဝဉ၌းပင် အခြေခံ ကျမ်းစာအပြာပြာတို့ကို သင်ကြားတတ်မြောက်သည်
အဖြစ်နှင့်,အဖြစ်နှင့်
ဘယ်လို ခေါ်ကြမယ်မသိဘူး တိုက် လူဦးရေတိုးနှုန်းသည် ဝ.၉ ရာခိုင်နှုန်းဖြစ်သည်။ ခန္တီ (ပုလောက်မြို့နယ်ခွဲ) နယူတန်၏,"ဘယ်လို စေ်ကြမယ်မထိဘူး၊ တိုက်၊ လူဦးရေတုးနှုန်းသည် င.၂၅ ရာရိုင်နှု်းဖြစ်သည်။ နှီ (ပုဝောက်မြို့နယ်ခဲ"". နယူတန်၏"
၀,၀
သဘင်သို့ ဆောင်ယူ တော်မူသွားပါလျှင် အောင်မြင်,သဘင်သို့ ဆောင်ယူ တော်မူသွားပါလျှင် အောင်မြင်
နေရာ၌ နေရ သည့်,နေရာဉ၌ နေရ သည့်
ဆိုခဲ့သည်။ သမ္မာကျမ်းစာကို အသုံး,ဆိုခဲ့သည်။ သမ္ှာကျမ်းစားကို အသုံး
မြင်နေသူများမှာ,ခြင်နေသူများမှာ
ထောင်စု၏ အခြားထင်ရှားသော တက္ကသိုလ်များမှာ ယေးတက္ကသိုလ်(၁၇ဝ၁ ခုနှစ်)၊ ပရင့်စတန်တက္ကသိုလ် (၁၇၄၆ ခုနှစ်)၊ ဝါရှင်တန်၌လည်း တက္ကသိုလ်(၁၇၄၉)၊,ထောင်ခု၏ အ ခြားထင်ရှားသော တက္ကသိုလ်များမှာ ယေးတတ္ကတထိုလ်(၁၇၈၀ ခုနှစ်း၊ ပရင့်စတန်တက္ကသိုတ် (၁၉၃၆ ခုနှစ်)၊ ငါရှင်တန်၌လည်း တက္ကသိုလ်(၁၄၅၉း
သည် အိမ်ထဲရှိ သမီးနှစ်ယောက်ကို တစ်ချက်,သည် အိမ်ထခ္ှို သမီးနှစ်ယေဒက်ကို တစ်ချွက်
လုပ်ရှင်၊ အ,လုပ်ရှင်း အ
ည့် သူတောင်းစားတွေ ပြန်ပေါ်လာကြသည်။ သူငယ်ကလေးများသည် နှင်းပန်းစိမ်းစိမ်းများကို ရောင်း,ည် သူးတောင်းစားတတေ ပြန်းစါးါ လာကြသည်။ သူထယ်ကလေးများသည် ရုင်းပန်းစိမ်းစိစ်းများကို၊ ရောင်း
လာသည် ဆိုတဲ့ ဇာတ်လမ်းကို ပြောမှာပါ,လာသည် ဆိုတဲ့ စာတ်လမ်းကို ပြောမှာပါ
ပေ,ပေ
ဖတ်ကြည့်လိုက်၏။ သူထိုနာမည်ကို ဖတ်နေမှန်းလည်း ထိုလူ,ဖတ်ကြည့်လိုက်၏။ သူထိုနာမည်ကို ဖတ်နေမှန်းလည်း ထိုလူ
ဒုက္ခနှင့်ရင်ဆိုင်တွေ့ကြုံနေရရှာသော အေမီက သူသည် ကူးနားပဲလေ့,ဒုက္ခနင့်ရင်ဆို်တွေ့ကြုံနေရရာသော အေမိက သူသည် ကူးနားပဲလေ့
မှ ကိုယ်ကျင့်သိက္ခာ ဖြူစင်မှလည်း အခြားသူတို့ဘက်က ကိုယ်ကျင့်သိက္ခာ ဖြူစင်လာမည် ဖြစ်၏။ ထိုအခါ လောက၌ ဒု,မှ ကိုယ်ကျင့သိကျွာ ပြုစင်မှလည်း အခြားသူတို့ဘက်က ကိုယ်ကျင့်သိကွာ ဖြီု စင်လာမည် ဖြစ်၏။ ထိုအခေခါ လောက၌ ခု
မူမြို့နယ်,မူမြိုနယ်
အောက်,အောက်
ရှိဘူးထင်ပါတယ်..,ရှိဘူးထင်ပါတယ်.
ဇဂြိုဟ်သို့,ဝရိယ်ထို
ရှိ အကြောစိုင်မှန်သမျှ တင်းမာနေသည်။ သူ့အား အ,ရှိ အကြောရိုင်မှန်သမျှ တင်းမာနေသည်။ သူအား အ
တို့,တို့
ရား,ရား
မောင်မျိုးမြင့်,မောင်မျိးဖြင့်
မြို့နယ်၊ ထင်ပါကျိုင်းကျေးရွာ,ဖြို့နယ်၊ ထင်ပါကိုင်းကျေးရှာ
မှ ၁၉၉၁ ခုနှစ်၊ ဒီဇင်ဘာလ ၂ဝ ရက်နေ့တွင် ကြေ,မှ ၉၁ ခုနှစ် ီမစ်သဘာလ. ၂၀ ရျက်နေ့တ္ွင် ပြ
နှစ်,နှစ်
ဘုတ်လေး,ဘုတ်လေး
ဝင် စာချုပ်စာတမ်းများ 147 - ၎င်းပြင် ထိုသူတို့သည် (ယင်းကဲ့သို့ ဘေးအတန်,"ဝင် စာချုပ်စာတမ်းများ ( ၈-."" ၎င်းပြင် ထိုသူတို့သည် (ယင်းကဲထို့ ဘေးအတန်"
ဆောက်အအုံကို ခေါင်းမော့ကြည့်ကာ ချီးကျူးပြောဆိုနေသည်။ ဟာ ပ,ဆောက်အအုံကို ခေါင်းမော့ကြည့်ကာ ချိုးကျူးပြောဆိုနေသည်။ ဟာ ပ
ဖြေသည်။,ပြေသည်။
ပြီးခဲ့တဲ့ အ,ပြီးခဲ့တဲ့ အ
မင်းမြတ်,မင်းမြတ်
များ,များ
နှောက် အသစ်,နောက် အသစ်
၀၅ ဖြစ်သည်,၀၅ ဖြစ်သည်
ငယ်,ငယ်
ပနိုင်ငံတွေမှာ ကျန်နေသေးတဲ့,ပနိုင်ငံတွေမှာ ကျန်နေသေးတဲ့
ကား,ကား
မောင်,မောင်
ပေါင်းကို ခေါ်၍အရှင်တို့ ... သင်တို့သည် ငါမရှိသော်လည်း မပျင်းရိကြကုန်လင့်၊ ငါ ဆရာရသေ့ကြီးကိုဖူးမြောက်ပြီးလျှင် ဟိမဝန္တာသို့ ပြန်လာမည် ဟု,ပေါင်းကို ခေါ၍အရှင်တို့ .. သင်တို့သည် ငါမရှိသော်လည်း မပျင်းရိုကြကုန်လင့်၊ ငါ ဆရာရသေ့ကြီးကိုဖူးမြောက်ပြီးလျှင် ဟိမငန္တာသို့ ပြန်လာမည် ဟု
နားစိတ်တစ်ခုတည်းနှင့် ခွင့်ပြုရတော့မှာတဲ့လား။ ဇနီးတစ်ယောက် ချစ်ရာရောက်အောင် ခုထိတော့ မပျက်သေးပါဘူး၊ ရော်ဘင်က သူသွားကြည့်တဲ့ လမ်းကို ကျွန်တော့်,နားစိတ်တစ်ခုတည်းနှင့် ရွှင်ပြုရုတော့မှာတဲ့လား။ စနီးတစ်ယယောက် ချစ်ရာရောက်တောင် ခုထိတော့ မပျက်သေားပါတူး၊ ရော်တင်က သူသွားကြည့်တဲ့ လမ်း ကို ကျွန်တော့်
သည်။ ယခု,သည်။ ယခု
၁,၁
။ ကျွန်တော် ဆိုးခဲ့ ရမ်းခဲ့ တယ်။ ဘာမှအဆင့်မမီတဲ့ ရွာသာသာ,။ ကျွန်တော် ဆိုးခဲ့ ရမ်းခဲ့ တယ်။ ဘာမှအဆင့်မစီတဲ့ ရွာသာသာ
ခြားသစ်,ခြားသစ်
အသိ,အသိ
လိုက်၏။ စုသည် ကြီးကြီးမေရင်ခွင်,လိုက်၏။ စုသည် ကြီးကြီးမေရင်ခွင်
မည်,မည်
"က မင်းနဲ့ ပူးပေါင်းပေးမယ် "" ဆေပီယန်စ် -၂၄ တစ်နေ့တွင် ကိုဓာတ်သားက အင်း ဆရာတော်ဘုရားများကိုတော့ ဖူးမျှော်ပြီးပါပြီ၊ မင်းတို့ သဘင်ဂီတအဖွဲ့မှာကော ဘယ်သူတွေပါ","က မင်းနဲ့ ပူးပေါင်းပေးမယ် "". ဆေပီယန်စ် ၂၄ တစ်နေ့တွင် ကိုစာတ်သားက အင်း ဆရာတော်ဘူုရားများကိုတော့ ပူးမျှော်ပြီးပါပြီး မင်းတို့ သဘင်ဂီတအဖွဲ့မှာကော ဘယ်သူတွေပါ"
ကြီးကျယ်စွာဆောက်လုပ်လှူဒါန်းခဲ့လေသည်။ ပေါဠ,ကြီးကျယ် စွာဆောက်လူပ် ရှူဒါန်းခဲ့လေသည်။ ပေါဥ
တစ်စိတ်တစ်ပိုင်းအနေဖြင့် သူမသည် တောင်အာဖရိကတွင် နယ်လ်ဆင်မင်,တစ်စတ်တစ်ပို်းဘရေဖြင့် သူမှသည် တောင်တာပရိုကတွင် နယ်ဝပ်ဆင်မင်
ရာသည်,ရာသည်
ထည့်သွင်းကာ၊ ခြေ-လက်ပြုလျက် အထပ်အထပ်ဖွင့်ဆိုထားသဖြင့် ကျယ်ဝန်းသော အ,ထည့်သွင်းတကာ၊ ခြေ လက်ပြုလျက် အထပ်အထပ်ဖွင့်ဆိုထားသဖြင့် ကျယ်ဝန်းသော အ
နှစ်,နှစ်
၍,၍
တာဒေါ်မိုးသူပါလား၊ ကျွန်တော်တို့လမ်းထဲ မလာစဖူးလာတယ်၊ ဗန္ဓုလ ရုံမှာ,တာဒေါ်မိုးသူပါလား၊ ကျွန်တော်တို့လမ်းထဲ မလာစဖူးလာတယ်၊ ပန္တှုလ ရှံမှာ
အ,အ
။ ဆန်ကုန်သည်အဖြစ် အိမ်က ထွက်သွားရာက မယားတစ်ယောက်နဲ့ မူးစေ့အပေါက်ပဲ ပြန်ပါလာတဲ့ လူငယ်လေး။ သူ့အဖေက စောက်သုံးမကျရတဲ့အထဲ နောက်ထပ်,။ ဆန်ကုန်သည်အဖြစ် အိမ်က ထွက်သွားရာက မယားတစ်ယောက်နဲ့ မူးရေ့အပေါက်ပဲ ပြန်းပါလာတဲ့ လှငယ်လေး။ သွူ့အဖေက စောက်သုံးမကျရတဲ့အထဲ နောက်ထပ်
ခြင်း,ခြင်း
မန်စက်,မန်ခက်
"floor,",teot
ဝန်ကြီးဘဝ ခြောက်နှစ်,ဝန်ကြီးဘဝ ပြောက်နှစ်
င့်,င့်
သို့ ဆိုက်ရောက်လာ၍ ဆေးဆိုင်,သို့ ဆိုက်ရောက်လာ၍ ဆေးဆိုင်
ရှိ၏,ရှိ၏
၇ - ရွှေကော,၇  ရွှေကော
သည်၊ မေထုန်လက်ဖျား၊ စမ္ပယ်နားလျက်,သည်၊ မေထုန်လက်ပျား၊ စမ္မယ်နားလျက်
ဟေး တဝါး,ဟေး တငါး
နေရာ ဆေးရုံမှ ကျန်းမာလာသည်,နေရာ ဆေားရုံမှ ကျန်းမာလာသည်
ဧရာ,ရော
ဆောင်,ဆောင်
ဖြစ် MMR009012022 Yae Hpyu ရေဖြူ ဟု ပြောပြီး ရုံးခန်းထဲခေါ်သွားသည်။ ရာသီဥတုရှိ၍ရေမဝပ်ဘဲ ထုံးကျောက်မြေဆံသည့် ဒေသမျိုး၌ ပိုမိုဖြစ်ထွန်းသည်။ မိုးပါးရေရှားသ,ဖြစ် (hmu0001(22အ. 1အe (၉၉) ရေဖြီု့ ဟု ပြောပြီး ရုံးခန်းထံခခါ်သွားသည်။ ရာသီဥတုရှိ၍ရေမဝပ်ဘဲ ထုးကျောတက်မြေဆသည့် ဒေသမျိုး၌ ပိုမိုဖြစ်ထွန်းသည်။ မိုးပါးရရရှားသ
မ,မ
မဆန်သော အခြေအနေများရှိသည်။ ဤအသွင်အပြင်သည် ဝင်ငွေ,မဆန်သော အခြေအနေများရှိသည်။ ဤအသွှင်အပြင်သည် ဝင်စွေ
ပြုံး,ပြုံး
၂၀၁၄ သန်းခေါင်စာရင်းအရ မကျီးကုန်းကျေးရွာအုပ်စုတွင်,၂၁၁၄ သန်းအခေါးင်စာရင်းအရ မကျိုးကုန်းကျေးရွာအုပ်စုတွင်
သခင်က ဝေါယာဉ်ပေါ်သို့ တက်ရန်ပြင်လိုက်၏။ ကျမ်းပြုကြသူများ,သခင်က စေါယာဉ်ပေါ်သို့ တက်ရန်ပြ်လိုက်၏။ ကျမ်းပြုကြသူများ
ကြောင့်ငါ့သမီးဝမ်းမှာလာမှီးသာပေါ့။ဖွားရက်ကလဆုတ်ဖွားရက်ထဲကျတော့ဆယ့်,ကြောင့်ဝါသစီးဝမ်းမှာလာနီးသာပေါ့)းဖွားရက်ကလဆုတ်ဖွားရက်ထဲကျတော့ဆယ့်
၊ ဆိုင်သာဆိုင် မပိုင်ဘူးဆိုသလို ဖြစ်နေ,၊ ဆိုင်သာဆိုင် မပိုင်ဘူးဆိုသလို ဖြစ်နေ
အကောင် နာမည်က ဘယ်သူကွ ကြိုင်သည် ပြုံး၍ ကျွန်တော့်ကို စိုက်ကြည့်သည်။,အကောင် နာမည်က ဘယ်သူက္ခ ကြိုင်သည် ပြုး၍ ကျွန်တော့ပ်ကို ိုက်ကြည့်သည်။
မြက်ရင်း သွေး,မြက်ရင်း သသေး
နားလည်ကာ ပြီးပြီးပျောက်ပျောက် သဘော,နားလည်ကာ ပြီးပြီးပျှောက်ပြျောက်၊ သတော
တေနှင့် ခေတ်မြန်မာမဂ္ဂဇင်း,တေနှင့် စေတ်မြန်မာမဂ္ခင်း
လိုလား၊ ဒါဖြင့် အမေရိကန်ပြန်ကြီးဆီရော ဘာလို့ မသွားသလဲ၊ ဟိုက လက်မခံလို့ မဟုတ်လား ဪ.. ဆံပင်ညှပ်သ,လိုလား၊ ဒါဖြင့် အမေရိုကန်ပြန်ကြီးဆီရော ဘာလို့ မသွားသလဲ၊ ဟိုက လက်မခံလို့ မဟုတ် လား ပြော်. ဆံပင်ညှပ်သ
လဲ သီတာ၊ အင်း . . .အေးမြတဲ့ သီတာပဲ ဖြစ်ရမှာပေါ့ ဟင့်အင်း၊ မဟုတ်သေးဘူး အစ်ကိုရယ်။ ဒါပေမဲ့ ဆက်ပြောလေ၊ ဆက်ပြောပါ။ ဆွန်ညာ နားလည်နိုင်မှာပါ။ အား,လဲ သီတား၊ အင်း ..အေးမြတဲ့ ထီတာပဲ ဖြစ်ရမှာပေါ့ ဟင့်အင်း၊ မဟုတ်သေး ဘူး အစ်ကိုရယ်။ ဒါပေမဲ့ ဆက်ပြဟာလေ၊ ဆက်ပြောပါ။ ဆွန်ညာ နားလည်နိုင်မှာပါ။ အား
ထောက်ထိုင်ချ လိုက်,ထောက်တိုင်မျ လိုက်
မလား အောက်မေ့,မလား လောက်မေ
ပြန်ဆုတ်သွားခဲ့,ပြန်ဆုတ်သွားခဲ့
စု,စု
ရတယ်။ နောက်တော့ နုရီအဖေက သတင်းသဲ့သဲ့ ကြားတာနဲ့ နုရီကို အမြဲလာကြိုတော့,ရတယ်။ နောက်တော့ နရီအဖေက သတင်းသဲ့သို ကြားတာနဲ့ နရီကို အမြဲံလာကြိုတော့
ဓားသိုင်းက တော်တော်ကောင်းတယ်၊ ထင်ပေါကို အဲဒီနည်းနဲ့တိုက်ရင် မရှုံးနိုင်ဘူး၊ အတွင်း,စားထိုင်းက တော်စော်ကောငစ်းတယ်၊ တစ်ခေါ်ကို အံဗီနည်းနဲ့တိုက်ရစ် မုံးနှိစ်ဘူး၊ အတွင်း
ခဲ့ပြီး ဆက်လက်ချီတက်ကြ၏။ ဤသို့အားဖြင့် အီဂျစ်စစ်ကြောင်းမှာ အ,ခဲ့ပြီး ဆက်လက်ချိုတက်ကြ၏။ ဤသို့အားဖြင့် အီဖျစ်စစ်ကြောင်းမှာ အ
၇၉-,၇၉-
ည့်,ည့်
လက်,လက်
ဂန္ဒီကို ဘာမှပြန်မပြော,ဂနိုကို ဘာမှပြန်မပြော
ပင်ကို,ပင်ကို
ကြည့်,ကြည့်
ယှဉ်တွဲလျက် ရှိသည်။ စနစ်တကျစီစဉ်ပေါင်းစုထားသည့် အခြေခံဥပဒေ,ပှဉ်တွဲလျက် ရှိသည်။ စနစ်တကျစီစဉ်ပေါင်းစုထားသည့် အခြေခံ၂ဥပဒေ
တစ်လုံးနှင့် ထိုင်နေ၏။ ဦးလေးသည်,တစ်လုံးှင် ထိုင်နေ၏။ ဦးလေးသည်
ရီဂျီအိုဗန္ဒီသည် အုတ်,ရီဂီးအိုဒနှိသည် အုတ်
ကြ,ကြ
နေ့လယ်,နေ့လယ်
ငေးငိုင် ကြည့်ရှုတော်မူလာ,ဝေးဝိုင် ကြည့်ရှတော်မှလာ
ဥ,ဥ
လောက် ကတော့ ဝက်ဝံတစ်ကောင်က အသာလေးလှဲချပစ်နိုင်တယ်လို့လည်း ပြောပြခဲ့ပါတယ်။ ဒါပေမဲ့ သူကတော့ တစ်လက်,လောက် ကတော့ ဝက်ဝံတစ်ကောင်က အသာလေးလှုံချပစ်နိုင်တယ်လို့လည်း ပြောပြခဲ့ပါတယ်။ ဒါပမဲ့ သူ့ကတော့ တစ်လက်
ရှိသည့် ရှင်း,ရှိသည့် ရှင်း
တိ,တိ
နဲ့,နဲ့
င့် နဂါးဘုရင်,င့် နဂါးဘုရင်
လာ(ပြာ) သူသည် ဓားကို,လားပြာ) သူသည် စားကို
သိမ်းထား ကြလို့လား,သိမ်းထား ကြလို့လား
သဖြင့် စိတ်ပျက်စွာဖြင့် မာရ်နတ်ထွက်ခွါသွားရပုံကို ဟောတော်မူသည့်သုတ်။ အဘွားရော ... ဆေးရုံလိုက်သွားလား ရှေးခေတ်တရုတ်,သဖြင့် စိတ်ပျက်စွာဖြင့် မာရိနတ်တထွက်စွဒါသွားရငံကို ဟောတော်မှသည့်သူတ်။ အဘွားရော.. ဆေးရုံလိုက်သွားလား ရှေးခေတ်တရတ်
မူ,မူ
ဖြစ်,ဖြစ်
နှက်နေ,နှက်စေ
ထွက်လာသည့် ခိုးဝင်,ထွက်လာသည့် နိုးဝင်
များမူကား ဘာမှန်းမသိရှာ,များမှုကား ဘာမှန်းမသိရာ
ကျေးသီးမြို့နယ်၊ ဝမ်စပ်ကျေး,ကျေးသီးမြို့နယ်၊ ဝမ်စပ်ကျေး
ဏ,ဏ
အဝါကို လိုက်ပြီး ဆုံးဖြတ်တာ ဖြစ်ချင်,အဝါကို လိုက်ပြီး ဆုံးဖြတ်တာ ဖြစ်ချင်
လာ,လာ
အမိန့်ရထားကြောင်း၊ အကယ် ၍ မနာခံလျှင် မြင်းများကို လှည်းမှ အတင်းဝင်ရောက်ဖြုတ် ယူရလိမ့်မည်ဖြစ်ကြောင်းဖြင့် လူတစ်ယောက်ကိုစေလွှတ် ၍ အပြောခိုင်းလိုက်,အမိန့်ရုထားကြောင်း၊ အကယ် ၍ မနာ ခံလျှင် မြင်းများကို လှည်းမှ အတင်းဝင်ရောက် ဖြုတ် ယူရလပိမ့်မည်းဖြစ်ကြောင်းဖြင့် လူတစ်ယောက်ကိုစမွှတ် ၍ အးပြောနိင်းလိုက်
ရှိုနာလူမျိုးဖြစ်,၍နာလူမျိုး ဖြစ်
ဖြစ်,ဖြစ်
ထွင် ဖော်ထုတ်လာသည်။ အဆီးရီးယားနိုင်ငံ၏ လက်အောက်,ထွင် ဖော်ထုတ်လာသည်။ အဆီးရီးယားနိုင်ဝါ၏ လက်အောက်
ပင်,မင်
၊ မ ၁,၊ မ ၁
သို့ တက်,သို့ တက်
နှာရည်ညွှန်း,နှာရည်လွှန်း
မျက်နှာဖုံးကို မေ့ဆေး,မျက်နှာပုံးကို မေ့ဆေး
ဦးဖြစ်လိမ့်မယ်ထင်တယ်။ ဝေဝေတို့,ဦးဖြစ်လိမ့မယ်ထင်တယ်။ ဝေဝေတို့
ထွန်းမောင်ကြီးက လှေကိစ္စ လုပ်စရာရှိတာတွေကို ပေါ့ပေါ့ပါးပါးပင်လုပ်သွားလေသည်။ လှေပိုင်ရှင်များက သူ၏တက်ကြွမှုကို သဘောကျနေကြလေသည်။ တိပိဋကဆရာ,ထွန်းမောင်ကြီးက လှေကိစ လုပ်စရာရှိတာတွေကို ပေ့ပေါ့ပါးပါးပင်လုပ်သွားလေသည်။ လေ့ပိုင်ရင်များက သူ၏တက်ကြွမှကို သဘောကျနေကြလေသည်။ တိပစ္တကဆရာ
ကျဖို့များတယ်ဗျ...ခွေးမသားပုလိပ်တွေက လိုင်းကြေးယူတုန်းကယူထားပြီး အမှုလို,ကူးရိုခများတယ်မျ..ခွေးမသားပူလိပ်တွေက လိုင်းကြေးသူတုန်းတလူထားပြီး အမှ့လို
ညံစွာ အော်ဟစ်သြဘာ ပေးကြလေတော့၏။ ဟန်ဆန်းတောင် ရောက် ကတည်းက တစ်ကိုယ်တည်း ပျင်းရိနေခဲ့သော လ,ညစွစာ အော်ဟစ်ကဩြဘာ ပေးကြလေတော့၏။ ဟန်ဆန်းတောင် ရောက် ကတည်းက တစ်ကိုယ်တည်း ပျင်းရိနေခဲ့သော လ
မှတ်ရမိသည်။ ညနေ ၆ နာရီတွင် စထရင်းဟိုတယ်လ်မှာ ညစာ စားပွဲရှိသည်။ ဂျူးလူမျိုးတို့အတွက်ကား ကြားနေမည်ဟု,နှတ်ရမိသသည်။ ညာနေ ၆ိ နာရီတွင် စထရင်းဟိုတယ်လ်မှာ ညာစာ စားပွနှိသည်။ ကျူးလူမျိုးတို့အတွုက်ကား ကြားနေမည်ဟု
င့်သည် ။ ၎င်းသူမတို့ကို ဟေဂျားဘ်ခြုံမှုမခြုံမှုတွင် လွပ်လပ်စွာရွေးချယ်ပိုင်ခွင့်ပေးသင့်သည်ဟုဖြစ်သည်။ ထို့အတွက်ကြောင့် ထို,င့်သည် ။ ၎င်းသူမတို့ကို ဟောကျားတ်ပြိမှုဖြိမုတွင် လွပ်လပ်စွာရွေးချယ်ပိုင်ခွင့်ပေးသင့်သည်ဟုဖြစ်သည်။ ထို့အတွက်ကြောင့် ထို့
သည်,သည်
ရင့်တပ်သားများက လိုက်လံတိုက်ခိုက်ရာ ကနီနော်ရ,ရင့်တပ်သားများက လိုက်လံတိုက်ရိုက်ရာ ကနီနေ်ရ
လ,လ
မီး,မီး
ရေးဆုံ,ရေးခုံ
။ တစ်နေကုန် စားလိုက်၊ အိပ်လိုက်၊ အိမ်မှာ ဟို,"။ တစ်နေကုန် စားလိုက်၊"" အိပ်လိုက်၊ အိမ်မှာ ဟို"
ဘော်,ထောာ်
"usingthe(required!)INSEEcodeandasubtemplate.Thefields""region""and""department""arenolongerused.ဝေါလစ်နှင့်ဖူကျူးနား 90 days စေတော်မူ","tthntgthetneuutnedl: 2ThMmreeocearncatutnhtenprtaueh henhehdlaT Toguhornt, unC(ပepurnnrerntlTeronchon gerလnဝါ) ဝငါလစ်နှင့်မူုကျူးနား -0) ဝ၁၂) စေတော်မူု"
အ,အ
စိတ်ဒဏ်ရာတွေရဲ့ ကြိုးကိုင်,စိတ်ဒတ်ရာတွေရဲ့ ကြိုးကိုင်
နောက်သို့,နောက်ထို့
လူကို,လူကို
ပဲခူးတိုင်းဒေသကြီး (အနောက်)၊ ပြည်ခရိုင်၊ ပေါက်ခေါင်းမြို့နယ်၊ ကြူဝတ်ကျေးရွာအုပ်စု၌ တည်ရှိသည်။ ရွာနေရာကုတ်မှာ ၁,ပဲ စူးဆိုင်းဝေသကြီး (အနောက်)၊ ပြည်စရိုင်း ပေါက်ခခါင်းမြို့နယ်၊ ကြူုဝတ်ကျေးရွာအုပ်ခု၌ တည်ရှိယည်း ရွာနေရာကုတ်မှာ ဝ
သည်။ ထိုအခါ ငစွယ်ငယ်မှာ အဟုတ်တ,သည်။ ထိုအခါ ငစွယ်ငယ်မှာ အဟုတ်တ
၊ မသွားဘူးလား၊ ဒါပဲပြော ၆၄-ပါးသော ဣန္ဒြေတရား ဒေါ်ခင်မြသစ်သည် ကိုမြင့်ထူး၏ဝတ်ရုံကြီးကိုသိမ်းကျုံး,၊ မသွားဘူးလား၊ ဒါပဲပြော ၆၄ ပါးသော ဂ္ူခြေ့တရား ဒေါ်ခင်မြသစ်သည် ကိုမြင့်တူား၏ဝတ်ရုံကြီးကိုသိမ်းကျိုး
သက်ချမ်းသာရာ ရခဲ့ဖူးပါတယ်။,သက်ချမ်းသာရာ ရခဲ့မူပါတယ်။
အ,အ
နိုင်စွမ်းကို စံပြုထား,နိုစ်ခွစ်းကို စပြုထား
ဒါပေမဲ့,ဒါပေခဲ့
မတူ ချေ။,မတူ ချေ။
ငံတော်,ငံတော်
တာတွေကပါ အယ် လ်ခီဘီအာ့ဒိစ်,တာတွေကပါ၊ အယ် လိုစီထီအာဖိစ်
ပြည့်နှစ်,ပြည့်နစ်
ညီ,ညီ
ရေး မာရ,ရေး မာရ
ရေးလှ,ရေးလှ
တို့ကို ဖလမ်းချင်းဘာသာစကား၏ ဒေသိယစကားအဖြစ် စာရင်းပြုထားသည်။ စကားအ,တို့ကို ပလမ်းချင်းဘာသာစကား ၏ ဒေသိယစကားအဖြစ် စာရင်းပြုထားသည်။ စကားအ
သိ,သီ
ည့်ပြင် အကြောင်း,ည့်ပြင် အကြောင်း
"တာ လွယ်တာ မဟုတ်ဘူး"" နောက် ဒီအလုပ်လုပ်စားရင် ရှင် မသေ","တာ လွယ်တာ မဟုတ်ဘူး"" နောက် ဒီအလုပ်လှုပ်စားရင် ရစ် မသေ"
ဒီမိုကရက်တစ် သမ္မတနိုင်ငံ နှင့် မြောက်ရိုဒီးဇီးယားနိုင်ငံ (ဇမ်ဗီယာနိုင်ငံ),ဒီမိုကရက်တစ် သမ္ုတနိုင်ငံ နှင့် မြောက်ရိုဒီးမီးယားနိုင်ငံ (စမ်ဆိယာနိုင်ငါ)
ရွာအုပ်စုတွင် ကျား,ရွာအုပ်စုတွင် ကျား
Gyi(TaungKanGyi)ကန်ကြီး (တောင်ကန်ကြီး) ၁၉၆၀တွင် သမ္မတရာထူးအတွက် ယှဉ်ပြိုင်ခဲ့သော်လည်း ဒီမိုကရက်တစ်ပါတီမှ သမ္မ,"င(0K2ung၆်an(၆မ"")ကန်ကြီး (တောင်ကန်ကြီး ( ၁၉၆၀တွင် သမ္မုတရာထူးအတွက် ယှာဉ်ပြိုင်ခဲ့သော်လည်း ဒီမိုကရက်တစ်ပါတီမှ သမု"
သည့်အချက်ကို နားလည်သဘောပေါက် လက်ခံရန် လိုအပ်ခြင်း ဖြစ်သည်။ ကျွန်တော် ဆတ်,သည့်အချက်ကို နားလည်သတောပေါက် လက်ခံရန် လိုအပ်ခြင်း ဖြစ်သည်။ ကျွန်တော် ဆတ်
ဒစာစောင် ရေးသားပြီးနောက် တနှစ်အကြာတွင် ရေးသား,ဒစာစောင် ရေးသားပြီးနောက် တနှစ်အကြာတွင် ရေးသား
ဟု ဆိုသည်။ သည်တော့ကျွန်မကပြန်ရောက်ရသည်။ မည်သည့်ခံစားချက်မျှလည်း ဖြစ်မလာ။,ဟု ဆိုထည်။ ထည်စတာ့ကျွန် ကပြန်ရောက်ရသည်။ မည်သည့််ခံစားချက်မျှလည်း၊ ဖစ်မထာ။
အရ ငါးရှဉ့်ရိုးကျေးရွာအုပ်စုတွင် ကျား ၆၅၄ ဦး၊ မ ၇,အရ ငါးရှ့ရိုးကျေးရွာအုပ်စုတွင် ကျား ၆၅၄ ဦး၊ မ ၇
မှာ ပိုမာကြောရ,မှာ မိုမာကြောရ
မြို့နယ်၊,မြိုနယ်၊
က ရှည်ကော့ပြီး မျက်ဝန်း,က ရှည်ကော့ပြီး မျက်ဝန်း
ရောက်,ရောက်
င့် အကြိမ်ကြိမ် တားမြစ်ကြသော်လည်း မိမိ အဆွေခင်ပွန်းကို စွန့်ပယ်ခြင်း မရှိလေ၏။ ဦးမြသန်းက ငြိမ်,င့် အကြိမ် ကြိမ် တားမြစ် ကြသော်လည်။ မိမီ အစွေစင်ဖွန်းကို ွန်ပယ် ခြင်း မရှိုလေ၏း၊ ဦးမြသန်ခက ငြိမ်
ထိုင်းအဆင့်ကိုမိခင်ဘာသာစကား (သို့) ဇာတိနီးပါးအဆင့်တွင်ကျွမ်းကျင်ကြသည်။ သူတို့,တိုင်းအဆင်ကိုပံခင်ဘာသာစကား အသိုး၊ စာတ်နီးပါးအဆင့်တွင်ကျွစ်းကျင်ကြသည်။ သူတု့
ပြုအောင် ဆွဲဆောင်ခဲ့သည်ဟု ထင်၏။,ပြုအောင် ခွံဆောင်ခဲ့သည်ဟု ထင်၏။
။ လူဦးရေသိပ်သည်းဆသည် တစ်စတုရန်းကီလိုမီတာလျှင် ၁၄၃ ဦး ရှိသည်။ စုစုပေါင်း,။ လူဦးရေသိပ်သည်းဆသည် တစ်စတူရန်းကီလိုမိတာလျှင် ၁၄၃ ဦး ရှိသည်။ စုစုပေါင်း
နတ်ကို,နတ်ကို
ပိုက်ပြီး သမီး .... သမီးက,ပိုက်ပြီး သမီး...သမီးက
ပင် ပြင်ဆင်,ပင် ပြင်ဆင်
အား,အား
တယ်၊ ပြီးမှ မြေကမူ မြေပုံတွေဘက်ကို လှည့်တယ်။ ယဉ်ကျေးမှု,တယ်၊ ပြီးမှ မြေကမူ မြေပုံတွေဘက်ကို လှည့်တယ်။ ယဉ်ကျေးမှု
၍ ခုတင်ဘက်ကိုမခေါ်၊ ဆိုဖာရှိရာ,၍ ခုတင်ဘက်ကိုမဒေါ်၊ ဆိုဟာရှိရာ
မည်,မည်
မျှ အသုံးမဝင်။ လွမ်းချင်းစပ်နည်း ပထမဆုံး,မျှ အသုံးမဝင်။ လွမ်းချင်းစပ်နည်း ပထမဆုံး
"caseof#switch,averagepagecounts)",oaaeohaauthoi.auetaepageooiunta)
မှာသန်းခေါင်ထက်နက်တာ မရှိပေမယ့် အပါယ် ငရဲကတော့,မှာသန်းခေါင်ထက်နက်တာ မရှိပေမယ့် အပါယ် စရဲ့ကတော့
တတ်လို့,တတ်လို
"ပြောင်းအလဲတွေကို သိကောင်းမှ သိမှာပေါ့။ ဖြစ်သော်လည်း၊ တရုတ်နိုင်ငံတွင် ချူမင်းဆက်အစ ဘီစီ ""ဆက်သွယ်ရေး ခက်ခဲ",ပြောင်းအလဲတွေ့ကို သိကောင်းှ သိမှာပေါ့။ ဖြစ်သော်လည်း တရှတ်နိုင်ငံတွင် ချူ့မင်းဆာက်အစ ဘ်စီ- ဆောက်သွယ်ရေး ခက်ခံ
မှာ ဒဏ်ရာပြင်းထန်သည် မှန်သော်လည်း ခေါင်းမထောင် နိုင်လောက်အောင်တော့ မဟုတ်သေးချေ။ ဦးခေါင်းမှာ ကြည်ကြည်လင်လင်ပင် ရှိနေ၏။ အခြေအနေအရပ်ရပ်ကို,မှာ စဏ်ရာပြင်းဆန်သည် မှန်သေင်လည်း ခေါင်းမတထောင် နိုင်ဝလောက်အောင်တတာ့ မဟုတ်သေးရျေ၊ ဦးခခါင်းမှာ ကြည်ကြည်လင်လစ်ပစ် ရှိနေ၏း အခြေအနေအရပ်ရပ်ကို
ဘာပြောသည်ကို ဝေလငါးဂိုဏ်းမှ ကောင်းစွာ မကြားရချေ။ ကောင်းပါပြီ ဆရာ၊ ကျွန်မ,ဘာပြောသည်ကို စေလငါဂိုတ်းမှ ကောင်းစွာ မကြားရချေ။ ကောင်းပါပြီ ဆရာ၊ ကျွန်မ
လေ,လာ
တွင်,တွင်
အယ်လ်ဂျီးရီးယန်း,အယ်လ်ဂူီးရီးပယန်း
ခုအချိန်ထိ စီစဉ်,ခုအချိန်ထိ စီစဉ်
တော့,တော့
လှယ်အဖွဲ့ လန်ဒန်,လှယ်အခွဲ့ လန်ဝန်
ကွေ့တဲ့။ ကျွန်မဘဝမှာ အချိုးအကွေ့တွေ တော်တော်များပါသည်။ ဘယ်အချိုးအကွေ့က အရေးပါ,ကက္ေတဲ့။ ကျွန်မတာဝမှာ ဘချိုးအကေက္ေ တော်တော်များပါသည်။ ဘယ်ဘချိုးအကေက အရေးပါ
၊,၊
ပါတယ်ဗျာ သိပါတယ် လုပ်စရာမရှိတော့,ပါတယ်ဗျား သိပါတယ် လုပ်စရာမရှိတော့
င့် ထွက်လာ,င့် ထွက်လော
မခွဲ,မစွဲ
ထုတ်ဝေ,ထုတ်ဝေ
ကျောက်တုံးကို,ကျောက်တုံးကို
၊ ငါက အခု ဒုန်ဝန်းမြို့စား ဖြစ်နေပြီမို့လား၊ ဆယ်မြူ ဆယ်မြူအသာလေး၊ ဟားဟားဟား ကဲလာလာ,၊ ငါက အခု ခုန်ဝန်းမြို့ စား ဖြစ်နေပြီမို့လား၊ ဆယ်မြု ဆယ်မြူအသာလေး၊ ဟားဟားဟား ကံလာလာ
ပျိုး ရူပဗေဒဖြင့် တိကျစွာ တွက်ချက်မရတော့သော ကိစ္စရပ်များကို နှိုင်း,ပျိုး ရှပဖေဖြင့် တီကျစာ တွတက်ချက်မရတတော့စသာ ကိစ္စုပ်များကိုနိုင်း
ပန်ကောင်,ပန်ကောင်
ပီး နောက်တစ်ခုကတော့ ကိုးရိုးကားရားမဖြစ်အောင် အာရုံမ,ပီး နောက်တစ်ချကတော့ ကိုးရိုးတားရားမဖြစ်အောင် အာရုံ့မှ
ကြိမ်၊ ထိုနောင် ဘဝင်ဖြစ်ထိုက်သ၍ ဖြစ်၏ ။,ကြိမ်၊ ထိုနောင် ဘဝင်ဖြစ်ထိုက်သ၍ ဖြစ်၏ ။
စုမှမော်လမြိုင်အ,စုမုမမ်လပြိုင်အ
ဗျ။ ကျွန်တော်တို့ တပ်တွင်းဆိုင် က ပစ္စည်းသိပ်စုံတာ,ဗူ။၊ ကျွန်တော်တို့ တင်တွင်းဆိုင် က ပစ္စည်းသိပ်ခုတာ
ဏေ,တော
တန်းမျှသာ သင်ကြားခွင့်ရခဲ့သော်လည်း အလုပ်နှင့် စကားပြောတတ်သူ၊ အချိန် လေး,တန်းမျုသာ သင်ကြားနှင့်ရခ်သော်လည်း အလှင်းနိုင် ကကားရြောတတ်သူ၊ အချိန် လေး
ခင်,ခင်
ကျင်းပခဲ့ပြီး န.ဝ.တ အစိုးရမှ ကျပ်သိန်း ၆၃,ကျင်းပခဲ့ပြီး န  ၀) တ အစိုးရမှ ကျပ်သိန်း ၆၃
"anotherevent,butingeneralyou'reallowedtouse","neoteheuenniuuthngenenailoui,eeeioayeotoue"
တယ်။ တဲ,တယ်။ က
၂၁၁၅၀,၂၁၁၅၀
ရန်သူ့တပ်မှူးတစ်ဦး၏,ရန်သျှတပ်နမှာတစ်ဦး၏
ဟူ၍ သီးခြားမရှိခဲ့ဘဲ၊ ရောမနိုင်ငံတော်,ဟူ၍ သီခြားပရှိခဲ့ဘဲ၊ ရောပနိုင်တော်း
၁၆၁၄ ခုနှစ် အိုဆာကာမြို့ သိမ်းပိုက်ရေး အတွက် ကန,၁၆၁၄ ခနစ် အိုဆာကာမြို့ သိမ်းပိုက်ရေး အတွက် ကန
ရတနာပြဇာတ်ကို စီစဉ်တင်ဆက်ခဲ့၍ မြတ်မွန်ရတနာ ပြဇာတ်စာအုပ်ကို စာပေဗိမာန်မှ ဖြန့်ချိထုတ်ဝေခဲ့,ရတနာပြတတ်ကို စီစဉ်တင်ဆက်ခဲ့၍ မြတ်မှန်ရတနာ ပြတတ်စာအုပ်ကို စာပေဗိမာန်မှ ဖြန်ခှိထုတ်ဝေခဲ့
တိုင်းပဲ ကြည့်,တိုင်းပဲ ကြည့်
ချယ်ခဲ့သည်။ ကိန်းကဏန်းများဖြစ်,ချယ်ခဲ့သည်။ ကိန်းကတန်းများဖြစ်
မကောင်းရင် ဟိုကြလန်းသွားမှာ,မကောင်းရင် ဟကိုကြလန်းသွားမှာ
ကချင်နှင့် ကရင်အမျိုးသား များလည်း သိပ်မတွေ့ရတော့။ အောက်ပိုင်းမှ ကုန်သည်များကိုကား လုံးဝပင်မမြင်ရတော့ ချေ။,ကချင်နှင့် ကရင်အမျိုးသား များလည်း သိပ်မတွေရတော့။ အောက်ပိုင်းမှ ကုန်သည်များကိုကား လုံးဝပင်မမြင်ရတော့ ချေ။
ကြောင်း,ကြောင်း
ဝှိုဝ်း ဠှိုဝ်း။ ချော,ရျိုင်း ၍ိုင်း။ ချော
မှန်ဘီလူးကို ပုံရိပ် လာရိုက်,မှန်တထိလူးကို ငုံရိပ် ထာရိုက်
ဝ,၀
သက်ရှစ်ဆယ်လောက်ရှိတဲ့ ဘကြီးမိုးတောင် တောင်ပေါ်မှာ ရှိနေတာပဲ ချောင်းမမွေတော်စေတီတော် ဘုန်းကြီးက ဒကာမကြီးကို ဘာတောင်းဖို့ အကြံပေးခဲ့လဲ။ ဟို အဲ ဒေသကို,သက်ရှစ်ဆယ်လောက်ရှိတဲ့ တကြီးမိုးတောင် တောင်ပေါ်မှာ ရှိနေတာပဲ ရျောင်းမမွှေတော်စေတီတော် ဘုန်းကြီးက ဒကာမကြီးကို ဘာတောင်းဖို့ အကြီပေးခဲ့လဲ။ ဟို အဲ ဒေသကို
များထဲ,များထဲ
၄၆ ခုနှစ်,၄၆ ခုနစ်
ဘရက်က ဆက်ပြောသည်။ ဒီနေ့ကစပြီး,ဘရက်က ဆက်ပပောသည်။ ဒီနေ့ကစပြီး
ဘူးသော ဖခင်၏,ဘူးသော ပခင်၏
ဘိ,ဘီ
ညနေခင်း၌ အိမ်ဝိုင်းထဲ ဆိုင်,ညနေခင်း၌ အိမ်ပိုင်းထဲ ဆိုင်
ခရိုင်၊ ဖားကန့်မြို့နယ်၊,ခရိုင်၊ ဟားကန့်မြို့နယ်၊
ကော့,ကော့
ဟေ . . . ဟုတ်လား ငလျင်လှုပ်ခြင်းများ၏ အကျိုးဆက်များ/သက်ရောက်မှု,ေ . ဟုတ်လား ငလျှင်လှုပ်ခြင်းများ၏ အကျိုးဆက်မျာ()သက်ရောက်မှု
ထို့နောက် အမျိုးသမီးကို နှုတ်မဆက်,တို့နောက်၊ အမျိုးသမီးကို နှုတ်မဆက်
လက်,လက်
က,က
အ,အ
ကျရောက်နိုင်အောင် လည်းကောင်း၊ ပျောက်ကင်း ချမ်းသာစေရန်လည်းကောင်း အသုံးပြု၏။ အဆိုးဆုံးကကိုတိုးကြီးဖြစ်,ကျရောက်နိုင်အောင် လည်းကောင်း။၊ ပျောက်ကင်း ချမ်းသာစရေန်လည်းကောင်း အသုံးပြု၏။ အဆိုး ဆုံးကကိုတိုးကြီးဖြစ်
"ခဲ့လို့လဲ၊ ဘာဖြစ်လို့ ဒီလိုဖြစ်ရတာလဲ။ ဘာဖြစ်လို့လဲInjangyangMMR001003022HkanDaukYangခန်ဒေါက်ယန် ""မအေဘေး ခုကျတော့ စတိုင်တယ်",ခဲ့လို့လံး ဘာဖြစ်လို့ ဒီလိုဖြစ်ရတာလဲ။ ဘာဖြစ်လို့လဲ(an၉Myenghhtau02002CChThanoauhdh en၉ခန်ခေါက်ယန် မအေဘေး စုကျတော့ စတိုင်တယ်
ခုရှိရိုခရိုင်၊ ခုရှိရိုတိုင်း၊ ခု,နုရိရိုခရိုင်း ုရှိရိုတိုင်း၊ ခု
ထူးခြားလှပေသည်,ထူးခြားလှပေသည်
"thoseattributeswhichwehaveputonhim.တိုက်တွန်းထားတယ်..ဟုတ်လား နှောင်း"" ခဲ့ပြန်သည်။ သို့သော် စစ်ကြီးပြီး၍ ရုပ်ရှင်များ ရွာလင်းရွာ (အင်္ဂလိပ်: Ywarlin)သည် မကွေးတိုင်းဒေသ","Mhoeeai(1th0uheaatnhl(ohteiTeueguhont,(n)တိုက်တွန်းထားတယ်..ဟုတ်လား နောင်း"" ခဲ့ပြန်သည်။ သို့သော် စစ်ကြီး ပြီး၍ ရပ်ရင်များ ရွာလင်းရွာ (အင်္ဂလိပ်: 1Nun)၇)သည် မကျွေးတိုင်းဒေသ"
တော့်,တော့်
အချိန်တွေမှာ ငြိမ်းချမ်းသာယာတာကို ခံစားရတဲ့အချိန်တွေမှာ တစ်ခြား,အာရျိန်တွေမှာ ငြမ်းချမ်းသာယာတာကို စံစားရတဲ့အချိန်တွေမှာ တစ်ပြား
နှင့်ငါ စင်စစ် ပေါင်းဖော်ခြင်းဖြစ်တန်ရာ၏ ။ လက်ကလေးနှစ်ဖက်ကို ဖြန့်ကာ ဝန်းဝိုင်း,နှင့်ငါ) စင်စ် ပေါင်းဖြော်ခြင်းဖြစ်တန်ရာ၏ ။ လက်ကလေးနှစ်ဖက်ကို ဖြန့်ကာ ဝန်းို်း
စာ,စာ
သုံးပြီး,သုံးပြီး
မျောက်၏ဇနီးအား သိမ်းယူတာထားပါတော့၊ တိရစ္ဆာန်ကိုး၊ လူဘုရင်တွေက စစ်ရှုံးသူ၏ ဇနီးမယားကို သိမ်းပိုက်တာတော့ လွန်လွန်းသည်ဟု ကျွန်မ ယူဆသည်။ မိန်းမတွေခ,မျေျာက်ဝ ခနီးအား သိမ်ယွ္ေတာထားဝါတော့ူ။ အီရန္ှာန်ကိုး၊ လှူတုူရင်တတွေက စစ်ရှံးသူ၏ ခနီးမယားကို သိမ်းပိုက်တာတော့ လွန်လွန်းသည်ဟု ကျွန်မ ယူဆသည်။၊ မိန်းမတွေစ
ဆက်သွယ်စုံ,ဆက်သွယ်ခဲ့
ပါတယ်,ပါတယ်
ရက်လောက်လည်းရရော,ရက်လောက်လည်းရရော
ရွာတွင်,ရွာတွင်
ဝမ်းလျှောခြင်း ဟုခေါ်သည်။ ကို ကျော်ဖြတ်လာခဲ့၍,ဝမ်းလေျောခြင်း ဟုခေါသည်။ ကို ကျော်ဖြတ်လာခဲ့၍
စားသောက်နေကြဟန်ရှိသည်။ ကျော မောင်,စားသောက်နေကြဘန်ရှိသည့်။ ကျော မောင်
စိန် တို့,စိန် တို့
ထွက်,ထွက်
မိမလား မသိဘူး၊ အန်တီ မီ,မိမလား မသိဘူး၊ အန်တီ စီ
၊ ဝေဟင်ပေါ်ပျံ,၊ စေဟင်ပေါ်ဖျု
ချက်,ချက်
စ,စ
ည့် ကိစ္စရပ်မှန်သမျှကို သိနိုင်ဆုံးသော အခြေအနေ,ည့် ကိစ္စရပ်မှန်သမျှကို သိနိုင်ဆုံးသော အခြေအနေ
ရီ စိတ်ကို ဖတ်ကြည့်ပြီး မင်း ဒီလိုလုပ်တာကို သိသွားရင်.. မည်သို့ပင်ဖြစ်စေမြေ,ရီ ိတ်ကို ဖတ်ကြည့်ပြီး မင်း ဒီလို့လျပ်တာကို သိသွားရင် မည်သို့ပင်ဖြစ်စေမြေ
DaweiEducationDegreeCollege;,"၊.oaioilThuonieaot,entee.alas."
မင်းပြုတော်မူ၏။ သန်,မင်းပြုတော်မှု၏။ သန်
ပေါက်,ပေါက်
၀ဖြစ်စဉ်,ဝဖြစ်စဉ်
မှ,မှ
န့်,န့်
တယ်,တယ်
ကား အောက်မြို့ကျေးရွာသို့သွားတော့မည်။ ယခုအခါ,ကား အောက် မြို့ စကျးရွတာသို့သွားတော္ မည်။ ယခု အခါ
ထောင် မြန်မာနိုင်ငံအသင်းသည် ၁၉၆၀ နွေရာသီ အိုလံပစ်ပြိုင်ပွဲသို့ ဝင်ရောက်ယှဉ်ပြိုင်ခဲ့သည်,ထောင် မြန်မာနိုင်ငံအသင်းသည် ၁၉၆၀ နွှေရာသီ အိုလံပစ်ပြိုင်ပွဲသို့ ဝင်ရောက်ယှဉ်မြိုင်ခဲ့သည်
ရာကုတ်မှာ ၁၆,ရာကုတ်မှာ ၁၆
ဝန်,ဝန်
ရာ,ရာ
boththe,totehe
တို့ တည်းခိုကြသည့် ဟိုတယ် များနှင့် အ,တို့ တည်းရိုကြသည့် ဟိုတယ် များနှင့် အ
ထားသီ,ထာဒီ
ရတဲ့ ဘာသာရပ်မျိုး မဟုတ် ပါဘူး။ လင်္ကာတွေကို မဆန်းစစ်,ရတဲ့ ဘာသာရပ်မျိုး မဟုတ် ပါဘူး။ လက်ာတွေကို မဆန်းစစ်
လီနိုင်ငံသို့လည်း ပျံနှံ့,လိနိုင်င်သို့လည်း မျိုနို
ယက်နမ် နယ်ချဲ့,ယက်နမ် နယ်ချုဲ့
အခင်ကို လိုသမျှဖွင့်,အခင်ကို လိုသမျှုဖွင့်
မြန်မာနိုင်ငံနဲ့ပတ်သက်လို့ ဆောင်ရွက်စရာ,ဖြန်မာနိုင်ငံနဲ့ပတ်သက်လို့ ဆောင်ခရွက် စရာ
ဝတ်,ဝတ်
သန်း,သန်း
ဘာလုပ်,ဘာလုပ်
ဖေ,ဖေ
။ ကိုယ်ရပိုင်တဲ့ အခွင့်အရေး,။ ကိုယ်ရဗိုင်တဲ့ အခွင့်အရေး
ကို တစ်နေ့လုံး လိုက်ပြီး,ကို တစ်နေ့လုံး လိုက်ပြီး
သည်။ ဂျာနယ်လစ်များက,သည်။ ဂျှာနယ်လစ်များက
မောက်များနှင့် ပုံစံမတူ,မောက်များနှင့် ပုံစမတူ
တစ်ခုကို ဆိုခဲ့သည်။ ကမ္ဗလဿ တ,တစ်ခုကို ဆိုခဲ့သည်။ ကမ္ုလသ တ
၏။ ကိုယ်ထင်ပြလာသူကဲ့သို့ အခန်းဝတွင် မြိုင်က မလှုပ်,၏။ ကိုယ်ထင်ပြလာသူ့ကဲ့သို့ အခန်းဝတွင် မြိုင်က မလှပ်
ပုံ ရ၏။ ထို,ပု့ ရ၏။ ထို
လို လုပ်,လို လုပ်
သည်။ အုန်းဆီထုတ်သည်။ နာနတ်ပင်များကို အကြီးအကျယ် ဦးလေး ဦးလေးနဲ့ မခေါ်ပါနဲ့ဟ။ ငါ အဲဒီလောက်,သည်။ အုန်ဒဆီထုတ် သည်။ နာနတ်ပင်များကို အကြီးအကျယ် ဦးလေး ဦးလေားနဲ့ မခေါးပါနဲ့ ဟာ။ ငါ အဲဒီလောက်
။ ၁၉၆၈-,။ ၁၉၆၈-
သည် သည်,သည် သည်
ဘ,ဘ
၉ ဖြစ်သည်။ ၂၀၁၄ သန်းခေါင်စာရင်းအရ လွဲမွန်ကျေးရွာအုပ်စုတွင် ကျား ၁၅၃၁ ဦး၊ မ ၁၇၂၄ ဦး၊ လူဦးရေစုစုပေါင်း ၃၂၅,၉ ဖြစ်သည်။ ၂၀၁၄ သန်းခေါင်စာရင်းအရ လွဲမွန်ကျေးရွာအုပ်စုတွင် ကျား ၁၅၃၁ ဦး၊ မ ၁၇၂၄ ဦး၊ လူဦးရေစုစု ပေါင်း ၃၂၅
လွင့်,လွင့်
ဂျိမ,ဂျိမ
စံဖြိုး,စပြုး
တော့မယ်။ ခင်ဗျားကို လာ,တော့မယ်။ ခင်ချားကို လာ
ခဲ့သည်,ခဲ့သည်
ကား,ကား
တည်,တည်
ကြီးဆုံး လုပ်ငန်း,ကြီးဆုံး လုပ်ငန်း
ခြင်းလျှင်၊ တန်ဆာဆင်၏၊ နှုတ်မင်္ဂလာ၊ စကားမှာကား၊ အသာ,ခြင်းလျှင်၊ တန်ဆာဆင်၏၊ နှတ်မငီးလား၊ စကားမှာကား၊ အသာ
ညီ၊ လမ်းတော်ဖိုးတုတ် သည် တပည့်များအား,ညီ။၊ လမ်းတော်ဖိုးတုတ် သည် တပည့်များအား
တွေ အများကြီးပါလား၊ ငါ,တွေ အများကြီးပါလား ငါ
မေရိကားက မက်ဆာချူးဆက် စက်မှုသိပ္ပံကို ဆက်တက်,မေရိုကားက မက်ဆာချုးဆက် စက်မှုသိပံကို ဆက်တက်
ခဲ့သူဖြစ်ပြီး ပန်းချီဉာဏ်သစ်လောင်းသင်တန်းများ ဖွ,ခဲ့သူဖြစ်ပြီး ပန်းခှိတာတ်သစ်လောင်းသင်တန်းများ ဖွ
"မဏိပဲတဲ့"" တက်စသည် တညနေလုံး ကြီးမားသည့် မြေပုံချပ်ကြီးကို ကြည့်နေပြီးနောက် မိတ်ဆွေအမတ်တယောက်နှင့် သွား၍ ည","မအိပဲတဲ့"" တက်စသည် တညနေလုံး ကြီးမားသည့် မြေပုချပ်ကြီးကို ကြည့်နေပြီးနောက် မိတ်ဆွေအမတ်တယောက်နှင့် သွား၍ ည"
လွယ်,လွယ်
အ,အ
ပြီ,ပြီ
စီး,စီး
ဝ ပေးခဲ့သည်,ဝ ပေးခဲ့သည်
Wardအမှတ် (၁၄) ရပ်ကွက် အခုဆို ကစ်ကစ်,M0Mအn၁အမှတ် (၁၄) ရပ်ကွက် အခုဆို ကစ်ကစ်
လား..,လား..
ပင် အထက်ရှိ ကျောက်လွှာတို့မှ မြင့်မားသော အပူချိန် နှင့် ဖိအားတို့ကြောင့် အသွင်ပြောင်းကျောက်အဖြစ် ပြောင်းလဲလာနိုင်သည်။ ခင်စိုးပိုင်နဲ့လား ရှိတယ်,ပင် အထက်ရို ကျောက်လှာကို့မှ မြင့်မားသော အပူမျိန် နှင့် မိအားတို့ကြောင့် အသွင်ပြောင်းကျောက်အဖြစ် ပြောင်းလံလာနိုင်သည်။ ခင်ရုးပိုငနဲ့လား ရိတယ်
အုပ်စု,အုပ်စု
များကို Tanai MMR001004017 Ta Ron တရုံ ဟူ၍ ဖြစ်လေ၏။ ကိုသန်းတင်တို့လူစု၊ အထက်တန်း ကျောင်းသား အတော်များများနှင့် မြန်မာဘာသာ ကျောင်းသားများ၊ အရပ်သူ အရပ်သား အချို့၏အ,များ.ကို ana: anpaneot၀၀-၁ -၁ ၁e၀n တရုံ ၁၉၅၍ ဖြစ်လေ၏။ ကိုသန်းတင်တို့လူရူ၊ အထက်တန်း ကျောင်းသား၊ အတော်များများနှင် ြန်မာဘာသာ ကျောင်းသားများ၊ အရပ်သူ အရပ်သား အချို ၏အ
ရွက်ပင်,ရွက်ပင်
ကောင်း,ကောင်း
၀,၀
ပိုး,ပိုး
ပိုက်,ဗိုက်
ခြေအနေပေါ်၌လည်း တည်၏။ ဇေ,ခြေဘနေပေါ်ဌလည်း တည်၏။ စဝ
ရိုးမီးများ ဝါးမျိုလို့ မြတောင် ရွှေကျောင်းတော်ကြီးတို့လိုအဆောက်အဦးကြီးတွေ ကြည့်စရာမရှိတော့တဲ့အချိန်မှာ ရှားပါးနေပြီဖြစ်တဲ့ မဟာမုနိအရှေ့မုခ်ကျွန်းသားပြာသာဒ်,ရိုးမီးများ ငါးမျိုးလို့ မြတောင် ရွှေကျောင်းတော်ကြီးတို့လိုအဆောက်အဦးကြီးတွေ ကြည့်စရာမရှိတော့တဲ့အချိန်မှာ ရှားပါးနေပြီဖြစ်တဲ့ မဟာမှုနိအရှေ့မှစ်ကျွန်းသားပြာသာပ်
ကျယ်,ကျယ်
သူ သို့မဟုတ် ဩဇာတိက္ကမကြီးမားသူများ ပေါ်ထွက်လာပါက အခြားသူများအ,သူ သို့မဟုတ် ဩြဇာတိတ္ဌမကြီးမားသူများ ပေါ်တွက်လာပါက အခြားသူ့များအ
သိမ်းကာ မှော်ဘီ စိုက်ပျိုးရေးစခန်းကို ဌာနချုပ်ဖွင့်၍ သူတို့အား ခုခံရခြင်းပင် ဖြစ်သည်,သိမ်းကာ မှာ်ဘီ စိုက်ပျိုးရေးစခန်းကို ဌာ နချှုပ်ဖွင့်၍ သူတို့အား ခုခံရခြင်းပင် ဖြစ်သည်
စ,စ
တိုက်မ အထက်ရှိ ပစ္စယာဆင့်များတွင် ပုံစံအမျိုးမျိုး အကွက်အမျိုးမျိုး ဖော်ထားသည့် စဉ့်သုတ်စိန်တန်းများဖြင့် တန်,တိုက်မ အထက်ရှိ ပစ္တယာဆင့်များတွင် ပုံစံအမျိုမျိုး အက္ခက်အမျိုးမျိုး ဖေ်ထားသည့် စဉ်ွတ်စိန်တန်းမျာဖြင့် တန်
လာလမ်ပူသည် ဆီလန်ဂေါ ပြည်နယ်ထဲမှာ ရှိ၍ ထိုပြည်နယ်ကို အုပ်ချုပ်သော မလေးဘုရင်က ကွာလာလမ်ပူ,လာလမ်ပုသည် ဆီလန်ဂေါ၊ ပြည်နယ်လဲမှာ ရှိ၍ ထိုပြည်နယ်ကို အုပ်ချုပ်သော မလေးဟူရင်က ကွာလာလမ်ပူ
နတ်က,နတ်က
သီးများ တပ်၍ ထားသော,သီးများ တပ်၍ ထားသော
သည့် ခွေးအများကို ထပ်မံပစ်ခတ်ပြန်၏။ ကျည်ဆံတိုင်းပင် ခွေးအများကို ထိမှန်လေရာ နောက်ဆုံးတွင် ရှင်းလင်းသွားလေသည်။ 'ဪ,"သည့် နွေးအများကို ထပ်မဲပစ်ခတ်ပြန်၏။ ကျည်ဆါတိုင်းပင် နွေးအများကို ထိမှန်လေရာ နောက်ဆုံးတွင် ရှင်းလင်းသွားလေသည်။ "" ကြော်"
သွားသည့်ကုန်တွေ အရှုံးပေါ်သွား၍ ဟုဆိုကာ လျှော့ပေးတာတွေရှိသည်။ ကိုယ်လူကြုံပါးလိုက်သည့်ငွေကို နည်းနည်း,သွား သည့်ကုန်တွေ တရှုံး ပေါ်သွား၍ ဟုမလိုကာ လှာ့ပေးတာတွေရှိသည်။ ကိုယ်လှကြံပါးလှိုက်သည့်တွေကို နည်းနည်း
ခိုလှေများအကြောင်းကို ကြားဖူးသည် သည်စက်လှေများ,မိုလျှေများအကြောင်းကို ကြားပူးသည် သည်စက်လှေများ
ထောင်သူလည်း,ထောင်သူလည်း
ခရိုင်,ခရိုင်
သနဝိဇ္ဇော,သနဝိခွော
မြေစေးတွင် အညစ်အ,မြေစေးတွင် အညစ်အ
ပ,ပ
မြက်လိုသူ,မြက်လိုသူ
သာမဟုတ်၊ အသီးနှင့် အရွက်ရရန်အတွက်ပါ စိုက်ပျိုးကြသည်။ အသီးကို,သာမဟုတ်။ အသ်းနှင့် အရွတက်ရရန်အတွက်ပါ ဗိုက်ပျိုး ကြသည်။ အသီးကို
ကတံ ကရဏီ,ကတံ ကရအီ
လုပ်မဖြစ်။ နောက် ဆုံး ရထားသည် ခပ်စောစောကပင် ပါရီသို့ ထွက်,လုပ်မဖြစ်။ နောက် ဆုံး ရထားသည် စပ်စောစောကပင် ပါရိသို့ ထွက်
လေး,လေး
ပြီးနောက် ကားပြန်၍ ထွက်သွားသောအခါ ကားပေါ်၌ ပါးစပ်တွင် အဝတ်များ စည်းနှောင်ထား,ပြီးနောက် ကားပြန်၍ တွှက်သွားသောအခါ ကားပပါပြီ ပါးစပ်တွှင် အဝတ်မှနား စည်းနေစောင်ထား
ကြည်မှုတစ်ခု,ကြည်မှုတစ်ခု
တူတူစား,တူတူစား
ကားရိုက်ရန်အတွက် လားရှိူးသို့ ပြန်,ကားရိုက်ရန်းအတွက် လားရှို့သို့ ပြန်
သစ်လေ,ထစ်စေ
ဝင်ရောက်ယှဉ်ပြိုင်,ဝင်ရောက်ယှဉ်ပြိုင်
တာ,တာ
တယ်။ သူဇာလွင် ခေါင်းခါလိုက်တယ်။ သူ ခေါင်းခါပြနေတာကို မင်းခန့်ထူး မြင်ပါစေ။ မလာ,တယ်။ သူမာလွင်၊ ခခါင်း ခါလိုက်တယ်။ သူ၂ စခါင်း ခါပြစေတာကို မင်းခန်လျ မြင်ပါစေ။ မလာ
ယောက်စလုံး မသင်္ကာစရာ တစ်ခုခု တွေ့ လို့ ရန်သူ့နောက်ကို လိုက်သွားကြတာ ဖြစ်ရမယ် တစ်စကို ကာဗွန်တုံးနှင့် ဆက်ထား၍ ကျန်တစ်စ,ယောက်စလုံး မသီကာစရာ တစ်ခုခု တွေ့ လို့ ရန်သူ့နောက်ကို လိုက်သွားကြတာ ဖြစ်ရမယ် တစ်စကို ကာစွန်တုံးနှင့် ဆက်ထား၍ ကျန်တစ်စ
တွင်,တွင်
ခုနှစ်ရက်သားသမီးများနှင့် ပူးပေါင်းပြီး အထက်ဌာပနာ ထည့်သွင်း,ခုရှစ်ရက်သားသမ်းများနှင့် ပူးပေါင်းပြီး အထက်ဌာပနာ ထည့်သွင်း
သည်။ အတွေ့လေးရယ်မှ အိုအကြုံ (၁၉၉,သည်။ အတွေလေးရယ်မှ အိုအကြုံ (၁၉၉
ဆောင်မှု ပေးနိုင်ခဲ့,ဆောင်မူု ပေးနို်ခဲ့
လာကြသည်။ စစ်ရထားပေါ်တွင်သာ အစဉ်အမြဲ တွေ့မြင်ခဲ့ရသော သူ,လာကြသည်။ စ်ရထားစပါ်တွစ်သာ အစဉ်အမြဲ တွေ့မြစ်ခဲရသော သူ
စစ်,စစ်
နေအထိ အဖြစ်အပျက်များ,နေအထိ အဖြစ်အပျက်များ
လေးမ,လေးမ
တွင် မျက်နှာပြင်တစ်ခုတည်းသာရှိသော်လည်း သိပ္ပံပညာ ဆက်တိုက်ယူလာခဲ့သော ကေသွယ်အတွက် သိပ္ပံနှင့် နီးနီးစပ်စပ် ဟူ၍ မူလတန်းကျောင်းတွင်,တွင် မျက်နှာပြစ်တစ်ခုတည်း သာရှိသော်လည်း သိပညြာ ဆက်တိုက်ယူ့လဟားခဲ့သော ကကာသွယ်အတွက် သိပ္ခနှင့် နီးနီးစပ်စပ် ဟူ၍ မူလတန်း ကျောင်း၊တွင်
ကျင်းအား နတ်မိမယ်တမျှ ထင်မှတ်ပြီး မြတ်နိုးခဲ့သည်။ သူမ အလှရိပ်တွင် ယစ်မူး,ကျင်းအား နတ်မီမယ်တမျှ ထင်မှတ်ပြီး မြတ်နီးခဲ့သည်။ သူမ အလှရိပ်တွင် ယစ်မူး
ဏခဏ မေးသည်။ ကျောင်းဆင်းသောအခါ ကျော်စွာတို့သည် ပူနှိပ်တို့အိမ် ဘက်သို့ သွားရလေသည်။ ကယားလူမျိုးစုဒီမိုကရေစီပါတီ နှင့် လူမျိုးပေါင်းစုံဒီမိုကရေစီ,တတေ မေးသည်။ ကျောင်းဆင်းသောအခါ ကျော်စွာတို့သည် ပနှိပ်တို့အိမ် ဘက်သို့ သွားရလေသည်။ ကယားလူမျို့ရဒီမိုကရေရီပါတီ နှင့် လူမျိုပေါင်းရုပီမိုကရေရီ
အမြင်ကို လိုက်နာသူများသည်,အမြင်ကို လိုက်နာသူများသည်
တယ်။ ပြီးတော့ Keygen ထဲမှာ သွား Paste လုပ်၊ Generate Activation Code ကိုနှိပ်။ ထွက်လာတဲ့ Activation Code ကို,တယ်။ ပြီးတော့ (a၉၀၉၈၈ ထဲမှာ သွား (၈၈၈ လှုပ်၊ Cဲen၈nane (orhး(eေ၀၈ ၁၀၀စ ကိုနိုပ်။ ထူက်လာတဲ့ Moh(e၈၀၈ ၀၀၀စ ကို
သည် ဇုနတ်မင်းကြီးနှင့် တူသော်လည်း ပို၍ ဣန္ဒြေကြီးပြီး,သည် ရနတ်မင်းကြီးနှင့် တူုသော်လည်း ပို၍ ဤခြေ့ကြီးပြီး
ဆီး,ဆီး
။ နန်းတော်ရှေ့ ဆရာတင် သားကလေးများနည်းတူ ကျွဲကျောင်းခိုင်း၏။ မော်ဂလီမှာ,။ နန်းတော်ရှေ့ ဆရာတင် သားကလေးများနည်းတူ ကွဲကျောင်းနိုင်း၏။ မော်ဂလီမှာ
ဟစ်ပိုဂိုဏ်းအုပ်၏လက်ထောက်အဖြစ် တာဝန်ယူပြီး ၅နှစ်အကြာ ဂိုဏ်းအုပ်ကွယ်လွန်သော် ရာထူးတိုး၍ ဟစ်,ဟာစ်ပိုးရိုက်းအုပ်၏လက်ထောက်အဖြစ် တာဝန်ယူးပြီး ၅နှစ်အကြာ ဂိုဝင်းအုပ်ကွယ်လွန်သော် ရာထူးတိုး၍ ဟာစ်
လို့မှ မဆုံးမီ သိန်း,လို့မှ မဆုးမီ သိန်း
နေတာ၊ ရောင်ဘန်ရွာ (အင်္ဂလိပ်: Yawngbang)သည် ရှမ်းပြည်နယ် (မြောက်)၊ ပလောင် ကိုယ်ပိုင်အုပ်ချုပ်ခွင့်,နေတား၊ ရောင်ဘန်စွာ (အဂီးလိပ်၊ (TahntgMunန)သည် ရှမ်းပြည်နယ် (မြောက်)၊ ပလောင် ကိုယ်ဗိုင်အုပ်ချုပ်ခွင့်
နောက်ဆုံးတွင် ကြယ်ပုနက် (black dwarf) အဖြစ် မှေးမှိန်သွားမည်ဖြစ်သည်။ နေနှင့် အနီးဆုံးကြယ်မှာ ပရိုဆီ,နောက်ဆုံးတွင် ကြယ်ပုနက် (0hee။ ohးအ၇) အဖြစ် မှေားနှိန်သွားမည်ဖြစ်သည်။ နေနှင့် အနီးဆိုံးကြယ်မှာ ပရိုဆီ
မှ,မှ
ရာတွင် လိမ့်၍ကျလေပြီဟု ခန့်မှန်းသိရှိရသော်လည်း ထွက်ပြီးဆင်းမသွားဝံ့၊ ဆင်းသွားခါမှ ဖွပ်သည်ထက် ညစ်,ရာတွင် လိမ့်၍ကျလေပြီဟု ခန်မှန်းသိရှိရုသော်လည်း ထွက်ပြီးဆင်းမသွားစဲ။၊ ဆင်းသွားခါမှ ဖပ်သည်ထက် ညစ်
င့်,င့်
တော်ဝန် ကော့ခ်,တော်ဝန် ကျော့စ်
။ အကြောင်း,။ အကြောင်း
"ဖောမီး (Anseriformes)"" အတွင်း ပါဝင်","ဖောမီး (amraenhoneေ)"" အတွင်း ပါဝင်"
တော် ပါတဲ့ ရွှေရှူဆေးဘူးချီးမြှင့်ခံရတဲ့ကိစ္စဟာ အမှုတော်ထမ် ကောင်းတဲ့အတွက် ဘွဲ့ထူးဂုဏ်ထူးချီးမြှင့်ခံရ,တော် ပါတဲ့ ရှေစှုဆေးဘူးချီးမြင်ခဲရတဲ့က်စ္ဟာ အမူတော်ထပ် ကောင်းတဲ့အတွက် ဘွဲထူးဂုဏ်ထူးချီးြင့ခံရ
သူ့မိန်းမဆီကို ပေးလိုက်တဲ့အလုပ်ပါ၊ ကျွန်မ ပို့ပေးရမှာပေါ့ ရင်သွေးငယ်အာဟာရ သန္တေသားမှစ အင်ဒို,သူပိန်းမဆီကို ပေးလိုက်တဲ့အလှပ်ပါ။ ကျွန်မ ရှိပေးရုမှာပါ့ ရှင်အသွေးငယ်အာဟာရး သနှသားမှစ အင်ရိ
ဒင်း ပွိုင့်တူးတူး သေနတ်သံကလေး ထွက်သွားသလို ...,ဒင်း မိုနင်တူးတူး သေနတ်သိကလေး တွက်သွားသလို့ .
ပါကညော ထန်းရည်တစ်ခွက် ကိုထည့်ပြီး ခပ်မြန်မြန်ဂလုချလိုက်တယ်။ ဟုတ်တယ်လေ။ ဒီလောက်တောင် ဆေးဖက်ဝင်နေမှတော့ ဘာမဂလုစရာရှိ,ပါကပညာ ထန်းရည်တစ်ခွက် ကိုထည့်ပြီး ခပ်ခြန်မဖြန်ဂလှုချလိုက်တယ်။ ဟုတ် တယ်လေ။ ဒီလောက်တောင် ဆေးဖက်ဝင်နေမှတော့ ဘာမဂလူစရာရှိ
မအေးပေး,မဇအးပေး
မနည်း ပြန်တည့်ယူရ,မနည်း ပြန်တည့်ယူရ
အတွင်း မြန်မာပြည်အနှံမှ,အတွင်း မြန်မာပြည်အန်မှ
ချို့,ချို့
ခေါ်၍ တစ်ပြိုင်,ရေါ် ၍ တစ်ပြိုင်
မင်းတပ်မှာ ကနောင်မင်းသား၏ ငယ်နာ,မင်းတပ်မှာ ကနောင်မင်းသား၏ ငယ်နှာ
နိုး,နိုး
ဘု,ဘူ
လဲ။ဒေါ်ဒေါ်က အသက်ကြီးပေမယ့် မျက်နှာကတော့ နုနုကလေး ရှိနေသေးလို့မို့ ဝတ်နိုင်ပါတယ် ဒေါ်ဒေါ်ရယ် လုရင်းလိုက်ရင်း စုတ်ပြဲ,လဲ။ခေါ်ခါက အသက်ကြီးပေမယ့် မျက်နှာကတော့ ခုမျကာလေး ရှိနေ့သေးလိုးို့ တ်နိင်းပါတယ် ခေါ်၏ါ်ရုယ် လူရင်းလိုက်ရင်း ုတ်ပြု
။ အပြစ်,။ အဖြစ်
သာယာကုန်း - ပဲခူးခရိုင်၊ ကျောက်တံခါးမြို့နယ်၊ ကြာအင်းကုန်းကျေးရွာအုပ်စု၊ ပီကုတ်(220102)ChampionofKandawgyiDota,သာယာကုန်း - ပဲံခူး စရိုင၊ ကျောက်တံခါးမြို့နယ်၊ ကြာအင်းကုန်းကျေးရွာအုပ်စု၊ ပီကုတ်(Cသ ( GCh၂eCharnprhontone၆arndha: M၂1၆Thoa
ထောက်အ,လောက်အ
။,။
။,။
ခုနှစ် ဩဂုတ်လ ၃,ခုနှစ် ကြဂုတ်လ ၃
အ,အ
ဖြ,ဖြ
ကာ၊,ကား၊
ပိုင်ကြံပါ။ ဂျိုးဆက်စတိန်း,ပို်ကြပါ။ ဂျိုးထက်စတိန်း
၈) ကြင်နာသူနှစ်ဦး ဆုံနိုင်ရင် (၁၉၉၇) ဟား ကောင်းပါတယ်။ အများကြီးကို ကောင်း,။၊ ကြင်နှာသူနှစ်ဦး ဆုးရိုငးရင် ၁ဥ၉၀၇) ဟား ကောင်းပါတယ်။ အများကြီးကို ကောင်း
ကို အလယ်က ထက်ဝက်ခြမ်း,ကို အလယ်က ထက်ဝက်ခြမ်း
လဲ ကလေးအသက် ဘယ်လောက်,လဲ ကလေးအသက် ဘယ်လောက်
ဟားရယ်၏။ 32. Lords of the Sunset. ဒါပေမယ့် ကျွန်တော်ဘာမှမပြောမိ...။ ဒီအတိုင်းလေးပဲ အသက်ကိုထိန်းရှူရင်း ဖုန်းကိုနားမှာကပ်ထားမိသည်။ သို့သော် အချိန်အ,ပဟားရယ်၏ေ။ . ( otdh။ o) Mhe T0une. ဒါပေမယ့် ကျွန်တော်တာမှမပြောမီး(-။ ဒီအတိုင်းလေးပဲ အသက်ကိုလိန်းရှရင်း ပုန်းကိုနားမှာကပ်ထားမိသည်။ သို့သော် အချိန်းအ
ဏလေး ငြိမ်,ဏလေး ငြိမ်
နလုပ်ငန်း၏ အဆင့်တစ်ဆင့်အောင် မြင်သည်ဆိုသော သတင်းပင်ဖြစ်ပါသည်။ ယခင်က သစ်ပင်တို့၌,နလျပ်ဝန်း၏ စားဆင်တစ်ဆင်တောင် ဖြင်သည်ဆို့သော သတာင်းပင်ဖြစ်ပါသည့်။ ယခင်က သစ်ပင်တို့၌
မန်ကြီးက ဘာမျှ,မန်ကြီးက ဘာ့မှ
င့် နည်းပညာ အဖွဲ့အစည်း အသင်းဝင်များ နှင့် ဈေးကွက်အတွင်းမှ အကျိုးတူ,င့် နည်းပညာ အဖွဲ့အစည်း အသင်းဝင်များ နှင့် ချေးကွခက်အတွင်းမှ အကျိုတူ
ဖြစ်,ဖြစ်
ကို လန်းဆတ် စေသည့် ဝိုင်,ကို ဝန်းတတ် စစသည့် ငိုင်
အတိုင်းဖြစ်,အတိုင်းဖြစ်
ရိုင်၊ တွန်းဇံ,ရိုင်၊ တွန်းခံ
အချင်း,အချင်း
ဝတီမင်းသား ရွှေဘိုသို့ထွက်ကာ အင်အားစု၍ ပုန်ကန်သည်။ ပုန်ကန်မှုအောင်မြင်သဖြင့် သာယာဝတီမင်း နန်းတက်သည်။ နန်းမတော်မယ်နု၊ မင်းသား,ဝတီမင်းသား စွှေတိုသို့ထွက်ကာ အင်အားစူ၍ ပန်ကန်သည်။ ပုန်ကန်မုအောင်မြင်သဖြင့် သာယာဝတိီမင်း ုန်းတက်သည်။ နုန်းမတော်မယ်န မင်းသား
အမျိုးသမီးဘက်သို့ ခေါင်းညွှတ်,အမျိုးသမ်းဘက်သို့ ခေါင်းရညတ်
ရွရွနှုတ်ခမ်းဖြင့် သူ့ခေါင်းကို,ရွစ္စနှတ်ဝမ်းဖြင့် သူေခေါင်းကို
"အင် သုံးစွဲနိုင်အားမှာ ၅၅,၅",အင် သုံးစွနိုင်အားမှာ ၅၅၅
လာ,လာ
လည်း သူ,လည်း သူ
ကုတ်မှာ ၂၁၉၈၆၂ ဖြစ်သည်။ ၂၀၁၄ သန်းခေါင်စာရင်းအရ မိုင်းဟွမ်ကျေးရွာအုပ်စုတွင် ကျား ၁၈၂၀ ဦး၊ မ ၁၇၅၇ ဦး၊ လူဦးရေ စုစုပေါင်း,ကျတ်မှာ ၂၁၉၈၆၂ ဖြစ်သည်။ ၂၀၁၄ သန်းခေါင်စာရင်းအရ မို်ပဟွမ်ကျေးရွာအုပ်စုံတွင် ကျား ၁၈၂၀ ဦး၊ မ ၁၇၅၇ ဦး၊ လူဦးရေ ရုစုပေါင်း
အများဆုံးဆေးကို အသက် ၂,အများဆုံးဆေးကို အသက် ၂
မှ အီရတ်တွင် ဆဒမ်အားဖယ်ရှားရန် အီရတ်ကို ၂၀၀၃၌ တိုက်ခိုက်ခဲ့သည်။ ယင်းတိုက်ခိုက်မှုတွင် အမေရိကန်သမ္မတ ဂျော့ဘုရှ်၊ ဗြိတိသျှဝန်ကြီးချုပ်,မှ အီရတ်တွင် ဆသမ်အားဖယ်ရှားရန် အီရတ်ကို ၂၀၀၁၌ တိုက်ခိုက်ခဲ့သည်။ ယင်းတိုက်ခိုက်မှုတွင် အမေရီကန်သမ္ှတ ကျော့ဘုရိ၊ ပြိတီသျှဝန်ကြီးချုပ်
ဝ,ဝ
၈ ဦး၊ မ ၁၀၀၁ ဦး၊ လူဦးရေစုစုပေါင်း ၂၀၇၉ ဦး နေထိုင်သည်။ သည်ကြားထဲက မွန်မွန့်အသွင်၌ ချုပ်တည်း,၈ ဦး၊ မ ၁၀၀၁ ဦး၊ လူဦးရေစုရုပေါင်း ၂၀၉၉ ဦး နေထိုင်သည်။ သည်ကြားထံက မုန်မျန့်အသွင်၌ ချုပ်တည်း
ဖုန်းနဲ့ နံပါတ်တစ်ခုကို ခေါ်လိုက်ပါတယ်။ ဆူနီဆာ ကာဝရွန်ဂရောင်း (၂၉ ဇန်နဝါရီ ၁၉၇၂ မွေးဖွားသည်) ထိုင်းနိုင်ငံမှ မာရသွန်ပြိုင်ပွဲဝင်,ဖုန်းနဲ့ ခပါတ်တစ်ပူကို ခေါ်လိုက်ပါတယ်။ ဆုနီဆော ကာဝရွန်ကရောင်း (၂၉ စန်နဝါရီ ၁၉၃၂ မွေးဖျားသည်) ထိုင်းနိုင်ငံမှ မာရသွန်ပြို်ပွဲဝ်
ရာကုတ်,ရာကုတ်
၊ သွေး,၊ လွေး
ရပ်ဝတ် အရပ်စားနှင့်။ ဒါက ဘာသဘော,ရပ်ဝတ် အရပ်စားနှင့်။ ဒါက ဘာသဘော
တို့,တို့
မိုင်,မိုင်
culturesorracesintheirfictionaluniverses.Namesortitlesof,င ပယားေဝလာအခဝစေ(mente Carehoe ံooa).ယာ( aaeoaea.:(ဆာeေorပး e( ea၀စ
ဆေးလိပ်,ဆေးလိပ်
ကာ အခြား,ကာ အခြား
င့် အောက်ဘုံ,င့် အောက်ဘုံ
ရပြီး တညင် ကျောက်,ရပြီး တညင် ကျောက်
။https://www.anonymoustunisie.com/WebsiteofAnonymousTNဘယ်သူမှ တိတိ,"။htpt2lhuanana anontpy oroouanuntlhet eornrtdThth edhauheodhhnontyrodi""eဘယ်သူမှ တိတိ"
သို့ ပြန်ရောက်သော် ရိုမန်တစ် ဟာသ Finding Mr. Destiny ၌ ပွဲဦးထွက်လာရာ ကိုရီးယား၌ ရုံပေါ်မှမဆင်းသော ကား ဖြစ်ခဲ့သည်။ နတ်ဆိုတာ မဂဓဘာသာမှ နာထသဒ္ဒါကို အ,သို့ ပြန်ရောက်သော် နိုမန်တစ် တာသ (hundhngှ (h(n ၂otးယ) နှ ပွဦးတွက်လာရာ ကိုရီးယား၌ စုံစပါ်မှမဆင်းသော ကား ဖြစ်ခဲ့သည်။ နတ်ဆိုတာ မဂတောသာမှ နာထသဒ္ဒကို အ
သည် ကချင်ပြည်နယ်၊ ပူ,သည် ကချင်ပြည်နယ်၊ ပူ
ကြ,ကြ
သည်။ ၁၉၅,သည်။ ၁၉၅
၊ meropenem,၊ Penpenen
ရန်,ရန်
အရ ထုံးတောင်ကျေးရွာအုပ်စုတွင် ကျား ၂၃၁၀ ဦး၊ မ ၂၆၈၀,အရ ထုံးတောင်ကျေးရွာအုပ်စုတွင် ကျား ၂၄၃၁၀) ဦး၊ မ ၂၆၈၀
မေးခွန်းတွေကိုလည်း မုန်းတယ်။ ၀င်းလှသည် ဖြူဖတ်ဖြူရော်ဖြစ်နေသော ခိုင့်,မေားစွန်းတွေကိုလည်း မှန်းတယ်။ ဝင်းလှသည် ပြစူးတ်ပြစ္စရာ်ဖြစ်နေသော ရို့
၅၆,၅၆
ရင် လုံလောက်ပြီပေါ့,ရင် လုံလောက်ပြီပေါ့
ကြည်သည် ဖေဖေ့ရှေ့,ကြည်သည် ဖေဖေ့ရှေ့
ကြီးရှိ,ကြီးရို
ကားဘေးက,ကားဘေးက
။,။
ဇစ်,စစ်
ရာ ကျွန်မတို့အပေါ်မှာ ကျေးဇူးတွေ အရမ်း များနေပြီ,ရာ ကျွန်မတို့အပေါ်မှာ ကျေးစူးတွေ အရမ်း များနေပြီ
ထွန်း - ငါတော့ ဒီလိုဟိုးလေးတစ်,"ထွန်း "" ငါတော့ ဒီလိုဟိုးလေးတစ်"
ဆောင်ခဲ့သည်။ ယွင်းချက်,ဆောင်ခဲ့သည့်။ ပွင်းမျုက်
လည်းကောင်း၊ မြေ,လည်းကောင်။ မြေ
င့်လှုပ်ရတော့သည်။ နေစမ်းပါဦး,င့်လျုပ်ရစတာ့သည်။ နေစမ်းပါီဦး
အယူအဆကို ငြင်းပယ်ရလိမ့် မည်ဟု ထင်စရာရှိ၏။ သို့ရာတွင် ကိုပါနီကတ်၏ နိယာ,အယူ့အဆကို ငြင်းပယ်ရလိမ့် မည်ဟု ထင်စရာရှိ၏။ သို့ရာတွင် ကိုပါနိကတ်၏နိယာ
ရွာစုကလေး ဖြစ်ပေသည်။ လယ်သမား၊ ဈေးသည်များ,ရွာစုကလေး ဖြစ်ပေသည်။ လယ်သမား၊ ချေးသည်များ
ဆိပ်ဖြစ်သည်။ ၎င်းတို့တွင် စက်ချောဆီ၊ ဂီယာဆီနှင့် အမဲဆီများ,ဆိပ်ဖြစ်သည်။ ၎င်းတို့တွင် စက် ချောဆီ၊ ဂီယ .ဆီနှင့် အခဲဆီများ
ကြီး,ကြီး
ပဒေ,ပဒေ
လား အဲ့ဒါဟာ ကျွန်တော့်,လား အဲ့ပါတာ ကျွန်တော်
မွှေး,မှေး
ငရှဉ့်ကျ မည်။ ကြိုးထိုးလျှင် သည်နှစ်ကောင်အနက် မည်သည့်အကောင်ကျကျ ကိုယ်က အနိုင်ရမည်။ ရာဇဝင်ဟောင်းများရဲ့ သင်္ချိုင်း ဘာလုပ်ရမည်နည်း။ ဒီနေရာက စောင့်လျှင် မ,ငရှ၌ကျး မည်။ ကြိုးထိုးလျှင် သည်နှစ်ကောင်အနက် မည်သည့်အကောင်ကျကျ ကိုယ်က အနိုင်ရမည်။ ရာစဝင်ဟောင်းများရဲ့ သီချိုင်း ဘာလုပ်ရမည်နည်း။ ဒီနေရာက စောင့်လျှင် မ
ကျော်,ကျော်
ကျော် လေးမျက်နှာဂူ ဘုရား ရက်နေ့တွင် နိုင်ဂျီးရီးယားနိုင်ငံ ကက်,ကွင် လေးမျက်နှာဂူ ဘုရား ရက်ရေတွင် နိုင်းရိုးရီးယားနိုင်င် ကက်
ပန်း,ပန်း
လမ်းမြို့ဖြစ်သည်,လမ်းမြို့ဖြစ်သည်
မျိုး,မိုး
ဆုံး ဖြစ်၏။ ဤအခြေ,ဆုံး ဖြစ်၏။ ဤအခြေ
၊ ရော့... ဦး,၊ ရော့.. ဦး
ယမကာကို စောင့်နေကြတယ်။ စားပွဲထိုးမလေးက တော့ အသက်ရှစ်ဆယ့်လေးနှစ်ပဲ ရှိသေးတဲ့ လှ,ယမကာကို စောင့်နေကြတယ်။ စားပွဲထိုးမလေးက တော့ အသက်ရစ်ဆယ့်လေးနှစ်ပဲ ရိုသေးတဲ့ လှ
အိတ်ဆိုရင်လည်း စုတ်,အိတ်ဆိုရပ်လည်း ုတ်
မြို့နယ်၊ ထန်းဘုန်းတောကျေးရွာအုပ်စု တံတားဦးရွာ (အင်္ဂလိပ်: Tadaru)သည် စစ်ကိုင်းတိုင်းဒေသကြီး၊ ရွှေဘိုခရိုင်၊ ဝက်လက်မြို့နယ်၊ ကျီးပင်ကန်ကျေးရွာအုပ်စု၌ တည်ရှိသည်။ ရွာ,"မြို့ နယ်း တန်းတုန်းတောကျေးရွှာအုပ်စု့ တိတားဦီးရွာ(အကင်ဆိပ်( (၀ပါe)""သည် စစ်ကိုင်းတိုင်းဒေသကြီး ဝွှတိုရိုင်၊ စက်လေက်မြို့နယ်၊ ကျိုးပဟင်ကန်ကျေးရွာအုပ်စု် တည်ရှိလည်။ ရွာ"
ကျဉ်းကျဉ်းလေးပါ၊ မေးဖန်များစကား,ကျဉ်းကျဉ်းလေးပါ၊ မေးပန်များစကား
ရေး၊ အိမ်များရှိမိလ္လာစနစ်,ရေး၊ အိမ်များရှိမ်လ္ွာနေစ်
ကလေးများ အိမ်မှာ,ကလေးများ အိစ်မှာ
သကဲ့သို့ ဖြစ်သွားလေသလား,သကဲ့သို့ ဖြစ်သွားလေသလား
ရမှ ပို၍ ဒေါသဖြစ်မိသည်။ ကိုဘခက်သည် သူ့ကို တမင်,ရမှ ပီ၍ ဒေါသဖြစ်မိသည်။ ကိုဘစက်သည် သူ့ကို တမင်
တောင်ယွန်းယွန်းက စာ,တောင်ယွန်းယွန်းက စာ
ပုဒ်မ,ပုပ်ခ
င့်,င့်
လဲခြင်းမှ ပင်လယ်ရေမျက်နှာပြင် အမြင့်,လဲခြင်းမှ ပင်လယ်ရေမျက်နားပြင် အမြင့်
ရွာအုပ်စုတွင် ကျား ၅၉၈၈ ဦး၊ မ ၅၆၅,ရွာဝုပ်စုတွင် ကျား ၅၉၈၈ ဦး၊ မ ၅၆၅
ဓိသမ္ဗောဇ္ဈင် မရှိလျှင်လည်း ငါ၏ သန္တာန်၌ သမာဓိသမ္ဗောဇ္ဈင် မရှိဟု သိ၏၊ မဖြစ်သေးသော သမာဓိသမ္ဗောဇ္ဈင်၏ ဖြစ်ကြောင်းကိုလည်း သိ၏၊ ဖြစ်ပြီးသော သမာဓိ,မိသမွှာရျှင် မရှိလျှင်လည်း ငါ၏ သန္တှန်၌ သမာစိသမွောရျွှင် မရှိဟု သိ၏။ မဖြစ်သေးသသော သမာမိသမွေားရွစင်၏ ဖြစ်ကြောင်းကိုလည်း သိ၏။ ဖြစ်ပြီးသော သမာစ်
နိုင်သည်။ ကမ်းရိုးတန်းနိုင်ငံများသည် ကမ်းလွန် ပင်လယ်ရေတိမ်ပိုင်းတွင် သယံဇာတပစ္စည်းများ ရှာဖွေ တူးဖော် ရန် အ,နိုင်သည်။ ကမ်းရိုးတန်းနိုင်ငံများသည် ကမ်းလွန် ပင်လယ်ရေတိမ်ပိုင်းတွင် သယံစာတပစ္စည်းများ ရှာဖွေ တူးဖော် ရန် အ
နိုင်,နိုင်
လွှတ်တော်မှ ဖွဲ့စည်းပေးထားသည်,လွတ်တော်မှ ဖွဲ့စည်းပေးထားသည်
သူတို့အားလုံး စာအုပ်ထဲသို့ ရောက်ရှိ,သူတို့အားလိုံး စာအုပ်ထံသို့ ရောက်ရှိ
ကုသ,ကုသ
ခင်ဖြစ်သူ,ခင်ဖြစ်သူ
ပြန်,ပြန်
ကျိုး ဖြစ်စေခြင်းငှါ မစွမ်းနိုင်ခြင်း၊ ရုပ်အကျိုးတရားကို ဖြစ်စေတတ်သော,ကျို၊ ဖြစေးမြစ်း၍၊ မျွယ်နိြ်းဖြ်း ရုယ်အကျိုထာရားကို ကြစ်စောတ်သော
ပါတယ်။ ဒါ,ပါတယ်။ ဝါ
ပင်,ပင်
ပြီ၊ ကောင်းပြီ။ ကျွန်,ပြီး ကောင်းပြီး၊ ကျွန်
င့် တွေ့ဆုံ၍ အ,င့် တွေ့ဆု၌ အ
စေ့စပ်ကြောင်းလမ်းထားလျှင် သော်လည်း ထားရလိမ့်မည်။ သို့ဖြစ်နိုင်ပါမည်လား။ မမြင့်ဦး၏ မိဘ ဆွေမျိုးတွေက သဘောတူပါမည်,မစရာပ်တကြောင်းလမ်းသားလျှင်း သော်လည်း ထာရေးလိန်မည်။ အို့ဖြ်ခိုင်ပါမည်လေား။ မပြင်ပီး၏ မိထာ တေမျုိးတစေကာ သဘောတူးပါမည်း
ခါ လျှပ်ပေါ်,ခါ လျှပ်ပေါ်
ခြေအနေကို လိုက်လို့ ပြောင်းလဲလုပ်ကိုင်ကြရတာ,ခြေအနေကို လိုက်လို့ ပြောင်းလဲလုပ်ကိုင်ကြရတာ
သော အင်္ဂါတို့နှင့် ညီညွတ်သူ ဖြစ်ရ၏။ ကျွန်တော် ရန်ကုန်,သော အင်ဂတို့နှင့် ညိညွတ်သူ ဖြစ်ရ၏။ ကျွန်တော် ရန်ကုန်
"နေ့မသင့်။""","နေ့မသင့်။"""
ခဲ,ခဲ
သွားလျက်ကပင်,သွားလျက်ကပင်
အင်ဂျင်,အင်ဂျင်
တွေကို တော်တော်ကျွမ်းကျင်,တွေကို တော်တော်ကျွမ်းကျင်
မာစကားပုံတစ်ခု ဖြစ်သည်,မာစကားပုံတစ်စု ဖြစ်ထည်
နောင်တဆိုတာ နောင်မှ ရတတ်သကိုး။ ရပ်ရေးရွာရေးကလည်း ဖြစ်ပြန်,နောင်တဆိုတာ နောင်မှ ရတတ်သကိုး။ ရပ်ရေးရွာရေးကလည်း ဖြစ်ပြန်
ခုတစ်,ခုတစ်
ဖြစ်တယ်လို့ပဲပြောပါမယ် နန်းကိန္နရီသည် ကားကို ပါ,ဖြစ်တယ်လိုပဲပြောပါမယ် နန်းက်နှုရိသည် ကားကို ပါ
ယတ္တိသာသနာ့ဗိမာန်ကြီးတို့၊ သကျသီဟ၊ အိမ်တော်ရာ၊ မဟာမုနိနဲ့ သာသနာ့တက္ကသိုလ်တို့ ရွှေနန်းတော်ကျောင်းတို့လို အ,ယတ္တိသာသနငဗိမာန်ကြီးတို့၊ သကျသိီဟ၊ အိမ်တော်ရာ၊ မဟာမုနိနဲ့ သာသနငတက္ကသို့လ်တို့ ရွှေနန်းတော်ကျောင်းတို့လို အ
ကြောင်း NTV ရုပ်သံက ထုတ်ပြန်ခဲ့သည်။ အောက်တိုဘာ ၂၃,ကြောင်း ()) () ရပ်သံက ထုတ်ပြန်ခဲသည်။ အောက်တို့တာ ၂၃
ဒါပေမယ့် ကျုပ်တို့က မလုပ်ပါဘူး။ ဟန်ဆန်းဂိုဏ်းချုပ် လုပ်လိုက်ရင် ခင်ဗျားနဲ့ အဆင့်တူသွားမှာပေါ့။ ဒီလောက် သိက္ခာကျမယ့် အလုပ်,ခါပေမယ့်ု ကျုပ်တို့က မလုပ်ပါတဘူး။ ဟန်ဆန်းဂိုအ်းမျုပ် လုပ်လိုက်ရင် စင်များနဲ့ အဆင့်တူ သွားမှာပေါ့။ ဒီလောက် သိက္ွာကျမယ့် အလုပ်
သေး,သေး
ကွဲ,ကွဲ
ထင်,ထင်
အ,အ
ဖြစ်၏။ ထိုအချိန်တွင် ကျုပ်၏ ခေါင်းထဲ၌ အလင်းရောင် ဖြာလက် သွားလေသည်။ ထို့နောက် ပိတ်သည်းနေသော အမှောက်တိုက်ကြီးသည်,ဖြစ်၏။ တိုအချိန်ကျွင် ကျုပ်၏၊ ခေါင်းထပြီ အလင်းရာင် ပြာလက် သွားလေသည်။ တို့နောက် စိတ်သည်းနေသော အမှာက်တိုရက်ကြီးသည်
ခါ,ခါ
ခန်းထဲမှ ဂျရတ်ကတ်ရှနာ ထွက်လာခဲ့လိုက်သည်။ မော,ခန်းထံမှ ဂျရတ်ကတ်ခဲနာ ထွက်လာခဲ့လိုက်သည်။ မော
ဟု ဆု,ဟု ဆု
ချုပ်ကြီး သူရ ဦးတင်,ချုပ်ကြီး သူရ ဦးတင်
သောအားဖြင့် ထိုလွမ်းချင်းတို့တွင် တောတောင်ရေမြေ,သောအားဖြင် တို့လွစ်းချပ်းတို့တွင် တောတောပ်ရေမြေ
ကိုတင်ဦးက မြိုင်၏နာ,ကိုတင်ဦးက မြိုင်၏နာ
မကြွားမိအောင် ဂရုစိုက်သော် လည်း စာအုပ်အကြောင်းနှင့် ပတ်သက်ပြီး စကားပြော ရလျှင် မျက်လုံးအရောင် မတောက်ဘဲ၊ အသံထက်မြက် မလာဘဲ မနေ,မကြွားမိအောင် ဂစုရိုက်သော် လည်း စာအုပ်အကြောင်းနှင့် ပတ်သက်ပြီး စကားပြော ရလျှင် မျက်လုံး အရောင် မတောက်ဘဲ။ အသံထက်မြက် မလာဘဲ မနေ
၁၂,၁၂
ပြု၍ ပထမသင်္ဂါယနာတင်,ပြု၍ ပထမသ်ဂါယနာတင်
ပြီး တိုက်ခိုက်ကာ,ပြီး တိုက်နိုက်ကာ
ရှိခြင်း ဖြစ်သည်။ ကန်၏ အပူ,ရှိုခြင်း ဖြစ်သည်။ ကန်၏ အပူ
သို့ဖြစ်၍ ဝါဖတ်ရင်း ယခုပြောသော မ,သို့ ဖြစ်၍ ငါဖတ်ရင်း ယခုပြောသော မ
လောက်ကောင်းတဲ့ဆေး မရှိဘူး မောင်လေးရဲ့ အမြောက်အမြားတို့ကိုလည်း ဗက်ဗီလုံးမြို့တော်သို့ ဖမ်းဆီး ဘယ်လို,လောက် ကောင်းတဲ့ ဆေး မရှိဘူး မောင်းလေးရဲ့ အမြောက်အမြားတို့ကိုလည်း တက်စီလုံးမြို့ တော်သို့ ပမ်း ဆီး ဘယ်လို
ခြင်း,ခြင်း
မွှေးနေသည်။ နေဦး,မွှးနေသည်။ နေဦး
၏။ မက္ကဆီကို ကို စပိန် ဖဲင်နီ သူ့ခန္ဓာကိုယ် အလှပျက်ယွင်းစပြုနေသည်,၏။ မက္ကဆီကို ကို စပိန် မင်နီ သူနွောကိုယ် အလှပျက်ယပွင်းပြူနေသည်
သဘောထားကို သပိတ်ကော်မတီကို အကြောင်းကြားချင်လို့ပါ။ ကိုရင်က သပိတ်ကော်မတီဝင်ဆို၊ လုပ်ခ,သဘောထားကို သပ်တ်ကော်မတီကို အကြောင်းကြားချင်လို့ပါ။ ကိုရင်က သပ်ိတ်ကော်မတီဝင်ဆို၊ လုပ်ခ
သားတစ်ယောက်အနေနဲ့ ပျော်ရွှင်ကြည်နူးနေတာကြည့်ပြီး တကောင်း ပီတိဖြစ်မိတယ်။,သားတစ်ယောက်အနေနဲ့ ပျာ်ရွင်ကြည်နှူးနေတာကြည့်ပြီး တကောင်း ပီတ်ီဖြစ်မိတယ်။
အပိုင်းတွေကို အခု,အပိုင်းတွေကို အခု
သင်္ဘော ၁ဝ စင်း၏ ဧရာ များကို ၁၈၇၁ ခု မတ်,သင်္ော ၁၀ စင်း၏ ရော များကို ၁၈၇၁ ခု မတ်
ဖြစ်,ဖြစ်
ခါ အောက်ခံ ဝတ်စုံနဲ့ တင်းတင်းစည်းထား,ခါ အောက်ခံ ဝတ်ခုံနဲ့ တင်းတင်းစည်းထား
မျက်နှာ,မျက်နှာ
မူလျှင် အရိပ်သည် ထိုအရိပ်ရှင်၏ နောက်သို့ အစဉ်,မူလျှင် အရိပ်သည် ထိုအရိပ်ရှင်၏ နောက်သို့ အစဉ်
ချင်း,ချင်း
မိခေလ၏,မိမေလ၏
ထူထပ်မှု,ထူထပ်မှ
သော အကြောင်းအရာများမှာ သာမန်လူတစ်ယောက်အနေဖြင့် လွယ်လွယ်နှင့် မသိရှိနိုင်သော သူမ၏ အတွင်းရေးများသာ ဖြစ်သည်။ တစ်ဦးတစ်ယောက်က သူမအား ချောင်းမြောင်း,သော .အကြောင်းအရာများမှာ သာမန်လှူတစ်ယောက်အနေဖြင့် လွယ်လွယ်နှင့် မသိရှိနိုင်သော သူ့မ၏ အတွင်းရေးများသာ ဖြစ်သည်။ တစ်ဦးတစ်ယောက်က သူ့မအား၊ ချောင်းမြောင်း
အလွန်,အလွန်
င,စ
ဆိုးမှာ အ,ဆိုးမှာ အ
သကြားနှင့် ဆန်ကို ပေါပေါ ဝယ်နေရသည့် အိမ်ရှင်မများက ဘုရားသိ,သကြားနှင့် ဆန်ကို ပေါပေါ့ ငယ်နေရသည့် အိမ်ရှင်မများက ဘုရားသီ
ရဲ့၊ မောင်အဝေး ကလာတာကို မြင်မြင်,ရံ၊ မောင်အဝေး ကလာတာကို မြင်မြင်
သည်။ ဤမျှလောက် အချိန်အတွင်း,သည်။ ဤီမျစမောက် အချိန်အတွစ်း
ကို တိတ်ဆိတ်စွာ စားနေလေသည်။ ချစ်ရေးချစ်ရာ ၁၉၉၉ ၂၀၀ ကျပ် သူက မဖြေဘဲ,ကို တိတ်ဆတိတ်စှာ စားနေလလေသည်။ ချစ်ရေးချစ်ရာ ၁၉၉၉ ၂၀၀ ကျပ် သူ့က မပြေဘဲံ
ခင်ဗျားမှာ ထိုးဆေး ဘယ်လောက်ရှိလို့လဲ ချို့ရွှင်ချောင်းသည် မည်သို့မျှ မရှောင်တိမ်းနိုင်တော့ ။ လက်ဝါး,ခင်ဗျားမှာ ထိုးဆေး ဘယ်လောက်ရှိလို့လဲ ချိုရင်ချောင်းသည် မည်သို့မု ပရှောင်တိမ်းနို်တော့ ။ လက်ဝါး
သူ,သူ
စခန်း၌ အမြောက်သံ တစ်ချက် ပေါ်လာသည်။,စခန်း၌ အမြောက်သံ တစ်ချက် ပပါ်လာသည်။
ပို,မို
ခ,မ
စွာ ကျင်းပတယ်လို့ဆိုပါတယ်။ စတုဒီသာအကျွေးအမွေးများနှင့် အလွန်စည်ကားသောဘုရားပွဲတော် ဟုလည်း စော်ဘွားတောင်ခြေ ရှမ်း,စွာ ကျင်းပတယ်လို့ဆိုပါတယ်။ စတုဒီသာအကျေးအမွေးများနှင့် အလွန်စည်ကားသောဘုရားပွဲတော် ဟုလည်း စော်ဘွားတောင်ခြေ ရှမ်း
ခုမြောက်အဆင့်တွင် ပါဝင်သည် တို,ရုပြောက်အဆင်တွင် ပါဝင်သည် တို့
တရှိန်ထိုးအောင်မြင်မှု နောက်ကွယ်မှာ အရေးပါတဲ့ တစ်ခုသော အင်အားတစ်ခုဟာ ပုန်းလျှိုးကွယ်,တရှိန်ထိုးအောင်မြစ်မှု နောက်ကွယ်မှာ အရေးပါတဲ့ တစ်ခုသော အင်အားတစ်ခုဟာ ပုန်းလျိုးကွယ်
ကာ ထောက်ကာဖြ,ကာ ထောက်ကာဖြ
ဖစ်ချင်ရင် အဲ,ဖစ်ချင်ရင် အဲ
တင်ရမှာပဲ ထိပ်ထား ရေဝမ်းဆွဲသည်ကြီး ဘော်ဒါနိုဗာက ခပ်သုတ်သုတ် ဆက်လျှောက်လာရင်း ပြောလိုက်သည်။ ထိပ်ထားလေး တို့လို အပျိုတော်များ ဒီလိုကိစ္စတွေ မသိ,တင်ရမှာပဲ ထိပ်ထား ရေဝမ်းခွဲသည်ကြီး တော်ဒါနိုဟာက စပ်သူတ်သူတ် ဆက်လျှောက်လာရင်း ပြောလိုက်သည်။ ထိပ်ထားလေး တို့လို အပို့တော်များ ဒီလိုကိစတွေ မသိ
ခြားလိုက်,ခြားလိုက်
ပန်း,ပန်း
များ,များ
နှစ်၊ ပြီ,နှစ်း ပြီ
လိုက်,လိုက်
ကြေးရေတတ်တွေရဲ့ အဆောင်အယောင်တွေပေါ့။ တော်တယ် ... အစ်ကိုကြီး တော်တယ် ... ထိုနောက် လက်နှိပ်,ကြေးရေတတ်တွေရဲ့ အဆောင်အယောင်တွေပေါ့။ တော်တယ်..အစ်ကိုကြီး တော်တယ်.. ထိုနောက် လက်နိပ်
ပေး,ပေး
င့်ဝန်,င့်ဝန်
စုပေါင်း ဒေါ်လာ,စုပေါင်း ဒေါလာ
ဆောင်,ဆောင်
ခွဲစိပ်,ခွဲစိပ်
ပြထားတာဖြစ်ပြီး လမ်းညွှန်ချက်,ပြထားတာဖြစ်ပြီး လမ်းညှန်ချက်
လေ,လေ
နေထိုင်,နေထိုင်
စင်ပေါ်မှ ကျလာလျှင်တော့ အရိုးတခြား အသားတခြားဖြစ်ရန်သာ ရှိတော့သည်။ {{Db-test-notice-NPF}} အဘိုးကြီးက မိန်းမကြီးနှစ်ယောက်ကို ခပ်ကြမ်းကြမ်း တွန်းပစ်လိုက်ပြီး သူတို့နှစ်ယောက်ကို,စစ်ပေါ်မြ ကျလာလျှင်တော့ အရိးတာပြား အသားတခြားပြစ်ရန်သာ ရှိတော့သည်။ (Ch aeahnotentnt) အတို့ကြီးက မိန်းမကြီးနှစ်ယောက်ကို ခပါကြမ်းကြမ်း တွန်းပစ်လိုက်ပြီ။ သူတို့နစယောက်ကို
ဒယ်များ,ဒယ်များ
"ပစ်လိုက်လို့ ကားကြီး ရပ်သွားပြီ"" စိန်ပွဲစား",ပစ်လိုက်လို့ ကားကြီး ရပ်သွားပြီ၊ စိန်ပွစား
မှ ထုတ်လုပ်သည့် Kung Fu Panda (ကွန်ဖူး ဝက်ဝံ) တွင် မျောက်ဆရာကြီးအဖြစ် အသံအပိုင်းမှ သရုပ်ဆောင်ခဲ့သည်။ ထိုဇာတ်ကားတွင် အခြား ထင်ရှားကျော်ကြားသော ရုပ်ရှင်သရုပ်ဆောင်များဖြစ်သည့် Jack Black (,မှ ထှတ်လှုပ်သည့် (ပn၇၉ (ပ (an6မ (က္ွန်ဖူး ဝက်ဝငံ၊ တွင် မျောက်ဆရာကြီးအဖြစ် အသံအပိုင်းမှု သရပ်ဆောင်ခဲ့သည်။ ထိုတာတ်ကားတွင် အပြား ထင်ရားကျော်ကြားသော ရပ်ရင်သရပ်ဆောင်များဖြစ်သည့် Mမoh ၆1မ၀။ )
ကြီးအ,ကြီးအ
တို့အိမ်နဲ့ ဖေဖေတို့ အဖေ အမေအိမ်က ကံသိပ်ကောင်း သွားခဲ့တယ်။ ကျွန်မတို့,တို့အိမ်နဲ့ ဖေဖေတို့ အဖေ အမေအိမ်က က်ံသိပ်ကောင်း သွားခဲ့ တယ်။ ကျွန်မတို့
ဗြိတိသျှတို့,ဗြိတိသျှတို့
မှလာ၍ ဦးအောင်မြခိုင်အကြောင်း လာမေးနေခြင်း သည် ၄င်းအသတ်ခံရသောကိစ္စနှင့် ပတ်သက်၍,မှလာ၍ ဦးအောင်ပြခိုင်အကြောင်း လာမေး နေခြင်း၊ သည် ၎င်းအသတ်ခဲရထောက်ိစ္နှင့် ပတ်သက်၍
လဲ,လံ
င့် ထမင်းချက် လင် မယား,င့် ထမင်းချက် လင် မယား
သွေး,သေး
တူ ပေပိုယူသည်။ မခင်သန်းက သဘောကျပြီး ဆရာ သံပရာ,တူ ပေပိုယူုသည်။ မခင်သန်းက သဘောကျပြီး ဆရာ သံပရာ
ဆက်သွယ်နိုင်ခဲ့လေသည်။ မော့သည် ပန်းချီပညာသင်ကြားရန် အမေရိကန် အစိုးရက စေလွှတ်ပြီးလျှင် ပညာတတ်မြောက်လာသည့်အခါ အထက်တန်းကျ,ဆက်သွယ်နိုင်ခဲ့လေသည်။ မော့သည် ပန်းချီပညာသင်ကြားရန် အမေရို့ကန် အရိုးရက စေလွတ်ပြီးလျှင် ပညာတတ်မြောက်လာသည့်အခါ အထက်တန်းကျး
ပီကင်းဂိ'ခွေးမျိုးနှင့်တကွ ငှက်ပစ်ထွက်ရာတွင် လိုက်လေ့ ထိုင်လေ မိန်းကလေး ဒီဇယ်အင်ဂျင်အ,ပီကင်းစီ နွေးမျိုးနှင့်တက္ွ ငှက်ပစ်တွက်ရာတွင် လိုက်လေ့ ထိုင်လေ မိန်းကလေး ဒီစယ်အင်ဂျင်အ
ပါဘူး။ ကျောင်းထိုင်ဆရာတော်အဖြစ်ဖြင့် ဦးစိန္တာသည် စာပေပရိယတ္တိကို သင်ကြား,ပါဘူး။ ကျောင်းထိုင်ဆရာတော်အဖြစ်ဖြင့် ဦးရိနတှာသည် စာပေပရိယတ္တိကို သင်ကြား
ရှိသော SAC ကို,ရှိသော ငံ။ပဲ ကို
ဆုံ,ဆု
ကောင်းဆန်းဂေဟာကြီးမှာ အနားယူပြီး ညစာ စားကြရအောင် လှေမျော လှေနှင့်လိုက်၊ ငွေမျော ငွေနှင့်လိုက် ဆိုသည်မှာ စီးပွားရေးလုပ်ငန်းများတွင် အရှုံး,ကောင်းဆန်းကေဟာကြီးမှာ အနားပူပြီး ညစာ စားကြရအောင် လေမျော လှေးနှင့်လိုက်၊ တွေ့မျေား စွေနှင်လိုက် ဆိုသည်မှာ စီးပွားရေးလုပ်ဝန်းများတွင် အရုံး
ကို အဖေမပေါ်တဲ့အဖြစ်,ကို အဖေမပေါ်တဲ့အဖြစ်
မဟာပထဝီမြေကြီး။ ရှားစောင်းပြသာဒ်ပင်များ၊ ရောင်စုံအိမ်ပုံကလေးများ၊ လက်စလက်န သိပ်မ,မဟာပထစီခြေကြီး။ ရှားစောင်းပြသာဒ်ပင်များ၊ ရောင်ရုံးအိမ်ပုံကလေးများ၊ လက်စလက်န သိပ်မ
နား,နား
၊ ဘုန်းကြီး .... ကျွန်တော် သဘောလဲ ခင်ဗျား သိရောပေါ့၊ အခု ကျွန်တော် လုပ်တာက,၊ ဘုန်းကြီး  ကျွန်တော် သဘောလဲ ခင်ဗျား သိရောပေါ့၊ အခု ကျွန်တော် လုပ်တာက
။ ၂၀၁,။ ၂၀၁
လူသားဖွံ့ဖြိုးမှု ညွှန်းကိန်း (ထိုင်း)ကိုအသုံးပြု၍လူ့ဖွံ့ဖြိုးတိုးတက်မှုဆိုင်ရာတိုး,လူသားြွဲ့ပြီးမှု လွန်းကိန်း (ထိုင်း()ကိုအသုး။(ပြူ၍လူန္ှိမြီုးတိုးတက်မှူဆိုင်ရာတိုး
တော့ အမောဆို့ပြီးသေတာ အတိုင်ဘက်က အကောင်ကြီး တစ်ကောင်ထဲရယ် ခင်ဗျ စစ္စတာဒေါ်,တော့ အမောဆို့ ပြးသေတာ အတိုင်ဘက်က အကောင်ကြီး တစ်ကောင်ထဲရယ် ခင်လျ စ္စတာဒေါ်
၍,၍
မှန်,မှန်
နေလို့ပါ ဗိုလ်ကြီး,နေလို့ဝ နိုတ်ကြီး
ဝံကြယ် မြေမှာ ခကြွေတဲ့ ခေတ် မဟုတ်ဘူး။ ပွမ်ပွမ်မြည်တဲ့,ငံကြယ် မြေမှာ ခကြွေတ့ ခေတ် မဟုတ်ဘူး။ ပမ်ပွစ်မြည်တဲ့
ချက်ပြ,ချက်ပြ
ရတာပေါ့ဆရာ မ,ရတာပေါ့ဆရာ မ
နွေးဓာတ်,နွေးစာတ်
အချိန်,အချိန်
တူတူရယ် ဘယ်တော့မှ,တူတူရယ် ဘယ်တော့ှမှ
လုံးပြူးသေနတ်ကို ခါးပါတ်,လုံးပြူုသေနတ်ကို ခါးပါတ်
၌ တည်ရှိသည်။ ရွာနေရာကုတ်မှာ ၂၁၃၁၆၃ ဖြစ်သည်။ ၂၀၁၄ သန်းခေါင်စာ,၌ တည်ရှိသည်။ ရွာနေရာကုတ်မှာ ၂၁၃၁၆၃ ဖြစ်သည်။ ၂၀၁၄ သန်းခေါင်စာ
ဝသော အရိပ်အမြွက်များ,ဝသော အရိပ်အမြေက်များ
ပါးကိုသော်လည်းကောင်း ဉာဏ်ဖြင့် အစဉ်,ပါးကိုသော်လည်းကောင်း ဉာတ်ဖြင့် အစဉ်
ယား ရောဂါစွဲကပ်သူ ဦးရေသည် နှစ်ဆ,ယား ရောဂ်စွဲ့ကပ်သူ ဦးရေသည် နှစ်ဆ
မြင်းစ,မြင်းစ
၀ ဦး၊ လူ,၀ ဦး၊ လူ
တစ်ယောက်လောက်သာ အောက်,တစ်ယယာက်လောက်သာ အောက်
မသိဘူး သူက နုံး,မသိဘူး သူက နံး
ဆိုင်ရာပြဿ,ဆိုင်ရာပြသ
ကျယ် သွားကြသည်။ဒေါက်တာ အယ်လ,ကျယ် သွားကြသည်။ ဒေါက် တာ အယ်လေ
၏။ ထိုအခါ မိုးရေခံသင်္ကန်းသည် ဆွေးမြေ့သည့်အခါ အဝတ်မဆီးဘဲ ကိုယ်ကို မိုးစွတ်,၏။ ထိုအခါ မိုးရေခံသက်ိန်းသည် ဆွေးမြေသည့်အခါ အဝတ်မဆီးဘဲ ကိုယ်ကို မုး ခွတ်
ရ ရှီးလန်ဒမ်း,ရ ရှီးလန်ခမ်း
လူ့စွမ်း,လူစွမ်း
ရေဖျန်း၍ ခရစ်ယာန်သာသနာသို့ မသွင်းခင် သေဆုံးသောကလေးများမှာလည်း ခရစ်ယာန် သေခြင်းမှ ပြန်၍ အသက်,ရေးျုန်း၍ ရရစ်ယာန်သာသနာသို့ မသွင်းခင် သေဆုံးသောကလေးများမှာလည်း ရရစ်ယာန် သေခြင်းမှ ပြန်၍ အသက်
လိုက်,လိုက်
ကိုဒေါင်းစိန်,ကိုခေါင်းရိန်
ယူ,ယူ
ပုံမှန် လက်ချာ သင်ခန်းစာများ,ပုံမှန် လက်ချာ သင်ခန်းစာများ
လုံး လျော့ကာသွား၏။ ချိုသဲကြည် ဧကကို ငေးနေမိသည်။ အို ခင်ခင်လေးရယ်၊ သရဲများ ချောက်သလားကွယ်။ ခင်ခင်လေး ဘာဖြစ်,လုံး လေျာ့ကာသွား၏။ ချိုသယ်ကြည် ကောကို ဝေးနေမိသည်။ အို ခင်ခင်လေးရယ်၊ သရဲံများ ချောက်သလားကွယ်။ ခင်ခင်လေး ဘာဖြစ်
မှာ ၁၈၃၀၆၈ ဖြစ်သည်။ ၂၀၁၄ သန်းခေါင်စာရင်းအရ ဂုံမင်းကွင်းကျေးရွာအုပ်စုတွင် ကျား ၉၁၂ ဦး၊ မ ၁၀၈,မှာ ၁၈၃ဝ၆်၈ ဖြစ်သည်။ ၂၀၁၄ သန်းခေါင်စာရင်းအရ စုံမင်းကျွင်းကျေးရှာအုပ်စုတွင် ကျား (၁၂ ဦး၊ မ ၁၀၈
အသံနှင့် ပြောရာတွင် အေး... ငါကလည်း ငါ့ကို တိုင်ပင်လို့ပြောသာပါ,အသံိနှင့် ပြောရာတွင် အေး. ငါကလည်း ငါ့ကို တိုင်ပင်လို့ပြောသာပါ
သည်,သည်
ဆိုချက် တွေမှာ ကျွန်တော် မမှတ်မိတော့ဘူး ဆိုတဲ့ ဇ အသက်ရှူကျပ်လိုက်တာ အေ ၊ ငါ့သမီးလေး သနားပါတယ် အပဒါ,ဆိုချက် တွေမှာ ကျွန်တော် မမှတ်မိတော့ဘူး။ ဆိုတဲ့ စ အသက်ရုူကျုပ်လိုက်တာ အေ ၊ ငါ့သမီးလေး သနားပါတယ်၊ အပဒါ
ကို သိသော,ကို သိသော
ဖြတ်,ဖြတ်
မာသောကျောက်စာအထောက်အထားများမတွေ့ရှိရသေးပါ။) သာသနာ,မာသောကျောက်စာအထောက်အထားများမတွေရှိရသေးပါ။) သာသနာ
င့် ရောနေသော ရေဖြစ်လျှင် ဓမကရိုဏ် (ရေစစ်) ဖြင့် စစ်ပြီးမှ သောက်ရ၏။ သူ့အား ပြန်လည် မဖြေကြားခင် ဒေါ်ဥမ္မာသည် တံတွေးကို တစ်ချက် မျိုချလိုက်သည်။,င့် ရောနေသော ရေဖြစ်လျှင် မေကရှိက် (ရေစစ်) ဖြင့် စစ်ပြီးမှ သောက်ရ၏။ သူအား ပြန်လည် မခြေကြားခင်း ဒေါ်ဥမျာသည် တံတွေးကို တစ်ချက် မိုမျုလိုက်သည်။
ပြီး ဂတ်စတာပိုအ,ပြီး ဂတ်စတာပိုအ
သားများ၏,သားများ၏
၀(ခ) အရ နေအိမ်တွင် တားဆီးမိန့်ထုတ်ပြန်,စပ်ပဲ့ အရ နေးအစိစ်တွင် တားဆီ်းမ်နို့ထူတ်ပြန်
ရမည်,ရမည်
ပေါ်မှာ ငါ,ပေါ်မှာ ငါ
တနိုင်ငံ တည်ထောင်,တနိုင်ငံ တည်ထောင်
အသင်း,အယင်း
စွမ်းတွေကို စက်ပစ္စည်းကိရိယာတွေက မြှ,စွမ်းတွေကို စက်ပစ္စည်းကိရိယာတွေက မြု
ရှိ။ ဟူ၍လည်းကောင်း၊ ဂိုဏ်းချုပ်ကြီးရဲ့ အကွက် သုံးကွက်ကတော့ တကယ်ကောင်းတာပဲ၊ ဒီကောင် ဒီအကွက် တွေကိုတော့ လိုက်ကစားနိုင်မှာ,ရှိီ၊ ဟူ၍လည်းကောင်း၊ ရိုက်းချှုပ်ကြီးရဲ အက္ွက် သုံးက္ခက်ကတော့ တကယ်ကောင်းတာပဲ၊ ဒီကောင် ဒီအကွက် တွေကိုတော့ လိုက်ကစားနိုင်မှာ
တစ်သက်သက်စွဲလာခဲ့,တစ်သက်သက်စွဲလာခဲ
ကျောက်ဆည်မြို့နယ်၊ ပန်းခွာကျေးရွာအုပ်စု၌ တည်ရှိသည်။ ရွာနေရာကုတ်မှာ ၁၉၀၄၄၉ ဖြစ်သည်။ ၂၀၁၄ သန်းခေါင်စာရင်းအရ,ကျောက်စာည်မြိုနယ်၊ မန်းနွာအကျေးရွာအုပ်စု၌ တည်ရှိသည်။ ရွာနေရာကျုတ်မှာ ၁၉၈၅၉၉ ဖြစ်သည်။ ၂၀၁ခ သန်းခေါစ်စာရင်းအရ
"ဖြစ်သည်။ ""အခမ်းအနားမှာတုန်းက လူတွေက","ဖြစ်သည်။ "" အစမ်းအနားမှာတုန်းက လူတွေက"
ကြာမီပင် ညိုမှိုင်း၏ ပီသပြတ်သားသောအသံ ပေါ်လာ၏။ ၃,ကြာမီပင် ဉိမှိုငး၏ ပီသပြတ်သားသောအသံ ပေါ်လာ၏။ ၃
တွေ,တွေ
၊ဟူံ အစရှိသော စကားလုံးများမှာ တန်ခိုးစွမ်းအား ကိန်းအောင်းနေသော စာလုံးများ ဖြစ်ပြီး မန္တရားများတွင် ထည့်သွင်းအသုံးပြုကြသည်။ မဏိ ဟူသည်မှာ ပတ္တမြားကို ဆို,၊ဟုံ အရရှိသော စကားလုံးများမှာ တန်မိုးစွစမ်းအား ကိန်းအောင်းနေသော စာလုံးများ ဖြစ်ပြီး မနှရားများတွင် ထည့်သွင်းအသုံးပြုကြသည်။ မဏ် ဟူသည်မှာ ပတ္ကခြားကို ဆို
ပြန်လည်ကြီးပွားလာခြင်းကို မရှုဆိတ်ကြချေ။ ကားသေ့တို့၏ ရန်ကိုလည်း ကြောက်ရွံ့ လျက်ပင် ရှိကြသေးသည်။,ပြန်လည်ကြီးပွားလားခြင်းကို မရှဆိတ်ကြချေ။ ကားသေ့တို့၏၊ ရန်ကိုလည်း ကြောက်ရှဲ့ လျက်ပင် ရှိုကြသေးသည်။
ရှိသည်ဖြင့် အသုံးပြု,ရှိသည်ဖြင့် အသုံးပြု
ကို လက်ခံတဲ့စိတ်ဖြစ်တယ်။ အာရုံကို လမ်းဖွင့်ပေးတဲ့စိတ်နဲ့ အာရုံကို လက်ခံတဲ့စိတ် ဒီစိတ်နှစ်ခုကြားမှာ မြင်သိစိတ် ကြားသိစိတ် နံ,ကို ထက်စံတဲ့စတ်ပြစ်တယ်။ ၁ာဝရုံကို ထမ်းမွင့်ပေးတဲ့စတ်နဲ့  အာရုံကို ထက်စံတဲ့စိတ် ဒီခိတ်နှစ်စုကြားမှာ မြင်သိစိတ် ကြားသိစိတ် နံ
တယ်,တယ်
ပြုနိုင်။ လက်သစ်,ပြုနုင်။ လက်သစ်
နေကြရ,နေကြရ
နှင့် ဒေါ်အောင်ဆန်းစုကြည်တို့,နှင့် ဒေါ်အောင်ဆန်းစုကြည်တို့
တိထားနော် ကိုင်းကျိုးကျမယ် အခြွေအရံကလဲ ဒါလောက်ပဲ နည်း,တီထားနနှာ် ကိုင်းကို့းကျမယ် အခြုွဲအခံကလဲ ငပါလောက်ပဲ နည်း
ကြားနေရင်းပင် ကြုံ ရင်းကြုံသလို ပြင်ပ စာပေလောကရှိ ဝတ္ထုများ၊ မဂ္ဂ,ကြားနေရင်းပင် ကြံ ရင်းကြုံသလို ပြစ်ပ စာပေလောကရှိ ဝ္တု္ျား မ၇
။ အခန်းလေး နှစ်ခန်းက တော့ သ,။ အခန်းလေး နှစ်ခန်းက တော့ သ
သို့မတင်ပဲ ကုလားဖြူရပ် ကွက်ရှိ ကုန်လှောင်ရုံ၌သာ ထားသည်။ သင်းတို့ ခဲယမ်းလက်နက်သင်္ဘောကို ယခင်က ရန်ကုန်ဆိပ်ကမ်း,သိုမတင်ပဲ ကျလားပြရှုပ် ကွက်ရှီု ကျန်လှောင်ရိ၌ှသာ ထားသည်။ သင်းတို့ ခံယမ်းလက်နက်သငဘ်ဘာကို့ ယခင်က ရန်ကုန်ဆိပ်တမ်း
ဗွီက ထုတ်လွှင့်တဲ့ ဓာတ်လှိုင်း တစ်ခုဟာ တစ်စက္ကန့်ကို,၌ီက ထုတ်လွှင့်တဲ့ စာတ်တိုင်း တစ်နုဟာ တစ်စက္ကန့်ကို
အသစ်သစ်ဖြစ်သော အချစ်လွှာ မှာတမ်းတော်,အသစ်သစ်ဖြစ်သော အချစ်လွှာ မှာတမ်းစတာ်
လွင့်,လွင့်
"floor,",Me.
လေးမ,လေးမ
၊ သွေး,၊ လွေး
။ အပြစ်,။ အပြစ်
ဖြစ်,ဖြစ်
ကြ,ကြ
သီး၏ မျက်မှောက်ဘ၀ အတွေ့အကြုံများကို,သီး၏ါ မျက်မှာက်တာဟ အတွ္ေအကြုပျှားကို
အုပ်စု,အုပ်စု
လွှတ်တော်မှ ဖွဲ့စည်းပေးထားသည်,TPhPmhy (2kheucauag
ကျယ်,ကျယ်
။ ၁၉၆၈-,။ ၁၉၆၈-
၏,၏
လာ,လာ
တော့,တော့
ဗျ။ ကျွန်တော်တို့ တပ်တွင်းဆိုင် က ပစ္စည်းသိပ်စုံတာ,မျ။ ကျွန်တော်တို့ တင်တွင်းဆိုင် က ပစွည်းအသိပ်ခုံတာ
ပင်,ပင်
နေကြရ,ဂနပြရ
အိတ်ဆိုရင်လည်း စုတ်,ဂီဏါဗိုရ်လည်း စုတ်
။ ၂၀၁,။ ၂၀၁
သခင်က ဝေါယာဉ်ပေါ်သို့ တက်ရန်ပြင်လိုက်၏။ ကျမ်းပြုကြသူများ,. ဲ.၁ ပေါယဉ်ပေး.ဒ၌ တာက်ရန်ပင်လိုကံ၏။ ကဂ်းဂပုပ်သ မ ၈n-
ထုတ်ဝေ,ထုတ်ဝေ
ရား,ရား
မင်းတပ်မှာ ကနောင်မင်းသား၏ ငယ်နာ,ပင်းဟင်မြာ ကနောင်မင်းသား။ အဏ်၅-
ကို သိသော,ကို သိသော
င့်,င့်
ည့် သူတောင်းစားတွေ ပြန်ပေါ်လာကြသည်။ သူငယ်ကလေးများသည် နှင်းပန်းစိမ်းစိမ်းများကို ရောင်း,Tီ Th Ghrhmrmah: aermagatagy aeuaasaa .au.
တော်ဝန် ကော့ခ်,တော်ဝန် ကောဂ်း
စိတ်ဒဏ်ရာတွေရဲ့ ကြိုးကိုင်,ဒါဟဲဝက်္ကရာဝဘေရဲ ပြဦးကိပ်
ပျိုး ရူပဗေဒဖြင့် တိကျစွာ တွက်ချက်မရတော့သော ကိစ္စရပ်များကို နှိုင်း,ပျို့ှ (ဥ(လေးပြ့် တိကျူးမျာ တူက်မျက်ရပောတုသော ကိ္စုရပ်မျးကိ ိုင်း
ခြေအနေကို လိုက်လို့ ပြောင်းလဲလုပ်ကိုင်ကြရတာ,ဂဏးနကို လိုက်လို့ ပြောင်းလဲလုပ်ကိုင်ကြရတာ
ဘုတ်လေး,ဘုတ်လေး
ဝန်,ငန်
သည်။,သည်။
အား,အား
ဖြစ်,ဖြစ်
ပင်ကို,ပင်ကို
သေတ္တာကို မရဲတ,သေတ္တာကို မခိဘဲ
နှင့်ငါ စင်စစ် ပေါင်းဖော်ခြင်းဖြစ်တန်ရာ၏ ။ လက်ကလေးနှစ်ဖက်ကို ဖြန့်ကာ ဝန်းဝိုင်း,TC.Thrtdamnhem T ataeuyag ၃2.2.
မြင်းစ,မြင်းစ
ကြောင့်ငါ့သမီးဝမ်းမှာလာမှီးသာပေါ့။ဖွားရက်ကလဆုတ်ဖွားရက်ထဲကျတော့ဆယ့်,"au.CaaaarnrhmrdrtThT..""း"
ဆုံ,ဆုံ
လုံး လျော့ကာသွား၏။ ချိုသဲကြည် ဧကကို ငေးနေမိသည်။ အို ခင်ခင်လေးရယ်၊ သရဲများ ချောက်သလားကွယ်။ ခင်ခင်လေး ဘာဖြစ်,".aern.T7m.""."
သည်။ ဂျာနယ်လစ်များက,သည်။ ဂျာနယ်လစ်းမွား
မှ အီရတ်တွင် ဆဒမ်အားဖယ်ရှားရန် အီရတ်ကို ၂၀၀၃၌ တိုက်ခိုက်ခဲ့သည်။ ယင်းတိုက်ခိုက်မှုတွင် အမေရိကန်သမ္မတ ဂျော့ဘုရှ်၊ ဗြိတိသျှဝန်ကြီးချုပ်,"၂.. a.a eatetaedT.TntTrmrThT.T..""၆.က"
တွင်,တွင်
ပန်း,ပန်း
သွေး,သသွေး
က ရှည်ကော့ပြီး မျက်ဝန်း,တ ရည်စကာ့ပြီး မျက်ဂစ်း၊
ရေး၊ အိမ်များရှိမိလ္လာစနစ်,ရမေ၊ အိုစ်ျားျှိမိ္မာနေစ်
လိုက်,လိုက်
လုံးပြူးသေနတ်ကို ခါးပါတ်,လုံမြု့သောရတ်ကို ၏(၆၆း
ထောင်စု၏ အခြားထင်ရှားသော တက္ကသိုလ်များမှာ ယေးတက္ကသိုလ်(၁၇ဝ၁ ခုနှစ်)၊ ပရင့်စတန်တက္ကသိုလ် (၁၇၄၆ ခုနှစ်)၊ ဝါရှင်တန်၌လည်း တက္ကသိုလ်(၁၇၄၉)၊,ထောင်ခု၏ အခြားထင်ရှားသော တက္ကသိုလီများမှာ ယေးတက္ကသိုလိ(၁၇၀၁ ခုနှစ်)။ ပရင့်စတန်တက္ကသိုလီ (၁၇၄၆ မုနှစ်)။ ဝါရှင်တန်၌လည့်။ တဂ္စသို့လီ(၁၇၄၉)၊
ရက်လောက်လည်းရရော,Tnhneာကလည့ီးမေ့
တွေ,မဏ္ဌ
"ခဲ့လို့လဲ၊ ဘာဖြစ်လို့ ဒီလိုဖြစ်ရတာလဲ။ ဘာဖြစ်လို့လဲInjangyangMMR001003022HkanDaukYangခန်ဒေါက်ယန် ""မအေဘေး ခုကျတော့ စတိုင်တယ်","."" 2၆T. TmhTmrmrnrmrtau:.actu..."
ခြေအနေပေါ်၌လည်း တည်၏။ ဇေ,Pn၈၈၈ါ နိမည်း တည်၏။ ေ
ထွန်း - ငါတော့ ဒီလိုဟိုးလေးတစ်,"ထွန်း "" ငါတော့ ဒီလိုဟိုးလေးတစ်"
ခရိုင်,စရိုင်
အပိုင်းတွေကို အခု,အပိုင်းတွေကို အရ
၁၂,၁၂
ကောင်း,ကောင်း
ပါတယ်။ ဒါ,ပါတယ်။ ဒါ
သက်ရှစ်ဆယ်လောက်ရှိတဲ့ ဘကြီးမိုးတောင် တောင်ပေါ်မှာ ရှိနေတာပဲ ချောင်းမမွေတော်စေတီတော် ဘုန်းကြီးက ဒကာမကြီးကို ဘာတောင်းဖို့ အကြံပေးခဲ့လဲ။ ဟို အဲ ဒေသကို,.T T.
ဒါပေမဲ့,ဒါပေမဲ့
သည့် ခွေးအများကို ထပ်မံပစ်ခတ်ပြန်၏။ ကျည်ဆံတိုင်းပင် ခွေးအများကို ထိမှန်လေရာ နောက်ဆုံးတွင် ရှင်းလင်းသွားလေသည်။ 'ဪ,. .T.TmhT mr .aေ.
မြို့နယ်၊,မြို့နယ်၊
ဆောင်,ဆောင်
ဆိုင်ရာပြဿ,ဆိုပ်ရာပြသ
ကျော် လေးမျက်နှာဂူ ဘုရား ရက်နေ့တွင် နိုင်ဂျီးရီးယားနိုင်ငံ ကက်,TTT.TemTme mrnmn arhase ခဲ. ဲ. au.
ဝံကြယ် မြေမှာ ခကြွေတဲ့ ခေတ် မဟုတ်ဘူး။ ပွမ်ပွမ်မြည်တဲ့,မကြွယ် ပြမှာ စကြေဘဲ စေတ် မဟုက်အး။ မါ(ုါပ်ဋယဦီးဂီ
ပန်ကောင်,ပန်ကောင်
မျိုး,မျိုး
ပုဒ်မ,ခုပစ်ခ
ထောက်အ,သောက်အ
ကားဘေးက,ကားလားက
တူတူရယ် ဘယ်တော့မှ,တူထူရယ် ဘယ်တော့မှ
ဒယ်များ,ဖယ်မှာ၊
ခုရှိရိုခရိုင်၊ ခုရှိရိုတိုင်း၊ ခု,ရုရှိရိုခရိုင်၊ ခရှီရိတိုင်း၊ ခု
မဆန်သော အခြေအနေများရှိသည်။ ဤအသွင်အပြင်သည် ဝင်ငွေ,T- Pmာ. Pn0nnစမားရိသည်။ ၅၆အသှင်အပြစ်းသည် ဝစ်မွေ
ရောက်,ရောက်
၍ ခုတင်ဘက်ကိုမခေါ်၊ ဆိုဖာရှိရာ,ဒီ (အာဂ္ဘဏက်ံကိုမစေ) ဆုမရှဲ့၃
၀၅ ဖြစ်သည်,၁ ဖြစ်သည်
သစ်လေ,သစ်စေ
ပိုက်ပြီး သမီး .... သမီးက,နူခရ္ှ၊ အေ. Tmn
မွှေးနေသည်။ နေဦး,မနှောနေသည်။ နေဦး
ဝမ်းလျှောခြင်း ဟုခေါ်သည်။ ကို ကျော်ဖြတ်လာခဲ့၍,Trhaei .ornhtau aysag၉
ဖြစ်တယ်လို့ပဲပြောပါမယ် နန်းကိန္နရီသည် ကားကို ပါ,"၅aoa ဆုံသပ၁သပမယ ရ်က(စီ္ဂးယ် -.""ဂ ဂ"
မူ,မူ
ထိုင်းအဆင့်ကိုမိခင်ဘာသာစကား (သို့) ဇာတိနီးပါးအဆင့်တွင်ကျွမ်းကျင်ကြသည်။ သူတို့,aala:.matea mr.Tmr:T2-.ဩး
နတ်က,နတ်က
ည့်,ည့်
"က မင်းနဲ့ ပူးပေါင်းပေးမယ် "" ဆေပီယန်စ် -၂၄ တစ်နေ့တွင် ကိုဓာတ်သားက အင်း ဆရာတော်ဘုရားများကိုတော့ ဖူးမျှော်ပြီးပါပြီ၊ မင်းတို့ သဘင်ဂီတအဖွဲ့မှာကော ဘယ်သူတွေပါ",. . .
၏။ ထိုအခါ မိုးရေခံသင်္ကန်းသည် ဆွေးမြေ့သည့်အခါ အဝတ်မဆီးဘဲ ကိုယ်ကို မိုးစွတ်,T TmnT Gmrnohnon)၆ကn၄) အေုးလပလယှိအပါ တ်ပအေဟ တုံ .ရု ခု (အ၁
ရပြီး တညင် ကျောက်,ရပြီး တညင် ကျောက်
မည်,မည်
များ,များ
သိမ်းကာ မှော်ဘီ စိုက်ပျိုးရေးစခန်းကို ဌာနချုပ်ဖွင့်၍ သူတို့အား ခုခံရခြင်းပင် ဖြစ်သည်,"au. a နeနှဲ့aln eautna andn.2ဒ.:."" ဂဂအဩီ"
ခဲ့သော,ခဲ့သော
သည် ဇုနတ်မင်းကြီးနှင့် တူသော်လည်း ပို၍ ဣန္ဒြေကြီးပြီး,သည် စုနတ်မင်းကြီးနှင့် တူသော်လည်း ပို၍ လု ခနု့်ကြီးပြီး
ဧရာ,ရော
ကြားနေရင်းပင် ကြုံ ရင်းကြုံသလို ပြင်ပ စာပေလောကရှိ ဝတ္ထုများ၊ မဂ္ဂ,ကြားနေရင်းပင် ကြို ရင်းကြုသလို ပြင်ပ စာပေလောကရှိ ဝတ္ကုများ၊ မ၉္
ရွရွနှုတ်ခမ်းဖြင့် သူ့ခေါင်းကို,နနှနေအဆံဖစ်းပြင် အားက်၆-ီ
ကြည်မှုတစ်ခု,ပြဉ်မှုတစ်ခု
ဖတ်ကြည့်လိုက်၏။ သူထိုနာမည်ကို ဖတ်နေမှန်းလည်း ထိုလူ,အမတ္ာှးခွံအဲ မူုရဲ့ာလ်းက.mrd်hmtလ.T.-
တော့်,တော့
န့်,န့်
ကို တစ်နေ့လုံး လိုက်ပြီး,ကို တစ်နေ့လုံး လိုက်ပြီး
ခုတစ်,ခုတစ်
ရန်သူ့တပ်မှူးတစ်ဦး၏,ရန်သွှတပ်မျူးတစ်ဦး၏
ပြု၍ ပထမသင်္ဂါယနာတင်,ပြု၍ (-။သင်ယနာတင်
လီနိုင်ငံသို့လည်း ပျံနှံ့,လိနိုင်ီို့လည်။ ပျိန်
ရိုးမီးများ ဝါးမျိုလို့ မြတောင် ရွှေကျောင်းတော်ကြီးတို့လိုအဆောက်အဦးကြီးတွေ ကြည့်စရာမရှိတော့တဲ့အချိန်မှာ ရှားပါးနေပြီဖြစ်တဲ့ မဟာမုနိအရှေ့မုခ်ကျွန်းသားပြာသာဒ်,""". . . . ."
ရာကုတ်မှာ ၁၆,နာကုဏ်မှာ အငံ
စာ,စ
ကျောက်တုံးကို,ကျောက်တုံးကို
မလာသေး,မလာသေး
တယ်,တယ်
ကြေးရေတတ်တွေရဲ့ အဆောင်အယောင်တွေပေါ့။ တော်တယ် ... အစ်ကိုကြီး တော်တယ် ... ထိုနောက် လက်နှိပ်,ကြေ်းရေတတ်တွေရဲ့ အဆောင်အယောင်တွေပေါ့။ တေတ်တယ်. အစ်ကိုကြီး တော်တယ်.. တိုနောက် လက်ိနိပ်
boththe,Motthe
သည်။ အုန်းဆီထုတ်သည်။ နာနတ်ပင်များကို အကြီးအကျယ် ဦးလေး ဦးလေးနဲ့ မခေါ်ပါနဲ့ဟ။ ငါ အဲဒီလောက်,T.TT TmTTmT mrat ..
၈) ကြင်နာသူနှစ်ဦး ဆုံနိုင်ရင် (၁၉၉၇) ဟား ကောင်းပါတယ်။ အများကြီးကို ကောင်း,.P.T.Trh.an mrausa aga..
ဖေဖျားရဲ့။ အံ,ဖေများရဲံ။ အံ
ပီကင်းဂိ'ခွေးမျိုးနှင့်တကွ ငှက်ပစ်ထွက်ရာတွင် လိုက်လေ့ ထိုင်လေ မိန်းကလေး ဒီဇယ်အင်ဂျင်အ,ပီကင်းငီ ခွေးမျိုးနှင့်တက္ခ ငက်ပစ်ထွက်ရာတွင် လိုက်လေ့ ထိုင်လေ မိန်းကလေး ဒီစယ်အင်ဂျင်အ
လူသားဖွံ့ဖြိုးမှု ညွှန်းကိန်း (ထိုင်း)ကိုအသုံးပြု၍လူ့ဖွံ့ဖြိုးတိုးတက်မှုဆိုင်ရာတိုး,-၁-)ခဲပ်(ဲခဲ မ ကိ်း ကို်ပဟကီးအသုံးပြပရလူမုံဖြီးတိုးတာကမှုဝ်မှဟုံး
လွယ်,လွယ်
နိုင်သည်။ ကမ်းရိုးတန်းနိုင်ငံများသည် ကမ်းလွန် ပင်လယ်ရေတိမ်ပိုင်းတွင် သယံဇာတပစ္စည်းများ ရှာဖွေ တူးဖော် ရန် အ,T၆ဂလီ:.Thmfh(T၆rmr၁rnt2ထ: mrhme mrhman ခe ဆ) သလယပသေသာသှယည်ံနှမ gag ya g အ
ခုမြောက်အဆင့်တွင် ပါဝင်သည် တို,နှမပြောက်အဆင်တွ် ဒါးဂက်ကထ် -ဂီ
ကား အောက်မြို့ကျေးရွာသို့သွားတော့မည်။ ယခုအခါ,ကား အောက်မြို့ကျေးရွာလို့သွားတတာ့မည်။ ယခုအခါ
ဘာလုပ်,ဘာလုပ်
ဒုက္ခနှင့်ရင်ဆိုင်တွေ့ကြုံနေရရှာသော အေမီက သူသည် ကူးနားပဲလေ့,T.T2Thnrtarnenat see. .
ယှဉ်တွဲလျက် ရှိသည်။ စနစ်တကျစီစဉ်ပေါင်းစုထားသည့် အခြေခံဥပဒေ,၂aaaa au.atahtariTmrT.T.T..
ထွက်,တွက်
ညီ၊ လမ်းတော်ဖိုးတုတ် သည် တပည့်များအား,ည်း လမ်းတော်မိးတှတ် သည် တပည့်များအား
သို့ ပြန်ရောက်သော် ရိုမန်တစ် ဟာသ Finding Mr. Destiny ၌ ပွဲဦးထွက်လာရာ ကိုရီးယား၌ ရုံပေါ်မှမဆင်းသော ကား ဖြစ်ခဲ့သည်။ နတ်ဆိုတာ မဂဓဘာသာမှ နာထသဒ္ဒါကို အ,"""T၆T.Tr.TdrT.T.Tmt .Tmn l atnamrmret Teeag auihatau. a. auga as."
၌ တည်ရှိသည်။ ရွာနေရာကုတ်မှာ ၂၁၃၁၆၃ ဖြစ်သည်။ ၂၀၁၄ သန်းခေါင်စာ,နွ အမှခဲ့အဆွဲ၊ ၉၀့လေလုဆိမ .၀၀ါစ ၂၀၆အဏသိ်။ .၁mnp -m၆mf၆n
နေလို့ပါ ဗိုလ်ကြီး,နေလျုဲါ ုက်ကြီး
ထွင် ဖော်ထုတ်လာသည်။ အဆီးရီးယားနိုင်ငံ၏ လက်အောက်,T ThThrtTheh: mhhauaua.ass
ပြန်ဆုတ်သွားခဲ့,ပြန်အုတ်သွားခဲ့
ယူ,ယူ
ဝ,၀
ကား,ကး
ပင် ပြင်ဆင်,ပင် ပြစ်ဆင်
ရေးလှ,ရေးလှ
မှာ ဒဏ်ရာပြင်းထန်သည် မှန်သော်လည်း ခေါင်းမထောင် နိုင်လောက်အောင်တော့ မဟုတ်သေးချေ။ ဦးခေါင်းမှာ ကြည်ကြည်လင်လင်ပင် ရှိနေ၏။ အခြေအနေအရပ်ရပ်ကို,.ae.aherca.a.amacrသaramrmranmtTmrhmr:.TTrTTTး
နောက်ဆုံးတွင် ကြယ်ပုနက် (black dwarf) အဖြစ် မှေးမှိန်သွားမည်ဖြစ်သည်။ နေနှင့် အနီးဆုံးကြယ်မှာ ပရိုဆီ,TTဘTဘThrhrh.Thmn Tm TdTmahaeagpsaug. pa အaaga.e
။ ဆန်ကုန်သည်အဖြစ် အိမ်က ထွက်သွားရာက မယားတစ်ယောက်နဲ့ မူးစေ့အပေါက်ပဲ ပြန်ပါလာတဲ့ လူငယ်လေး။ သူ့အဖေက စောက်သုံးမကျရတဲ့အထဲ နောက်ထပ်,. 2.a2ga a..aagpr.T.Cauaa eadhni Cံacon ornTmrn arnrnr TmrThnmrnmrTmrT.Tး
ရပ်ဝတ် အရပ်စားနှင့်။ ဒါက ဘာသဘော,TPGmT -he၆hmaှe်း: er araaသ
တော့မယ်။ ခင်ဗျားကို လာ,တော့မယ်။ စ်ဗျားကို ဏ
တိ,တိ
ပြီ၊ ကောင်းပြီ။ ကျွန်,ပီး -ဏာင်းပြီ၊ ကျွနံ
ဖြစ် MMR009012022 Yae Hpyu ရေဖြူ ဟု ပြောပြီး ရုံးခန်းထဲခေါ်သွားသည်။ ရာသီဥတုရှိ၍ရေမဝပ်ဘဲ ထုံးကျောက်မြေဆံသည့် ဒေသမျိုး၌ ပိုမိုဖြစ်ထွန်းသည်။ မိုးပါးရေရှားသ,မ: oeaeatpaeu . a. g gagt eatgag: eageahehnmrnTm TmrarnhThmrnhအ TmnTGe PrhTd. TT
မကြွားမိအောင် ဂရုစိုက်သော် လည်း စာအုပ်အကြောင်းနှင့် ပတ်သက်ပြီး စကားပြော ရလျှင် မျက်လုံးအရောင် မတောက်ဘဲ၊ အသံထက်မြက် မလာဘဲ မနေ,လှ.a.aat aguiaguautygakhye adante) mre mraer TorhTntiTmrnmhT.TmTT.Tဩ0င2T: T...T
စခန်း၌ အမြောက်သံ တစ်ချက် ပေါ်လာသည်။,စေခုလွး တမပြောက်သ တာစ်မျက် ၏၈ာဏည့်း
ဓားသိုင်းက တော်တော်ကောင်းတယ်၊ ထင်ပေါကို အဲဒီနည်းနဲ့တိုက်ရင် မရှုံးနိုင်ဘူး၊ အတွင်း,စားသိုင်းက တော်တော်ကောင်းတယ်၊ ထင်ပေါကို ဘဲပီနည်းမှံ့တိုက်ရင်းမရှံးနိုင်ဘူ၊ အတွင်း
ပေး,ပေး
နောက်သို့,နောက်သို့
မျက်နှာဖုံးကို မေ့ဆေး,မျက်မှာခုံကို မေစေား
၊ မ ၁,၊ မ ၁
တို့,တို့
ရှိသော SAC ကို,ရုံ့ော ၁းင ဂီ
ရတနာပြဇာတ်ကို စီစဉ်တင်ဆက်ခဲ့၍ မြတ်မွန်ရတနာ ပြဇာတ်စာအုပ်ကို စာပေဗိမာန်မှ ဖြန့်ချိထုတ်ဝေခဲ့,ဆတနှာလ္ှနောတာကု လေ့တငသာကမေ့ uaာnaူaံmernan uordmhm.ThThTrtGhorTht ဝ၆ဂ္ကrက်Oကဂ
ခြားလိုက်,ခြားလိုက်
ပန်း,ဖန်း
ပဒေ,ပစေ
ကြ,ကြ
ရာကုတ်,ရာကတ်
အခင်ကို လိုသမျှဖွင့်,အစ်ကို လိုလသမ္ှမူခဲ့
ချင်း,ချင်း
ရီ စိတ်ကို ဖတ်ကြည့်ပြီး မင်း ဒီလိုလုပ်တာကို သိသွားရင်.. မည်သို့ပင်ဖြစ်စေမြေ,ဂဏ္လီ ဂသိယိပ်: T Tmarmdhmrn အလလမ. g၃တ္g၃၁g
လှယ်အဖွဲ့ လန်ဒန်,လှယ်အဖွဲ့ လန်ခန်
၁,၁
ပေ,ပေ
၂၁၁၅၀,၂၁၁၅၀
စီး,ရီး
အ,အ
။ နန်းတော်ရှေ့ ဆရာတင် သားကလေးများနည်းတူ ကျွဲကျောင်းခိုင်း၏။ မော်ဂလီမှာ,.Cocgma ateaernaha mr:T.T
လာလမ်ပူသည် ဆီလန်ဂေါ ပြည်နယ်ထဲမှာ ရှိ၍ ထိုပြည်နယ်ကို အုပ်ချုပ်သော မလေးဘုရင်က ကွာလာလမ်ပူ,Cာဃamaraaa eernnTmrmrmrT..
ကျင်းအား နတ်မိမယ်တမျှ ထင်မှတ်ပြီး မြတ်နိုးခဲ့သည်။ သူမ အလှရိပ်တွင် ယစ်မူး,.T.TmtThdrtl aဲhtau ua . a..
မင်းမြတ်,မင်းမြတ်
ကလေးများ အိမ်မှာ,Teutyo:.TPoh
အဖြစ်နှင့်,အဖြစ်နှ်
ထားသီ,ထားသီ
။,။
င့် အကြိမ်ကြိမ် တားမြစ်ကြသော်လည်း မိမိ အဆွေခင်ပွန်းကို စွန့်ပယ်ခြင်း မရှိလေ၏။ ဦးမြသန်းက ငြိမ်,TPhmrhTmrhmrharmne T maeaeaetaေaasgu a gosoag:
တရှိန်ထိုးအောင်မြင်မှု နောက်ကွယ်မှာ အရေးပါတဲ့ တစ်ခုသော အင်အားတစ်ခုဟာ ပုန်းလျှိုးကွယ်,မှဲ့ဆှုးောလြာသွဲ့ နောကူ်မှာ အလgu၏hက eာhegာn က်ကာn:.က၀-. ဥယ၆.ဒီး မဏ်း
ဝ,ဝ
ကတံ ကရဏီ,ကတံ ကရဂီ
ခန်းထဲမှ ဂျရတ်ကတ်ရှနာ ထွက်လာခဲ့လိုက်သည်။ မော,မနံးဟဲမှ ဂူရတ်ကတ်စုရာ ထွက်လာရံလုက်အယ်။ --
ဒီမိုကရက်တစ် သမ္မတနိုင်ငံ နှင့် မြောက်ရိုဒီးဇီးယားနိုင်ငံ (ဇမ်ဗီယာနိုင်ငံ),T၆ThThTmrh a Tahmaeamau.agu.
ချက်ပြ,ချက်ဖြ
ဟေ . . . ဟုတ်လား ငလျင်လှုပ်ခြင်းများ၏ အကျိုးဆက်များ/သက်ရောက်မှု,"ဟေ . ဟ တ်လား ငလျှင်လှပ်ခြင်းများ၏ အကျိုးဆက်များ)""သက်စရောက်မှု"
တာတွေကပါ အယ် လ်ခီဘီအာ့ဒိစ်,တာတွေကပါ အယ် လ်ဆီဘီအာ့ဒိစ်
တို့ တည်းခိုကြသည့် ဟိုတယ် များနှင့် အ,အို စတည်း နုကြသည့် ဟိုတယ် များနှစ့ အ
သီးများ တပ်၍ ထားသော,သီးများ တပ်၍ ထားသော
တိထားနော် ကိုင်းကျိုးကျမယ် အခြွေအရံကလဲ ဒါလောက်ပဲ နည်း,တိထားနော် ကိုင်းကျိုးကျမယ် အခြွေ့အရံကလဲ ဒါလောက်ပဲ နည်း
"usingthe(required!)INSEEcodeandasubtemplate.Thefields""region""and""department""arenolongerused.ဝေါလစ်နှင့်ဖူကျူးနား 90 days စေတော်မူ",.. .T.TmrTmrmrt...2.
လက်,လက်
Wardအမှတ် (၁၄) ရပ်ကွက် အခုဆို ကစ်ကစ်,eaasa oa) ekhnpr Tmtm.-ဏ၆
ပုံမှန် လက်ချာ သင်ခန်းစာများ,ပုံမှန် လက်ချာ သင်ခန်းစာများ
DaweiEducationDegreeCollege;,"၆anmeငaueartoroegeaooahee,."
အလွန်,အလွန်
ဆေးလိပ်,ဆေးလိပ်
ဆုံး ဖြစ်၏။ ဤအခြေ,ဆုံး ဖြစ်၏။ ဤးြ
ရင်မ အားပြန်၍ လက်,"""၆ီ။ ၁ာပြစ်၍ လလံ"
၊ meropenem,"၊ Peoapeoren,"
သည် ကချင်ပြည်နယ်၊ ပူ,ဋံ ကမုငံပဲိရ၏၊ (
သည်။ ၁၉၅,သည်။ ၁၉၅
ရှိဘူးထင်ပါတယ်..,ရှိဘူးထင်ပါတယ်..
လဲ သီတာ၊ အင်း . . .အေးမြတဲ့ သီတာပဲ ဖြစ်ရမှာပေါ့ ဟင့်အင်း၊ မဟုတ်သေးဘူး အစ်ကိုရယ်။ ဒါပေမဲ့ ဆက်ပြောလေ၊ ဆက်ပြောပါ။ ဆွန်ညာ နားလည်နိုင်မှာပါ။ အား,.T:.T:.Tm mean atas..
ညီ,ညီ
တစ်သက်သက်စွဲလာခဲ့,တစ်သက်သက်ခွံးလခဲ့
သည်,သည်
သို့မတင်ပဲ ကုလားဖြူရပ် ကွက်ရှိ ကုန်လှောင်ရုံ၌သာ ထားသည်။ သင်းတို့ ခဲယမ်းလက်နက်သင်္ဘောကို ယခင်က ရန်ကုန်ဆိပ်ကမ်း,ac.Crmeg.a agta ate -o.m TmrTmrTrhmrdT.T.
ကျဉ်းကျဉ်းလေးပါ၊ မေးဖန်များစကား,Paီးnyagံးmroaodk auaမနံ မှားမaေ.း
ထို့နောက် အမျိုးသမီးကို နှုတ်မဆက်,အနဲ့နေလ အမခိ လဆီးကု erhmnT
ချက်,ချက်
ဒစာစောင် ရေးသားပြီးနောက် တနှစ်အကြာတွင် ရေးသား,.aoap au.agtiaer: mahTmhan at T.
မှု ကူးစက်ရော,၃ ကူးစက်စော
ကြီးအ,ကြီးအ
ကျင်းပခဲ့ပြီး န.ဝ.တ အစိုးရမှ ကျပ်သိန်း ၆၃,အ၉ူ ပမနရိုး စ တ အရိီအရ -ကန္ဂလီန်: T(
ရမှ ပို၍ ဒေါသဖြစ်မိသည်။ ကိုဘခက်သည် သူ့ကို တမင်,နှ agaeka) ကံr်. TT.11
အသင်း,အသင်း
"အင် သုံးစွဲနိုင်အားမှာ ၅၅,၅",အင် သုံးနွဲနိုင်အားမှာ၅၅၅
နှင့် ဒေါ်အောင်ဆန်းစုကြည်တို့,၂a ui.အn၀င ဆနးအစေအဲယ်းဂီး
အကောင် နာမည်က ဘယ်သူကွ ကြိုင်သည် ပြုံး၍ ကျွန်တော့်ကို စိုက်ကြည့်သည်။,.TPmT:Thetdhl auaesagggg
စွာ ကျင်းပတယ်လို့ဆိုပါတယ်။ စတုဒီသာအကျွေးအမွေးများနှင့် အလွန်စည်ကားသောဘုရားပွဲတော် ဟုလည်း စော်ဘွားတောင်ခြေ ရှမ်း,။. a. anacrT7ront.
စွမ်းတွေကို စက်ပစ္စည်းကိရိယာတွေက မြှ,ဂ၆း၈ကူကို စက်ပစ္ည်းကီရံယာတကွေက ပြု
တည်,တည်
နိုင်ချေ။ တနင်္ဂ,နိုပ်ချေ။ တနင်
ခရိုင်၊ ဖားကန့်မြို့နယ်၊,ခရိုင်း အာကန့မြိုနယ်၊
ကျေးသီးမြို့နယ်၊ ဝမ်စပ်ကျေး,တကျူသံ(yဲ့ert TPr၆
။ လူဦးရေသိပ်သည်းဆသည် တစ်စတုရန်းကီလိုမီတာလျှင် ၁၄၃ ဦး ရှိသည်။ စုစုပေါင်း,. . T.CT Tmanteas. .
ဖြေသည်။,ခြေသည်။
သော အကြောင်းအရာများမှာ သာမန်လူတစ်ယောက်အနေဖြင့် လွယ်လွယ်နှင့် မသိရှိနိုင်သော သူမ၏ အတွင်းရေးများသာ ဖြစ်သည်။ တစ်ဦးတစ်ယောက်က သူမအား ချောင်းမြောင်း,..T.Tmr.TmhTmemrm. am a..
သော အင်္ဂါတို့နှင့် ညီညွတ်သူ ဖြစ်ရ၏။ ကျွန်တော် ရန်ကုန်,စသော အေါ်ီအု့နှစ် ှီစုတ်လူ ၁၀၁၏။ ကွဂ်ကဏ၏ ဂ၆ကဂ
အသံနှင့် ပြောရာတွင် အေး... ငါကလည်း ငါ့ကို တိုင်ပင်လို့ပြောသာပါ,အသံနှင့် ပြောရာတွင် အေး. ငါကလည်း ငဲ့ကို တိုင်ပင်လို့ပြောသာပါ
ကောင်းဆန်းဂေဟာကြီးမှာ အနားယူပြီး ညစာ စားကြရအောင် လှေမျော လှေနှင့်လိုက်၊ ငွေမျော ငွေနှင့်လိုက် ဆိုသည်မှာ စီးပွားရေးလုပ်ငန်းများတွင် အရှုံး,TTmrThmrTheor.TrTdh ur TmrherhTmaona -men ga gaet eagှေ၊ aွောအpagng သူ့း
"ဖောမီး (Anseriformes)"" အတွင်း ပါဝင်",ဖောမီး (hnaenthone၁)) အတွင်း ပါဝင်
ခွဲစိပ်,ခဲ့စိပ်
ကျယ် သွားကြသည်။ဒေါက်တာ အယ်လ,ကျယ် သွားကြသည်။ေါက်တာ အးပီး
လာသည် ဆိုတဲ့ ဇာတ်လမ်းကို ပြောမှာပါ,-အည် အီဏ အာဏပခါးကို မြိမှပေးး
အင်ဂျင်,အင်ဂျင်
ပါတယ်,ပါတယ်
ဘိ,ဘိ
ပိုက်,ပိုက်
ဖြစ်,ဖြစ်
င့်,င့်
၃၅၃ ဖြစ်သည်။ ၂၀၁၄ သန်းခေါင်စာရင်းအရ တောင်နီကျေးရွာအုပ်စုတွင် ကျား ၁၁၀,.. T2Tro.a.T .ThTmt: ma aetsukuag au a2a.
ပြထားတာဖြစ်ပြီး လမ်းညွှန်ချက်,ပ်းား(-mာn၆egး လခါလယှန်မှုခံ
အချိန်,အချိန်
သက်ချမ်းသာရာ ရခဲ့ဖူးပါတယ်။,သက်ရမ်းထာရာ ရခဲ့ခူးပါတယ်။
အမျိုးသမီးဘက်သို့ ခေါင်းညွှတ်,အမျိုးသမီးဘက်သို့ ခေါင်းဉဌွတ်
ဘူးသော ဖခင်၏,ဘူးသော ဝခင်၏
သို့ တက်,သို့ တက်
ဏလေး ငြိမ်,တလေး ဗြိစ်
ဒါပေမယ့် ကျုပ်တို့က မလုပ်ပါဘူး။ ဟန်ဆန်းဂိုဏ်းချုပ် လုပ်လိုက်ရင် ခင်ဗျားနဲ့ အဆင့်တူသွားမှာပေါ့။ ဒီလောက် သိက္ခာကျမယ့် အလုပ်,ခါပေမယ့ ကျုပ်တို့က မလုပ်ပါဘူး။ ဟန်ဆန်အိုဝ်းချုပ် လုပ်လိုက်ရင် စ်လျားနဲ့ အဆင့်တူသွားမှာပေါ့။ ဒီလောက် ထိက္ွာကျမယ့် အလုပ်
အ,အ
ဘ,ဘ
မိုင်,မိုင်
ရှိသည့် ရှင်း,ရှိသည့်ရှင်း
၇၉-,၇၉-
လား..,လား..
ပိုး,စိုး
။,။
မျက်နှာ,ရွက်မှာ
ရာသည်,ရာသည်
ဓိသမ္ဗောဇ္ဈင် မရှိလျှင်လည်း ငါ၏ သန္တာန်၌ သမာဓိသမ္ဗောဇ္ဈင် မရှိဟု သိ၏၊ မဖြစ်သေးသော သမာဓိသမ္ဗောဇ္ဈင်၏ ဖြစ်ကြောင်းကိုလည်း သိ၏၊ ဖြစ်ပြီးသော သမာဓိ,".a. ၁၉၂ag a agag agpg ခဲ့ au ahsaprer mrhcardT: dhe်r:Tအreီ.T: ၆hTdh Tr.-""း"
တိုင်းပဲ ကြည့်,ဂို်းဲ ကြည့်
နေ့လယ်,နေ့လယ်
တတ်လို့,တတ်လို့
ငံတော်,ဗတော်
ဦးဖြစ်လိမ့်မယ်ထင်တယ်။ ဝေဝေတို့,မီး ပီးလိမီးယီထင်တယ်။ လေပေဆု့
မဟာပထဝီမြေကြီး။ ရှားစောင်းပြသာဒ်ပင်များ၊ ရောင်စုံအိမ်ပုံကလေးများ၊ လက်စလက်န သိပ်မ,မဟာပထပီမြေကြီး။ ရှားစောင်းပြသာပ်ပင်များ၊ ရောင်ခုံအိမ်ပုံကလေးများ။၊ လက်စလက်န သိပ်မ
ရွက်ပင်,ရွက်ပင်
အချိန်တွေမှာ ငြိမ်းချမ်းသာယာတာကို ခံစားရတဲ့အချိန်တွေမှာ တစ်ခြား,T:TP TmhThmrn asapsag...
အများဆုံးဆေးကို အသက် ၂,အများဆုံးဆေားကို အသက် ၂
၊ ငါက အခု ဒုန်ဝန်းမြို့စား ဖြစ်နေပြီမို့လား၊ ဆယ်မြူ ဆယ်မြူအသာလေး၊ ဟားဟားဟား ကဲလာလာ,. TM ThmhGhen: Tmhmaer္rnt meuagaugarea arucua.2.
ရတာပေါ့ဆရာ မ,ရတာပေါ့ဆရာ မ
နိုင်,နိုင်
ပြုအောင် ဆွဲဆောင်ခဲ့သည်ဟု ထင်၏။,၆်(nTmT ameာn၄aလ၉ဲ ှ aa..
ဆောက်အအုံကို ခေါင်းမော့ကြည့်ကာ ချီးကျူးပြောဆိုနေသည်။ ဟာ ပ,TmrTmn Thmrntဆသgံကm လgagaaag. သ..
ရွာအုပ်စုတွင် ကျား,နွာအုပ်စုံတွင် ကျား
ယမကာကို စောင့်နေကြတယ်။ စားပွဲထိုးမလေးက တော့ အသက်ရှစ်ဆယ့်လေးနှစ်ပဲ ရှိသေးတဲ့ လှ,ယမကာကို စောင့်နေကြတယ်။ စားပွထိုးမလေးက တော့ အသက်ရှစ်ဆယ့်လေးနှစ်ပဲ ရှိသေးတဲ့ လှ
နေအထိ အဖြစ်အပျက်များ,နေအတ် အဖြစ်အပျက်များ
အယ်လ်ဂျီးရီးယန်း,အယ်လ်ဂျီးရီးယန်း
ခါ အောက်ခံ ဝတ်စုံနဲ့ တင်းတင်းစည်းထား,အmael eအ ခဲ့ mhmrhmrင်m
သာယာကုန်း - ပဲခူးခရိုင်၊ ကျောက်တံခါးမြို့နယ်၊ ကြာအင်းကုန်းကျေးရွာအုပ်စု၊ ပီကုတ်(220102)ChampionofKandawgyiDota,.map.. a agui apagဲ့lauh: 2ahinmaharptmerde Tmrn TmanhnmtThmrt:ThTrThrTthT
သည် သည်,သည် သည်
မှ,မှ
ဝသော အရိပ်အမြွက်များ,Thnာ အရိုင်အမြဂံမှာမ
တယ်။ သူဇာလွင် ခေါင်းခါလိုက်တယ်။ သူ ခေါင်းခါပြနေတာကို မင်းခန့်ထူး မြင်ပါစေ။ မလာ,အယ) သ္နအဖွေစဲ ေါင်းမေးဆိုကတယ်။မ သူ ခေါင်းအါပစစေတာကျ PNnန်ခ: ၆TtTTmnh
င့် ရောနေသော ရေဖြစ်လျှင် ဓမကရိုဏ် (ရေစစ်) ဖြင့် စစ်ပြီးမှ သောက်ရ၏။ သူ့အား ပြန်လည် မဖြေကြားခင် ဒေါ်ဥမ္မာသည် တံတွေးကို တစ်ချက် မျိုချလိုက်သည်။,.. .a.a a au.an er ansTmnT TmnT..
မှာ ပိုမာကြောရ,မှာ မိုမာကြေား
ဆိုးမှာ အ,လိုးမှာ အ
အတွင်း မြန်မာပြည်အနှံမှ,-က၈။ စ်မာပြည်နေ့နှ
မှန်,မှန်
စ,စ
တစ်လုံးနှင့် ထိုင်နေ၏။ ဦးလေးသည်,ဆမ်လုံနင့် ထိုင်နေ၏။ ဦး--ဆီ
နွေးဓာတ်,နန္ေးစဏ်္
ဟု ဆု,ဟု ဆု
ရှိသည်ဖြင့် အသုံးပြု,နှိံသည်ဖြင့ အသုးပြု
လား အဲ့ဒါဟာ ကျွန်တော့်,လား အံ့ဝါဟာ ကျွန်တတာ်
သင်္ဘော ၁ဝ စင်း၏ ဧရာ များကို ၁၈၇၁ ခု မတ်,TTT.TTe etg agl .a
လောက်ဖြစ်သည်။ သို့ရာတွင် အလွန်ကြီးမားသော နှုတ်ခမ်း,""". .ဘဝ္oဏတထ်a -mntTma: mgနoမလသာ နှ့တာပေး"
ချုပ်ကြီး သူရ ဦးတင်,မျူ့ကြီး သူ၈ ဦး၆ဂ
။https://www.anonymoustunisie.com/WebsiteofAnonymousTNဘယ်သူမှ တိတိ,..ar..
ယား ရောဂါစွဲကပ်သူ ဦးရေသည် နှစ်ဆ,Cor. apာnနကပ်လှ နီးmာmnလီ TT
ချယ်ခဲ့သည်။ ကိန်းကဏန်းများဖြစ်,၉aaလည္် eanrhlhaအn််
အချင်း,အမျင်း
ဖြစ်,ဖြစ်
ဘရက်က ဆက်ပြောသည်။ ဒီနေ့ကစပြီး,Tayd.၁. ဆက်)မပေးသသီ။(၈၈က-ပီ၊
နားလည်ကာ ပြီးပြီးပျောက်ပျောက် သဘော,း-n)ည်က- ပိမြီးပျေားက်ပျောက် သ အေဒ
ကာ အခြား,ကာ အခြား
အ,အ
ဖြ,ဖြ
ညံစွာ အော်ဟစ်သြဘာ ပေးကြလေတော့၏။ ဟန်ဆန်းတောင် ရောက် ကတည်းက တစ်ကိုယ်တည်း ပျင်းရိနေခဲ့သော လ,၏ိ..T.၆.TPmrnThTmr: am သ.သယ...ယ.
ကိုတင်ဦးက မြိုင်၏နာ,-ိုတစ်ဦးက ပြိုင်၏နှာ
မေရိကားက မက်ဆာချူးဆက် စက်မှုသိပ္ပံကို ဆက်တက်,TThTmrt.Tm TrThmnagt ao: မလtနှ အဲ) ရ .a.
လို့မှ မဆုံးမီ သိန်း,ရျို့မှ မရုံးမီ သိန်း
သာမဟုတ်၊ အသီးနှင့် အရွက်ရရန်အတွက်ပါ စိုက်ပျိုးကြသည်။ အသီးကို,.T.T. Thm menhpeaeုtလl နe ခွ့၃ . g. နု
၀ ဦး၊ လူ,၀ ဦး၊ လူ
မှာ ၁၈၃၀၆၈ ဖြစ်သည်။ ၂၀၁၄ သန်းခေါင်စာရင်းအရ ဂုံမင်းကွင်းကျေးရွာအုပ်စုတွင် ကျား ၉၁၂ ဦး၊ မ ၁၀၈,C.oa g a.amasae mrmrnmrnrmr.TmtaTth..
ဂန္ဒီကို ဘာမှပြန်မပြော,ဂန္ကို ဘာမှပြန်မပြော
သဘင်သို့ ဆောင်ယူ တော်မူသွားပါလျှင် အောင်မြင်,TTrhThrmrhay oryaoag အန္ည၃
ဗွီက ထုတ်လွှင့်တဲ့ ဓာတ်လှိုင်း တစ်ခုဟာ တစ်စက္ကန့်ကို,၍ွက ထုတ်လွှင့်တဲ့ စာတ်လိုင်း တစ်ရဟာ တစ်စက္ကှ့်ကို
နှစ်၊ ပြီ,နှစ်၊ ပြီ
နဲ့,နဲ့
သည် တိုက်ကွင်းထဲ ဝင်ရောက်၍ ပါ,အတည် ကိုက်ကွင်းထဲ စင်ရောက်၍ ပါ
။,။
ကုတ်မှာ ၂၁၉၈၆၂ ဖြစ်သည်။ ၂၀၁၄ သန်းခေါင်စာရင်းအရ မိုင်းဟွမ်ကျေးရွာအုပ်စုတွင် ကျား ၁၈၂၀ ဦး၊ မ ၁၇၅၇ ဦး၊ လူဦးရေ စုစုပေါင်း,""". . .m. m ate."
စ,စ
သည်။ အတွေ့လေးရယ်မှ အိုအကြုံ (၁၉၉,စ. အageteakh Tmh: Tnd
ပြီးနောက် ကားပြန်၍ ထွက်သွားသောအခါ ကားပေါ်၌ ပါးစပ်တွင် အဝတ်များ စည်းနှောင်ထား,""". . . . .mTm. လ ."
ရိုင်၊ တွန်းဇံ,ရိုင်၊ လွန်းစံ
ထွက်လာသည့် ခိုးဝင်,တွက်လာသည် မိုးဝစ်
တယ်။ တဲ,ဘယ်။ ထဲ
မလား အောက်မေ့,ပလား ဝအာက်ပေ့
ဏခဏ မေးသည်။ ကျောင်းဆင်းသောအခါ ကျော်စွာတို့သည် ပူနှိပ်တို့အိမ် ဘက်သို့ သွားရလေသည်။ ကယားလူမျိုးစုဒီမိုကရေစီပါတီ နှင့် လူမျိုးပေါင်းစုံဒီမိုကရေစီ,.am.m Tmrn:..
သန်း,သန်း
ဆိုချက် တွေမှာ ကျွန်တော် မမှတ်မိတော့ဘူး ဆိုတဲ့ ဇ အသက်ရှူကျပ်လိုက်တာ အေ ၊ ငါ့သမီးလေး သနားပါတယ် အပဒါ,ဆိုချက် တွေမှာ ကျွန်တော် မမှတ်မိတော့ဘူး ဆိုတဲ့ စ အသက်ရှကျုပ်လိုက်တာ အေ ၊ ငါ့သမီးလေး သနားပါတယ် အပဒါ
ပြီး တိုက်ခိုက်ကာ,၆ီ၊ လို်မိုက်ကာ
ပုံ ရ၏။ ထို,ပုံ ရ၏။ ထို
မောင်,မောင်
ဝတ်,ဝတ်
ဆီး,ဆီး
သူ့မိန်းမဆီကို ပေးလိုက်တဲ့အလုပ်ပါ၊ ကျွန်မ ပို့ပေးရမှာပေါ့ ရင်သွေးငယ်အာဟာရ သန္တေသားမှစ အင်ဒို,"""T၆. TrhmrnT ah: anaral aegusa..ag2.2."
ထည့်သွင်းကာ၊ ခြေ-လက်ပြုလျက် အထပ်အထပ်ဖွင့်ဆိုထားသဖြင့် ကျယ်ဝန်းသော အ,ceramagsa arhrTmrdf.TT..
မှ ထုတ်လုပ်သည့် Kung Fu Panda (ကွန်ဖူး ဝက်ဝံ) တွင် မျောက်ဆရာကြီးအဖြစ် အသံအပိုင်းမှ သရုပ်ဆောင်ခဲ့သည်။ ထိုဇာတ်ကားတွင် အခြား ထင်ရှားကျော်ကြားသော ရုပ်ရှင်သရုပ်ဆောင်များဖြစ်သည့် Jack Black (,. . . . . . .
ပြည့်နှစ်,ပြည့်နှစ်
၊ ရော့... ဦး,၊ -၇၁.. ဦး
ပီး နောက်တစ်ခုကတော့ ကိုးရိုးကားရားမဖြစ်အောင် အာရုံမ,T:T၁Trhmrhamerp ၇ heotyှ.aga 2g.
"မဏိပဲတဲ့"" တက်စသည် တညနေလုံး ကြီးမားသည့် မြေပုံချပ်ကြီးကို ကြည့်နေပြီးနောက် မိတ်ဆွေအမတ်တယောက်နှင့် သွား၍ ည",. .T..T atats usas.
မြေစေးတွင် အညစ်အ,၇၆n။-ကွင် တညှစ်ဆ
ထောက်ထိုင်ချ လိုက်,အာက်လိုင်မ ကုံခဲံ
အောက်,အောက်
ပေါ်မှာ ငါ,ပေါ်မှာ ဝါ
တစ်ယောက်လောက်သာ အောက်,aeuueraeeeက်ယာ အောက်
စင်ပေါ်မှ ကျလာလျှင်တော့ အရိုးတခြား အသားတခြားဖြစ်ရန်သာ ရှိတော့သည်။ {{Db-test-notice-NPF}} အဘိုးကြီးက မိန်းမကြီးနှစ်ယောက်ကို ခပ်ကြမ်းကြမ်း တွန်းပစ်လိုက်ပြီး သူတို့နှစ်ယောက်ကို,၊. . . .
ကို အဖေမပေါ်တဲ့အဖြစ်,အကို့ အမေမပေါ်ကဲ့အပြစ်
မျှ အသုံးမဝင်။ လွမ်းချင်းစပ်နည်း ပထမဆုံး,မှ အသုံးမဝင်း။ လွမ်းချင်းစပ်နည်း ပထမဆုံး
မနည်း ပြန်တည့်ယူရ,မနည်၊ ပြိန်တဉ်ပူး(
မှာသန်းခေါင်ထက်နက်တာ မရှိပေမယ့် အပါယ် ငရဲကတော့,T၆TfmrthtTmt. Tmtheraee သလယ ရတယေg
ရတဲ့ ဘာသာရပ်မျိုး မဟုတ် ပါဘူး။ လင်္ကာတွေကို မဆန်းစစ်,ThThTmrhTaံ mam ayuaa...၁.
မန်စက်,မန်စက်
ပင်,မင်
ငရှဉ့်ကျ မည်။ ကြိုးထိုးလျှင် သည်နှစ်ကောင်အနက် မည်သည့်အကောင်ကျကျ ကိုယ်က အနိုင်ရမည်။ ရာဇဝင်ဟောင်းများရဲ့ သင်္ချိုင်း ဘာလုပ်ရမည်နည်း။ ဒီနေရာက စောင့်လျှင် မ,..TPTmrta.
သို့ ဆိုက်ရောက်လာ၍ ဆေးဆိုင်,သို့ ဆိုက်ရောက်လာ၍ လေးဆိုံစံ
သုံးပြီး,သုံးပြီး
။ တစ်နေကုန် စားလိုက်၊ အိပ်လိုက်၊ အိမ်မှာ ဟို,။ တစ်စေကုန် တားလိုက်၊ အိပ်လိုက်၊ အီဂ်(၇ -ဂီ
ပေါင်းကို ခေါ်၍အရှင်တို့ ... သင်တို့သည် ငါမရှိသော်လည်း မပျင်းရိကြကုန်လင့်၊ ငါ ဆရာရသေ့ကြီးကိုဖူးမြောက်ပြီးလျှင် ဟိမဝန္တာသို့ ပြန်လာမည် ဟု,၁an၁ .အနွဒသ္နေ. အု့၁ှ 2ခွဲaသa့: auhtgaute mprartdh: arGtrသယ် TGmre G ၆ern.. -
ဟေး တဝါး,ဆေး တခါး
နားစိတ်တစ်ခုတည်းနှင့် ခွင့်ပြုရတော့မှာတဲ့လား။ ဇနီးတစ်ယောက် ချစ်ရာရောက်အောင် ခုထိတော့ မပျက်သေးပါဘူး၊ ရော်ဘင်က သူသွားကြည့်တဲ့ လမ်းကို ကျွန်တော့်,. . .
င့် အောက်ဘုံ,င့် အောက်ဘု
မ,မ
တို့ကို ဖလမ်းချင်းဘာသာစကား၏ ဒေသိယစကားအဖြစ် စာရင်းပြုထားသည်။ စကားအ,အရုံအရဲ ယေခါ နှပါးဘာသဃာကားခါ လေဆယကားအပြစ် ဘာဂ်ါပ်mာ:TtC. TrT
ကို တိတ်ဆိတ်စွာ စားနေလေသည်။ ချစ်ရေးချစ်ရာ ၁၉၉၉ ၂၀၀ ကျပ် သူက မဖြေဘဲ,aoaagsaerag: ehneen m :mo .TrT.TT
မျောက်၏ဇနီးအား သိမ်းယူတာထားပါတော့၊ တိရစ္ဆာန်ကိုး၊ လူဘုရင်တွေက စစ်ရှုံးသူ၏ ဇနီးမယားကို သိမ်းပိုက်တာတော့ လွန်လွန်းသည်ဟု ကျွန်မ ယူဆသည်။ မိန်းမတွေခ,..TmTmr..
ကြိမ်၊ ထိုနောင် ဘဝင်ဖြစ်ထိုက်သ၍ ဖြစ်၏ ။,ကြိမ်၊ ထိုနောင် ဘဝင်ဖြစ်ထိုက်သ၍ ဖြစ်၏ ။
ရှိုနာလူမျိုးဖြစ်,ခို့ရာလူမှိပြစံ
ကာ ထောက်ကာဖြ,ကာ ထောက်ကာဖြ
က,က
င့် နဂါးဘုရင်,င့် နဂါးဘရစ်
ဆက်သွယ်စုံ,ဆက်သွယ်ခနုံ
နှာရည်ညွှန်း,နာရည့်လွန်း
င့်အတွက်ပါလာ,ခအအဏက်ခါဆေ
ကချင်နှင့် ကရင်အမျိုးသား များလည်း သိပ်မတွေ့ရတော့။ အောက်ပိုင်းမှ ကုန်သည်များကိုကား လုံးဝပင်မမြင်ရတော့ ချေ။,TThThmrdhm.Tmrneh: Tmarmraiuargrera.a..agယ...
မိမလား မသိဘူး၊ အန်တီ မီ,ဂီ-ကား မအီဘူး။ အန်၏ ခံ
များမူကား ဘာမှန်းမသိရှာ,TMTarn. ဘာမှနံးမသိမှာ
ကြာမီပင် ညိုမှိုင်း၏ ပီသပြတ်သားသောအသံ ပေါ်လာ၏။ ၃,င်သဂီးဂီ ယီးဂ္-ီ ဒီအးပ၏်သားသယောဏလ ပေမနေ
ရီဂျီအိုဗန္ဒီသည် အုတ်,ရှီဂီအိုပန္ဒိသည် အုတ်
မေးခွန်းတွေကိုလည်း မုန်းတယ်။ ၀င်းလှသည် ဖြူဖတ်ဖြူရော်ဖြစ်နေသော ခိုင့်,"အေးမှနဲ့ တွေ့ကိုလည်၊ မုန်းတယ်။ စ်းလုအသ် (၉pTmh၆anah၆က်m ""ဂ"
စားသောက်နေကြဟန်ရှိသည်။ ကျော မောင်,mnnnက်အကြဟန်ရိသည့်။ ကျော မောင်
ဘဝ၌ပင် အခြေခံ ကျမ်းစာအဖြာဖြာတို့ကို သင်ကြားတတ်မြောက်သည်,TTfT TrGhm Tehmnmetai.ကဲ0 သပံ2aeaagaaေg
သည်။ ထိုအခါ ငစွယ်ငယ်မှာ အဟုတ်တ,ကည်။ ကိုံကာ(ါ က္ူးလ်ဏယ်မှာ အဟုတဲတ
မတူ ချေ။,မတူ နေ။
၏။ ကိုယ်ထင်ပြလာသူကဲ့သို့ အခန်းဝတွင် မြိုင်က မလှုပ်,ဂီ. Tကီmr၆္mnaာ (ိakuay ga သ့္
တွင်,တွင်
င့်ဝန်,င့်ဝနီ
ရှိခြင်း ဖြစ်သည်။ ကန်၏ အပူ,ရှိုြင်း ဖြစ်သည်။ ကန်၏ အပူ
လောက် ကတော့ ဝက်ဝံတစ်ကောင်က အသာလေးလှဲချပစ်နိုင်တယ်လို့လည်း ပြောပြခဲ့ပါတယ်။ ဒါပေမဲ့ သူကတော့ တစ်လက်,TTC.Tr.TmrnTm monant aw နဲ(eaဆဲံလဲ ယဲ uy2Caua: a g-.2၁.
တူ ပေပိုယူသည်။ မခင်သန်းက သဘောကျပြီး ဆရာ သံပရာ,တွေ့ ပေဝိုယူ့သည်။ မခင်သန်းက သတောကျူပြီး ဆရာ သံပရာ
ခဲ,ခံ
ဗြိတိသျှတို့,ဒီလီသူတု့
Gyi(TaungKanGyi)ကန်ကြီး (တောင်ကန်ကြီး) ၁၉၆၀တွင် သမ္မတရာထူးအတွက် ယှဉ်ပြိုင်ခဲ့သော်လည်း ဒီမိုကရက်တစ်ပါတီမှ သမ္မ,. . au. aua Tararpt: Tadt.2. . .
လေး,လေး
ဒင်း ပွိုင့်တူးတူး သေနတ်သံကလေး ထွက်သွားသလို ...,.PTmai TmrnThmhamahranta ဆုကသွားသတ ...
တယ်။ ပြီးတော့ Keygen ထဲမှာ သွား Paste လုပ်၊ Generate Activation Code ကိုနှိပ်။ ထွက်လာတဲ့ Activation Code ကို,. . 7.
ကော့,ကော့
င့် နည်းပညာ အဖွဲ့အစည်း အသင်းဝင်များ နှင့် ဈေးကွက်အတွင်းမှ အကျိုးတူ,ဂီ (ဤီး:-2. - နံးn၉၍ဦး အာnင်းအငမျာ နှင် ရေးကွက်းအတွခံးမှ အွဲ့ ဘူ
မှာငြိပါ ပါလိမ့်။,၂ဂပိီပါ ပါလ်မံ။
။ အခန်းလေး နှစ်ခန်းက တော့ သ,T Thn) ရစါခနံါက ေ ၁.
ဦး,ဦး
။ အကြောင်း,။ အကကြောင်း
ကားရိုက်ရန်အတွက် လားရှိူးသို့ ပြန်,အနခါမှနံအတုက် အားမ်းဂီ ၆ဂ
သည်,သည်
စုမှမော်လမြိုင်အ,စုမှမော်လမြိုင်အ
ပြုံး,ပြုး
ပ,ပ
ကို လက်ခံတဲ့စိတ်ဖြစ်တယ်။ အာရုံကို လမ်းဖွင့်ပေးတဲ့စိတ်နဲ့ အာရုံကို လက်ခံတဲ့စိတ် ဒီစိတ်နှစ်ခုကြားမှာ မြင်သိစိတ် ကြားသိစိတ် နံ,ကို လက်ခဲတုံစိတ်ဖြစ်တယ်။ စာရံကို လေ်းမြှင်ပေးတ့စိတ်နဲ့ အာဖုံကို လာ်ခဲတဲစိတ် ဂိစိတ်နှစ်ခုကြားမှာ ဖြင်သိစ်တ် ကြားသိစိတ်နဲ
၊ ဘုန်းကြီး .... ကျွန်တော် သဘောလဲ ခင်ဗျား သိရောပေါ့၊ အခု ကျွန်တော် လုပ်တာက,.T. TmTh.Tmrnt mhmn ae အa aa g2၁.
တို့,တို့
ထူထပ်မှု,ထူထပ်မှု
ခေါ်၍ တစ်ပြိုင်,ဇေါ၍ တစ်ပြိုပ်
သဘောထားကို သပိတ်ကော်မတီကို အကြောင်းကြားချင်လို့ပါ။ ကိုရင်က သပိတ်ကော်မတီဝင်ဆို၊ လုပ်ခ,TTmrthnhmrmrn mdn ဆiaeapas aaua. eu.
နှစ်,နှစ်
ခင်ဖြစ်သူ,ခင်ဖြစ်သူ
"နေ့မသင့်။""","နေ့မသင့်၊"""
အ,အ
ထင်,ထင်
ခြင်း,ခြင်း
ခင်ဗျားမှာ ထိုးဆေး ဘယ်လောက်ရှိလို့လဲ ချို့ရွှင်ချောင်းသည် မည်သို့မျှ မရှောင်တိမ်းနိုင်တော့ ။ လက်ဝါး,. .u a. n.
ရင့်တပ်သားများက လိုက်လံတိုက်ခိုက်ရာ ကနီနော်ရ,TG၆်အrn်han- များကာ လိုကံလဲတိုက်ခံက်ရာ တန်နောင်ရ
ပါတယ်ဗျာ သိပါတယ် လုပ်စရာမရှိတော့,TmTam Thahrc oesag2၁.
တင်ရမှာပဲ ထိပ်ထား ရေဝမ်းဆွဲသည်ကြီး ဘော်ဒါနိုဗာက ခပ်သုတ်သုတ် ဆက်လျှောက်လာရင်း ပြောလိုက်သည်။ ထိပ်ထားလေး တို့လို အပျိုတော်များ ဒီလိုကိစ္စတွေ မသိ,တင်ရမာပဲ ထိပ်ထား ရေရစ်းမွံးသည်ကြီး တော်စ်ခို့မာက ခင်သူတ်သူတ်. ဆက်လျောက်လာရင်း ပြောလျုက်သည့်။ ထိပ်ထာလေး တို့လို စာပြို့မတာ်များ ဒီလိုက်စွတွေ မသိ
သည့်အချက်ကို နားလည်သဘောပေါက် လက်ခံရန် လိုအပ်ခြင်း ဖြစ်သည်။ ကျွန်တော် ဆတ်,TPTrTrherhnrnhn mnhes eaul yauag. ga 2a:
နှက်နေ,နှက်နေ
လက်,လက်
စု,စု
မူမြို့နယ်,မမြိုနယ်
ရဲ့၊ မောင်အဝေး ကလာတာကို မြင်မြင်,ရဲ့၊ မောင်အဝေး ကလာတာကို ပြင်ပြဝ်
သနဝိဇ္ဇော,သနဝိစွော
မောက်များနှင့် ပုံစံမတူ,၁-က်များနှင် ပုမတူ
ပေါက်,ပေါက်
ပြန်,ပြန်
ရမည်,ရမည်
နှောက် အသစ်,နောက် အသစ်
စေ့စပ်ကြောင်းလမ်းထားလျှင် သော်လည်း ထားရလိမ့်မည်။ သို့ဖြစ်နိုင်ပါမည်လား။ မမြင့်ဦး၏ မိဘ ဆွေမျိုးတွေက သဘောတူပါမည်,. e..
တန်းမျှသာ သင်ကြားခွင့်ရခဲ့သော်လည်း အလုပ်နှင့် စကားပြောတတ်သူ၊ အချိန် လေး,တန်းမျှသာ သင်ကြားနှင့်ရခဲ့သော်လည်း အလုပ်နှင့် စကားပြောတတ်သူ။ အချိန် လေး
ဟု ဆိုသည်။ သည်တော့ကျွန်မကပြန်ရောက်ရသည်။ မည်သည့်ခံစားချက်မျှလည်း ဖြစ်မလာ။,. .2.: agagagခဲ့ang) ခဲ့ရာက ရေယဤ၆) ထသီးလ။ mာ:artan ယ်။: CT.
မှန်ဘီလူးကို ပုံရိပ် လာရိုက်,မှန်ဘိလူးကို မံရိပ် လာနိက်
ပဲခူးတိုင်းဒေသကြီး (အနောက်)၊ ပြည်ခရိုင်၊ ပေါက်ခေါင်းမြို့နယ်၊ ကြူဝတ်ကျေးရွာအုပ်စု၌ တည်ရှိသည်။ ရွာနေရာကုတ်မှာ ၁,..Tmntapntertatata.a.a2..
နောင်တဆိုတာ နောင်မှ ရတတ်သကိုး။ ရပ်ရေးရွာရေးကလည်း ဖြစ်ပြန်,Co.a.. auiaeatern Tmrnmr:.T.ဂဂး
မြင်နေသူများမှာ,ပငံနေသူများစာ
သူ သို့မဟုတ် ဩဇာတိက္ကမကြီးမားသူများ ပေါ်ထွက်လာပါက အခြားသူများအ,သူ သို့မဟုတ် ဗြစာတိတ္တုမကြီးမားသူများ စေါတွေက်လာပါက အးခြားသူများအ
၍,၍
culturesorracesintheirfictionaluniverses.Namesortitlesof,tataoaeraeaaeaeeauaetneraeainmharerntrtlhnh
လုပ်မဖြစ်။ နောက် ဆုံး ရထားသည် ခပ်စောစောကပင် ပါရီသို့ ထွက်,လုပ်မဖြစ်။ နနာက် ဆိုံး ရုထားသည် ခပ်စောစောကပင် ပါရီသို့ ထွက်
ရှိ၏,ရှိ၏
င့် တွေ့ဆုံ၍ အ,င့် တွေတို့၍ အ
မခွဲ,မ္ခဲ
ခုနှစ် ဩဂုတ်လ ၃,ခုနှစ် ဩြဂုတ်လ ၃
တနိုင်ငံ တည်ထောင်,တနိုင်ငံ တည့်ထောင်
အ,အ
ဟစ်ပိုဂိုဏ်းအုပ်၏လက်ထောက်အဖြစ် တာဝန်ယူပြီး ၅နှစ်အကြာ ဂိုဏ်းအုပ်ကွယ်လွန်သော် ရာထူးတိုး၍ ဟစ်,ao.asa.amaga at aeipta: TmrhdhtT.T.Tက ..
အတိုင်းဖြစ်,အတို်းဖြစ်
ကျော်,ဗျော်
။ စာရေးဆရာ မောင်ဝံသ ပဲခူးတိုင်း၊ ဝေါမြို့နယ်၊ မြစ်ကျိုးကျေးရွာတွင် မွေး,။ စာရေးဆရာ မောင်ငံသ ပဲခုူးတိုင်း၊ စေါမြို့နယ်၊ ဖြစ်ကျိုးကျေးရွာတွင် မွေး
ခုအချိန်ထိ စီစဉ်,၃ျိန့အိစိစ်း
တော့ အမောဆို့ပြီးသေတာ အတိုင်ဘက်က အကောင်ကြီး တစ်ကောင်ထဲရယ် ခင်ဗျ စစ္စတာဒေါ်,..T.T.-:.ThT mna .a..
ခဲ့သည်,ခဲ့သည်
င့်လှုပ်ရတော့သည်။ နေစမ်းပါဦး,မီ်ကူုပ်ရစော့သည့်။ နေစမ်းပါဦး
ရှိ။ ဟူ၍လည်းကောင်း၊ ဂိုဏ်းချုပ်ကြီးရဲ့ အကွက် သုံးကွက်ကတော့ တကယ်ကောင်းတာပဲ၊ ဒီကောင် ဒီအကွက် တွေကိုတော့ လိုက်ကစားနိုင်မှာ,။ . . 2..a. aer.Tm:.TmnT.
ကြီး,ကြီး
။,။
ပြန်လည်ကြီးပွားလာခြင်းကို မရှုဆိတ်ကြချေ။ ကားသေ့တို့၏ ရန်ကိုလည်း ကြောက်ရွံ့ လျက်ပင် ရှိကြသေးသည်။,""".T၆Tmhnhmnmrnme eaေ aag.၁ာ,ယ."
င့် ထမင်းချက် လင် မယား,ဒီ --haက် ue ua.
သွားသည့်ကုန်တွေ အရှုံးပေါ်သွား၍ ဟုဆိုကာ လျှော့ပေးတာတွေရှိသည်။ ကိုယ်လူကြုံပါးလိုက်သည့်ငွေကို နည်းနည်း,. a..amrne Td.2T.T.
ခုနှစ်ရက်သားသမီးများနှင့် ပူးပေါင်းပြီး အထက်ဌာပနာ ထည့်သွင်း,၂u.a.Ca et e mrTmr.T.
ပြီးခဲ့တဲ့ အ,ပြီးခဲ့တဲ့ အ
ကြီးကျယ်စွာဆောက်လုပ်လှူဒါန်းခဲ့လေသည်။ ပေါဠ,င်သီ: MamT-mrnrThလeryukဲ esagှဲ ag
အ,အ
ထူးခြားလှပေသည်,ထူးကြားတူအးအယ်
ပင် အထက်ရှိ ကျောက်လွှာတို့မှ မြင့်မားသော အပူချိန် နှင့် ဖိအားတို့ကြောင့် အသွင်ပြောင်းကျောက်အဖြစ် ပြောင်းလဲလာနိုင်သည်။ ခင်စိုးပိုင်နဲ့လား ရှိတယ်,. aenmn.
ပြုနိုင်။ လက်သစ်,ပြွိစ်း ဖ်သခံ
လည်း သူ,လည်း သူ
ဖုန်းနဲ့ နံပါတ်တစ်ခုကို ခေါ်လိုက်ပါတယ်။ ဆူနီဆာ ကာဝရွန်ဂရောင်း (၂၉ ဇန်နဝါရီ ၁၉၇၂ မွေးဖွားသည်) ထိုင်းနိုင်ငံမှ မာရသွန်ပြိုင်ပွဲဝင်,၂၃ နဲ့ uag aာga.audi agaea roaegွe်ere။ .a ehen Torui manamrneယ် TP:ThntTrThGt(TahT0-
ကို လန်းဆတ် စေသည့် ဝိုင်,-ီ ဂန်းဏဏ် စeမ္ှ နခ
ကြည့်,ကြည့်
သို့ဖြစ်၍ ဝါဖတ်ရင်း ယခုပြောသော မ,၁၉ှ ၉ခနှဲ ပဝထံရစ်း ယaeေomo.-.
လို လုပ်,လို့ လုပ်
ဝ ပေးခဲ့သည်,ဝ ပေးနဲ့သည်
ဏ,ဏ
ရ ရှီးလန်ဒမ်း,ရ ရုးလန်ခစ်း
ကုသ,ကုသဲ
ပိုင်ကြံပါ။ ဂျိုးဆက်စတိန်း,နှလ္တှီပ။ အျုးဆာဂ်အာါ်း
ကျောက်ဆည်မြို့နယ်၊ ပန်းခွာကျေးရွာအုပ်စု၌ တည်ရှိသည်။ ရွာနေရာကုတ်မှာ ၁၉၀၄၄၉ ဖြစ်သည်။ ၂၀၁၄ သန်းခေါင်စာရင်းအရ,..T.TmhTmamnteေ.
ဘာပြောသည်ကို ဝေလငါးဂိုဏ်းမှ ကောင်းစွာ မကြားရချေ။ ကောင်းပါပြီ ဆရာ၊ ကျွန်မ,. . .T au.
မြို့နယ်၊ ထင်ပါကျိုင်းကျေးရွာ,မို့မယ်၊ တင်ပါကိုင်းကျေးစွတ
မာသောကျောက်စာအထောက်အထားများမတွေ့ရှိရသေးပါ။) သာသနာ,Corarmgptaorh arnarnmaertTd.T.T.
တာဒေါ်မိုးသူပါလား၊ ကျွန်တော်တို့လမ်းထဲ မလာစဖူးလာတယ်၊ ဗန္ဓုလ ရုံမှာ,ဘာTfT၆mrm.ermrmtadl.e araguca.a g. a
။ ကိုယ်ရပိုင်တဲ့ အခွင့်အရေး,၊ -ဒလအရဏလဲ အမူ့ခံအခေ)း
ညနေခင်း၌ အိမ်ဝိုင်းထဲ ဆိုင်,ဤးနဂင်း၌ အီမ်ပို်းထဲ ဆိုင်
အမှန်,အမှန်
တူတူစား,တူတူစား
နိုင်စွမ်းကို စံပြုထား,နိုးနွစ်ကို မြုနာ-
ရန်,ရန်
မကောင်းရင် ဟိုကြလန်းသွားမှာ,မစောင်းရင် ဟိုကြလန်းထွားမှာ
နတ်ကို,နတ်ကို
သကဲ့သို့ ဖြစ်သွားလေသလား,အn-အို ပြစံသွားလေသလား
သည်။ ယခု,အည်။ ယစု
။ ကျွန်တော် ဆိုးခဲ့ ရမ်းခဲ့ တယ်။ ဘာမှအဆင့်မမီတဲ့ ရွာသာသာ,.Tm The mai. asasta. ..
တော် ပါတဲ့ ရွှေရှူဆေးဘူးချီးမြှင့်ခံရတဲ့ကိစ္စဟာ အမှုတော်ထမ် ကောင်းတဲ့အတွက် ဘွဲ့ထူးဂုဏ်ထူးချီးမြှင့်ခံရ,T.Tamnhtmrhehnrorhern marhaga  ၁ga၉နgယ
နေထိုင်,နေထိုင်
နေ,နေ
ရေး မာရ,ရေး မာရ
ပို,ပို
င,၀
လဲ,လဲ
လိုက်၏။ စုသည် ကြီးကြီးမေရင်ခွင်,လျံက၏။ ရသည် ဂြီးကီးဏာ်ဇ၆
ကြီးဆုံး လုပ်ငန်း,ပြီးဆုံး လှင်ငန်း
သေး,သေး
ကြီးရှိ,ကြီးရို
လူ့စွမ်း,လူနွး
နာ,နာ
"thoseattributeswhichwehaveputonhim.တိုက်တွန်းထားတယ်..ဟုတ်လား နှောင်း"" ခဲ့ပြန်သည်။ သို့သော် စစ်ကြီးပြီး၍ ရုပ်ရှင်များ ရွာလင်းရွာ (အင်္ဂလိပ်: Ywarlin)သည် မကွေးတိုင်းဒေသ",. . anat T:T.
မိခေလ၏,စိပလအံ
"ပြောင်းအလဲတွေကို သိကောင်းမှ သိမှာပေါ့။ ဖြစ်သော်လည်း၊ တရုတ်နိုင်ငံတွင် ချူမင်းဆက်အစ ဘီစီ ""ဆက်သွယ်ရေး ခက်ခဲ","T၆ohrmrmntT:TrThn Thrmnh Cmmrhmagီး: megက ခဲဒeဟတက် မှမဖပါးဆေcဲအa ae :agaag, ag"
တွေ အများကြီးပါလား၊ ငါ,တွေ အများကြီးပါလား၊ ငါ
တစ်စိတ်တစ်ပိုင်းအနေဖြင့် သူမသည် တောင်အာဖရိကတွင် နယ်လ်ဆင်မင်,aခဲအa aခဲခဲ ..အမနေုခဲ သူမသယသည် တောင်အာပရံက၇) စ်လီးက္ဂ်း
အရ ငါးရှဉ့်ရိုးကျေးရွာအုပ်စုတွင် ကျား ၆၅၄ ဦး၊ မ ၇,အရ ဝါးရှ၌နိုးကျေးရွာအုပ်စုတွင် ကျား ၆၉၈ ဦး၊ ( -
တယ်,တယ်
ကျဖို့များတယ်ဗျ...ခွေးမသားပုလိပ်တွေက လိုင်းကြေးယူတုန်းကယူထားပြီး အမှုလို,.arag. aueteen ah mtanrerTmrnr:d. :T
ကြောင်း NTV ရုပ်သံက ထုတ်ပြန်ခဲ့သည်။ အောက်တိုဘာ ၂၃,TC.ThTm omtudaugs.
ပြီး ဂတ်စတာပိုအ,ဌီး တ်စောပု။
သိ,သီ
ကျိုး ဖြစ်စေခြင်းငှါ မစွမ်းနိုင်ခြင်း၊ ရုပ်အကျိုးတရားကို ဖြစ်စေတတ်သော,"""T.T.T. Thern.arnrareang ast.."
ရွာစုကလေး ဖြစ်ပေသည်။ လယ်သမား၊ ဈေးသည်များ,TPmhTmnht Chnrmah ecယeon) ရေ့ယမှရှေး
ပါးကိုသော်လည်းကောင်း ဉာဏ်ဖြင့် အစဉ်,ဒါးဂကိုသော်္လည်းစကာင်း ဥဏမြိန် အမဦး
ခဲ့သူဖြစ်ပြီး ပန်းချီဉာဏ်သစ်လောင်းသင်တန်းများ ဖွ,ဂီး()၆က်ဦး ပန်းရိဘာတ်သစ်လောင်းသစ်တာန်းမျာ၊ ွူ
ရေးဆုံ,ရေးဆုံ
အမြင်ကို လိုက်နာသူများသည်,အဉံခံလို လိုက်စားမ၈-ထီ
သားများ၏,သားများ၏
လုပ်ရှင်၊ အ,လုပ်ရှင်၊ အ
၁၆၁၄ ခုနှစ် အိုဆာကာမြို့ သိမ်းပိုက်ရေး အတွက် ကန,:Thnt T အmာn၆. အံရိုက်ဆေး အတူေအ -၁
ကိုဒေါင်းစိန်,ကိုခေါင်းစ်န်
ပုန်း,ပုန်း
သွားလျက်ကပင်,သွားလျှက်ကပင်
မီး,မီး
ဆောင်ခဲ့သည်။ ယွင်းချက်,ဆောင်ခဲသည်။ ယွင်းချက်
သည် အိမ်ထဲရှိ သမီးနှစ်ယောက်ကို တစ်ချက်,ထ် Pီohmf mrf aeucsရ အလgောခ
၊ ဆိုင်သာဆိုင် မပိုင်ဘူးဆိုသလို ဖြစ်နေ,၊ ကိင်အာ ကိုင် မိုင်ဘူးဆိုယလို ပြစ်နေ
လဲ။ဒေါ်ဒေါ်က အသက်ကြီးပေမယ့် မျက်နှာကတော့ နုနုကလေး ရှိနေသေးလို့မို့ ဝတ်နိုင်ပါတယ် ဒေါ်ဒေါ်ရယ် လုရင်းလိုက်ရင်း စုတ်ပြဲ,.Tm.m. m ..e.
ဂျိမ,ဂျှိမ
သောအားဖြင့် ထိုလွမ်းချင်းတို့တွင် တောတောင်ရေမြေ,.၁g) နံးပုပါခရံ(ဟတု့ကt: ar.Thn၆
ရေဖျန်း၍ ခရစ်ယာန်သာသနာသို့ မသွင်းခင် သေဆုံးသောကလေးများမှာလည်း ခရစ်ယာန် သေခြင်းမှ ပြန်၍ အသက်,၁၁၃ ရွ အနေးနေ့အလေမာတဆု့ မနေပ်းပ မaေးစeaာကာ: aာarာကသီး: TGhnrn) -အစ်ကး စိင်လီ TT၆
ခြင်းလျှင်၊ တန်ဆာဆင်၏၊ နှုတ်မင်္ဂလာ၊ စကားမှာကား၊ အသာ,၍ခံးလျှယ်၊ လန်ဆောတင်၏။ နုတ်မဂါးလား စကာnphစာmrnး:.ဘmn
လေ,လေ
မန်ကြီးက ဘာမျှ,မန်ကြီးက အ၁
များထဲ,ချွားတဲ
ပနိုင်ငံတွေမှာ ကျန်နေသေးတဲ့,ပခိုားတွေမှာ ကျမ်းနmnီ
"caseof#switch,averagepagecounts)","Coateaue: aetgeopyeretn),"
နေရာ၌ နေရ သည့်,နေရာ့် နေရ သည့််
သည်,သည်
ကျရောက်နိုင်အောင် လည်းကောင်း၊ ပျောက်ကင်း ချမ်းသာစေရန်လည်းကောင်း အသုံးပြု၏။ အဆိုးဆုံးကကိုတိုးကြီးဖြစ်,"gagCha လ တယလေး မ္ောလဟ် နaraorayhrauharn။ (ပ်တဘ. TGn..""၆ဂဆငဂီး"
ဇစ်,စစ်
တို့အိမ်နဲ့ ဖေဖေတို့ အဖေ အမေအိမ်က ကံသိပ်ကောင်း သွားခဲ့တယ်။ ကျွန်မတို့,အရုံဆဲ့ ပမဟတု့ ဘ၁ဖမေ လပေအိါကာ ကCahudar.. ap-TmtTh: T.a၆hnt0
သူ,သူ
အသစ်သစ်ဖြစ်သော အချစ်လွှာ မှာတမ်းတော်,အမခဲ သခံ္ွစ်သော အherh an TmrThnhm
များ,များ
ရင် လုံလောက်ပြီပေါ့,-ဂ၆ ၈ရလောက်ပြိပေ့
၂၀၁၄ သန်းခေါင်စာရင်းအရ မကျီးကုန်းကျေးရွာအုပ်စုတွင်,Th ThThmrhmrpng auaygerayg
"anotherevent,butingeneralyou'reallowedtouse",cotdhneretront.aeanirmaonerahyouiaptiouaatuusa
မည်,မည်
အယူအဆကို ငြင်းပယ်ရလိမ့် မည်ဟု ထင်စရာရှိ၏။ သို့ရာတွင် ကိုပါနီကတ်၏ နိယာ,အသွ္စေးမကျု ပဆါးယ်မက်ခီ မည်မငာ ဆတ်တရာရီ၏ အျီရာက် ဂီ: (emာn်၆f Tn
၈ ဦး၊ မ ၁၀၀၁ ဦး၊ လူဦးရေစုစုပေါင်း ၂၀၇၉ ဦး နေထိုင်သည်။ သည်ကြားထဲက မွန်မွန့်အသွင်၌ ချုပ်တည်း,. . au. agae .aoa ah manTma mat.T.T. .၆)
မြက်လိုသူ,ဖြက်လိုအုူ
ငေးငိုင် ကြည့်ရှုတော်မူလာ,စားဝိုင် ကြည့်စူတော်မှလာ
ဘယ်လို ခေါ်ကြမယ်မသိဘူး တိုက် လူဦးရေတိုးနှုန်းသည် ဝ.၉ ရာခိုင်နှုန်းဖြစ်သည်။ ခန္တီ (ပုလောက်မြို့နယ်ခွဲ) နယူတန်၏,အခွံ အတေဲပဲ အ သူ ဆူီးအ ဟလုဦမေဆိီနှပးသည်။ စ ၇၄၆၉arnrည်။ aီweon:T၆:(၆ Tအက၆ဂီး
ပုသိမ်မြို့သည် ၁၂ စ,ပုသိခံမြိသည့် ၁) စ
ပါတယ်၊ ကျုပ်ပါ ဟာ,ပါတယ်၊ ကျုပ်ခါ တာ
မင်းပြုတော်မူ၏။ သန်,ဒဂ်းမိနူတော်မူ၏။ သနံ
ခါ လျှပ်ပေါ်,ခါ လျှပ်ပေါ
ည့်ပြင် အကြောင်း,ည့်ပစ် အကြေားစီး
င့်သည် ။ ၎င်းသူမတို့ကို ဟေဂျားဘ်ခြုံမှုမခြုံမှုတွင် လွပ်လပ်စွာရွေးချယ်ပိုင်ခွင့်ပေးသင့်သည်ဟုဖြစ်သည်။ ထို့အတွက်ကြောင့် ထို,. .a. arnrtTtT.1.
ဝန်ကြီးဘဝ ခြောက်နှစ်,မနံကြီးဘဝ ပြောက်(ဂ
မှ,မှ
နလုပ်ငန်း၏ အဆင့်တစ်ဆင့်အောင် မြင်သည်ဆိုသော သတင်းပင်ဖြစ်ပါသည်။ ယခင်က သစ်ပင်တို့၌,opaa အအခဲ့အခဲဆခဲ့လောတစ် ၉စီသသ္ီဟို့သော ထာကာ်m၏hChmeီး -oTn.Thဂိမိး
လာ(ပြာ) သူသည် ဓားကို,လားပြာ) သူသည် စားကို
ဆက်သွယ်နိုင်ခဲ့လေသည်။ မော့သည် ပန်းချီပညာသင်ကြားရန် အမေရိကန် အစိုးရက စေလွှတ်ပြီးလျှင် ပညာတတ်မြောက်လာသည့်အခါ အထက်တန်းကျ,Cauauagu ag aဲ ဆဲ့uatysaeau အေခံးကရဲ အeံ ကာ mraencl:oc: ThartThermrhertGtmrdhTGmT.-2
ယက်နမ် နယ်ချဲ့,ယက်နစ် နယ်ခွဲ့
ခြားသစ်,မြားသစ်
ဖြစ်၏။ ထိုအချိန်တွင် ကျုပ်၏ ခေါင်းထဲ၌ အလင်းရောင် ဖြာလက် သွားလေသည်။ ထို့နောက် ပိတ်သည်းနေသော အမှောက်တိုက်ကြီးသည်,"""C္.T.T.TTmrTmn ahrmrT amnatge aေatsaus...22ee.g"
လ,လ
ကား,ကား
တိုက်မ အထက်ရှိ ပစ္စယာဆင့်များတွင် ပုံစံအမျိုးမျိုး အကွက်အမျိုးမျိုး ဖော်ထားသည့် စဉ့်သုတ်စိန်တန်းများဖြင့် တန်,"2.ma.C.ac.a agg aearnmM mrTmrnmth TT.2."""
ဝတီမင်းသား ရွှေဘိုသို့ထွက်ကာ အင်အားစု၍ ပုန်ကန်သည်။ ပုန်ကန်မှုအောင်မြင်သဖြင့် သာယာဝတီမင်း နန်းတက်သည်။ နန်းမတော်မယ်နု၊ မင်းသား,ဝတီမင်းသား ရွှေတို့လို့တွက်ကာ အင်အားစု၍ ပုန်ကန်သည်။ ပုန်ကန်မှစောင်ပြင်းသပြင် သာယာဝတီမင်း နန်းတက်သည်။ နန်၊းမတော်မယ်နှ၊ မင်းသား
ဟူ၍ သီးခြားမရှိခဲ့ဘဲ၊ ရောမနိုင်ငံတော်,၁ှ အမ်းဲပမှိ့တား ရောခေါhapomာh)
၍,၍
၀,ဗ
မာစကားပုံတစ်ခု ဖြစ်သည်,Tnnးခဲတစ်ခ မြခံမှ
လာ,လာ
ထွန်းမောင်ကြီးက လှေကိစ္စ လုပ်စရာရှိတာတွေကို ပေါ့ပေါ့ပါးပါးပင်လုပ်သွားလေသည်။ လှေပိုင်ရှင်များက သူ၏တက်ကြွမှုကို သဘောကျနေကြလေသည်။ တိပိဋကဆရာ,:T.T TmrTmnmr mhmhrntThrahaernmrmgaut eadkaoe agsa .a.a agag2.2g.သ.၁.
ဏေ,အော
သိမ်းထား ကြလို့လား,အီဂါးဏား ကြာရုံသာမ
လိုက်,လျှက်
နိုး,နီ်း
၇ - ရွှေကော,၇ ၊ ခွှေကော
လာကြသည်။ စစ်ရထားပေါ်တွင်သာ အစဉ်အမြဲ တွေ့မြင်ခဲ့ရသော သူ,လောကြသည်။ စ်ရထားပေါ်ကွင်သာ အစဉ် အပြဲ တွေခြင်ခဲ့ရသော သူ
မြန်မာနိုင်ငံနဲ့ပတ်သက်လို့ ဆောင်ရွက်စရာ,ဖြန်မာနိုင်ံနဲ့ပတ်သက်လို့ ဆောင်ရွက်စရာ
ရတယ်။ နောက်တော့ နုရီအဖေက သတင်းသဲ့သဲ့ ကြားတာနဲ့ နုရီကို အမြဲလာကြိုတော့,Trhdh: Thmn စင်mern .သလတင်လဲသဲ 2.-aားနဲ ုနံးရှ မွိပာ aoa
ည့် ကိစ္စရပ်မှန်သမျှကို သိနိုင်ဆုံးသော အခြေအနေ,ည့် ဂိန္စရပ်မှန်ယမျမကိ၊ ထိနု်ဆဲ့moamာ Tm၆mn
ဝှိုဝ်း ဠှိုဝ်း။ ချော,ရိုင်း ရှိင်း။ ရျော
ရွာအုပ်စုတွင် ကျား ၅၉၈၈ ဦး၊ မ ၅၆၅,-TTh -၆ ကnး 2၄၈ (း. ၂၉)
လိုလား၊ ဒါဖြင့် အမေရိကန်ပြန်ကြီးဆီရော ဘာလို့ မသွားသလဲ၊ ဟိုက လက်မခံလို့ မဟုတ်လား ဪ.. ဆံပင်ညှပ်သ,. .C.asa aeaern.T.-..
သူတို့အားလုံး စာအုပ်ထဲသို့ ရောက်ရှိ,သူ့ကို့အားလုံး တအုပ်တဲသို့ ရောက်ဂရီး
သည်၊ မေထုန်လက်ဖျား၊ စမ္ပယ်နားလျက်,သည်၊ မေုန်လက်မျာ။ စမွယ်နှားလျက်
လူကို,လူကို
နား,နား
ဖစ်ချင်ရင် အဲ,စစ်ချင်ရင် အဲ
တစ်ခုကို ဆိုခဲ့သည်။ ကမ္ဗလဿ တ,က၈(၇ိ ကိုခဲ့လည့်။ ကမ္မလသ တ
ရာ,ရာ
နှစ်,နှစ်
"ပစ်လိုက်လို့ ကားကြီး ရပ်သွားပြီ"" စိန်ပွဲစား",TPီmfhmhmt mrnoh: euaytyi ag:
ခင်,ခင်
င့် ထွက်လာ,င့် ထွက်လာ
လည်းကောင်း၊ မြေ,လည်းကောင်း၊ မြေ
ဆိပ်ဖြစ်သည်။ ၎င်းတို့တွင် စက်ချောဆီ၊ ဂီယာဆီနှင့် အမဲဆီများ,TTheh:Thmht mrhae agt aag.
လောက်ကောင်းတဲ့ဆေး မရှိဘူး မောင်လေးရဲ့ အမြောက်အမြားတို့ကိုလည်း ဗက်ဗီလုံးမြို့တော်သို့ ဖမ်းဆီး ဘယ်လို,".uaupnan ptTod. T.T"" ."
ကြောင်း,ကြောင်း
အဝါကို လိုက်ပြီး ဆုံးဖြတ်တာ ဖြစ်ချင်,အဝါကို လိုက်ပဦး ဆုံးမြုတ်တာ မြစံခှပံ
ထောင်သူလည်း,-အာင်သူလည်း
တာ,တာ
တယ်၊ ပြီးမှ မြေကမူ မြေပုံတွေဘက်ကို လှည့်တယ်။ ယဉ်ကျေးမှု,တယ် ဂြီးမှ မြကမှု ပြေပဲတွေဘက်ကို လှည်တလ်။ အ၆ီးt၆ခ
၉ ဖြစ်သည်။ ၂၀၁၄ သန်းခေါင်စာရင်းအရ လွဲမွန်ကျေးရွာအုပ်စုတွင် ကျား ၁၅၃၁ ဦး၊ မ ၁၇၂၄ ဦး၊ လူဦးရေစုစုပေါင်း ၃၂၅,""".၆.T:.TmhTmhmrnt a."
မူလျှင် အရိပ်သည် ထိုအရိပ်ရှင်၏ နောက်သို့ အစဉ်,မူလျှင် အရိပ်သည် ထိုအရိပ်ရှင်၏ နောက်သို့ အစဉ်
ဆောင်မှု ပေးနိုင်ခဲ့,ဆောင်မှ ပေးနိုင်ခဲ
ခ,စ
လွတ်တစ်ရွက်,လွတ်တခံန္ုခံ
ဝင် စာချုပ်စာတမ်းများ 147 - ၎င်းပြင် ထိုသူတို့သည် (ယင်းကဲ့သို့ ဘေးအတန်,ဝင် စာချုပ်စာတမ်းများ (၈-.- ၎င်းပြင် ထိုသူတို့သည် (ယင်းကဲ့သို့ ဘေားအတန်
ချို့,ချို့
၀,၀
လဲခြင်းမှ ပင်လယ်ရေမျက်နှာပြင် အမြင့်,-ပြ)(၂ မ၆eပရေမျက်နှာပြင် အဖြင့်
သားတစ်ယောက်အနေနဲ့ ပျော်ရွှင်ကြည်နူးနေတာကြည့်ပြီး တကောင်း ပီတိဖြစ်မိတယ်။,.C.a ageuartadr: Trn:.T၆GfTအ..
ကြည်သည် ဖေဖေ့ရှေ့,ကြည်သည့် eေးoyှ
နေရာ ဆေးရုံမှ ကျန်းမာလာသည်,နေရာ ဆေးရုံမှ ကျွန်းမာလာသည့်
ဆောင်,စောင်
ပါဘူး။ ကျောင်းထိုင်ဆရာတော်အဖြစ်ဖြင့် ဦးစိန္တာသည် စာပေပရိယတ္တိကို သင်ကြား,အူ.၊ မက္မခါးဆုပါအျာဟောင်အဖပစ်ဖစ် ဖြးစဲရာည် mာmnဦီဏာအဒီးလီ -၆ဘ်-
တောင်ယွန်းယွန်းက စာ,-ဏင်လုမ်းလွန်းက စာ
ခဲ့ပြီး ဆက်လက်ချီတက်ကြ၏။ ဤသို့အားဖြင့် အီဂျစ်စစ်ကြောင်းမှာ အ,နမွာ အaေag့oေး 2ခါ) ထိ့ စား Th TCGfTmhT.-
ပြီ,ပြီ
အသိ,အသိ
မြို့နယ်၊ ထန်းဘုန်းတောကျေးရွာအုပ်စု တံတားဦးရွာ (အင်္ဂလိပ်: Tadaru)သည် စစ်ကိုင်းတိုင်းဒေသကြီး၊ ရွှေဘိုခရိုင်၊ ဝက်လက်မြို့နယ်၊ ကျီးပင်ကန်ကျေးရွာအုပ်စု၌ တည်ရှိသည်။ ရွာ,. .
အ,အ
တွင် မျက်နှာပြင်တစ်ခုတည်းသာရှိသော်လည်း သိပ္ပံပညာ ဆက်တိုက်ယူလာခဲ့သော ကေသွယ်အတွက် သိပ္ပံနှင့် နီးနီးစပ်စပ် ဟူ၍ မူလတန်းကျောင်းတွင်,. .ar:.7.
မောင်မျိုးမြင့်,မောင်ချို့ပြင့်
ရှိ အကြောစိုင်မှန်သမျှ တင်းမာနေသည်။ သူ့အား အ,ဒီး အက်၊ဂို်ွနး(၉ူ တင်မာနေသည့်။ သ္တ၁ -အ
စိန် တို့,မိန် တို့
ဘု,ဘူ
ဘော်,ဆော်
ရှင်း,ရင်း
မှ ကိုယ်ကျင့်သိက္ခာ ဖြူစင်မှလည်း အခြားသူတို့ဘက်က ကိုယ်ကျင့်သိက္ခာ ဖြူစင်လာမည် ဖြစ်၏။ ထိုအခါ လောက၌ ဒု,.T. .T Tmnorhmt.. T eaေ aua 2a.
လေ,လေ
စစ်,စစ်
"ဖြစ်သည်။ ""အခမ်းအနားမှာတုန်းက လူတွေက",၉လမ္ှိမ.လစ်းအနားစားာစ်ကာ TMna-
ဖြတ်,ဖြတ်
၏။ မက္ကဆီကို ကို စပိန် ဖဲင်နီ သူ့ခန္ဓာကိုယ် အလှပျက်ယွင်းစပြုနေသည်,T.-TatTm T Tme ma aaraua ayasu aga.g
ကို အလယ်က ထက်ဝက်ခြမ်း,ကီ အလယ်က ထလခံအ္ဝး
ဆိုခဲ့သည်။ သမ္မာကျမ်းစာကို အသုံး,နနပလွိ်။ သနာကThmnt --T.
င့်,င့်
နေတာ၊ ရောင်ဘန်ရွာ (အင်္ဂလိပ်: Yawngbang)သည် ရှမ်းပြည်နယ် (မြောက်)၊ ပလောင် ကိုယ်ပိုင်အုပ်ချုပ်ခွင့်,..T.T.Trmnt aeactat.aaaag:
ဖေ,ဖေ
ရာ ကျွန်မတို့အပေါ်မှာ ကျေးဇူးတွေ အရမ်း များနေပြီ,C.agaia aray ernpa mn.TTT၆
ရာတွင် လိမ့်၍ကျလေပြီဟု ခန့်မှန်းသိရှိရသော်လည်း ထွက်ပြီးဆင်းမသွားဝံ့၊ ဆင်းသွားခါမှ ဖွပ်သည်ထက် ညစ်,TTf TPhehmrarnGီ: ThGrhm eerdmသိဲ ရကဉလပtaေtiမ aka ay gauagaa ခ
လဲ ကလေးအသက် ဘယ်လောက်,လ ကလလ:အarm.ausoiag
မအေးပေး,မအေးပေး
သဖြင့် စိတ်ပျက်စွာဖြင့် မာရ်နတ်ထွက်ခွါသွားရပုံကို ဟောတော်မူသည့်သုတ်။ အဘွားရော ... ဆေးရုံလိုက်သွားလား ရှေးခေတ်တရုတ်,. .C.amaern. .
ဟားရယ်၏။ 32. Lords of the Sunset. ဒါပေမယ့် ကျွန်တော်ဘာမှမပြောမိ...။ ဒီအတိုင်းလေးပဲ အသက်ကိုထိန်းရှူရင်း ဖုန်းကိုနားမှာကပ်ထားမိသည်။ သို့သော် အချိန်အ,.ဘaa u .. u.a. a gacpgtate Tmrprmn: mrtcrdhed: ChTerTrtntch:TPmrn.T.
၊,၊
ဥ,င
ဇဂြိုဟ်သို့,ဝြိုယ်အို့
"တာ လွယ်တာ မဟုတ်ဘူး"" နောက် ဒီအလုပ်လုပ်စားရင် ရှင် မသေ","တာ လွယ်တာ မဟုတ်ဘူး"" နောက် ဒီအလှုပ်းလှုပ်စေားရင် ရှင် မစသ"
ကွဲ,ကွဲ
အ,အ
မြက်ရင်း သွေး,ခက်ရင်း သွေး
င့်,င့်
အင်ဂျင်ကို အကန့်အသတ်ဖြင့် ခုတ်ရခြင်း၊ လွယ်လင့်တကူ အရေးပေါ်လုပ် ခတ်တက်က,အ၁၉ဒအရဲ့ အန့အေအနခဲ နရတါမပစ်။ geremng: mာnmanmnTae၆ TmrThT
တွေကို တော်တော်ကျွမ်းကျင်,ွေဂုံ တော်တော်ကူပါးဂပဂ္
ခြင်း,ခြင်း
စံဖြိုး,စံဖြိုး
၄၆ ခုနှစ်,၄၆ ခုနှစ်
ပွဲကြီးနှင့် သာသနာနှစ် ၂၅၀၀ ပြည့် အထိမ်းအမှတ် အောင်ပွဲသဘင်ကြီးကို ၁၉၅၆ ခုနှစ် မေလ ၂၂ ရက်မှ,ငသ:T. T2 2၁n မီအဲ omahtaer) အေးeံ)ဲလမ၉g)ကု ၁၉ နမ ue.၂. pag
ခါ,ခါ
ကွေ့တဲ့။ ကျွန်မဘဝမှာ အချိုးအကွေ့တွေ တော်တော်များပါသည်။ ဘယ်အချိုးအကွေ့က အရေးပါ,ကွေတဲ့။ ကျွန်မဘငမှာ အချိုးအတွ္တေတွေ တော်တော်များပါသည်။ ဘယ်အချိုးအစက္က္က အရေးပါ
ရွာတွင်,ရွာတွင်
အမြဲရှိတယ်၊ ကင်,အပြဲရိတယ်၊ ကစ်
၊ဟူံ အစရှိသော စကားလုံးများမှာ တန်ခိုးစွမ်းအား ကိန်းအောင်းနေသော စာလုံးများ ဖြစ်ပြီး မန္တရားများတွင် ထည့်သွင်းအသုံးပြုကြသည်။ မဏိ ဟူသည်မှာ ပတ္တမြားကို ဆို,. .T.TmrmTmtae atg.a.
များကို Tanai MMR001004017 Ta Ron တရုံ ဟူ၍ ဖြစ်လေ၏။ ကိုသန်းတင်တို့လူစု၊ အထက်တန်း ကျောင်းသား အတော်များများနှင့် မြန်မာဘာသာ ကျောင်းသားများ၊ အရပ်သူ အရပ်သား အချို့၏အ,. . .
အမိန့်ရထားကြောင်း၊ အကယ် ၍ မနာခံလျှင် မြင်းများကို လှည်းမှ အတင်းဝင်ရောက်ဖြုတ် ယူရလိမ့်မည်ဖြစ်ကြောင်းဖြင့် လူတစ်ယောက်ကိုစေလွှတ် ၍ အပြောခိုင်းလိုက်,. Lan atThnr.
ကာ၊,ကာ၊
ခိုလှေများအကြောင်းကို ကြားဖူးသည် သည်စက်လှေများ,TmhnhTmrင်အrhm ထးpaag့ gags.
၊ မသွားဘူးလား၊ ဒါပဲပြော ၆၄-ပါးသော ဣန္ဒြေတရား ဒေါ်ခင်မြသစ်သည် ကိုမြင့်ထူး၏ဝတ်ရုံကြီးကိုသိမ်းကျုံး,TmtTo.. Thden TharthTmn သအtခဲကrmn ahahuuakatgy -pyaaag အaခ ဘ့္
တို့,တို့
ငယ်,ငယ်
အရ ထုံးတောင်ကျေးရွာအုပ်စုတွင် ကျား ၂၃၁၀ ဦး၊ မ ၂၆၈၀,"TThmrnormhat, a. . .."
မှ ၁၉၉၁ ခုနှစ်၊ ဒီဇင်ဘာလ ၂ဝ ရက်နေ့တွင် ကြေ,- THea: TphTeroc . prdag ၁g
၊ ဝေဟင်ပေါ်ပျံ,၊ ဆေတင်ဖေ်ဖျု
၀ဖြစ်စဉ်,ဝဖြစ်စဉ်
သကြားနှင့် ဆန်ကို ပေါပေါ ဝယ်နေရသည့် အိမ်ရှင်မများက ဘုရားသိ,ညှ၁a အနa u aerpaဲ ThThTmnT.T.Tး
သည်။ ဤမျှလောက် အချိန်အတွင်း,၁.ယီ။ ၁ဒ၆မ္၅ဏလောက်. အရျိနံးဆတွေစံး
ပါကညော ထန်းရည်တစ်ခွက် ကိုထည့်ပြီး ခပ်မြန်မြန်ဂလုချလိုက်တယ်။ ဟုတ်တယ်လေ။ ဒီလောက်တောင် ဆေးဖက်ဝင်နေမှတော့ ဘာမဂလုစရာရှိ,.a2. aagagaen pagt uagasahaeyprehrhaean oararhmr Tmrhrn:TmrhGrorhntTmt:.TrTmrnဩး
လမ်းမြို့ဖြစ်သည်,လမ်းမြို့ဖြစ်သည်
မွှေး,မွှေး
မှတ်ရမိသည်။ ညနေ ၆ နာရီတွင် စထရင်းဟိုတယ်လ်မှာ ညစာ စားပွဲရှိသည်။ ဂျူးလူမျိုးတို့အတွက်ကား ကြားနေမည်ဟု,အ္်TThTmrnhTmrmrerata amraracrသeယ.u.
၅၆,၅၆
ယတ္တိသာသနာ့ဗိမာန်ကြီးတို့၊ သကျသီဟ၊ အိမ်တော်ရာ၊ မဟာမုနိနဲ့ သာသနာ့တက္ကသိုလ်တို့ ရွှေနန်းတော်ကျောင်းတို့လို အ,ပယတ္တှိသာသနာငစိမာန်ကြီးတို့၊ သကျုသီဟား၊ အိမ်တော်ရား၊ မဟာမှနိနဲ့ သာသနှာတတ္တုသိုလ်တို့ ရှေှန်းတော်ကျောင်းတို့လို အ
ထောင် မြန်မာနိုင်ငံအသင်းသည် ၁၉၆၀ နွေရာသီ အိုလံပစ်ပြိုင်ပွဲသို့ ဝင်ရောက်ယှဉ်ပြိုင်ခဲ့သည်,.. Tmt TmhmTmn eေeasa .a၁...
မသိဘူး သူက နုံး,။သိဘူ၊ ဒွာဒနေ၊
ဝင်ရောက်ယှဉ်ပြိုင်,ဝင်ရရာက်ယဉ်ပြိုင်
စုပေါင်း ဒေါ်လာ,စုပပါစ်း စငါအာ
ယောက်စလုံး မသင်္ကာစရာ တစ်ခုခု တွေ့ လို့ ရန်သူ့နောက်ကို လိုက်သွားကြတာ ဖြစ်ရမယ် တစ်စကို ကာဗွန်တုံးနှင့် ဆက်ထား၍ ကျန်တစ်စ,. .T.T.u:Tmrt .T artga.a.
၀(ခ) အရ နေအိမ်တွင် တားဆီးမိန့်ထုတ်ပြန်,Tm: m: Tmhot eusaag့ag
တေနှင့် ခေတ်မြန်မာမဂ္ဂဇင်း,TT-၈) အaေလဲမဲeuga.
မှလာ၍ ဦးအောင်မြခိုင်အကြောင်း လာမေးနေခြင်း သည် ၄င်းအသတ်ခံရသောကိစ္စနှင့် ပတ်သက်၍,မှလာ၍ ဦးအောင်မြခိုင်အကြောင်း လာမေးနေခြင်း သည် ၎ွင်းအသတ်ခံရသောက်ိစွနှင် ပတ်သက်၍
တယ်။ တဲ,တယ်၊ က
စာ,စ
လို လုပ်,၀ -၉
မီး,မီး
ဖြေသည်။,မံသတ္တံ
နှစ်,နှစ်
အိတ်ဆိုရင်လည်း စုတ်,အီဆံဆုံရင်လည်၊ (၆
ညီ,ဒီ
မျိုး,ခဲ့)၊
ရေးဆုံ,ရေမ
ခြေအနေပေါ်၌လည်း တည်၏။ ဇေ,T၆apen၃့mအဆ: -ဆe. ၁
များထဲ,များဆံ
ဂန္ဒီကို ဘာမှပြန်မပြော,TMhM အaှုဆဲhern
ပုသိမ်မြို့သည် ၁၂ စ,မုအံခွှမဖှိီ -၂-
က,က
လွတ်တစ်ရွက်,လူေလံတစ်ခွက်
ပါတယ်,ပါဏးပ
သန်း,သနံး
အသိ,လသံ
၈) ကြင်နာသူနှစ်ဦး ဆုံနိုင်ရင် (၁၉၉၇) ဟား ကောင်းပါတယ်။ အများကြီးကို ကောင်း,၈၊ ကြင်နှားသူနှစ်ဦီ၊ ကို စီးရင် (၁၉၄၀၅- ဟကား PmrTfးဂ၆္ဏယ်။ အများပြီးီ TTmoh
နေရာ ဆေးရုံမှ ကျန်းမာလာသည်,နေရမ မဆးရဲမ P၆္Tmnာသည့်
တစ်ခုကို ဆိုခဲ့သည်။ ကမ္ဗလဿ တ,aypa aaai.TmrT -
မှာသန်းခေါင်ထက်နက်တာ မရှိပေမယ့် အပါယ် ငရဲကတော့,Crrcrmmrmn aေae mhTT၁
င့် တွေ့ဆုံ၍ အ,ငံ တွေလမှဲ အ
မင်းမြတ်,မပံ ပြဆံ
သည်။ ဂျာနယ်လစ်များက,Cagi gadkeorhern
တစ်လုံးနှင့် ထိုင်နေ၏။ ဦးလေးသည်,.aa၂: autanh: နo.-.ဆ
ရန်သူ့တပ်မှူးတစ်ဦး၏,ရန်သှတပ်မုူးတာ်ဦး
လက်,လဏံ
"တာ လွယ်တာ မဟုတ်ဘူး"" နောက် ဒီအလုပ်လုပ်စားရင် ရှင် မသေ",Top လeါrကာ Tmror:hn. aen ဆုခံayhကmn e ှ a.
၅၆,၃၆
ဆက်သွယ်စုံ,ဆက်ယူယ်နု့
ပြီး ဂတ်စတာပိုအ,၆.၀တောဂိအ
ဘ,အ
ဆောင်မှု ပေးနိုင်ခဲ့,Taey uနဲခ
နောင်တဆိုတာ နောင်မှ ရတတ်သကိုး။ ရပ်ရေးရွာရေးကလည်း ဖြစ်ပြန်,caCaa. aerhy emradkcetl ayeauterntT-:.း ဲ(ပခံ
သည်။ အတွေ့လေးရယ်မှ အိုအကြုံ (၁၉၉,":T arndB te,. g"
လာ(ပြာ) သူသည် ဓားကို,လာစ္။ ယှသထိ့ -းဂီ
ဘာလုပ်,အမုခဲ
စ,၈
င့် နည်းပညာ အဖွဲ့အစည်း အသင်းဝင်များ နှင့် ဈေးကွက်အတွင်းမှ အကျိုးတူ,TThehner-Thmm. mrnaamaa arotaeiu.ene
ခြင်းလျှင်၊ တန်ဆာဆင်၏၊ နှုတ်မင်္ဂလာ၊ စကားမှာကား၊ အသာ,ဖြင်းလျှစ်း တန်ဆားရဂ်၏၊ နှတ်မင်လော၊ စကေား နှားဏ. .အသာ
သေတ္တာကို မရဲတ,ငေစ္တစဖရုံ ရံတ
ခန်းထဲမှ ဂျရတ်ကတ်ရှနာ ထွက်လာခဲ့လိုက်သည်။ မော,Caa amrnhm mrhtaernd.
၏။ ထိုအခါ မိုးရေခံသင်္ကန်းသည် ဆွေးမြေ့သည့်အခါ အဝတ်မဆီးဘဲ ကိုယ်ကို မိုးစွတ်,အ.aa.areauag ahrmdrmrTmrhT.T.T
သားများ၏,Teysအ
နောက်ဆုံးတွင် ကြယ်ပုနက် (black dwarf) အဖြစ် မှေးမှိန်သွားမည်ဖြစ်သည်။ နေနှင့် အနီးဆုံးကြယ်မှာ ပရိုဆီ,နေမနေတွင် C၏ါပုစက် euau anက အြစ နေခုနဲ့တှာမှပြှြစ်သည်။ နေ့င့် နဲ့ နှပတယ်မာ (ဦီးီ
၁၆၁၄ ခုနှစ် အိုဆာကာမြို့ သိမ်းပိုက်ရေး အတွက် ကန,TPmn ae Tmrာrf၆. အီခံခုံa: အmnf -ကa
မင်းပြုတော်မူ၏။ သန်,မင်းမြုတော်မူဏ်း အနီ
တွင်,အူစ်
ကိုဒေါင်းစိန်,ဂဲhkha
သည်၊ မေထုန်လက်ဖျား၊ စမ္ပယ်နားလျက်,2g2.aအaံrhern aguas.gs
ပါတယ်။ ဒါ,Me
မှန်,မစ်
၍ ခုတင်ဘက်ကိုမခေါ်၊ ဆိုဖာရှိရာ,၁ မတငပ်ဘာဏ်ဂကိကာက်၊ အီဟရှိုမှ
ပေ,မ
ယူ,ယူ
အမြင်ကို လိုက်နာသူများသည်,က ဥဲစံဘု့ ရှီး နစာayurnaံ
သည်။ ဤမျှလောက် အချိန်အတွင်း,"အaှ. aorordf ThTmh,:"
တောင်ယွန်းယွန်းက စာ,တောပ်မွန်းယွန်း -
နောက်သို့,နောဏ်ဆို့
ခြင်း,၆။
၊,၊
တွေ အများကြီးပါလား၊ ငါ,အလွ aမှား(ီးunmn: T
ပြီး တိုက်ခိုက်ကာ,၍း၊ နခနဲဆံအ
ခုတစ်,ခုဟခဲ
ကျဉ်းကျဉ်းလေးပါ၊ မေးဖန်များစကား,.၁ှ aaeanr Tmrhermrn:
နွေးဓာတ်,Mg.aa
သည့် ခွေးအများကို ထပ်မံပစ်ခတ်ပြန်၏။ ကျည်ဆံတိုင်းပင် ခွေးအများကို ထိမှန်လေရာ နောက်ဆုံးတွင် ရှင်းလင်းသွားလေသည်။ 'ဪ,a.ane aeuaga neadrmnrhi a auaer: Thnhmae ard:Thothnar:.ငး
နေအထိ အဖြစ်အပျက်များ,Tma အaဲံhmenhee
ပုံ ရ၏။ ထို,ဖဲ့စခ) နှ
ရှိသည်ဖြင့် အသုံးပြု,Payya အau
မလာသေး,မယးလး
ပြု၍ ပထမသင်္ဂါယနာတင်,2၉.fmrnီ
ပြန်လည်ကြီးပွားလာခြင်းကို မရှုဆိတ်ကြချေ။ ကားသေ့တို့၏ ရန်ကိုလည်း ကြောက်ရွံ့ လျက်ပင် ရှိကြသေးသည်။,၆PnhmadthamrTTmahautaie mrnhm aaag aေrnta aa g္တှormag.း
ဒါပေမဲ့,၁)
ထောက်အ,ဆောကံအ
ယက်နမ် နယ်ချဲ့,လလn)မဲနှပခဲု
ထောင်သူလည်း,လေးခံမူ့ပညှီး
"ဖြစ်သည်။ ""အခမ်းအနားမှာတုန်းက လူတွေက",ဖြစ်ယသည်။ -အစါးn-၁န်က လူတွေက
အယ်လ်ဂျီးရီးယန်း,အယါပချံးရုယခ်
လည်းကောင်း၊ မြေ,myhesa) ခဲ
သီး၏ မျက်မှောက်ဘ၀ အတွေ့အကြုံများကို,a oarntTm..Tmneaetyernh:
လမ်းမြို့ဖြစ်သည်,လစ်မျိ့ဖြစိသည့်
ရွာစုကလေး ဖြစ်ပေသည်။ လယ်သမား၊ ဈေးသည်များ,န စကစေး ပh-)ဆီ၊ လယ်ယမာ၊ စေးကသနံများ
ဆောင်,ဆောပ်
ခုနှစ်ရက်သားသမီးများနှင့် ပူးပေါင်းပြီး အထက်ဌာပနာ ထည့်သွင်း,"...arnt eaee rnt..T,."
အ,အ
င့်,ငဲ့
တို့,လုံ့
ပါကညော ထန်းရည်တစ်ခွက် ကိုထည့်ပြီး ခပ်မြန်မြန်ဂလုချလိုက်တယ်။ ဟုတ်တယ်လေ။ ဒီလောက်တောင် ဆေးဖက်ဝင်နေမှတော့ ဘာမဂလုစရာရှိ,.
လုံးပြူးသေနတ်ကို ခါးပါတ်,ခဲရုှယမလီး( Thohက)
သဘောထားကို သပိတ်ကော်မတီကို အကြောင်းကြားချင်လို့ပါ။ ကိုရင်က သပိတ်ကော်မတီဝင်ဆို၊ လုပ်ခ,Trn:ThdnTmnhm aေtdanmhtau.ausi asiTorhaesua.aa:
ကြီးအ,ကြီးသ
ကျရောက်နိုင်အောင် လည်းကောင်း၊ ပျောက်ကင်း ချမ်းသာစေရန်လည်းကောင်း အသုံးပြု၏။ အဆိုးဆုံးကကိုတိုးကြီးဖြစ်,..
ပေါက်,ပေဏ
ချင်း,ခုခံ
ဆောင်,s၈ne
မွှေး,၁ှ
လောက် ကတော့ ဝက်ဝံတစ်ကောင်က အသာလေးလှဲချပစ်နိုင်တယ်လို့လည်း ပြောပြခဲ့ပါတယ်။ ဒါပေမဲ့ သူကတော့ တစ်လက်,. . act.
င့်လှုပ်ရတော့သည်။ နေစမ်းပါဦး,MCaorts-rmhts:း
ချို့,ခုံ
များကို Tanai MMR001004017 Ta Ron တရုံ ဟူ၍ ဖြစ်လေ၏။ ကိုသန်းတင်တို့လူစု၊ အထက်တန်း ကျောင်းသား အတော်များများနှင့် မြန်မာဘာသာ ကျောင်းသားများ၊ အရပ်သူ အရပ်သား အချို့၏အ,"မှာမဟို့ ၉မ) ဂီပ၆ိမပါ်ပ်ကီပက် ""မ၊ (၆မ တခသ ဟတ္၍ ပြ၏် ကာ၁၏။ ကိုသိုးတေါတို့လှစး အာက်တာန်း။ ကျ္မေပါ်းလေား အစေက်(၈ာ(နာမှနေါ မြိနိဲတဘာသာ အmanင်းသာမနော၊ တရပ်သူ အးစ်-) ဘတရို ဆံ့ဆး"
ကို အဖေမပေါ်တဲ့အဖြစ်,ကို အပေပေါ် ာဲးပြ၆်ဂ
ရိုးမီးများ ဝါးမျိုလို့ မြတောင် ရွှေကျောင်းတော်ကြီးတို့လိုအဆောက်အဦးကြီးတွေ ကြည့်စရာမရှိတော့တဲ့အချိန်မှာ ရှားပါးနေပြီဖြစ်တဲ့ မဟာမုနိအရှေ့မုခ်ကျွန်းသားပြာသာဒ်,. . . . .
ပဲခူးတိုင်းဒေသကြီး (အနောက်)၊ ပြည်ခရိုင်၊ ပေါက်ခေါင်းမြို့နယ်၊ ကြူဝတ်ကျေးရွာအုပ်စု၌ တည်ရှိသည်။ ရွာနေရာကုတ်မှာ ၁,မပွ့ အု့ayo၅း ၁aeောဏn) ဤ၁နှံ် းပေါက်စါးမြို့ပေ. တ္မတ်ကေ၊ စာအုပ်မှ အလရံလယ့်။ ၉ာ၀နေရာအူaော .
မာသောကျောက်စာအထောက်အထားများမတွေ့ရှိရသေးပါ။) သာသနာ,ThTrnrhTmrThagaernးအစ်လယ.
ခါ,ခါ
အမြဲရှိတယ်၊ ကင်,အမဲရိတယ် ကစ်
ခ,စ
လွှတ်တော်မှ ဖွဲ့စည်းပေးထားသည်,aaa ershrhrmrn၏
မခွဲ,မှ့
င့်သည် ။ ၎င်းသူမတို့ကို ဟေဂျားဘ်ခြုံမှုမခြုံမှုတွင် လွပ်လပ်စွာရွေးချယ်ပိုင်ခွင့်ပေးသင့်သည်ဟုဖြစ်သည်။ ထို့အတွက်ကြောင့် ထို,TThTGrmrnterdrThmaera.a.a. ag.
မောက်များနှင့် ပုံစံမတူ,အောလံမှာနစ်ခဲ(Tne
တိုက်မ အထက်ရှိ ပစ္စယာဆင့်များတွင် ပုံစံအမျိုးမျိုး အကွက်အမျိုးမျိုး ဖော်ထားသည့် စဉ့်သုတ်စိန်တန်းများဖြင့် တန်,u.amagsa uahnmnmarnridTrn.T..
မူ,မှ
ကို အလယ်က ထက်ဝက်ခြမ်း,အရု အယက ဘား(hဂ၆၏၆)
။https://www.anonymoustunisie.com/WebsiteofAnonymousTNဘယ်သူမှ တိတိ,Tornrhrr.u.ar.ယ..a. ag:
စုပေါင်း ဒေါ်လာ,Mhd aa
အခင်ကို လိုသမျှဖွင့်,အယ်ရု ရံသမူရဂ
၍,၍
ရမှ ပို၍ ဒေါသဖြစ်မိသည်။ ကိုဘခက်သည် သူ့ကို တမင်,နေ စှ အယ၃een၏- ကိံလဝင်လသှ၍ံ က်.-အဂ
မှ ကိုယ်ကျင့်သိက္ခာ ဖြူစင်မှလည်း အခြားသူတို့ဘက်က ကိုယ်ကျင့်သိက္ခာ ဖြူစင်လာမည် ဖြစ်၏။ ထိုအခါ လောက၌ ဒု,"၊ aCaanuatauag auaehmrhm TaypartdhrhnrmrdTan:T. ""."
င့်ဝန်,စ်ဝနံ
ည့် သူတောင်းစားတွေ ပြန်ပေါ်လာကြသည်။ သူငယ်ကလေးများသည် နှင်းပန်းစိမ်းစိမ်းများကို ရောင်း,ည့် သူ့မောင်းစားဗကု ပြစ်ပေါပယဒ္ကြဲသသည်။ ၁န-၀င်ဏလေးမှာ့) သည် နင်းပင်ဂးရိစ်းမှာဟဆု ရာင်း
ထွက်လာသည့် ခိုးဝင်,araag ခT
ပီး နောက်တစ်ခုကတော့ ကိုးရိုးကားရားမဖြစ်အောင် အာရုံမ,Pီ: aerstaheorn .1 eံtataagaost ores
ဏခဏ မေးသည်။ ကျောင်းဆင်းသောအခါ ကျော်စွာတို့သည် ပူနှိပ်တို့အိမ် ဘက်သို့ သွားရလေသည်။ ကယားလူမျိုးစုဒီမိုကရေစီပါတီ နှင့် လူမျိုးပေါင်းစုံဒီမိုကရေစီ,..TPmrn.T7.
boththe,ပeေyehe
ခဲ့သူဖြစ်ပြီး ပန်းချီဉာဏ်သစ်လောင်းသင်တန်းများ ဖွ,Tena ThPeတrhmrhaesaေsaaa y
ဘိ,အိ
အလွန်,အမူ့
ကို လက်ခံတဲ့စိတ်ဖြစ်တယ်။ အာရုံကို လမ်းဖွင့်ပေးတဲ့စိတ်နဲ့ အာရုံကို လက်ခံတဲ့စိတ် ဒီစိတ်နှစ်ခုကြားမှာ မြင်သိစိတ် ကြားသိစိတ် နံ,""".T.TဘmTmmrhn.marcuscaယ."
ပြီ၊ ကောင်းပြီ။ ကျွန်,ခ့ အagဲ: -T
ကျယ်,ကူယါ
၏။ မက္ကဆီကို ကို စပိန် ဖဲင်နီ သူ့ခန္ဓာကိုယ် အလှပျက်ယွင်းစပြုနေသည်,T.TmomhT Th T1 asa aern at2.g
တော် ပါတဲ့ ရွှေရှူဆေးဘူးချီးမြှင့်ခံရတဲ့ကိစ္စဟာ အမှုတော်ထမ် ကောင်းတဲ့အတွက် ဘွဲ့ထူးဂုဏ်ထူးချီးမြှင့်ခံရ,TThanrarnr. mrtau.mmrnea. .2.aagယ.
က ရှည်ကော့ပြီး မျက်ဝန်း,m aoaopt antdk.
ဒစာစောင် ရေးသားပြီးနောက် တနှစ်အကြာတွင် ရေးသား,Tmr: Tmn.Thorn aag.a:..
သက်ရှစ်ဆယ်လောက်ရှိတဲ့ ဘကြီးမိုးတောင် တောင်ပေါ်မှာ ရှိနေတာပဲ ချောင်းမမွေတော်စေတီတော် ဘုန်းကြီးက ဒကာမကြီးကို ဘာတောင်းဖို့ အကြံပေးခဲ့လဲ။ ဟို အဲ ဒေသကို,လအိဲနှခဲ့တယ်၏ေားဂီ ဦီကဲ တ ကြီး ှိးတောင် mrnီn၈မာ ရှီမနေအာခံ စောက်(-ခ -တာင်ဖစေဒေါတော်း အုန်းစ်သီး - -ကာမဋ္တီးဟတု တာ၏ဏားဂ။း ဦီ စကြပေးနဲ့ဆဲါ။ ဟို - -Tအ-ကို
။ စာရေးဆရာ မောင်ဝံသ ပဲခူးတိုင်း၊ ဝေါမြို့နယ်၊ မြစ်ကျိုးကျေးရွာတွင် မွေး,။ ေမေးအရာ ၈ာက်ဂn ၁ စူးလုစ်၊ ပေပမြနှပါ။ ပဏးဂဦး ကျေစရျာဘူခဲ. မွူး
မကြွားမိအောင် ဂရုစိုက်သော် လည်း စာအုပ်အကြောင်းနှင့် ပတ်သက်ပြီး စကားပြော ရလျှင် မျက်လုံးအရောင် မတောက်ဘဲ၊ အသံထက်မြက် မလာဘဲ မနေ,၊. . . . .
ကြည့်,ကဉ်
ဖြစ်တယ်လို့ပဲပြောပါမယ် နန်းကိန္နရီသည် ကားကို ပါ,PThrhnhrtr Ttaေ.အ မ
"ခဲ့လို့လဲ၊ ဘာဖြစ်လို့ ဒီလိုဖြစ်ရတာလဲ။ ဘာဖြစ်လို့လဲInjangyangMMR001003022HkanDaukYangခန်ဒေါက်ယန် ""မအေဘေး ခုကျတော့ စတိုင်တယ်",. .T. .m.ဘrmra.
င့် အကြိမ်ကြိမ် တားမြစ်ကြသော်လည်း မိမိ အဆွေခင်ပွန်းကို စွန့်ပယ်ခြင်း မရှိလေ၏။ ဦးမြသန်းက ငြိမ်,Tort.2T2. a a mnsn a.2.a .၂
ကလေးများ အိမ်မှာ,ကလေးမူာ၊. အမံနရာ
ငံတော်,ငံတော်
သော အကြောင်းအရာများမှာ သာမန်လူတစ်ယောက်အနေဖြင့် လွယ်လွယ်နှင့် မသိရှိနိုင်သော သူမ၏ အတွင်းရေးများသာ ဖြစ်သည်။ တစ်ဦးတစ်ယောက်က သူမအား ချောင်းမြောင်း,".""."
ခရိုင်,နန့း
များမူကား ဘာမှန်းမသိရှာ,aာugyra. ဘာeခံrmhe
ရတယ်။ နောက်တော့ နုရီအဖေက သတင်းသဲ့သဲ့ ကြားတာနဲ့ နုရီကို အမြဲလာကြိုတော့,..ao ea.aotTotcrntmhT -t.
နလုပ်ငန်း၏ အဆင့်တစ်ဆင့်အောင် မြင်သည်ဆိုသော သတင်းပင်ဖြစ်ပါသည်။ ယခင်က သစ်ပင်တို့၌,. .am.atarnrTmrnratn..T.
မွှေးနေသည်။ နေဦး,အှးနေဆူရှဲ စေချီး
၊ မသွားဘူးလား၊ ဒါပဲပြော ၆၄-ပါးသော ဣန္ဒြေတရား ဒေါ်ခင်မြသစ်သည် ကိုမြင့်ထူး၏ဝတ်ရုံကြီးကိုသိမ်းကျုံး,T..T Tm mrtrt.Thaua ateatgှ့.
ဖြစ်,၆ခ
ရှိခြင်း ဖြစ်သည်။ ကန်၏ အပူ,"နဲ့ှ yauai.-:1T.T1,."
ဖြစ်၏။ ထိုအချိန်တွင် ကျုပ်၏ ခေါင်းထဲ၌ အလင်းရောင် ဖြာလက် သွားလေသည်။ ထို့နောက် ပိတ်သည်းနေသော အမှောက်တိုက်ကြီးသည်,Thnr:TmrdT.Tmt e mrTmr: ernt a.aet Tmn .ag.a ayg.g
သနဝိဇ္ဇော,သနစ်စွစာ
လဲ ကလေးအသက် ဘယ်လောက်,b. aerက် rhmအာက်
ရပြီး တညင် ကျောက်,MM လy amyprnh
Gyi(TaungKanGyi)ကန်ကြီး (တောင်ကန်ကြီး) ၁၉၆၀တွင် သမ္မတရာထူးအတွက် ယှဉ်ပြိုင်ခဲ့သော်လည်း ဒီမိုကရက်တစ်ပါတီမှ သမ္မ,... mT. marn.T.
နိုင်သည်။ ကမ်းရိုးတန်းနိုင်ငံများသည် ကမ်းလွန် ပင်လယ်ရေတိမ်ပိုင်းတွင် သယံဇာတပစ္စည်းများ ရှာဖွေ တူးဖော် ရန် အ,ယ. aui augu . a ararntau a aurtTdTm. u nt.
ကျော်,လျေ့ခံ
။ ကျွန်တော် ဆိုးခဲ့ ရမ်းခဲ့ တယ်။ ဘာမှအဆင့်မမီတဲ့ ရွာသာသာ,.gu.a a e: maeu ardThT Trn
ပါဘူး။ ကျောင်းထိုင်ဆရာတော်အဖြစ်ဖြင့် ဦးစိန္တာသည် စာပေပရိယတ္တိကို သင်ကြား,၊Than mrhTmThmrhagyaga 2larnဆ meus.ga uasg:
လောက်ဖြစ်သည်။ သို့ရာတွင် အလွန်ကြီးမားသော နှုတ်ခမ်း,ThrcrTdhnTmrnt ayag.aer aaes:
သို့မတင်ပဲ ကုလားဖြူရပ် ကွက်ရှိ ကုန်လှောင်ရုံ၌သာ ထားသည်။ သင်းတို့ ခဲယမ်းလက်နက်သင်္ဘောကို ယခင်က ရန်ကုန်ဆိပ်ကမ်း,.T:. . .m.-.
ဒယ်များ,ငေါ်မှာ
ပါးကိုသော်လည်းကောင်း ဉာဏ်ဖြင့် အစဉ်,TTmrhlTahrhl atgag
ဆုံ,ဆုံ
ခါ အောက်ခံ ဝတ်စုံနဲ့ တင်းတင်းစည်းထား,aoa amrnt ThTmrhTaeirmn:.
ဆုံး ဖြစ်၏။ ဤအခြေ,အဲ (aaa ၁nn၆
အတွင်း မြန်မာပြည်အနှံမှ,အအမ နှမဲ(me်၏ီoh
"usingthe(required!)INSEEcodeandasubtemplate.Thefields""region""and""department""arenolongerused.ဝေါလစ်နှင့်ဖူကျူးနား 90 days စေတော်မူ",. Tm. .a.
တူတူစား,သူဖအ၊
ချယ်ခဲ့သည်။ ကိန်းကဏန်းများဖြစ်,ယ်ိုယန်ံ၊ ကိစ်းဏဏန၆းမားလြံနဲ့
လာသည် ဆိုတဲ့ ဇာတ်လမ်းကို ပြောမှာပါ,.၁g ဆ့ဆဲ mrThmthnt agiernh)
ချက်,ချင်
ပေါင်းကို ခေါ်၍အရှင်တို့ ... သင်တို့သည် ငါမရှိသော်လည်း မပျင်းရိကြကုန်လင့်၊ ငါ ဆရာရသေ့ကြီးကိုဖူးမြောက်ပြီးလျှင် ဟိမဝန္တာသို့ ပြန်လာမည် ဟု,TTTTrmermrntTmrae nmraaratသသ.a၁
နှင့်ငါ စင်စစ် ပေါင်းဖော်ခြင်းဖြစ်တန်ရာ၏ ။ လက်ကလေးနှစ်ဖက်ကို ဖြန့်ကာ ဝန်းဝိုင်း,T.TomT.T: am.-.
လိုက်,လိုက်
တော့ အမောဆို့ပြီးသေတာ အတိုင်ဘက်က အကောင်ကြီး တစ်ကောင်ထဲရယ် ခင်ဗျ စစ္စတာဒေါ်,.
ပြီးခဲ့တဲ့ အ,၇၃၁ အ
လူသားဖွံ့ဖြိုးမှု ညွှန်းကိန်း (ထိုင်း)ကိုအသုံးပြု၍လူ့ဖွံ့ဖြိုးတိုးတက်မှုဆိုင်ရာတိုး,၁ ၁၂၉ွ္ဲမ aံ Kl): 2eul. agatahnadh:TrhThamth er:း
ပါတယ်၊ ကျုပ်ပါ ဟာ,ဒလယက္ူှharn
ကျယ် သွားကြသည်။ဒေါက်တာ အယ်လ,TTmh erocrnrcrhtha....
အောက်,အအက
စိတ်ဒဏ်ရာတွေရဲ့ ကြိုးကိုင်,"ရံလဲ.akaeoေg) စဒ။ ""ဂး"
ခြေအနေကို လိုက်လို့ ပြောင်းလဲလုပ်ကိုင်ကြရတာ,ငြေသနေက်ု ထလိုက်၏ီ ဂပြာင်းထဲလှပါးုံငကြေရတာဲ
ကျေးသီးမြို့နယ်၊ ဝမ်စပ်ကျေး,"aagaayMadh,Thmne"
ထောက်ထိုင်ချ လိုက်,-mာကလထမှ (n
၊ ဘုန်းကြီး .... ကျွန်တော် သဘောလဲ ခင်ဗျား သိရောပေါ့၊ အခု ကျွန်တော် လုပ်တာက,၊ ၂ 2. an. a .TmT .
တယ်။ ပြီးတော့ Keygen ထဲမှာ သွား Paste လုပ်၊ Generate Activation Code ကိုနှိပ်။ ထွက်လာတဲ့ Activation Code ကို,..Tr.
၁၂,၁၂
များ,မူး
တယ်,oး
ရတဲ့ ဘာသာရပ်မျိုး မဟုတ် ပါဘူး။ လင်္ကာတွေကို မဆန်းစစ်,sa ae -mn ahau aermrnT.Thက
ရတာပေါ့ဆရာ မ,ရလ၁ပ့အရာ မ
မှာ ပိုမာကြောရ,M 0tagyမ
လေ,eo
ဖုန်းနဲ့ နံပါတ်တစ်ခုကို ခေါ်လိုက်ပါတယ်။ ဆူနီဆာ ကာဝရွန်ဂရောင်း (၂၉ ဇန်နဝါရီ ၁၉၇၂ မွေးဖွားသည်) ထိုင်းနိုင်ငံမှ မာရသွန်ပြိုင်ပွဲဝင်,. .a. mt au. mn: . mnm.TT
သို့ဖြစ်၍ ဝါဖတ်ရင်း ယခုပြောသော မ,Tahty aaehd mrtyဲeas..
ဝမ်းလျှောခြင်း ဟုခေါ်သည်။ ကို ကျော်ဖြတ်လာခဲ့၍,ဝခါလှေးပြ်း (၀၀၆. ၀ည်။ ကို ကျွေ်ပြဲတ်လဟာခဲ့၍
မြို့နယ်၊ ထန်းဘုန်းတောကျေးရွာအုပ်စု တံတားဦးရွာ (အင်္ဂလိပ်: Tadaru)သည် စစ်ကိုင်းတိုင်းဒေသကြီး၊ ရွှေဘိုခရိုင်၊ ဝက်လက်မြို့နယ်၊ ကျီးပင်ကန်ကျေးရွာအုပ်စု၌ တည်ရှိသည်။ ရွာ,.
။ အခန်းလေး နှစ်ခန်းက တော့ သ,။aaခဲae ememT.Tmr.-
ဝန်,ဝန်
မသိဘူး သူက နုံး,နဒီးန၊ နှာ နံး
ရွက်ပင်,န0)ခ
ပျိုး ရူပဗေဒဖြင့် တိကျစွာ တွက်ချက်မရတော့သော ကိစ္စရပ်များကို နှိုင်း,T amrd Tm.amaarn Pyaga ၃i.:
လ,လ
န့်,နံ်
ပေး,လး
သေး,သေး
ဂျိမ,၇)
စီး,စီး
မှ အီရတ်တွင် ဆဒမ်အားဖယ်ရှားရန် အီရတ်ကို ၂၀၀၃၌ တိုက်ခိုက်ခဲ့သည်။ ယင်းတိုက်ခိုက်မှုတွင် အမေရိကန်သမ္မတ ဂျော့ဘုရှ်၊ ဗြိတိသျှဝန်ကြီးချုပ်,၊ Tmrhmt TTmnp anm- Tma Tmttauga: aTmrhntae: auan a a C2aay a
တွင်,တွင်
မြင်နေသူများမှာ,မှဝ်နမူမျှာမာ
ကျောက်တုံးကို,လွေ့အံနေးဂို
ခိုလှေများအကြောင်းကို ကြားဖူးသည် သည်စက်လှေများ,နံ့တေရာဟာပြော်းီ ်သားစေးသည့် ဘa၏ေးTmrnt-
အရ ထုံးတောင်ကျေးရွာအုပ်စုတွင် ကျား ၂၃၁၀ ဦး၊ မ ၂၆၈၀,အမ နှမဟာင်စား) စာအနုံခုစ္မခ အမ္ေ ၂၃၈ နံး မ ၂၆ခ
မှ ထုတ်လုပ်သည့် Kung Fu Panda (ကွန်ဖူး ဝက်ဝံ) တွင် မျောက်ဆရာကြီးအဖြစ် အသံအပိုင်းမှ သရုပ်ဆောင်ခဲ့သည်။ ထိုဇာတ်ကားတွင် အခြား ထင်ရှားကျော်ကြားသော ရုပ်ရှင်သရုပ်ဆောင်များဖြစ်သည့် Jack Black (,"မှု တွူဆံလယူပိသည် ThN -2 K. TNauneaမ တ္န်္ူ၊ ၏က္ဂ) ကွစ် မျောဏိဆမာကြီးအာပဂ် -အသံအဆိုလ်းမှ သမုလိစောဂါ စီးကမဦ်။ လိုမပေဝါီထားတွင် ၁၆၁း) အာင်မွားကျေံကြပားအေး ("" ခုစီသရဟိစဆောဝပီများပြစ်းအဆီ (ea. ohaeo) ("
ကား,ကး
ဆောင်ခဲ့သည်။ ယွင်းချက်,အအေခဲ့ လှ် ချ-ခက်
ထည့်သွင်းကာ၊ ခြေ-လက်ပြုလျက် အထပ်အထပ်ဖွင့်ဆိုထားသဖြင့် ကျယ်ဝန်းသော အ,ThthTmT.Thrmrhatahnmtaေ.Csa.
ဝ,၀
နေကြရ,နေကြမ
ရှိသည့် ရှင်း,ရိုသ့့ ရစါး
နား,နား
ဆီး,ဆံ.
ကွဲ,ကုံ
ကို လန်းဆတ် စေသည့် ဝိုင်,ကု ယနံဆောက် စားလည် ိုမီ
ည့်ပြင် အကြောင်း,ညုံပြဲ အဖ္ဏာ်၊
ထိုင်းအဆင့်ကိုမိခင်ဘာသာစကား (သို့) ဇာတိနီးပါးအဆင့်တွင်ကျွမ်းကျင်ကြသည်။ သူတို့,Tေsapahmrna at aoauThmrhrmhaဲhaytrnဆ.-T
ခုနှစ် ဩဂုတ်လ ၃,နန လ(ဏံလ -
အမှန်,အမခဲ့
မှ,။
၂၀၁၄ သန်းခေါင်စာရင်းအရ မကျီးကုန်းကျေးရွာအုပ်စုတွင်,Tm mahTmrhm ogsaraeoaegy
ဆေးလိပ်,mေးဏd
ယား ရောဂါစွဲကပ်သူ ဦးရေသည် နှစ်ဆ,C. aanr:Ta ertne mm
ရောက်,မေအ)
မန်စက်,မန်မေါ
ရက်လောက်လည်းရရော,ရက်လောကဲလူဉးရာp
culturesorracesintheirfictionaluniverses.Namesortitlesof,Tnrneaeaeraernrnhnmrnhueuau.u.aoa.saaaso.g.
စွမ်းတွေကို စက်ပစ္စည်းကိရိယာတွေက မြှ,စုစ်းတွေကို စက်(စဉ် ဂီဂီးဟာတွေဟ မြဲ
ကြောင်း,ကြောဝံ
လေ,စေ
ဟေး တဝါး,ဗေး၊ တငါ
ဝတီမင်းသား ရွှေဘိုသို့ထွက်ကာ အင်အားစု၍ ပုန်ကန်သည်။ ပုန်ကန်မှုအောင်မြင်သဖြင့် သာယာဝတီမင်း နန်းတက်သည်။ နန်းမတော်မယ်နု၊ မင်းသား,. . .T-mtT:T: atna. 2u.
ဦး,ပုံး
တို့ တည်းခိုကြသည့် ဟိုတယ် များနှင့် အ,.၂aeual Tmt ee -
မြင်းစ,မဲ့း ခ
ဇဂြိုဟ်သို့,လြိပဲအို
သို့ တက်,ဆု့ အ
ဖြတ်,ပဝ
သည့်အချက်ကို နားလည်သဘောပေါက် လက်ခံရန် လိုအပ်ခြင်း ဖြစ်သည်။ ကျွန်တော် ဆတ်,TT.Tmrn.Tmrn. al ua...
သာယာကုန်း - ပဲခူးခရိုင်၊ ကျောက်တံခါးမြို့နယ်၊ ကြာအင်းကုန်းကျေးရွာအုပ်စု၊ ပီကုတ်(220102)ChampionofKandawgyiDota,. .
၀,၀
ခရိုင်၊ ဖားကန့်မြို့နယ်၊,အရိဝ်၊ ဟာလုနံခိဲနေါ်း
တရှိန်ထိုးအောင်မြင်မှု နောက်ကွယ်မှာ အရေးပါတဲ့ တစ်ခုသော အင်အားတစ်ခုဟာ ပုန်းလျှိုးကွယ်,တာရှိနဲဆိီးကောင်ပြက် ..-ာကွယ်မှာ အရေးပါ်က T(2သာ အေဝေားတစ်၀ေn- (ဝ၆းလျီုးကွယ
မြို့နယ်၊ ထင်ပါကျိုင်းကျေးရွာ,၉ao. အahnheTmnee
အ,အ
တိ,တိ
၇ - ရွှေကော,၇. gann
မိုင်,နိုင
DaweiEducationDegreeCollege;,Thaeaeauseerpterareeog.
မှတ်ရမိသည်။ ညနေ ၆ နာရီတွင် စထရင်းဟိုတယ်လ်မှာ ညစာ စားပွဲရှိသည်။ ဂျူးလူမျိုးတို့အတွက်ကား ကြားနေမည်ဟု,.armormatp.T2.
မူလျှင် အရိပ်သည် ထိုအရိပ်ရှင်၏ နောက်သို့ အစဉ်,၂၂ au Thrdhn Ton နက၆း
တစ်ယောက်လောက်သာ အောက်,အခံယာကံစကာက်သာ ောဏရ
တာ,ထ
သုံးပြီး,ထုံးုီ၊း
နေ့လယ်,နေ့လယ်
ကျော် လေးမျက်နှာဂူ ဘုရား ရက်နေ့တွင် နိုင်ဂျီးရီးယားနိုင်ငံ ကက်,o.mree m aae hTTT
သို့ ပြန်ရောက်သော် ရိုမန်တစ် ဟာသ Finding Mr. Destiny ၌ ပွဲဦးထွက်လာရာ ကိုရီးယား၌ ရုံပေါ်မှမဆင်းသော ကား ဖြစ်ခဲ့သည်။ နတ်ဆိုတာ မဂဓဘာသာမှ နာထသဒ္ဒါကို အ,. . . .
လေးမ,လးးမ
ကော့,လေး
ဖေဖျားရဲ့။ အံ,မေမူးမု အ
ရှိ၏,မုံစ
၊ ငါက အခု ဒုန်ဝန်းမြို့စား ဖြစ်နေပြီမို့လား၊ ဆယ်မြူ ဆယ်မြူအသာလေး၊ ဟားဟားဟား ကဲလာလာ,။ ဝါးမ အခု ရု်ရန် ပိီား၊ ပကစ်နေပြသုယော ာnါ၆့်y -mre္စှaeaa erာnmnhTmn.လမသး
ထင်,လစ
ကားရိုက်ရန်အတွက် လားရှိူးသို့ ပြန်,ကာခရံတအခုဲံအက( ၁ားရုံ။ ု ၅ခု
၉ ဖြစ်သည်။ ၂၀၁၄ သန်းခေါင်စာရင်းအရ လွဲမွန်ကျေးရွာအုပ်စုတွင် ကျား ၁၅၃၁ ဦး၊ မ ၁၇၂၄ ဦး၊ လူဦးရေစုစုပေါင်း ၃၂၅,.m ma .
ကြာမီပင် ညိုမှိုင်း၏ ပီသပြတ်သားသောအသံ ပေါ်လာ၏။ ၃,၆ီnmT erfThehmhae aua.
နိုး,နိုး
နိုင်စွမ်းကို စံပြုထား,နိုခေါးဂု ပဲတား
။,။
တို့,တို့
အင်ဂျင်,တင်းမှဲ့
ယတ္တိသာသနာ့ဗိမာန်ကြီးတို့၊ သကျသီဟ၊ အိမ်တော်ရာ၊ မဟာမုနိနဲ့ သာသနာ့တက္ကသိုလ်တို့ ရွှေနန်းတော်ကျောင်းတို့လို အ,ပယတိယာယနှာဂီမာစ်ပြ်းကီး အကျာဝဟာ အိစ်တော်ကာ(း -၁က-၉ုရနဲ့ ဆောယနှာတဉာကဂီက်၏ကီ နေနနီးမော်ကျောင်ကျီးကို -
င့်အတွက်ပါလာ,ခံအူ့sပ
လား အဲ့ဒါဟာ ကျွန်တော့်,လ နaur -Tadn
လုပ်ရှင်၊ အ,အပါနခဲ အ
ဝသော အရိပ်အမြွက်များ,ယော အရံပါအခက်စား
သဘင်သို့ ဆောင်ယူ တော်မူသွားပါလျှင် အောင်မြင်,Cagraemaeuaနt mrdh
သော အင်္ဂါတို့နှင့် ညီညွတ်သူ ဖြစ်ရ၏။ ကျွန်တော် ရန်ကုန်,TT.ThTn Tmrha ua.a g
ပင်ကို,ဝငံးရုံ
ဆောက်အအုံကို ခေါင်းမော့ကြည့်ကာ ချီးကျူးပြောဆိုနေသည်။ ဟာ ပ,Tareaen Thmrauaှa aoyaptatheaag...
စခန်း၌ အမြောက်သံ တစ်ချက် ပေါ်လာသည်။,အခန်းခွဲ အaေကာ်T Theက်: uောသသှံ။း
ခဲ့သော,စဲ့သာ
မကောင်းရင် ဟိုကြလန်းသွားမှာ,.aah acrnthnarn
သီးများ တပ်၍ ထားသော,သီးမှလ တပ်၍ တားကာ
၊ဟူံ အစရှိသော စကားလုံးများမှာ တန်ခိုးစွမ်းအား ကိန်းအောင်းနေသော စာလုံးများ ဖြစ်ပြီး မန္တရားများတွင် ထည့်သွင်းအသုံးပြုကြသည်။ မဏိ ဟူသည်မှာ ပတ္တမြားကို ဆို,။ဟု့ အမှိသော့ Pာmn) ရှာna၀ တနဲခိုးစးအား ကဂိန်ကအာင်းနေလော စာလုံ(-( ပဂ်ပြီး မွှနရများတွင် အာသီး ူဂီးအသုံးမြုကြသည်။ (-. -၇အလည်မှာ ဖ္တပြားကို ဂီ
ည့်,ဝါ
ရိုင်၊ တွန်းဇံ,နဲံခံ အခဲခ
ပြုနိုင်။ လက်သစ်,မ်နရို်။ လက်ံသစ်
ညီ၊ လမ်းတော်ဖိုးတုတ် သည် တပည့်များအား,ညိီး ပေါးယောက္ျာက် အတည် ဗာလည့်ူှဒအေား
ပြုံး,ပိီး၊
ပီကင်းဂိ'ခွေးမျိုးနှင့်တကွ ငှက်ပစ်ထွက်ရာတွင် လိုက်လေ့ ထိုင်လေ မိန်းကလေး ဒီဇယ်အင်ဂျင်အ,.auaae.T..
"ဖောမီး (Anseriformes)"" အတွင်း ပါဝင်",Pာe: uerernrnri.mege. e၁ခ
မိခေလ၏,မစေအစ်
ဘုတ်လေး,အူနေအ
ဏလေး ငြိမ်,ကမေ စွစခံ
တူတူရယ် ဘယ်တော့မှ,Tepeharng
ကတံ ကရဏီ,က၀ -၁မအ
ကြောင့်ငါ့သမီးဝမ်းမှာလာမှီးသာပေါ့။ဖွားရက်ကလဆုတ်ဖွားရက်ထဲကျတော့ဆယ့်,-၆ယသာစ်ပါor်:TrhnhTrmthrcraul:aာrhmrnrmpacygaptaecryerscus
ဝံကြယ် မြေမှာ ခကြွေတဲ့ ခေတ် မဟုတ်ဘူး။ ပွမ်ပွမ်မြည်တဲ့,Too earmTmrdhn -m . ai uasaa ai
မြန်မာနိုင်ငံနဲ့ပတ်သက်လို့ ဆောင်ရွက်စရာ,ဝစံလရနံခနဲးကာကာကhT၆ maragag:
သကဲ့သို့ ဖြစ်သွားလေသလား,သကဲ့သို့ ဖြစ်သွားmာmnaenး
ဘူးသော ဖခင်၏,ဘူးမယ. ဝင်၏
ည့် ကိစ္စရပ်မှန်သမျှကို သိနိုင်ဆုံးသော အခြေအနေ,"P Tornonmr Tl,aေu. ၁ga၁"
စုမှမော်လမြိုင်အ,စုမုမော်လပျိုင်း
ခေါ်၍ တစ်ပြိုင်,ခေါ ္ွဲ အျူ၅း
၀(ခ) အရ နေအိမ်တွင် တားဆီးမိန့်ထုတ်ပြန်,TT:mmnhrmrtaasaty
ကို တစ်နေ့လုံး လိုက်ပြီး,ကို့အနေ့လူးကိုကမီး
နေရာ၌ နေရ သည့်,Uaag ae အလီ
"caseof#switch,averagepagecounts)",caaauataesi.atnenaoteecyaa
ကြားနေရင်းပင် ကြုံ ရင်းကြုံသလို ပြင်ပ စာပေလောကရှိ ဝတ္ထုများ၊ မဂ္ဂ,PTaorhiTTl TGheoteuurt.g...
လည်း သူ,လလှတီ၊ မွူ
၊ မ ၁,၊ မ ၁
ကြီးရှိ,ဂီခု
ခါ လျှပ်ပေါ်,ခ (ှါak
တန်းမျှသာ သင်ကြားခွင့်ရခဲ့သော်လည်း အလုပ်နှင့် စကားပြောတတ်သူ၊ အချိန် လေး,အန ဥွo. aoat: e်aeuatauခဲံ: oာnTmt Tmrtaugl ernhtaTTn
ဆိုခဲ့သည်။ သမ္မာကျမ်းစာကို အသုံး,Maag: aarT္mn mne:
ဆိုချက် တွေမှာ ကျွန်တော် မမှတ်မိတော့ဘူး ဆိုတဲ့ ဇ အသက်ရှူကျပ်လိုက်တာ အေ ၊ ငါ့သမီးလေး သနားပါတယ် အပဒါ,ThT-. .mp T.Tmatasr.
အမျိုးသမီးဘက်သို့ ခေါင်းညွှတ်,-န်းoarorn:TTmt1ya
လောက်ကောင်းတဲ့ဆေး မရှိဘူး မောင်လေးရဲ့ အမြောက်အမြားတို့ကိုလည်း ဗက်ဗီလုံးမြို့တော်သို့ ဖမ်းဆီး ဘယ်လို,လောကိဟောင်းတဲ့အကား (ဂရိတူး မောရိလေးရဲ .အးပြ္ာကဲအပြားတု့းကို့လည်း စက်ဂီလကဲ (ပိုတော်သို့ မါးဆီး ဘားဏ်ကီး
ပိုက်ပြီး သမီး .... သမီးက,Mီn၉: မစ..TTPmက
ကောင်း,ကောပံး
င့်,ငဲ့
ရှိသော SAC ကို,နု့ယေ မေင ဂီ
ကို တိတ်ဆိတ်စွာ စားနေလေသည်။ ချစ်ရေးချစ်ရာ ၁၉၉၉ ၂၀၀ ကျပ် သူက မဖြေဘဲ,TTmmTThrnrmgeuyehaenmrhm pepe.ganagl ar o2a
မဟာပထဝီမြေကြီး။ ရှားစောင်းပြသာဒ်ပင်များ၊ ရောင်စုံအိမ်ပုံကလေးများ၊ လက်စလက်န သိပ်မ,.ac. mr.ae.Tmhmrhmrn.
ဝန်ကြီးဘဝ ခြောက်နှစ်,Tန0ae aံကa
ခင်ဗျားမှာ ထိုးဆေး ဘယ်လောက်ရှိလို့လဲ ချို့ရွှင်ချောင်းသည် မည်သို့မျှ မရှောင်တိမ်းနိုင်တော့ ။ လက်ဝါး,:TmamTmt.Trnmtခဲaဲl auni npu aှနဲ .arint aဲk.:
ဟေ . . . ဟုတ်လား ငလျင်လှုပ်ခြင်းများ၏ အကျိုးဆက်များ/သက်ရောက်မှု,.. a ua.aT.T.
ဝင် စာချုပ်စာတမ်းများ 147 - ၎င်းပြင် ထိုသူတို့သည် (ယင်းကဲ့သို့ ဘေးအတန်,TTmT. e aer a.a..a
တွေကို တော်တော်ကျွမ်းကျင်,တွေးရု ဟော်စော်ကျင်းကျင်း
။ ၁၉၆၈-,toy0.
။,၊
"anotherevent,butingeneralyou'reallowedtouse",mrarmrtaenerntar:raေag:
စ,၈
အတိုင်းဖြစ်,အဖုံခံနှခ
"နေ့မသင့်။""",နေပပန)
သင်္ဘော ၁ဝ စင်း၏ ဧရာ များကို ၁၈၇၁ ခု မတ်,Tmr:.T T1T ee .
မူမြို့နယ်,မူပုို့ပါ
ဗွီက ထုတ်လွှင့်တဲ့ ဓာတ်လှိုင်း တစ်ခုဟာ တစ်စက္ကန့်ကို,"။. .anrn:.a. aur T1""0"
သည် သည်,သည့် ယဉ့်
မေရိကားက မက်ဆာချူးဆက် စက်မှုသိပ္ပံကို ဆက်တက်,mm်mo Tarhmhah mn: etg agန အr:Tကး
သည် ကချင်ပြည်နယ်၊ ပူ,သည့် ကမျု်ပည်စ၏၊ မ
ဏေ,အာ
"thoseattributeswhichwehaveputonhim.တိုက်တွန်းထားတယ်..ဟုတ်လား နှောင်း"" ခဲ့ပြန်သည်။ သို့သော် စစ်ကြီးပြီး၍ ရုပ်ရှင်များ ရွာလင်းရွာ (အင်္ဂလိပ်: Ywarlin)သည် မကွေးတိုင်းဒေသ",meaaeuteureaအmntothntneateguenenလnဟတိုက်ကတွစ်းလားတာယ .ဥဋဌတ်လား ၁၈ာ-၆) ဲံပြနဲ့သယည်၊ သို့တေကီ အော်ကြီးပြး၍ ူ၁နမုယ်များ ရွာက်၊ စာ (အah( ဆဲသ. an)ကသ)ည် မကေးဟု ဝံးဖဒသ
င့်,ငံ
တာတွေကပါ အယ် လ်ခီဘီအာ့ဒိစ်,သagra: ed.TThmrh
နှက်နေ,နဂါနေ
တွင် မျက်နှာပြင်တစ်ခုတည်းသာရှိသော်လည်း သိပ္ပံပညာ ဆက်တိုက်ယူလာခဲ့သော ကေသွယ်အတွက် သိပ္ပံနှင့် နီးနီးစပ်စပ် ဟူ၍ မူလတန်းကျောင်းတွင်,a agaeuatgasa aeaten asarernrn mnaunteun ThmrTrmhm Tအ TmrT..TT
ဘဝ၌ပင် အခြေခံ ကျမ်းစာအဖြာဖြာတို့ကို သင်ကြားတတ်မြောက်သည်,Tာnခဲ။e aordh Tmrma gyayg aoiTmrhagsag:
ပင် ပြင်ဆင်,ပစ် မြစံအငံ
နတ်က,နဝါအ
ညံစွာ အော်ဟစ်သြဘာ ပေးကြလေတော့၏။ ဟန်ဆန်းတောင် ရောက် ကတည်းက တစ်ကိုယ်တည်း ပျင်းရိနေခဲ့သော လ,ည့်စှ၃ ေဝံပဟစ်ပညာဏာ ပေးကြဲ့ပေပဟာရ၏။ ဟစ်အာန်းတောခငံ ရေပဏ် ကတညီ၊ က တစ်ကုပါဲဆလည်း ပင်း(ီ။ ခဲံသော ပ
မှာငြိပါ ပါလိမ့်။,Tl Vkခဲ။
။ တစ်နေကုန် စားလိုက်၊ အိပ်လိုက်၊ အိမ်မှာ ဟို,။ ဆစံနေ့ဟုန် စားကိုက်၊ အီပ်လိုးခံ အဲခိမာ ဂီု
စံဖြိုး,စပြိုး
ဟစ်ပိုဂိုဏ်းအုပ်၏လက်ထောက်အဖြစ် တာဝန်ယူပြီး ၅နှစ်အကြာ ဂိုဏ်းအုပ်ကွယ်လွန်သော် ရာထူးတိုး၍ ဟစ်,TmhiT.Tmanmrnrth.au.ae.
စင်ပေါ်မှ ကျလာလျှင်တော့ အရိုးတခြား အသားတခြားဖြစ်ရန်သာ ရှိတော့သည်။ {{Db-test-notice-NPF}} အဘိုးကြီးက မိန်းမကြီးနှစ်ယောက်ကို ခပ်ကြမ်းကြမ်း တွန်းပစ်လိုက်ပြီး သူတို့နှစ်ယောက်ကို,.Tmr. .ယ..
ရာ,ရာ
တင်ရမှာပဲ ထိပ်ထား ရေဝမ်းဆွဲသည်ကြီး ဘော်ဒါနိုဗာက ခပ်သုတ်သုတ် ဆက်လျှောက်လာရင်း ပြောလိုက်သည်။ ထိပ်ထားလေး တို့လို အပျိုတော်များ ဒီလိုကိစ္စတွေ မသိ,. . . u. .ar. . .
ရတနာပြဇာတ်ကို စီစဉ်တင်ဆက်ခဲ့၍ မြတ်မွန်ရတနာ ပြဇာတ်စာအုပ်ကို စာပေဗိမာန်မှ ဖြန့်ချိထုတ်ဝေခဲ့,ရတှာေးပြ်ဆာတျလို ၏ဘာဏာက်ဲ၍ ပြက်ွစ်ျား ပ် -၀ဏလကု မာဟယ်ာင် ပိစ်မီ မျွာ်ယနံ
ရား,ရား
၈ ဦး၊ မ ၁၀၀၁ ဦး၊ လူဦးရေစုစုပေါင်း ၂၀၇၉ ဦး နေထိုင်သည်။ သည်ကြားထဲက မွန်မွန့်အသွင်၌ ချုပ်တည်း,. e au. a TmniTai.aurmt.Ttlt T.
ပ,ပ
ဖြစ်,(ခဲ
၏,ဝါ
ရွာတွင်,စလျင်
ပင်,ပင်
ကားဘေးက,ကးလးက
၀ ဦး၊ လူ,၈ နီး ူ
ဦးဖြစ်လိမ့်မယ်ထင်တယ်။ ဝေဝေတို့,ခီးပစီတခဲ့ဝေါတက်ာက် -eေမရု့
ကျင်းအား နတ်မိမယ်တမျှ ထင်မှတ်ပြီး မြတ်နိုးခဲ့သည်။ သူမ အလှရိပ်တွင် ယစ်မူး,TT-.T.Te anrnrm မ..2...
ပြည့်နှစ်,ပျှံ့။
ဆက်သွယ်နိုင်ခဲ့လေသည်။ မော့သည် ပန်းချီပညာသင်ကြားရန် အမေရိကန် အစိုးရက စေလွှတ်ပြီးလျှင် ပညာတတ်မြောက်လာသည့်အခါ အထက်တန်းကျ,. . .
င,၀
မနည်း ပြန်တည့်ယူရ,မေခွီ၊ပြနံတယ်း(
လေး,စမး
အ,အ
သက်ချမ်းသာရာ ရခဲ့ဖူးပါတယ်။,သလက် သှခံomen ခ arohတယ.
သူ,သူ
သည်။ အုန်းဆီထုတ်သည်။ နာနတ်ပင်များကို အကြီးအကျယ် ဦးလေး ဦးလေးနဲ့ မခေါ်ပါနဲ့ဟ။ ငါ အဲဒီလောက်,Tot mrThrhrmrn mornBuapnt Tchrnrna 2. aea rtu.uC.e)
အကောင် နာမည်က ဘယ်သူကွ ကြိုင်သည် ပြုံး၍ ကျွန်တော့်ကို စိုက်ကြည့်သည်။,"C.acnm atat at TThdhthnT,"
မှလာ၍ ဦးအောင်မြခိုင်အကြောင်း လာမေးနေခြင်း သည် ၄င်းအသတ်ခံရသောကိစ္စနှင့် ပတ်သက်၍,Tmne ဲ oာr၆fmrcmh atd:. ae eh:asrntal ag)
မင်းတပ်မှာ ကနောင်မင်းသား၏ ငယ်နာ,Thmeဲa mrhrhrmrtag:
ဇစ်,ဒ၆်
ဘော်,လေ
နာ,နာ
ကြီးကျယ်စွာဆောက်လုပ်လှူဒါန်းခဲ့လေသည်။ ပေါဠ,၆ဦီးလူခါခာက်Tက်သူဖခဲ နagံ။ aါမ
တနိုင်ငံ တည်ထောင်,လရူး လဉ်တာင်း
ရေးလှ,ရေးမှ
ကျင်းပခဲ့ပြီး န.ဝ.တ အစိုးရမှ ကျပ်သိန်း ၆၃,"Thuae: -T.TT nawyag g,"
အသံနှင့် ပြောရာတွင် အေး... ငါကလည်း ငါ့ကို တိုင်ပင်လို့ပြောသာပါ,Pာyစ ဆးာmrnf. .ကလသg ခံးရ (်ကhyဲhပag
ကျဖို့များတယ်ဗျ...ခွေးမသားပုလိပ်တွေက လိုင်းကြေးယူတုန်းကယူထားပြီး အမှုလို,T.
အား,အ၊
ပိုး,စီး
တို့,တို့
ဘာပြောသည်ကို ဝေလငါးဂိုဏ်းမှ ကောင်းစွာ မကြားရချေ။ ကောင်းပါပြီ ဆရာ၊ ကျွန်မ,"အစ္arage Tmာnhခဲaa aeာrTarhnren asdheTrt,T"
သို့ ဆိုက်ရောက်လာ၍ ဆေးဆိုင်,arhord TT
နှင့် ဒေါ်အောင်ဆန်းစုကြည်တို့,ရစ် လေးမောင်အာန်းရပ်အခီးဂု
ပဒေ,ပလ
ကွေ့တဲ့။ ကျွန်မဘဝမှာ အချိုးအကွေ့တွေ တော်တော်များပါသည်။ ဘယ်အချိုးအကွေ့က အရေးပါ,TTTTmray သသr....
နိုင်,န့ုင်
အသင်း,ဒင်
ရီဂျီအိုဗန္ဒီသည် အုတ်,ရံခုနံးစှဲ့သှု့ အ်
လိုက်,လုံးံ
ပင်,ပိီ
ခြားသစ်,ပြးသခံ
သာမဟုတ်၊ အသီးနှင့် အရွက်ရရန်အတွက်ပါ စိုက်ပျိုးကြသည်။ အသီးကို,..h.aee mmnhaegpet ardlT ThT
အ,အ
င့် ထမင်းချက် လင် မယား,Mအa  TTn
သည် အိမ်ထဲရှိ သမီးနှစ်ယောက်ကို တစ်ချက်,အမွှ နအေအရဲ့ အThThmnmm oဲaက::
ဓိသမ္ဗောဇ္ဈင် မရှိလျှင်လည်း ငါ၏ သန္တာန်၌ သမာဓိသမ္ဗောဇ္ဈင် မရှိဟု သိ၏၊ မဖြစ်သေးသော သမာဓိသမ္ဗောဇ္ဈင်၏ ဖြစ်ကြောင်းကိုလည်း သိ၏၊ ဖြစ်ပြီးသော သမာဓိ,"။. . . au. . .anoag .a. ea Tmnrm.cu..amT7Tai aut.T.T .T.TmuTtn.."""
အသစ်သစ်ဖြစ်သော အချစ်လွှာ မှာတမ်းတော်,TmrnhTaurmrmn Tehagt a ora
င့် ထွက်လာ,၆ aှao
"မဏိပဲတဲ့"" တက်စသည် တညနေလုံး ကြီးမားသည့် မြေပုံချပ်ကြီးကို ကြည့်နေပြီးနောက် မိတ်ဆွေအမတ်တယောက်နှင့် သွား၍ ည",T.T.TmnmthmrhThaeeauserphau.ar..
၌ တည်ရှိသည်။ ရွာနေရာကုတ်မှာ ၂၁၃၁၆၃ ဖြစ်သည်။ ၂၀၁၄ သန်းခေါင်စာ,ခံ maဲMeaeေး manmrmta aeuau oTme: .ea aaေn:
ခုမြောက်အဆင့်တွင် ပါဝင်သည် တို,Tmuor: atlTအa: Tt.နှ နု
အမိန့်ရထားကြောင်း၊ အကယ် ၍ မနာခံလျှင် မြင်းများကို လှည်းမှ အတင်းဝင်ရောက်ဖြုတ် ယူရလိမ့်မည်ဖြစ်ကြောင်းဖြင့် လူတစ်ယောက်ကိုစေလွှတ် ၍ အပြောခိုင်းလိုက်,aa.au. a ...l a: arn a. arnmrntct aeaunmt:Th arTmrnTm mhTnhTT:
ရမည်,ရမညံ
သည် ဇုနတ်မင်းကြီးနှင့် တူသော်လည်း ပို၍ ဣန္ဒြေကြီးပြီး,.a ahsaeuotnm moagtလgံ (ခဲ လ်၏ငဒဂပ်း
။ ကိုယ်ရပိုင်တဲ့ အခွင့်အရေး,၊ aapahae mrdhmrni
မျှ အသုံးမဝင်။ လွမ်းချင်းစပ်နည်း ပထမဆုံး,M aoae arTdrhrd. Tmrnt
ကုသ,ကုသ
တာဒေါ်မိုးသူပါလား၊ ကျွန်တော်တို့လမ်းထဲ မလာစဖူးလာတယ်၊ ဗန္ဓုလ ရုံမှာ,TrhtrdtT:.Tmrhttua aerarntaa..
င့်,ငဲ့
ဗျ။ ကျွန်တော်တို့ တပ်တွင်းဆိုင် က ပစ္စည်းသိပ်စုံတာ,.aemhmhTht TedhTt.
ရင် လုံလောက်ပြီပေါ့,၈ လုလား၅ခေါ
ပြီ,ပီ
၃၅၃ ဖြစ်သည်။ ၂၀၁၄ သန်းခေါင်စာရင်းအရ တောင်နီကျေးရွာအုပ်စုတွင် ကျား ၁၁၀,T.T.. Tmnmra.C..
ခင်ဖြစ်သူ,ခငံ၍ိဲံမှ
ပုန်း,ပုန်း
နားလည်ကာ ပြီးပြီးပျောက်ပျောက် သဘော,C၁aga a ahnrarnhnen Trn
သည်,သညှံ
နတ်ကို,နတ်ကို
ပြီးနောက် ကားပြန်၍ ထွက်သွားသောအခါ ကားပေါ်၌ ပါးစပ်တွင် အဝတ်များ စည်းနှောင်ထား,"TorT Tmrma mrt, au...."
ပုံမှန် လက်ချာ သင်ခန်းစာများ,Tmtl ueharT၁rhmehmaa:
သားတစ်ယောက်အနေနဲ့ ပျော်ရွှင်ကြည်နူးနေတာကြည့်ပြီး တကောင်း ပီတိဖြစ်မိတယ်။,C.Ca.am aed aepgyayaaern်အha: arnd.ThThn
ဟု ဆိုသည်။ သည်တော့ကျွန်မကပြန်ရောက်ရသည်။ မည်သည့်ခံစားချက်မျှလည်း ဖြစ်မလာ။,.Tmrt TrhThrmarsai amasg မ..
ရေဖျန်း၍ ခရစ်ယာန်သာသနာသို့ မသွင်းခင် သေဆုံးသောကလေးများမှာလည်း ခရစ်ယာန် သေခြင်းမှ ပြန်၍ အသက်,Thn: ဆ mr:hT.Tmrdmaeinm Tmrhmrauaaeat Tmhaeagtgစgaေ aeး
ကား အောက်မြို့ကျေးရွာသို့သွားတော့မည်။ ယခုအခါ,Cသ ဘaunrnterernatiTT
ခြားလိုက်,ငးဆုံခဲ
ခင်,စေ
တွေ,လွေ
ပုဒ်မ,ပုစ်မ
သည်။ ၁၉၅,သရွှံ။ ၁၄၉
ပြန်ဆုတ်သွားခဲ့,၆့စ်ဗူ့မှာခဲ့
ဒီမိုကရက်တစ် သမ္မတနိုင်ငံ နှင့် မြောက်ရိုဒီးဇီးယားနိုင်ငံ (ဇမ်ဗီယာနိုင်ငံ),Tor:.T: a.aunsa.u.
တို့ကို ဖလမ်းချင်းဘာသာစကား၏ ဒေသိယစကားအဖြစ် စာရင်းပြုထားသည်။ စကားအ,C.chmrmr .သamrThrntT.
။ ၂၀၁,။ ၂၀
သကြားနှင့် ဆန်ကို ပေါပေါ ဝယ်နေရသည့် အိမ်ရှင်မများက ဘုရားသိ,"လ. ae oc. auy TT.."""
စု,စု
တည်,ကည်
ခဲ့သည်,ခဲ့သည့်
ခဲ့ပြီး ဆက်လက်ချီတက်ကြ၏။ ဤသို့အားဖြင့် အီဂျစ်စစ်ကြောင်းမှာ အ,။၏း ဟင်းလ်းစးာါင်းအး သူံရလေးနေ။ အအ-Thayeha. a
။ နန်းတော်ရှေ့ ဆရာတင် သားကလေးများနည်းတူ ကျွဲကျောင်းခိုင်း၏။ မော်ဂလီမှာ,"၊ .. aeaေt:. mrmauai aunr TCa.Th aroTdT.,"
နေလို့ပါ ဗိုလ်ကြီး,နေလုံ) ခုလ်ကြီး
ဝင်ရောက်ယှဉ်ပြိုင်,essaad. 2sen
နှာရည်ညွှန်း,နရည့်မှန်း
လဲ။ဒေါ်ဒေါ်က အသက်ကြီးပေမယ့် မျက်နှာကတော့ နုနုကလေး ရှိနေသေးလို့မို့ ဝတ်နိုင်ပါတယ် ဒေါ်ဒေါ်ရယ် လုရင်းလိုက်ရင်း စုတ်ပြဲ,လမေါဒော အဘာက္ပြီး အာလေပဲ ွှအပှေတောကော (၁၁nလ၉ှိနေယောလျုးရဲ့ ကာ်ငို်ာကာသဲ မေ့ဆံမတ လကဌ်းဂျက်းရ၊ ဟအခဖြီ
ကိုတင်ဦးက မြိုင်၏နာ,ကုတာဝ၍ှဲ က ပြဲံ၏(-
ရှိဘူးထင်ပါတယ်..,ရီဘ္ူအပါတဝ်.-
"အင် သုံးစွဲနိုင်အားမှာ ၅၅,၅",Theaoarp ၁
ဖေ,လ
ကား,ကး
မည်,လျဲံ
ဖတ်ကြည့်လိုက်၏။ သူထိုနာမည်ကို ဖတ်နေမှန်းလည်း ထိုလူ,ThanhdThTmhnmae auasena. a၉း
လီနိုင်ငံသို့လည်း ပျံနှံ့,စနဲ့ဆုံ့လယဲး Pး
။,။
ပြုအောင် ဆွဲဆောင်ခဲ့သည်ဟု ထင်၏။,၆amat: aprhtmet asး
နှောက် အသစ်,နေt aot
မြက်လိုသူ,ပဂခုံခဖု
ပန်း,မန်း
ခုရှိရိုခရိုင်၊ ခုရှိရိုတိုင်း၊ ခု,"နှရံနု့ရေဲ နရံရံလပ) ""("
ရွာအုပ်စုတွင် ကျား ၅၉၈၈ ဦး၊ မ ၅၆၅,tahaat anTmn M:T
ခြင်း,ပဲပဲ
၍,၍
ဖြစ်,ဖြစ်
အ,ဘ
ထွန်းမောင်ကြီးက လှေကိစ္စ လုပ်စရာရှိတာတွေကို ပေါ့ပေါ့ပါးပါးပင်လုပ်သွားလေသည်။ လှေပိုင်ရှင်များက သူ၏တက်ကြွမှုကို သဘောကျနေကြလေသည်။ တိပိဋကဆရာ,Thrdt:.T.TmrtThmrtaeartai aeaua arnrtgya.......၁.
၊ ဝေဟင်ပေါ်ပျံ,၊ eueuin၃
ဒုက္ခနှင့်ရင်ဆိုင်တွေ့ကြုံနေရရှာသော အေမီက သူသည် ကူးနားပဲလေ့,TTomhotThrechmraau.ae awa ua...
ပါတယ်ဗျာ သိပါတယ် လုပ်စရာမရှိတော့,မလယံခရာ အီuorn.) အန၆၈ရေး.နဲ.၁
"က မင်းနဲ့ ပူးပေါင်းပေးမယ် "" ဆေပီယန်စ် -၂၄ တစ်နေ့တွင် ကိုဓာတ်သားက အင်း ဆရာတော်ဘုရားများကိုတော့ ဖူးမျှော်ပြီးပါပြီ၊ မင်းတို့ သဘင်ဂီတအဖွဲ့မှာကော ဘယ်သူတွေပါ",. . . .
တစ်သက်သက်စွဲလာခဲ့,ဒေaေnနn(
၀၅ ဖြစ်သည်,၈ မဝသံဲ
လဲ သီတာ၊ အင်း . . .အေးမြတဲ့ သီတာပဲ ဖြစ်ရမှာပေါ့ ဟင့်အင်း၊ မဟုတ်သေးဘူး အစ်ကိုရယ်။ ဒါပေမဲ့ ဆက်ပြောလေ၊ ဆက်ပြောပါ။ ဆွန်ညာ နားလည်နိုင်မှာပါ။ အား,၊. .T Tm.antm. . a aont T- eu. T e.
ထောင် မြန်မာနိုင်ငံအသင်းသည် ၁၉၆၀ နွေရာသီ အိုလံပစ်ပြိုင်ပွဲသို့ ဝင်ရောက်ယှဉ်ပြိုင်ခဲ့သည်,TrhThrhThme arnToriThmtegsuaaag.g
အဝါကို လိုက်ပြီး ဆုံးဖြတ်တာ ဖြစ်ချင်,TTf ThTd.TTrna gayg:
ရှိ။ ဟူ၍လည်းကောင်း၊ ဂိုဏ်းချုပ်ကြီးရဲ့ အကွက် သုံးကွက်ကတော့ တကယ်ကောင်းတာပဲ၊ ဒီကောင် ဒီအကွက် တွေကိုတော့ လိုက်ကစားနိုင်မှာ,T.TmmTmTmrသ....
လွယ်,လှယံ
သိမ်းထား ကြလို့လား,သိမ်းထား ကြလိုကား
၊ ဆိုင်သာဆိုင် မပိုင်ဘူးဆိုသလို ဖြစ်နေ,၊ TPma ThTa-hap 2g.
နှစ်၊ ပြီ,နခံ ၅
များ,များ
၏။ ကိုယ်ထင်ပြလာသူကဲ့သို့ အခန်းဝတွင် မြိုင်က မလှုပ်,"အa aapaerntarta mernat .""င"
မြို့နယ်၊,မိနယ်
ခုအချိန်ထိ စီစဉ်,၅အခုံနဲ့ဲ ခခုံ
ချုပ်ကြီး သူရ ဦးတင်,M() ခ ၃ွံးတံ
ရ ရှီးလန်ဒမ်း,ရ ုံးပနံခစ်း၊
ပိုင်ကြံပါ။ ဂျိုးဆက်စတိန်း,ဒီစ်ကြပါ။ ဂဦးဆက်အဏစ်း
တယ်၊ ပြီးမှ မြေကမူ မြေပုံတွေဘက်ကို လှည့်တယ်။ ယဉ်ကျေးမှု,.a aotase td.T-
မျက်နှာဖုံးကို မေ့ဆေး,Tragေg aest:
သည်,သ္်
။ အကြောင်း,။ အမကြာစ်း
ပွဲကြီးနှင့် သာသနာနှစ် ၂၅၀၀ ပြည့် အထိမ်းအမှတ် အောင်ပွဲသဘင်ကြီးကို ၁၉၅၆ ခုနှစ် မေလ ၂၂ ရက်မှ,"နှတှ၂a ၁ane a ag ahirnhT mrehascrt2သီ:TordT m mrn. ""ကT"
သည်။ ထိုအခါ ငစွယ်ငယ်မှာ အဟုတ်တ,aွ. ahnerhiTm.Tmrhnm
လား..,လား..
ပိုက်,ပုံ(ံ
ပန်း,ဒနံ
ထို့နောက် အမျိုးသမီးကို နှုတ်မဆက်,နဲaoa ahrmrThnT mhဆrက်:
သည် တိုက်ကွင်းထဲ ဝင်ရောက်၍ ပါ,-ဉ) တိ့Phm0rm Thnာကမွဲ
ထားသီ,အးဖံ
ကြ,ဂ
လာ,လာ
ကို သိသော,လုံ ဒဲယော
သည်။,သည်
မေးခွန်းတွေကိုလည်း မုန်းတယ်။ ၀င်းလှသည် ဖြူဖတ်ဖြူရော်ဖြစ်နေသော ခိုင့်,မေးစွန်းကွေကိုလဉည်း၊ ( နီးတယ်။ ပင်းလှသဉ် ပြ(းအဖြစုရော်ဖြစ်နေသော ဒိမ်း
သည်,အမှ
အပိုင်းတွေကို အခု,၄a ua0t -h
တော့မယ်။ ခင်ဗျားကို လာ,အma. aဲ erT -h
ဟူ၍ သီးခြားမရှိခဲ့ဘဲ၊ ရောမနိုင်ငံတော်,၉ှ အနှဲေရံam:. TKheော)
၀ဖြစ်စဉ်,၇ပန၅
လဲ,လဲ
ရာကုတ်,ရာကုဆံ
ကြ,
ဥ,၃
ထွန်း - ငါတော့ ဒီလိုဟိုးလေးတစ်,ကုခဲ.aern TtrTTomnလဆခံ
မောင်မျိုးမြင့်,မေနနှဲပဲံ
ပင် အထက်ရှိ ကျောက်လွှာတို့မှ မြင့်မားသော အပူချိန် နှင့် ဖိအားတို့ကြောင့် အသွင်ပြောင်းကျောက်အဖြစ် ပြောင်းလဲလာနိုင်သည်။ ခင်စိုးပိုင်နဲ့လား ရှိတယ်,. . . .
ယမကာကို စောင့်နေကြတယ်။ စားပွဲထိုးမလေးက တော့ အသက်ရှစ်ဆယ့်လေးနှစ်ပဲ ရှိသေးတဲ့ လှ,သာaartau.amrm.Trarnrd.
ဖစ်ချင်ရင် အဲ,၊မနှ(၁) မ
လူကို,လူလုံ
ဧရာ,ရော
အဖြစ်နှင့်,အပဲနဲ့
င့် အောက်ဘုံ,စဲ့ ောဏံအု
