ground_truth,prediction
သည်,သည်
မှာငြိပါ ပါလိမ့်။,မှာငြိပါ ပါလိမ့်။
သေတ္တာကို မရဲတ,သေတ္တာကို မရဲတ
၃၅၃ ဖြစ်သည်။ ၂၀၁၄ သန်းခေါင်စာရင်းအရ တောင်နီကျေးရွာအုပ်စုတွင် ကျား ၁၁၀,၃၅၃ ဖြစ်သည်။ ၂၀၁၄ သန်းခေါင်စာရင်းအရု တောင်နီကျေးရွာအ့ပ်စုတွင် ကျား ၁၁ဝ
ပုသိမ်မြို့သည် ၁၂ စ,ပုသိမ်မြို့သည် ၁၂ စ
ပုန်း,ပုန်း
ရင်မ အားပြန်၍ လက်,ရင်မ အားပြန်၍ လက်
မလာသေး,မလာသေး
ခဲ့သော,ခဲ့သော
အ,အ
အမြဲရှိတယ်၊ ကင်,အမြဲရှိတယ်၊ ကင်
နာ,နာ
လွတ်တစ်ရွက်,လွတ်တစ်ရွက်
ရှင်း,ရှင်း
မှု ကူးစက်ရော,မှု ကူးစက်ရော
နိုင်ချေ။ တနင်္ဂ,နိုင်ချေ။၊ တနင်္ဂ
ပွဲကြီးနှင့် သာသနာနှစ် ၂၅၀၀ ပြည့် အထိမ်းအမှတ် အောင်ပွဲသဘင်ကြီးကို ၁၉၅၆ ခုနှစ် မေလ ၂၂ ရက်မှ,ပွဲကြီးနှင့် သာသနာနှစ် ၂၅၀၀ ပြည့် အထိမ်းအမှတ် အောင်ပွဲသဘင်ကြီးကို ၁၉၅၆ ခုနှစ် မေလ ၂၂ ရက်မှ
လောက်ဖြစ်သည်။ သို့ရာတွင် အလွန်ကြီးမားသော နှုတ်ခမ်း,လောက်ဖြစ်သည်။ သို့ရာတွင် အလွန်ကြီးမားသော နှုတ်ခမ်း
သည် တိုက်ကွင်းထဲ ဝင်ရောက်၍ ပါ,သည် တိုက်ကွင်းထဲ ဝင်ရောက်၍ ပါ
ပါတယ်၊ ကျုပ်ပါ ဟာ,ပါတယ်၊ ကျုပ်ပါ ဟာ
င့်အတွက်ပါလာ,င့်အတွက်ပါလာ
သည်။,သည်။
အင်ဂျင်ကို အကန့်အသတ်ဖြင့် ခုတ်ရခြင်း၊ လွယ်လင့်တကူ အရေးပေါ်လုပ် ခတ်တက်က,အင်ကျင်ကို အကန့အသတ်ဖြင့် ခုတ်ရခြင်း၊ လွယ်လင့်တကူ အရေးပေါ်လုပ် ခတ်တက်က
အမှန်,အမှန်
ဦး,ဦး
၏,၏
။ စာရေးဆရာ မောင်ဝံသ ပဲခူးတိုင်း၊ ဝေါမြို့နယ်၊ မြစ်ကျိုးကျေးရွာတွင် မွေး,။ စာရေးဆရာ မောင်ဝံသ ပဲူးတိုင်း၊ ဝေါမြို့နယ်၊ မြစ်ကျိုးကျေးရွာတွင် မွေး
တို့,တို့
နေ,နေ
သီး၏ မျက်မှောက်ဘ၀ အတွေ့အကြုံများကို,သီး၏ မျက်မှောက်ဘဝ အတွေ့အကြုံများကို
။,။
င့်,င့်
ဖေဖျားရဲ့။ အံ,ဖေဖျားရဲ့၊ အံ
ဘဝ၌ပင် အခြေခံ ကျမ်းစာအဖြာဖြာတို့ကို သင်ကြားတတ်မြောက်သည်,ဘဝ၌ပင် အခြေခံ ကျမ်းစာအဖြာဖြာတို့ကို သင်ကြားတတ်မြောက်သည်
အဖြစ်နှင့်,အဖြစ်နှင့်
ဘယ်လို ခေါ်ကြမယ်မသိဘူး တိုက် လူဦးရေတိုးနှုန်းသည် ဝ.၉ ရာခိုင်နှုန်းဖြစ်သည်။ ခန္တီ (ပုလောက်မြို့နယ်ခွဲ) နယူတန်၏,ဘယ်လို ခေါ်ကြမယ်မသိဘူး တိုက် လူဦးရေတိုးနှုန်းသည် ၀. ၉ ရာခိုင်မှုန်းဖြစ်သည်။ ခန္တီ့ (ပုလောက်မြို့နယ်ခွ) နယူတန်၏
၀,၀
သဘင်သို့ ဆောင်ယူ တော်မူသွားပါလျှင် အောင်မြင်,သဘင်သို့ ဆောင်ယူ တော်မူသွားပါလျှင် အောင်မြင်
နေရာ၌ နေရ သည့်,နေရာ၌ နေရ သည့်
ဆိုခဲ့သည်။ သမ္မာကျမ်းစာကို အသုံး,ဆိုခဲ့သည်။ သမ္မာကျမ်းစာကို အသုံး
မြင်နေသူများမှာ,မြင်နေသူများမှာ
ထောင်စု၏ အခြားထင်ရှားသော တက္ကသိုလ်များမှာ ယေးတက္ကသိုလ်(၁၇ဝ၁ ခုနှစ်)၊ ပရင့်စတန်တက္ကသိုလ် (၁၇၄၆ ခုနှစ်)၊ ဝါရှင်တန်၌လည်း တက္ကသိုလ်(၁၇၄၉)၊,ထောင်စု၏ အခြားထင်ရှားသော တက္ကသိုလ်များမှာ ယေးတက္ကသိုင်(၁၇၀၁ ခုနှစ်)၊ ပရင့်စတန်တက္ကသိုလ် (၁၇၄၆ ခုနှစ်)၊ ဝါရှင်တန်၌လည်း တက္ကသိုလ်(၁၇၄၉)၊
သည် အိမ်ထဲရှိ သမီးနှစ်ယောက်ကို တစ်ချက်,သည် အိမ်ထဲရှိ သမီးနှစ်ယောက်ကို တစ်ချက်
လုပ်ရှင်၊ အ,လုပ်ရှင်၊ အ
ည့် သူတောင်းစားတွေ ပြန်ပေါ်လာကြသည်။ သူငယ်ကလေးများသည် နှင်းပန်းစိမ်းစိမ်းများကို ရောင်း,ည့် သူတောင်းစားတွေ ပြန်ပေါ်လာကြသည်။ သူငယ်ကလေးများသည် နှင်းပန်းစိမ်းစိမ်းများကို ရောင်း
လာသည် ဆိုတဲ့ ဇာတ်လမ်းကို ပြောမှာပါ,လာသည် ဆိုတဲ့ ဇာတ်လမ်းကို ပြောမှာပါ
ပေ,ပေ
ဖတ်ကြည့်လိုက်၏။ သူထိုနာမည်ကို ဖတ်နေမှန်းလည်း ထိုလူ,ဖတ်ကြည့်လိုက်၏။ သူထိုနာမည်ကို ဖတ်နေမှန်းလည်း ထိုလူ
ဒုက္ခနှင့်ရင်ဆိုင်တွေ့ကြုံနေရရှာသော အေမီက သူသည် ကူးနားပဲလေ့,ဒုက္ခနှင့်ရင်ဆိုင်တွေ့ကြုံ့နေရရှာသော အေမီက သူသည် ကူးနားပဲလေ့
မှ ကိုယ်ကျင့်သိက္ခာ ဖြူစင်မှလည်း အခြားသူတို့ဘက်က ကိုယ်ကျင့်သိက္ခာ ဖြူစင်လာမည် ဖြစ်၏။ ထိုအခါ လောက၌ ဒု,မှ ကိုယ်ကျင့်သိက္ခာ ဖြူစင်မှလည်း အခြားသူတို့ဘက်က ကိုယ်ကျင့်သိက္ခာ ဖြူစင်လာမည် ဖြစ်၏။ ထိုအခါ လောက၌ ဒု
မူမြို့နယ်,မူမြို့နယ်
အောက်,အောက်
ရှိဘူးထင်ပါတယ်..,ရှိဘူးထင်ပါတယ်..
ဇဂြိုဟ်သို့,ဇဂြိုဟ်သို့
ရှိ အကြောစိုင်မှန်သမျှ တင်းမာနေသည်။ သူ့အား အ,ရှိ အကြောစိုင်မှန်သမျှ တင်းမာနေသည်။ သူ့အား အ
တို့,တို့
ရား,ရား
မောင်မျိုးမြင့်,မောင်မျိုးမြင့်
မြို့နယ်၊ ထင်ပါကျိုင်းကျေးရွာ,မြို့နယ်၊ ထင်ပါကျိုင်းကျေးရွာ
မှ ၁၉၉၁ ခုနှစ်၊ ဒီဇင်ဘာလ ၂ဝ ရက်နေ့တွင် ကြေ,မှ ၁၃၉၉၁ ခုနှစ်၊ ဇီဇင်ဘာလ ၂၀ ရက်နေ့တွင် ကြေ
နှစ်,နှစ်
ဘုတ်လေး,ဘုတ်လေး
ဝင် စာချုပ်စာတမ်းများ 147 - ၎င်းပြင် ထိုသူတို့သည် (ယင်းကဲ့သို့ ဘေးအတန်,ဝင် စာချုပ်စာတမ်းများ | ။7 - ၎င်းပြင် ထိုသူတို့သည် (ယင်းကဲ့သို့ ဘေးအတန်
ဆောက်အအုံကို ခေါင်းမော့ကြည့်ကာ ချီးကျူးပြောဆိုနေသည်။ ဟာ ပ,ဆောက်အအုံကို ခေါင်းမော့ကြည့်ကာ ချီးကျူးပြောဆိုနေသည်။ ဟာ ပ
ဖြေသည်။,ဖြေသည်။
ပြီးခဲ့တဲ့ အ,ပြီးခဲ့တဲ့ အ
မင်းမြတ်,မင်းမြတ်
များ,များ
နှောက် အသစ်,နှောက် အသစ်
၀၅ ဖြစ်သည်,၀၅ ဖြစ်သည်
ငယ်,ငယ်
ပနိုင်ငံတွေမှာ ကျန်နေသေးတဲ့,ပနိုင်ငံတွေမှာ ကျန်နေသေးတဲ့
ကား,ကား
မောင်,မောင်
ပေါင်းကို ခေါ်၍အရှင်တို့ ... သင်တို့သည် ငါမရှိသော်လည်း မပျင်းရိကြကုန်လင့်၊ ငါ ဆရာရသေ့ကြီးကိုဖူးမြောက်ပြီးလျှင် ဟိမဝန္တာသို့ ပြန်လာမည် ဟု,ပေါင်းကို ခေါ် ၍အရှင်တို့ .. သင်တို့သည် ငါမရှိသော်လည်း မပျင်းရိကြကုန်လင့်၊ ငါ ဆရာရသေ့ကြီးကိုဖူးမြောက်ပြီးလျှင် ဟိမဝန္တာသို့ ပြန်လာမည် ဟု
နားစိတ်တစ်ခုတည်းနှင့် ခွင့်ပြုရတော့မှာတဲ့လား။ ဇနီးတစ်ယောက် ချစ်ရာရောက်အောင် ခုထိတော့ မပျက်သေးပါဘူး၊ ရော်ဘင်က သူသွားကြည့်တဲ့ လမ်းကို ကျွန်တော့်,နား စိတ်တစ်ခုတည်းနှင့် ခွင့်ပြုရတော့မှာတဲ့လား။ ဇနီးတစ်ယောက် ချစ်ရာရောက်အောင် ခုထိတော့ မပျက်သေးပါဘူး၊) ရော်ဘင်က သူ့သွားကြည်တဲ့ လမ်းကို ကျွန်တော့်
သည်။ ယခု,သည်။ ယခု
၁,၁
။ ကျွန်တော် ဆိုးခဲ့ ရမ်းခဲ့ တယ်။ ဘာမှအဆင့်မမီတဲ့ ရွာသာသာ,။ ကျွန်တော် ဆိုးခဲ့ ရမ်းခဲ့ တယ်။ ဘာမှအဆင့်မမီတဲ့ ရွာသာသာ
ခြားသစ်,ခြားသစ်
အသိ,အသိ
လိုက်၏။ စုသည် ကြီးကြီးမေရင်ခွင်,လိုက်၏။ စုသည် ကြီးကြီးမေရင်ခွင်
မည်,မည်
"က မင်းနဲ့ ပူးပေါင်းပေးမယ် "" ဆေပီယန်စ် -၂၄ တစ်နေ့တွင် ကိုဓာတ်သားက အင်း ဆရာတော်ဘုရားများကိုတော့ ဖူးမျှော်ပြီးပါပြီ၊ မင်းတို့ သဘင်ဂီတအဖွဲ့မှာကော ဘယ်သူတွေပါ","က မင်းနဲ့ ပူးပေါင်းပေးမယ် "" ဆေဗီယန်စ် -၂၄ တစ်နေ့တွင် ကိုဓာတ်သားက အင်း ဆရာတော်ဘုရားများကိုတော့ ဖူးမျှော်ပြီးပါပြီ၊ မင်းတို့ သဘင်ဂီတအဖွဲ့မှာကော ဘယ်သူတွေပါ"
ကြီးကျယ်စွာဆောက်လုပ်လှူဒါန်းခဲ့လေသည်။ ပေါဠ,ကြီးကျယ်စွာဆောက်လုပ်လှူဒါန်းခဲ့လေသည်။ ပေါဠ္
တစ်စိတ်တစ်ပိုင်းအနေဖြင့် သူမသည် တောင်အာဖရိကတွင် နယ်လ်ဆင်မင်,တစ်စိတ်တစ်ပိုင်းအနေဖြင့် သူမသည် တောင်အာဖရိကတွင် နယ်လ်ဆင်မင်
ရာသည်,ရာသည်
ထည့်သွင်းကာ၊ ခြေ-လက်ပြုလျက် အထပ်အထပ်ဖွင့်ဆိုထားသဖြင့် ကျယ်ဝန်းသော အ,ထည့်သွင်းကာ၊ ခြေ-လက်ပြုလျက် အထပ်အထပ်ဖွင့်ဆိုထားသဖြင့် ကျယ်ဝန်းသော အ
နှစ်,နှစ်
၍,၍
တာဒေါ်မိုးသူပါလား၊ ကျွန်တော်တို့လမ်းထဲ မလာစဖူးလာတယ်၊ ဗန္ဓုလ ရုံမှာ,တာဒေါ်မိုးသူပါလား၊ ကျွန်တော်တို့လမ်းထဲ မလာစဖူးလာတယ်၊ ဗန္ဒုလ ရုံမှာ
အ,အ
။ ဆန်ကုန်သည်အဖြစ် အိမ်က ထွက်သွားရာက မယားတစ်ယောက်နဲ့ မူးစေ့အပေါက်ပဲ ပြန်ပါလာတဲ့ လူငယ်လေး။ သူ့အဖေက စောက်သုံးမကျရတဲ့အထဲ နောက်ထပ်,။ ဆန်ကုန်သည်အဖြစ် အိမ်က ထွက်သွားရာက မယားတစ်ယောက်နဲ့ မူးစေ့အပေါက်ပဲ ပြန်ပါလာတဲ့ လူငယ်လေး။ သူ့အဖေက စောက်သုံးမကျရတဲ့အထဲ နောက်ထပ်
ခြင်း,ခြင်း
မန်စက်,မန်စက်
"floor,","foor,"
ဝန်ကြီးဘဝ ခြောက်နှစ်,ဝန်ကြီးဘဝ ခြောက်နှစ်
င့်,င့်
သို့ ဆိုက်ရောက်လာ၍ ဆေးဆိုင်,သို့ ဆိုက်ရောက်လာ၍ ဆေးဆိုင်
ရှိ၏,ရှိ၏
၇ - ရွှေကော,၇ - ရွှေကော
သည်၊ မေထုန်လက်ဖျား၊ စမ္ပယ်နားလျက်,သည်၊ မေထုန်လက်ဖျား၊ စမ္ပယ်နားလျက်
ဟေး တဝါး,ဟေး တဝါး
နေရာ ဆေးရုံမှ ကျန်းမာလာသည်,နေရာ ဆေးရုံမှ ကျန်းမာလာသည်
ဧရာ,ရရာ
ဆောင်,ဆောင်
ဖြစ် MMR009012022 Yae Hpyu ရေဖြူ ဟု ပြောပြီး ရုံးခန်းထဲခေါ်သွားသည်။ ရာသီဥတုရှိ၍ရေမဝပ်ဘဲ ထုံးကျောက်မြေဆံသည့် ဒေသမျိုး၌ ပိုမိုဖြစ်ထွန်းသည်။ မိုးပါးရေရှားသ,ဖြစ် MMR009012022 5se Hpyu ရေဖြူ ဟု ပြောပြီး ရုံးခန်းထဲခေါ်သွားသည်။ ရာသီဥတုရှိ၍ရေမဝပ်ဘဲ ထုံးကျောက်မြေဆံသည့် ဒေသမျိုး၌ ပိုမိုဖြစ်ထွန်းသည်။ မိုးပါးရေရှားသ
မ,မ
မဆန်သော အခြေအနေများရှိသည်။ ဤအသွင်အပြင်သည် ဝင်ငွေ,မဆန်သော အခြေအနေများရှိသည်။ ဤအသွင်အပြင်သည် ဝင်ငွေ
ပြုံး,ပြုံး
၂၀၁၄ သန်းခေါင်စာရင်းအရ မကျီးကုန်းကျေးရွာအုပ်စုတွင်,၂၀၁၄ သန်းခေါင်စာရင်းအရ မကျီးကုန်းကျေးွာအုပ်စုတွင်
သခင်က ဝေါယာဉ်ပေါ်သို့ တက်ရန်ပြင်လိုက်၏။ ကျမ်းပြုကြသူများ,သခင်က ဝေါယာဉ်ပေါ်သို့ တက်ရန်ပြင်လိုက်၏။ ကျမ်း၊ပြုကြသူများ
ကြောင့်ငါ့သမီးဝမ်းမှာလာမှီးသာပေါ့။ဖွားရက်ကလဆုတ်ဖွားရက်ထဲကျတော့ဆယ့်,ကြောင့်ငါ့သမီးဝမ်းမှာလာမှီးသာပေါ့။ဖွားရက်ကလဆုတ်ဖွားရက်ထဲကျတော့ဆယ့်
၊ ဆိုင်သာဆိုင် မပိုင်ဘူးဆိုသလို ဖြစ်နေ,၊ ဆိုင်သာဆိုင် မပိုင်ဘူးဆိုသလို ဖြစ်နေ
အကောင် နာမည်က ဘယ်သူကွ ကြိုင်သည် ပြုံး၍ ကျွန်တော့်ကို စိုက်ကြည့်သည်။,အကောင် နာမည်က ဘယ်သူကွ ကြိုင်သည် ပြုံး၍ ကျွန်တော့်ကို စိုက်ကြည့်သည်။
မြက်ရင်း သွေး,မြက်ရင်း သွေး
နားလည်ကာ ပြီးပြီးပျောက်ပျောက် သဘော,နားလည်ကာ ပြီးပြီးပျောက်ပျောက် သဘော
တေနှင့် ခေတ်မြန်မာမဂ္ဂဇင်း,တေနှင့် ခေတ်မြန်မာမဂ္ဂဇင်း
လိုလား၊ ဒါဖြင့် အမေရိကန်ပြန်ကြီးဆီရော ဘာလို့ မသွားသလဲ၊ ဟိုက လက်မခံလို့ မဟုတ်လား ဪ.. ဆံပင်ညှပ်သ,လိုလား၊ ဒါဖြင့် အမေရိကန်ပြန်ကြီးဆီရော ဘာလို့ မသွားသလဲ၊ ဟိုက လက်မခံလို့ မဟုတ်လား ဪော... ဆံပင်ညှုပ်သ
လဲ သီတာ၊ အင်း . . .အေးမြတဲ့ သီတာပဲ ဖြစ်ရမှာပေါ့ ဟင့်အင်း၊ မဟုတ်သေးဘူး အစ်ကိုရယ်။ ဒါပေမဲ့ ဆက်ပြောလေ၊ ဆက်ပြောပါ။ ဆွန်ညာ နားလည်နိုင်မှာပါ။ အား,လဲ သီတာ၊ အင်း . . .အေးမြတဲ့ သီတာပဲ ဖြစ်ရမှာပေါ့ ဟင့််အင်း၊ မဟုတ်သေးဘူး အစ်ကိုရယ်။ ဒါပေမဲ့ ဆက်ပြောလေ၊ ဆက်ပြောပါ။ ဆွန်ညာ နားလည်နိုင်မှာပါ။ အား
ထောက်ထိုင်ချ လိုက်,ထောက်ထိုင်ချ လိုက်
မလား အောက်မေ့,မလား အောက်မေ့
ပြန်ဆုတ်သွားခဲ့,ပြန်ဆုတ်သွားခဲ့
စု,စု
ရတယ်။ နောက်တော့ နုရီအဖေက သတင်းသဲ့သဲ့ ကြားတာနဲ့ နုရီကို အမြဲလာကြိုတော့,ရတယ်။ နောက်တော့ နုရီအဖေက သတင်းသဲ့သဲ့ ကြားတာနဲ့ နုရီကို အမြဲလာကြိုတော့
ဓားသိုင်းက တော်တော်ကောင်းတယ်၊ ထင်ပေါကို အဲဒီနည်းနဲ့တိုက်ရင် မရှုံးနိုင်ဘူး၊ အတွင်း,ဓားသိုင်းကာ တော်တော်ကောင်းတယ်၊ ထင်ပေါကို အဲဒီနည်းနဲ့တိုက်ရင် မရှံးနှုင်ဘူး၊ အတွင်း
ခဲ့ပြီး ဆက်လက်ချီတက်ကြ၏။ ဤသို့အားဖြင့် အီဂျစ်စစ်ကြောင်းမှာ အ,ခဲ့ပြီး ဆက်လက်ချီတက်ကြ၏။ ဤသို့အားဖြင့် အီဂျစ်စစ်ကြောင်းမှာ အ
၇၉-,၇၉-
ည့်,ည့်
လက်,လက်
ဂန္ဒီကို ဘာမှပြန်မပြော,ဂန္ဒီကို ဘာမှပြန်မပြော
ပင်ကို,ပင်ကို
ကြည့်,ကြည့်
ယှဉ်တွဲလျက် ရှိသည်။ စနစ်တကျစီစဉ်ပေါင်းစုထားသည့် အခြေခံဥပဒေ,ယှဉ်တွဲလျက် ရှိသည်။ စနစ်တကျစီစဉ်ပေါင်းစုထားသည့် အခြေခံဥပဒေ
တစ်လုံးနှင့် ထိုင်နေ၏။ ဦးလေးသည်,တစ်လုံးနှင့် ထိုင်နေ၏။ ဦးလေးသည်
ရီဂျီအိုဗန္ဒီသည် အုတ်,ရီဂျီအိုဗန္ဒီသည် အုတ်
ကြ,ကြ
နေ့လယ်,နေ့လယ်
ငေးငိုင် ကြည့်ရှုတော်မူလာ,ငေးဝငိုင် ကြည့်ရှုတော်မူလာ
ဥ,ဥ
လောက် ကတော့ ဝက်ဝံတစ်ကောင်က အသာလေးလှဲချပစ်နိုင်တယ်လို့လည်း ပြောပြခဲ့ပါတယ်။ ဒါပေမဲ့ သူကတော့ တစ်လက်,လောက် ကတော့ ဝက်ဝံတစ်ကောင်က အသာလေးလှဲချပစ်နိုင်တယ်လို့လည်း ပြောပြခဲ့ပါတယ်။ ဒါ့ပေမဲ့ သူကတော့ တစ်လက်
ရှိသည့် ရှင်း,ရှိသည့် ရှင်း
တိ,တိ
နဲ့,နဲ့
င့် နဂါးဘုရင်,င့် နဂါးဘုရင်
လာ(ပြာ) သူသည် ဓားကို,လာ(ပြာ) သူသည် ဓားကို
သိမ်းထား ကြလို့လား,သိမ်းထား ကြလို့လား
သဖြင့် စိတ်ပျက်စွာဖြင့် မာရ်နတ်ထွက်ခွါသွားရပုံကို ဟောတော်မူသည့်သုတ်။ အဘွားရော ... ဆေးရုံလိုက်သွားလား ရှေးခေတ်တရုတ်,သဖြင့် စိတ်ပျက်စွာဖြင့် မာရိနတ်ထွက်ခွါသွား ရပုံကို ဟောတော်မူသည့်သုတ်။ အဘွားရော ... ဆေးရုံလိုက်သွားလား ရှေးခေတ်တရုတ်
မူ,မူ
ဖြစ်,ဖြစ်
နှက်နေ,နှက်နေ
ထွက်လာသည့် ခိုးဝင်,ထွက်လာသည့် ခိုးဝင်
များမူကား ဘာမှန်းမသိရှာ,များမူကား ဘာမှန်းမသိရှာ
ကျေးသီးမြို့နယ်၊ ဝမ်စပ်ကျေး,ကျေးသီးမြို့နယ်၊ ဝမ်စပ်ကျေး
ဏ,ဏ
အဝါကို လိုက်ပြီး ဆုံးဖြတ်တာ ဖြစ်ချင်,အဝါကို လိုက်ပြီး ဆုံးဖြတ်တာ ဖြစ်ချင်
လာ,လာ
အမိန့်ရထားကြောင်း၊ အကယ် ၍ မနာခံလျှင် မြင်းများကို လှည်းမှ အတင်းဝင်ရောက်ဖြုတ် ယူရလိမ့်မည်ဖြစ်ကြောင်းဖြင့် လူတစ်ယောက်ကိုစေလွှတ် ၍ အပြောခိုင်းလိုက်,အမိန့်ရထားကြောင်း၊ အကယ် ၍ မနာခံလျှင် မြင်းများကို လှည်းမှ အတင်းဝင်ရောက်ဖြုတ် ယူရလိမ့်မည်ဖြစ်ကြောင်းဖြင့် လူတစ်ယောက်ကိုစေလွှတ် ၍ အပြောခိုင်းလိုက်
ရှိုနာလူမျိုးဖြစ်,ရှိနာလူမျိုးဖြစ်
ဖြစ်,ဖြစ်
ထွင် ဖော်ထုတ်လာသည်။ အဆီးရီးယားနိုင်ငံ၏ လက်အောက်,ထွင် ဖော်ထုတ်လာသည်။ အဆီးရီးယားနိုင်ငံ၏ လက်အောက်
ပင်,ပင်
၊ မ ၁,၊ မ ၁
သို့ တက်,သို့ တက်
နှာရည်ညွှန်း,နှာရည်ညွှန်း
မျက်နှာဖုံးကို မေ့ဆေး,မျက်နှာဖုံးကို မေ့ဆေး
ဦးဖြစ်လိမ့်မယ်ထင်တယ်။ ဝေဝေတို့,ဦးဖြစ်လိမ့်မယ်ထင်တယ်။ ဝေဝေတို့
ထွန်းမောင်ကြီးက လှေကိစ္စ လုပ်စရာရှိတာတွေကို ပေါ့ပေါ့ပါးပါးပင်လုပ်သွားလေသည်။ လှေပိုင်ရှင်များက သူ၏တက်ကြွမှုကို သဘောကျနေကြလေသည်။ တိပိဋကဆရာ,ထွန်းမောင်ကြီးက လှေကိစ္စ လုပ်စရာရှိတာတွေကို ပေါ့ပေါ့ပါးပါးပင်လုပ်သွားလေသည်။ လှေပိုင်ရှင်များက သူ၏တက်ကြမှုကို သဘောကျနေကြလေသည်။ တိပိဋ္ကဆရာ
ကျဖို့များတယ်ဗျ...ခွေးမသားပုလိပ်တွေက လိုင်းကြေးယူတုန်းကယူထားပြီး အမှုလို,ကျဖို့များတယ်ဗျ... ခွေးမသားပုလိပ်တွေက လိုင်းကြေးယူတုန်းကယူထားပြီး အမှုလို
ညံစွာ အော်ဟစ်သြဘာ ပေးကြလေတော့၏။ ဟန်ဆန်းတောင် ရောက် ကတည်းက တစ်ကိုယ်တည်း ပျင်းရိနေခဲ့သော လ,ညံစွာ အော်ဟစ်ဩဘာ ပေးကြလေတော့၏ ။ ဟန်ဆန်းတောင် ရောက် ကတည်းက တစ်ကိုယ်တည်း ပျင်းရိနေခဲ့သော လ
မှတ်ရမိသည်။ ညနေ ၆ နာရီတွင် စထရင်းဟိုတယ်လ်မှာ ညစာ စားပွဲရှိသည်။ ဂျူးလူမျိုးတို့အတွက်ကား ကြားနေမည်ဟု,မှတ်ရမိသည်။ ညနေ ၆ နာရီတွင် စထရင်းဟိုတယ်လ်မှာ ညစာ စားွဲရှိသည်။ ဂျူးလူမျိုးတို့အတွက်ကား ကြားနေမည်ဟု
င့်သည် ။ ၎င်းသူမတို့ကို ဟေဂျားဘ်ခြုံမှုမခြုံမှုတွင် လွပ်လပ်စွာရွေးချယ်ပိုင်ခွင့်ပေးသင့်သည်ဟုဖြစ်သည်။ ထို့အတွက်ကြောင့် ထို,င့်သည် ။ ၎င်းသူမတို့ကို ဟေဂျားဘီ်ခြံမှမခြုံမှုတွင် လွပ်လပ်စွာရွေးချယ်ပိုင်ခွင့်ပေးသင့်သည်ဟုဖြစ်သည်။ ထို့အတွက်ကြောင့် ထို
သည်,သည်
ရင့်တပ်သားများက လိုက်လံတိုက်ခိုက်ရာ ကနီနော်ရ,ရင့်တပ်သားများက လိုက်လံတိုက်ခိုက်ရာ ကနီနော်ရ
လ,လ
မီး,မီး
ရေးဆုံ,ရေးဆုံ
။ တစ်နေကုန် စားလိုက်၊ အိပ်လိုက်၊ အိမ်မှာ ဟို,။ တစ်နေကုန် စားလိုက်၊ အိပ်လိုက်၊ အိမ်မှာ ဟို
ဘော်,ဘော်
"usingthe(required!)INSEEcodeandasubtemplate.Thefields""region""and""department""arenolongerused.ဝေါလစ်နှင့်ဖူကျူးနား 90 days စေတော်မူ","usingthsc(neuguirced51%SE:IE:codcsandlatsulbtcrnplate,.TheficlulvT+cgkonTand TOlepartrncntT atrconolongcrutscd.eေါလလစ်နှင့် ဖူကျူး နား %%) Casyrs စေတော်မူ"
အ,အ
စိတ်ဒဏ်ရာတွေရဲ့ ကြိုးကိုင်,စိတ်ဒဏ်ရာတွေရဲ့ ကြိုးကိုင်
နောက်သို့,နောက်သို့
လူကို,လူကို
ပဲခူးတိုင်းဒေသကြီး (အနောက်)၊ ပြည်ခရိုင်၊ ပေါက်ခေါင်းမြို့နယ်၊ ကြူဝတ်ကျေးရွာအုပ်စု၌ တည်ရှိသည်။ ရွာနေရာကုတ်မှာ ၁,ပဲခူးတိုင်းဒေသကြီး (အနောက်)၊ ပြည်ခရိုင်၊ ပေါက်ခေါင်းမြို့နယ်၊ ကြူဝတ်ကျေးရွာအုပ်စု၌ တည်ရှိသည်။ ရွာနေရာကုတ်မှာ ၁
သည်။ ထိုအခါ ငစွယ်ငယ်မှာ အဟုတ်တ,သည်။ ထိုအခါ ငစွယ်ငယ်မှာ အဟုတ်တ
၊ မသွားဘူးလား၊ ဒါပဲပြော ၆၄-ပါးသော ဣန္ဒြေတရား ဒေါ်ခင်မြသစ်သည် ကိုမြင့်ထူး၏ဝတ်ရုံကြီးကိုသိမ်းကျုံး,၊ မသွားဘူးလား၊ ဒါပဲပြော ၆၄-ပါးသော ဣုန္ဒြေတရား ဒေါ် ခင်မြသစ်သည် ကိုမြင့်ထူး၏ဝတ်ရုံကြီးကိုသိမ်းကျုံး
သက်ချမ်းသာရာ ရခဲ့ဖူးပါတယ်။,သက်ချမ်းသာရာ ရခဲ့ဖူးပါတယ်။
အ,အ
နိုင်စွမ်းကို စံပြုထား,နိုင်စွမ်းကို စံပြုထား
ဒါပေမဲ့,ဒါပေမဲ့
မတူ ချေ။,မတူ ချေ။
ငံတော်,ငံတော်
တာတွေကပါ အယ် လ်ခီဘီအာ့ဒိစ်,တာတွေ့ကပါ အယ် လ်ခီဘီအာ့ဒိစ်
ပြည့်နှစ်,ပြည့်နှစ်
ညီ,ညီ
ရေး မာရ,ရေး မာရ
ရေးလှ,ရေးလှ
တို့ကို ဖလမ်းချင်းဘာသာစကား၏ ဒေသိယစကားအဖြစ် စာရင်းပြုထားသည်။ စကားအ,တို့ကို ဖလမ်းချင်းဘာသာစကား၏ ဒေသိယစကားအဖြစ် စာရင်းပြုထားသည်။ စကားအ
သိ,သိ
ည့်ပြင် အကြောင်း,ည့်ပြင် အကြောင်း
"တာ လွယ်တာ မဟုတ်ဘူး"" နောက် ဒီအလုပ်လုပ်စားရင် ရှင် မသေ","တာ လွယ်တာ မဟုတ်ဘူး"" နောက် ဒီအလုပ်လုပ်စားရင် ရှင် မသေ"
ဒီမိုကရက်တစ် သမ္မတနိုင်ငံ နှင့် မြောက်ရိုဒီးဇီးယားနိုင်ငံ (ဇမ်ဗီယာနိုင်ငံ),ဒီမိုကရက်တစ် သမ္မတနိုင်ငံ နှင့် မြောက်ရိဒီးဇီးယားနိုင်ငံ (ဇမ်ဗီယာနိုင်ငံ)
ရွာအုပ်စုတွင် ကျား,ရွာအုပ်စုတွင် ကျား
Gyi(TaungKanGyi)ကန်ကြီး (တောင်ကန်ကြီး) ၁၉၆၀တွင် သမ္မတရာထူးအတွက် ယှဉ်ပြိုင်ခဲ့သော်လည်း ဒီမိုကရက်တစ်ပါတီမှ သမ္မ,GyI1 TaungMe7Gy)ကန်ကြီး (တောင်ကန်ကြီး) ၁၉၆၀တွင် သမ္မတရာထူးအတွက် ယှဉ်ပြိုင်ခဲ့သော်လည်း ဒီမိုကာရက်တစ်ပါတီမှ သမ္မ
သည့်အချက်ကို နားလည်သဘောပေါက် လက်ခံရန် လိုအပ်ခြင်း ဖြစ်သည်။ ကျွန်တော် ဆတ်,သည့်အချက်ကို နားလည်သဘောပေါက် လက်ခံရန် လိုအပ်ခြင်း ဖြစ်သည်။ ကျွန်တော် ဆတ်
ဒစာစောင် ရေးသားပြီးနောက် တနှစ်အကြာတွင် ရေးသား,ဒစာစောင် ရေးသားပြီးနောက် တနှစ်အကြာတွင် ရေးသား
ဟု ဆိုသည်။ သည်တော့ကျွန်မကပြန်ရောက်ရသည်။ မည်သည့်ခံစားချက်မျှလည်း ဖြစ်မလာ။,ဟု ဆိုသည်။ သည်တော့ကျွန်မကပြန်ရောက်ရသည်။ မည်သည့်ခံစားချက်မျှဝည်း ဖြစ်မလာ။
အရ ငါးရှဉ့်ရိုးကျေးရွာအုပ်စုတွင် ကျား ၆၅၄ ဦး၊ မ ၇,အရ ငါးရှဉ့်ရိုးကျေးရွာအုပ်စုတွင် ကျား ၆၅၄ ဦး၊ မ ၇
မှာ ပိုမာကြောရ,မှာ ပိုမာကြောရ
မြို့နယ်၊,မြို့နယ်၊
က ရှည်ကော့ပြီး မျက်ဝန်း,က ရှည်ကော့ပြီး မျက်ဝန်း
ရောက်,ရောက်
င့် အကြိမ်ကြိမ် တားမြစ်ကြသော်လည်း မိမိ အဆွေခင်ပွန်းကို စွန့်ပယ်ခြင်း မရှိလေ၏။ ဦးမြသန်းက ငြိမ်,င့် အကြိမ်ကြိမ် တားမြစ်ကြသော်လည်။ မိမိ အဆွေခင်ပွန်းကို စွန့်ပယ်ခြင်း မရှိလေ၏။ ဦးမြသန်းက ငြိမ်
ထိုင်းအဆင့်ကိုမိခင်ဘာသာစကား (သို့) ဇာတိနီးပါးအဆင့်တွင်ကျွမ်းကျင်ကြသည်။ သူတို့,ထိုင်းအဆင့်ကိုမိခင်ဘာသာစကား (သို့၊ တာတိနီးပါးအဆင့်တွင်ကျွမ်းကျင်ကြသည်။ သူတို့
ပြုအောင် ဆွဲဆောင်ခဲ့သည်ဟု ထင်၏။,ပြုအောင် ဆွဲဆောင်ခဲ့သည်ဟု ထင်၏။
။ လူဦးရေသိပ်သည်းဆသည် တစ်စတုရန်းကီလိုမီတာလျှင် ၁၄၃ ဦး ရှိသည်။ စုစုပေါင်း,။ လူဦးရေသိပ်သည်းဆသည် တစ်စတုရန်းကီလိုမီတာလျှင် ၁၄၃ ဦး ရှိသည်။ စုစုပေါင်း
နတ်ကို,နတ်ကို
ပိုက်ပြီး သမီး .... သမီးက,ပိုက်ပြီး သမီး ... သမီးက
ပင် ပြင်ဆင်,ပင် ပြင်ဆင်
အား,အား
တယ်၊ ပြီးမှ မြေကမူ မြေပုံတွေဘက်ကို လှည့်တယ်။ ယဉ်ကျေးမှု,တယ်၊ ပြီးမှ မြေကမူ မြေပုံတွေဘက်ကို လှည့်တယ်။ ယဉ်ကျေးမှု
၍ ခုတင်ဘက်ကိုမခေါ်၊ ဆိုဖာရှိရာ,၍ ခုတင်ဘက်ကိုမခေါ်၊ ဆိုဖာရှိရာ
မည်,မည်
မျှ အသုံးမဝင်။ လွမ်းချင်းစပ်နည်း ပထမဆုံး,မျှ အသုံးမဝင်။ လွမ်းချင်းစပ်နည်း ပထမဆုံး
"caseof#switch,averagepagecounts)","caseoftswitch,averagepagecounts)"
မှာသန်းခေါင်ထက်နက်တာ မရှိပေမယ့် အပါယ် ငရဲကတော့,မှာသန်းခေါင်ထက်နက်တာ မရှိပေမယ့် အပါယ် ငရဲကတော့
တတ်လို့,တတ်လို့
"ပြောင်းအလဲတွေကို သိကောင်းမှ သိမှာပေါ့။ ဖြစ်သော်လည်း၊ တရုတ်နိုင်ငံတွင် ချူမင်းဆက်အစ ဘီစီ ""ဆက်သွယ်ရေး ခက်ခဲ",ပြောင်းအလဲတွေကို သိကောင်းမှ သိမှာပေါ့။ ဖြစ်သော်လည်း၊ တရုတ်နိုင်ငံတွင် ချူမင်းဆက်အစ ဘီစီ ဆက်သွယ်ရေး ခက်ခဲ
မှာ ဒဏ်ရာပြင်းထန်သည် မှန်သော်လည်း ခေါင်းမထောင် နိုင်လောက်အောင်တော့ မဟုတ်သေးချေ။ ဦးခေါင်းမှာ ကြည်ကြည်လင်လင်ပင် ရှိနေ၏။ အခြေအနေအရပ်ရပ်ကို,မှာ ဒဏ်ရာပြင်းထန်သည် မှန်သော်လည်း ခေါင်းမထောင် နိုင်လောက်အောင်တော့ မဟုတ်သေးချေ။ ဦးခေါင်းမှာ ကြည်ကြည်လင်လင်ပင် ရှိနေ၏။ အခြေအနေအရပ်ရပ်ကို
ဘာပြောသည်ကို ဝေလငါးဂိုဏ်းမှ ကောင်းစွာ မကြားရချေ။ ကောင်းပါပြီ ဆရာ၊ ကျွန်မ,ဘာပြောသည်ကို ဝေလငါးဂိုဏ်းမှ ကောင်းစွာ မကြားရချေ။ ကောင်းပါပြီ ဆရာ၊ ကျွန်မ
လေ,လေ
တွင်,တွင်
အယ်လ်ဂျီးရီးယန်း,အယ်လ်ဂျီးရီးယန်း
ခုအချိန်ထိ စီစဉ်,ခုအချိန်ထိ စီစဉ်
တော့,တော့
လှယ်အဖွဲ့ လန်ဒန်,လှယ်အဖွဲ့ လန်ဒန်
ကွေ့တဲ့။ ကျွန်မဘဝမှာ အချိုးအကွေ့တွေ တော်တော်များပါသည်။ ဘယ်အချိုးအကွေ့က အရေးပါ,ကွေ့တဲ့။ ကျွန်မဘဝမှာ အချိုးအကွေ့တွေ တော်တော်များပါသည်။ ဘယ်အချိုးအကွေ့က အရေးပါ
၊,၊
ပါတယ်ဗျာ သိပါတယ် လုပ်စရာမရှိတော့,ပါတယ်ဗျာ သိပါတယ် လုပ်စရာမရှိတော့
င့် ထွက်လာ,င့် ထွက်လာ
မခွဲ,မခွဲ
ထုတ်ဝေ,ထုတ်ဝေ
ကျောက်တုံးကို,ကျောက်တုံးကို
၊ ငါက အခု ဒုန်ဝန်းမြို့စား ဖြစ်နေပြီမို့လား၊ ဆယ်မြူ ဆယ်မြူအသာလေး၊ ဟားဟားဟား ကဲလာလာ,၊ ငါက အခု ဒုန်ဝန်းမြို့စား ဖြစ်နေပြီမို့လား၊ ဆယ်မြူ ဆယ်မြူအသာလေး၊ ဟားဟားဟား ကဲလာလာ
ပျိုး ရူပဗေဒဖြင့် တိကျစွာ တွက်ချက်မရတော့သော ကိစ္စရပ်များကို နှိုင်း,ပျိုး ရူပဗေဒဖြင့် တီကျစွာ တွက်ချက်မရတော့သော ကိစ္စရပ်များကို နိုင်း
ပန်ကောင်,ပန်ကောင်
ပီး နောက်တစ်ခုကတော့ ကိုးရိုးကားရားမဖြစ်အောင် အာရုံမ,ပီး နောက်တစ်ခုကတော့ ကိုးရိုးကားရားမဖြစ်အောင် အာရုံမ
ကြိမ်၊ ထိုနောင် ဘဝင်ဖြစ်ထိုက်သ၍ ဖြစ်၏ ။,ကြိမ်၊ ထိုနောင် ဘဝင်ဖြစ်ထိုက်သ၍ ဖြစ်၏ ။
စုမှမော်လမြိုင်အ,စုမှမော်လမြိုင်အ
ဗျ။ ကျွန်တော်တို့ တပ်တွင်းဆိုင် က ပစ္စည်းသိပ်စုံတာ,ဗျ။ ကျွန်တော်တို့ တပ်တွင်းဆိုင် က ပစ္စည်းသိပ်စုံတာ
ဏေ,ဏေ
တန်းမျှသာ သင်ကြားခွင့်ရခဲ့သော်လည်း အလုပ်နှင့် စကားပြောတတ်သူ၊ အချိန် လေး,တန်းမျှသာ သင်ကြားခွင့်ရခဲ့သော်လည်း အလုပ်နှင့် စကားပြောတတ်သူ၊ အချိန် လေး
ခင်,ခင်
ကျင်းပခဲ့ပြီး န.ဝ.တ အစိုးရမှ ကျပ်သိန်း ၆၃,ကျင်းပခဲ့ပြီး န.ဝ. တ အစိုးရမှ ကျပ်သိန်း ၆၃
"anotherevent,butingeneralyou'reallowedtouse","anotherevent,Dutingeneralyou 'realowedtouse"
တယ်။ တဲ,တယ်။ တဲ
၂၁၁၅၀,၂၁၁၅ဝ
ရန်သူ့တပ်မှူးတစ်ဦး၏,ရန်သူ့တပ်မှူးတစ်ဦး၏
ဟူ၍ သီးခြားမရှိခဲ့ဘဲ၊ ရောမနိုင်ငံတော်,ဟူ၍ သီးခြားမရှိခဲ့ဘဲ၊ ရောမနိုင်ငံတော်
၁၆၁၄ ခုနှစ် အိုဆာကာမြို့ သိမ်းပိုက်ရေး အတွက် ကန,၁၆၁၄ ခုနှစ် အိုဆာကာမြို့ သိမ်းပိုက်ရေး အတွက် ကန
ရတနာပြဇာတ်ကို စီစဉ်တင်ဆက်ခဲ့၍ မြတ်မွန်ရတနာ ပြဇာတ်စာအုပ်ကို စာပေဗိမာန်မှ ဖြန့်ချိထုတ်ဝေခဲ့,ရတနာပြဇာတ်ကို စီစဉ်တင်ဆက်ခဲ့၍ မြတ်မွန်ရတနာ ပြဇာတ်စာအုပ်ကို စာပေဗိမာန်မှ ဖြန့်ချိထုတ်ဝေခဲ့
တိုင်းပဲ ကြည့်,တိုင်းပဲ ကြည့်
ချယ်ခဲ့သည်။ ကိန်းကဏန်းများဖြစ်,ချယ်ခဲ့သည်။ ကိန်းကဏန်းများဖြစ်
မကောင်းရင် ဟိုကြလန်းသွားမှာ,မကောင်းရင် ဟိုကြလန်းသွားမှာ
ကချင်နှင့် ကရင်အမျိုးသား များလည်း သိပ်မတွေ့ရတော့။ အောက်ပိုင်းမှ ကုန်သည်များကိုကား လုံးဝပင်မမြင်ရတော့ ချေ။,ကချင်နှင့် ကရင်အမျိုးသား များလည်း သိပ်မတွေ့ရတော့။ အောက်ပိုင်းမှ ကုန်သည်များကိုကား လုံးဝပင်မမြင်ရတော့ ချေ။
ကြောင်း,ကြောင်း
ဝှိုဝ်း ဠှိုဝ်း။ ချော,ဝှိုင်း ဗိုင်း။ ချော
မှန်ဘီလူးကို ပုံရိပ် လာရိုက်,မှန်ဘီလူးကို ပုံရိပ် လာရိုက်
ဝ,၀
သက်ရှစ်ဆယ်လောက်ရှိတဲ့ ဘကြီးမိုးတောင် တောင်ပေါ်မှာ ရှိနေတာပဲ ချောင်းမမွေတော်စေတီတော် ဘုန်းကြီးက ဒကာမကြီးကို ဘာတောင်းဖို့ အကြံပေးခဲ့လဲ။ ဟို အဲ ဒေသကို,သက်ရှစ်ဆယ်လောက်ရှိတဲ့ ဘကြီးမိုးတောင် တောင်ပေါ် မှာ ရှိနေတာပဲ ချောင်းမမွေတော်စေတီတော် ဘုန်းကြီးက ဒကာမကြီးကို ဘာတောင်းဖို့ အကြံပေးခဲ့လဲ။ ဟို အဲ ဒေသကို
များထဲ,များထဲ
၄၆ ခုနှစ်,၄၆ ခုနှစ်
ဘရက်က ဆက်ပြောသည်။ ဒီနေ့ကစပြီး,ဘရက်က ဆက်ပြောသည်။ ဒီနေ့ကစပြီး
ဘူးသော ဖခင်၏,ဘူးသော ဖခင်၏
ဘိ,ဘိ
ညနေခင်း၌ အိမ်ဝိုင်းထဲ ဆိုင်,ညနေခင်း၌ အိမ်ဝိုင်းထဲ ဆိုင်
ခရိုင်၊ ဖားကန့်မြို့နယ်၊,ခရိုင်၊ ဖားကန့်မြို့နယ်၊
ကော့,ကော့
ဟေ . . . ဟုတ်လား ငလျင်လှုပ်ခြင်းများ၏ အကျိုးဆက်များ/သက်ရောက်မှု,ဟေ . . . ဟုတ်လား ငလျင်လှုပ်ခြင်းများ၏ အကျိုးဆက်များ/သက်ရောက်မှု
ထို့နောက် အမျိုးသမီးကို နှုတ်မဆက်,ထို့နောက် အမျိုးသမီးကို နှုတ်မဆက်
လက်,လက်
က,က
အ,အ
ကျရောက်နိုင်အောင် လည်းကောင်း၊ ပျောက်ကင်း ချမ်းသာစေရန်လည်းကောင်း အသုံးပြု၏။ အဆိုးဆုံးကကိုတိုးကြီးဖြစ်,ကျရောက်နိုင်အောင် လည်းကောင်း၊ ပျောက်ကင်း ချမ်းသာစေရန်လည်းကောင်း အသုံးပြု၏။ အဆိုးဆုံးကကိုတိုးကြီးဖြစ်
"ခဲ့လို့လဲ၊ ဘာဖြစ်လို့ ဒီလိုဖြစ်ရတာလဲ။ ဘာဖြစ်လို့လဲInjangyangMMR001003022HkanDaukYangခန်ဒေါက်ယန် ""မအေဘေး ခုကျတော့ စတိုင်တယ်","ခဲ့လို့လဲ၊ ဘာဖြစ်လို့ ဒီလိုဖြစ်ရတာလဲ။ ဘာဖြစ်လို့ လဲIn)angyangMMFtG010020221IkanGaukangeန်ဒေါက်ယန် ""မအေဘေး ခုကျတော့ စတိုင်တယ်"
ခုရှိရိုခရိုင်၊ ခုရှိရိုတိုင်း၊ ခု,ခုရှိရိုခရိုင်၊ ခုရှိရိုတိုင်း၊ ခု
ထူးခြားလှပေသည်,ထူးခြားလှပေသည်
"thoseattributeswhichwehaveputonhim.တိုက်တွန်းထားတယ်..ဟုတ်လား နှောင်း"" ခဲ့ပြန်သည်။ သို့သော် စစ်ကြီးပြီး၍ ရုပ်ရှင်များ ရွာလင်းရွာ (အင်္ဂလိပ်: Ywarlin)သည် မကွေးတိုင်းဒေသ","HhosealtrlbuteswhicTWvehaVeputonhifm.တိုက်တွန်းထားတယ်.. ဟုတ်လား နှောင်း"" ခဲ့ပြန်သည်။ သို့သော် စစ်ကြီးပြီး၍ ရပ်ရှင်များ ရွာလင်းရွာ (အင်္ဂလိပ်: YWarlin)သည် မကွေးတိုင်းဒေသ"
တော့်,တော့်
အချိန်တွေမှာ ငြိမ်းချမ်းသာယာတာကို ခံစားရတဲ့အချိန်တွေမှာ တစ်ခြား,အချိန်တွေမှာ ငြိမ်းချမ်းသာယာတာကို ခံစားရတဲ့အချိန်တွေမှာ တစ်ခြား
နှင့်ငါ စင်စစ် ပေါင်းဖော်ခြင်းဖြစ်တန်ရာ၏ ။ လက်ကလေးနှစ်ဖက်ကို ဖြန့်ကာ ဝန်းဝိုင်း,နှင့်ငါ စင်စစ် ပေါင်းဖော်ခြင်းဖြစ်တန်ရာ၏ ။ လက်ကလေးနှစ်ဖက်ကို ဖြန့်ကာ ဝန်းဝိုင်း
စာ,စာ
သုံးပြီး,သုံးပြီး
မျောက်၏ဇနီးအား သိမ်းယူတာထားပါတော့၊ တိရစ္ဆာန်ကိုး၊ လူဘုရင်တွေက စစ်ရှုံးသူ၏ ဇနီးမယားကို သိမ်းပိုက်တာတော့ လွန်လွန်းသည်ဟု ကျွန်မ ယူဆသည်။ မိန်းမတွေခ,မျောက်၏ဇနီးအား သိမ်းယူတာထားပါတော့၊ တိရဆ္ဆာန်ကိုး၊ လူဘုရင်တွေကာ စစ်ရှုံးသူ၏ ဇနီးမယားကို သိမ်းပိုက်တာတော့ လွန်လွန်းသည်ဟု ကျွန်မ ယူဆသည်။ မိန်းမတွေခ
ဆက်သွယ်စုံ,ဆက်သွယ်စုံ
ပါတယ်,ပါတယ်
ရက်လောက်လည်းရရော,ရက်လောက်လည်းရရော
ရွာတွင်,ရွာတွင်
ဝမ်းလျှောခြင်း ဟုခေါ်သည်။ ကို ကျော်ဖြတ်လာခဲ့၍,ဝမ်းလျှောခြင်း ဟုခေါ်သည်။ ကို ကျော်ဖြတ်လာခဲ့၍
စားသောက်နေကြဟန်ရှိသည်။ ကျော မောင်,စားသောက်နေကြတန်ရှိသည်။ ကျော မောင်
စိန် တို့,စိန် တို့
ထွက်,ထွက်
မိမလား မသိဘူး၊ အန်တီ မီ,မိမလား မသိဘူး၊ အန်တီ မီ
၊ ဝေဟင်ပေါ်ပျံ,၊ ဝေဟင်ပေါ်ပျံ
ချက်,ချက်
စ,စ
ည့် ကိစ္စရပ်မှန်သမျှကို သိနိုင်ဆုံးသော အခြေအနေ,ည့် ကိစ္စရပ်မှန်သမျှကို သိနိုင်ဆုံးသော အခြေအနေ
ရီ စိတ်ကို ဖတ်ကြည့်ပြီး မင်း ဒီလိုလုပ်တာကို သိသွားရင်.. မည်သို့ပင်ဖြစ်စေမြေ,ရီ စိတ်ကို ဖတ်ကြည်ပြီး မင်း ဒီလိုလုပ်တာကို သိသွားရင်.. မည်သို့ပင်ဖြစ်စေမြေ
DaweiEducationDegreeCollege;,Koweitelucotlonf)egreeCTollege:
မင်းပြုတော်မူ၏။ သန်,မင်းပြုတော်မူ၏။ သန်
ပေါက်,ပေါက်
၀ဖြစ်စဉ်,၀ဖြစ်စဉ်
မှ,မှ
န့်,န့်
တယ်,တယ်
ကား အောက်မြို့ကျေးရွာသို့သွားတော့မည်။ ယခုအခါ,ကား အောက်မြို့ကျေးရွာသို့သွားတော့မည်။ ယခုအခါ
ထောင် မြန်မာနိုင်ငံအသင်းသည် ၁၉၆၀ နွေရာသီ အိုလံပစ်ပြိုင်ပွဲသို့ ဝင်ရောက်ယှဉ်ပြိုင်ခဲ့သည်,ထောင် မြန်မာနိုင်ငံအသင်းသည် ၁၉၆၀ နွေရာသီ အိုလံပစ်ပြိုင်ပွဲသို့ ဝင်ရောက်ယှဉ်ပြိုင်ခဲ့သည်
ရာကုတ်မှာ ၁၆,ရာကုတ်မှာ ၁၆
ဝန်,ဝန်
ရာ,ရာ
boththe,bothtle
တို့ တည်းခိုကြသည့် ဟိုတယ် များနှင့် အ,တို့ တည်းချိုကြသည့် ဟိုတယ် များနှင့် အ
ထားသီ,ထားသီ
ရတဲ့ ဘာသာရပ်မျိုး မဟုတ် ပါဘူး။ လင်္ကာတွေကို မဆန်းစစ်,ရတဲ့ ဘာသာရပ်မျိုး မဟုတ် ပါဘူး။ လင်္ကာတွေကို မဆန်းစစ်
လီနိုင်ငံသို့လည်း ပျံနှံ့,လီနိုင်ငံသို့လည်း ပျိနှံ့
ယက်နမ် နယ်ချဲ့,ယက်နမ် နယ်ချဲ့
အခင်ကို လိုသမျှဖွင့်,အခင်ကို လိုသမျှဖွင့်
မြန်မာနိုင်ငံနဲ့ပတ်သက်လို့ ဆောင်ရွက်စရာ,မြန်မာနိုင်ငံနဲ့ပတ်သက်လို့ ဆောင်ရွက်စရာ
ဝတ်,ဝတ်
သန်း,သန်း
ဘာလုပ်,ဘာလုပ်
ဖေ,ဖေ
။ ကိုယ်ရပိုင်တဲ့ အခွင့်အရေး,။ ကိုယ်ရပိုင်တဲ့ အခွင့်အရေး
ကို တစ်နေ့လုံး လိုက်ပြီး,ကို တစ်နေ့လုံး လိုက်ပြီး
သည်။ ဂျာနယ်လစ်များက,သည်။ ဂျာနယ်လစ်များက
မောက်များနှင့် ပုံစံမတူ,မောက်များနှင့် ပုံစံမတူ
တစ်ခုကို ဆိုခဲ့သည်။ ကမ္ဗလဿ တ,တစ်ခုကို ဆိုခဲ့သည်။ ကမ္ဗလဿ တ
၏။ ကိုယ်ထင်ပြလာသူကဲ့သို့ အခန်းဝတွင် မြိုင်က မလှုပ်,၏ ။ ကိုယ်ထင်ပြလာသူကဲ့သို့ အခန်းဝတွင် မြိုင်က မလှုပ်
ပုံ ရ၏။ ထို,ပုံ ရ၏။ ထို
လို လုပ်,လို လုပ်
သည်။ အုန်းဆီထုတ်သည်။ နာနတ်ပင်များကို အကြီးအကျယ် ဦးလေး ဦးလေးနဲ့ မခေါ်ပါနဲ့ဟ။ ငါ အဲဒီလောက်,သည်။ အုန်းဆီထုတ်သည်။ နာနတ်ပင်များကို အကြီးအကျယ် ဦးလေး ဦးလေးနဲ့ မခေါ်ပါနဲ့ဟာ။ ငါ အဲဒီလောက်
။ ၁၉၆၈-,။ ၁၉၆၈-
သည် သည်,သည် သည်
ဘ,ဘ
၉ ဖြစ်သည်။ ၂၀၁၄ သန်းခေါင်စာရင်းအရ လွဲမွန်ကျေးရွာအုပ်စုတွင် ကျား ၁၅၃၁ ဦး၊ မ ၁၇၂၄ ဦး၊ လူဦးရေစုစုပေါင်း ၃၂၅,၉ ဖြစ်သည်။ ၂၀၁၄ သန်းခေါင်စာရင်းအရ လွဲမွန်ကျေးရွာအုပ်စုတွင် ကျား ၁၅၃၁ ဦး၊ မ ၁၇၂၄ ဦး၊ လူဦးရေစုစုပေါင်း ၃၂၅
လွင့်,လွင့်
ဂျိမ,ဂျိမ
စံဖြိုး,စံဖြိုး
တော့မယ်။ ခင်ဗျားကို လာ,တော့မယ်။ ခင်ဗျားကို လာ
ခဲ့သည်,ခဲ့သည်
ကား,ကား
တည်,တည်
ကြီးဆုံး လုပ်ငန်း,ကြီးဆုံး လုပ်ငန်း
ခြင်းလျှင်၊ တန်ဆာဆင်၏၊ နှုတ်မင်္ဂလာ၊ စကားမှာကား၊ အသာ,ခြင်းလျှင်၊ တန်ဆာဆင်၏၊ နှုတ်မင်္ဂလာ၊ စကားမှာကား၊ အသာ
ညီ၊ လမ်းတော်ဖိုးတုတ် သည် တပည့်များအား,ညီ၊ လမ်းတော်ဖိုးတုတ် သည် တပည့်များအား
တွေ အများကြီးပါလား၊ ငါ,တွေ အများကြီးပါလား၊ ငါ
မေရိကားက မက်ဆာချူးဆက် စက်မှုသိပ္ပံကို ဆက်တက်,မေရိကားက မက်ဆာချူးဆက် စက်မှုသိပ္ပဲကို ဆက်တက်
ခဲ့သူဖြစ်ပြီး ပန်းချီဉာဏ်သစ်လောင်းသင်တန်းများ ဖွ,ခဲ့သူဖြစ်ြီး ပန်းချိဉာဏ်သစ်လောင်းသင်တန်းများ ဖွ
"မဏိပဲတဲ့"" တက်စသည် တညနေလုံး ကြီးမားသည့် မြေပုံချပ်ကြီးကို ကြည့်နေပြီးနောက် မိတ်ဆွေအမတ်တယောက်နှင့် သွား၍ ည","မဏိပဲတဲ့"" တက်စသည် တညနေလုံး ကြီးမားသည့် မြေပုံချပ်ကြီးကို ကြည့်နေပြီးနောက် မိတ်ဆွေအမတ်တယောက်နှင့် သွား၍ ည"
လွယ်,လွယ်
အ,အ
ပြီ,ပြီ
စီး,စီး
ဝ ပေးခဲ့သည်,ဝ ပေးခဲ့သည်
Wardအမှတ် (၁၄) ရပ်ကွက် အခုဆို ကစ်ကစ်,Mardအမှတ် (၁၄) ရပ်ကွက် အခုဆို ကစ်ကစ်
လား..,လား..
ပင် အထက်ရှိ ကျောက်လွှာတို့မှ မြင့်မားသော အပူချိန် နှင့် ဖိအားတို့ကြောင့် အသွင်ပြောင်းကျောက်အဖြစ် ပြောင်းလဲလာနိုင်သည်။ ခင်စိုးပိုင်နဲ့လား ရှိတယ်,ပင် အထက်ရှိ ကျောက်လွှာတို့မှ မြင့်မားသော အပူ့ချိန် နှင့် ဖိအားတို့ကြောင့် အသွင်ပြောင်းကောက်အဖြစ် ပြောင်းလဲလာနိုင်သည်။ ခင်စိုးပိုင်နဲ့လား ရှိတယ်
အုပ်စု,အုပ်စု
များကို Tanai MMR001004017 Ta Ron တရုံ ဟူ၍ ဖြစ်လေ၏။ ကိုသန်းတင်တို့လူစု၊ အထက်တန်း ကျောင်းသား အတော်များများနှင့် မြန်မာဘာသာ ကျောင်းသားများ၊ အရပ်သူ အရပ်သား အချို့၏အ,များကို Tarai WwVinoh Oo4o1 5 Ta Ron တရုံ ဟူ၍ ဖြစ်လေလ၏။ ကိုသန်းတင်တို့လူစု၊ အထက်တန်း ကျောင်းသား အတော်များများနှင့် မြန်မာဘာသာ ကျောင်းသားများ၊ အရပ်သူ အရပ်သား အချို့ ၏အ
ရွက်ပင်,ရွက်ပင်
ကောင်း,ကောင်း
၀,ဝ
ပိုး,ပိုး
ပိုက်,ပိုက်
ခြေအနေပေါ်၌လည်း တည်၏။ ဇေ,ခြေအနေပေါ်၌လည်း တည်၏။ ဝေ
ရိုးမီးများ ဝါးမျိုလို့ မြတောင် ရွှေကျောင်းတော်ကြီးတို့လိုအဆောက်အဦးကြီးတွေ ကြည့်စရာမရှိတော့တဲ့အချိန်မှာ ရှားပါးနေပြီဖြစ်တဲ့ မဟာမုနိအရှေ့မုခ်ကျွန်းသားပြာသာဒ်,ရိုးမီးများ ဝါးမျို့လို့ မြတောင် ရွှေကျောင်းတော်ကြီးတို့လိုအဆောက်အဦးကြီးတွေ ကြည့်စရာမရှိတော့တဲ့အချိန်မှာ ရားပါးနေပြီဖြစ်တဲ့ မဟာမုနိအရှေ့မုခ်ကျွန်းသားပြာသာဒ်
ကျယ်,ကျယ်
သူ သို့မဟုတ် ဩဇာတိက္ကမကြီးမားသူများ ပေါ်ထွက်လာပါက အခြားသူများအ,သူ သို့မဟုတ် ဩဇာတိက္ကမကြီးမားသူများ ပေါ်ထွက်လာပါက အခြားသူများအ
သိမ်းကာ မှော်ဘီ စိုက်ပျိုးရေးစခန်းကို ဌာနချုပ်ဖွင့်၍ သူတို့အား ခုခံရခြင်းပင် ဖြစ်သည်,သိမ်းကာ မှော်ဘီ စိုက်ပျိုးရေးစခန်းကို ဌာနချုပ်ဖွင့်၍ သူတို့အား ခုခံရခြင်းပင် ဖြစ်သည်
စ,စ
တိုက်မ အထက်ရှိ ပစ္စယာဆင့်များတွင် ပုံစံအမျိုးမျိုး အကွက်အမျိုးမျိုး ဖော်ထားသည့် စဉ့်သုတ်စိန်တန်းများဖြင့် တန်,တိုက်မ အထက်ရှိ ပစ္စယာဆင့်များတွင် ပုံစံအမျိုးမျိုး အကွက်အမျိုးမျိုး ဖော်ထားသည့် စဉ်သုတ်စိန်တန်းများဖြင့် တန်
လာလမ်ပူသည် ဆီလန်ဂေါ ပြည်နယ်ထဲမှာ ရှိ၍ ထိုပြည်နယ်ကို အုပ်ချုပ်သော မလေးဘုရင်က ကွာလာလမ်ပူ,လာလမ်ပူသည် ဆီလန်ဂေါ ပြည်နယ်ထဲမှာ ရှိ၍ ထိုပြည်နယ်ကို အုပ်ချုပ်သော မလေးဘုရင်က ကွာလာလမ်ပူ
နတ်က,နတ်က
သီးများ တပ်၍ ထားသော,သီးများ တပ်၍ ထားသော
သည့် ခွေးအများကို ထပ်မံပစ်ခတ်ပြန်၏။ ကျည်ဆံတိုင်းပင် ခွေးအများကို ထိမှန်လေရာ နောက်ဆုံးတွင် ရှင်းလင်းသွားလေသည်။ 'ဪ,"သည့် ခွေးအများကို ထပ်မံပစ်ခတ်ပြန်၏။ ကျည်ဆံတိုင်းပင် ခွေးအများကို ထိမှန်လေရာ နောက်ဆုံးတွင် ရှင်းလင်းသွားလေသည်။ ""ဪော"
သွားသည့်ကုန်တွေ အရှုံးပေါ်သွား၍ ဟုဆိုကာ လျှော့ပေးတာတွေရှိသည်။ ကိုယ်လူကြုံပါးလိုက်သည့်ငွေကို နည်းနည်း,သွားသည့်ကုန်တွေ အရှုံးပေါ်သွား၍ ဟုဆိုကာ လျှော့ပေးတာတွေရှိသည်။ ကိုယ်လူကြုံပါးလိုက်သည့်ငွေကို နည်းနည်း
ခိုလှေများအကြောင်းကို ကြားဖူးသည် သည်စက်လှေများ,ခိုလှေများအကြောင်းကို ကြားဖူးသည် သည်စက်လှေများ
ထောင်သူလည်း,ထောင်သူလည်း
ခရိုင်,ခရိုင်
သနဝိဇ္ဇော,သနဝိဇ္ွော
မြေစေးတွင် အညစ်အ,မြေစေးတွင် အညစ်အ
ပ,ပ
မြက်လိုသူ,မြက်လိုသူ
သာမဟုတ်၊ အသီးနှင့် အရွက်ရရန်အတွက်ပါ စိုက်ပျိုးကြသည်။ အသီးကို,သာမဟုတ်၊ အသီးနှင့် အရွက်ရရန်အတွက်ပါ စိုက်ပျိုးကြသည်။ အသီးကို
ကတံ ကရဏီ,ကတံ ကရုဏီ
လုပ်မဖြစ်။ နောက် ဆုံး ရထားသည် ခပ်စောစောကပင် ပါရီသို့ ထွက်,လုပ်မဖြစ်။ နောက် ဆုံး ရထားသည် ခပ်စောစောကပင် ပါရီသို့ ထွက်
လေး,လေး
ပြီးနောက် ကားပြန်၍ ထွက်သွားသောအခါ ကားပေါ်၌ ပါးစပ်တွင် အဝတ်များ စည်းနှောင်ထား,ပြီးနောက် ကားပြန်၍ ထွက်သွားသောအခါ ကားပေါ်၌ ပါးစပ်တွင် အဝတ်များ စည်းနှောင်ထား
ကြည်မှုတစ်ခု,ကြည်မှုတစ်ခု
တူတူစား,တူတူစား
ကားရိုက်ရန်အတွက် လားရှိူးသို့ ပြန်,ကားရိုက်ရန်အတွက် လားရှိုးသို့ ပြန်
သစ်လေ,သစ်လေ
ဝင်ရောက်ယှဉ်ပြိုင်,ဝင်ရောက်ယှဉ်ပြိုင်
တာ,တာ
တယ်။ သူဇာလွင် ခေါင်းခါလိုက်တယ်။ သူ ခေါင်းခါပြနေတာကို မင်းခန့်ထူး မြင်ပါစေ။ မလာ,တယ်။ သူဇာလွင် ခေါင်းခါလိုက်တယ်။ သူ ခေါင်းခါပြနေတာကို မင်းခန့်ထူး မြင် ပါစေ။ မလာ
ယောက်စလုံး မသင်္ကာစရာ တစ်ခုခု တွေ့ လို့ ရန်သူ့နောက်ကို လိုက်သွားကြတာ ဖြစ်ရမယ် တစ်စကို ကာဗွန်တုံးနှင့် ဆက်ထား၍ ကျန်တစ်စ,ယောက်စလုံး မသငီ္ကာစရာ တစ်ခုခု တွေ့ လို့ ရန်သူ့နောက်ကို လိုက်သွားကြတာ ဖြစ်ရမယ် တစ်စကို ကာဇွန်တုံးနှင့် ဆက်ထား၍ ကျန်တစ်စ
တွင်,တွင်
ခုနှစ်ရက်သားသမီးများနှင့် ပူးပေါင်းပြီး အထက်ဌာပနာ ထည့်သွင်း,ခုနှစ်ရက်သားသမီးများနှင့် ပူးပေါင်းပြီး အထက်ဌာပနာ ထည့်သွင်း
သည်။ အတွေ့လေးရယ်မှ အိုအကြုံ (၁၉၉,သည်။ အတွေ့လေးရယ်မှ အိုအကြုံ (၁၉၉
ဆောင်မှု ပေးနိုင်ခဲ့,ဆောင်မှု ပေးနိုင်ခဲ့
လာကြသည်။ စစ်ရထားပေါ်တွင်သာ အစဉ်အမြဲ တွေ့မြင်ခဲ့ရသော သူ,လာကြသည်။ စစ်ရထားပေါ်တွင်သာ အစဉ် အမြဲ တွေ့မြင်ခဲ့ရသော သူ
စစ်,စစ်
နေအထိ အဖြစ်အပျက်များ,နေအထိ အဖြစ်အပျက်များ
လေးမ,လေးမ
တွင် မျက်နှာပြင်တစ်ခုတည်းသာရှိသော်လည်း သိပ္ပံပညာ ဆက်တိုက်ယူလာခဲ့သော ကေသွယ်အတွက် သိပ္ပံနှင့် နီးနီးစပ်စပ် ဟူ၍ မူလတန်းကျောင်းတွင်,တွင် မျက်နှာပြင်တစ်ခုတည်းသာရှိသော်လည်း သိပ္ပံပညာ ဆက်တိုက်ယူလာခဲ့သော ကေသွယ်အတွက် သိပ္ပံနှင့် နီးနီးစပ်စပ် ဟူ၍ မူလတန်းကျောင်းတွင်
ကျင်းအား နတ်မိမယ်တမျှ ထင်မှတ်ပြီး မြတ်နိုးခဲ့သည်။ သူမ အလှရိပ်တွင် ယစ်မူး,ကျင်းအား နတ်မိမယ်တမျှ ထင်မှတ်ပြီး မြတ်နိုးခဲ့သည်။ သူမ အလှရိပ်တွင် ယစ်မူး
ဏခဏ မေးသည်။ ကျောင်းဆင်းသောအခါ ကျော်စွာတို့သည် ပူနှိပ်တို့အိမ် ဘက်သို့ သွားရလေသည်။ ကယားလူမျိုးစုဒီမိုကရေစီပါတီ နှင့် လူမျိုးပေါင်းစုံဒီမိုကရေစီ,ဏခဏ မေးသည်။ ကျောင်းဆင်းသောအခါ ကျော်စွာတို့သည် ပူနှိပ်တို့အိမ် ဘက်သို့ သွားရလေသည်။ ကယားလူမျိုးစုဒီမိုကရေစီပါတီ နှင့် လူမျိုးပေါင်းစုံဒီမိုကရေစီ
အမြင်ကို လိုက်နာသူများသည်,အမြင်ကို လိုက်နာသူများသည်
တယ်။ ပြီးတော့ Keygen ထဲမှာ သွား Paste လုပ်၊ Generate Activation Code ကိုနှိပ်။ ထွက်လာတဲ့ Activation Code ကို,တယ်။ ပြီးတော့ Keygwn ထဲမှာ သွား Faate လုပ်၊: Denerate Activation Code ကိုနှိပ်။ ထွက်လာတဲ့ Actiation Code ကို
သည် ဇုနတ်မင်းကြီးနှင့် တူသော်လည်း ပို၍ ဣန္ဒြေကြီးပြီး,သည် ဇုနတ်မင်းကြီးနှင့် တူသော်လည်း ပို၍ ဣနြေကြီးပြီး
ဆီး,ဆီး
။ နန်းတော်ရှေ့ ဆရာတင် သားကလေးများနည်းတူ ကျွဲကျောင်းခိုင်း၏။ မော်ဂလီမှာ,။ နန်းတော်ရှေ့ ဆရာတင် သားကလေးများနည်းတူ ကျွဲကျောင်းခိုင်း၏ ။ မော်ဂလီမှာ
ဟစ်ပိုဂိုဏ်းအုပ်၏လက်ထောက်အဖြစ် တာဝန်ယူပြီး ၅နှစ်အကြာ ဂိုဏ်းအုပ်ကွယ်လွန်သော် ရာထူးတိုး၍ ဟစ်,ဟစ်ပို့ဂိုဏ်းအုပ်၏လက်ထောက်အဖြစ် တာဝန်ယူပြီး ၅နှစ်အကြာ ဂိုဏ်းအုပ်ကွယ်လွန်သော် ရာထူးတိုး၍ ဟစ်
လို့မှ မဆုံးမီ သိန်း,လို့မှ မဆုံးမီ သိန်း
နေတာ၊ ရောင်ဘန်ရွာ (အင်္ဂလိပ်: Yawngbang)သည် ရှမ်းပြည်နယ် (မြောက်)၊ ပလောင် ကိုယ်ပိုင်အုပ်ချုပ်ခွင့်,နေတာ၊ ရောင်ဘန်ရွာ (အင်္ဂလိပ်: 1awngfuang)သည် ရှမ်းပြည်နယ် (မြောက်)၊ ပလောင် ကိုယ်ပိုင်အုပ်ချုပ်ခွင့်
နောက်ဆုံးတွင် ကြယ်ပုနက် (black dwarf) အဖြစ် မှေးမှိန်သွားမည်ဖြစ်သည်။ နေနှင့် အနီးဆုံးကြယ်မှာ ပရိုဆီ,နောက်ဆုံးတွင် ကြယ်ပုနက် (plack: dwan) အဖြစ် မှေးမှိန်သွားမည်ဖြစ်သည်။ နေနှင့် အနီးဆုံးကြယ်မှာ ပရိုဆီ
မှ,မှ
ရာတွင် လိမ့်၍ကျလေပြီဟု ခန့်မှန်းသိရှိရသော်လည်း ထွက်ပြီးဆင်းမသွားဝံ့၊ ဆင်းသွားခါမှ ဖွပ်သည်ထက် ညစ်,ရာတွင် လိမ့်၍ကျလေပြီဟု ခန့်မှန်းသိရှိရသော်လည်း ထွက်ပြီးဆင်းမသွားဝံ့၊ ဆင်းသွားခါမှ ဖွပ်သည်ထက် ညစ်
င့်,င့်
တော်ဝန် ကော့ခ်,တော်ဝန် ကော့ခ်
။ အကြောင်း,။ အကြောင်း
"ဖောမီး (Anseriformes)"" အတွင်း ပါဝင်","ဖောမီး (Anserlformea)"" အတွင်း ပါဝင်"
တော် ပါတဲ့ ရွှေရှူဆေးဘူးချီးမြှင့်ခံရတဲ့ကိစ္စဟာ အမှုတော်ထမ် ကောင်းတဲ့အတွက် ဘွဲ့ထူးဂုဏ်ထူးချီးမြှင့်ခံရ,တော် ပါတဲ့ ရွှေရှူဆေးဘူးချီးပြင့်ခံရတဲ့ကိစ္စွဟာ အမှုတော်ထမ် ကောင်းတဲ့အတွက် ဘွဲ့ထူးကုဏ်ထူးချီးမြင့်ခံရ
သူ့မိန်းမဆီကို ပေးလိုက်တဲ့အလုပ်ပါ၊ ကျွန်မ ပို့ပေးရမှာပေါ့ ရင်သွေးငယ်အာဟာရ သန္တေသားမှစ အင်ဒို,သူ့မိန်းမဆီကို ပေးလိုက်တဲ့အလူပ်ပါ၊ ကျွန်မ ပို့ပေးရမှာပေါ့)ရင်သွေးငယ်အာဟာရ သန္ေသားမှစ အင်ဒို
ဒင်း ပွိုင့်တူးတူး သေနတ်သံကလေး ထွက်သွားသလို ...,ဒင်း ပွိုင့်တူးတူး သေနတ်သံကလေး ထွက်သွားသလို ...
ပါကညော ထန်းရည်တစ်ခွက် ကိုထည့်ပြီး ခပ်မြန်မြန်ဂလုချလိုက်တယ်။ ဟုတ်တယ်လေ။ ဒီလောက်တောင် ဆေးဖက်ဝင်နေမှတော့ ဘာမဂလုစရာရှိ,ပါကညော ထန်းရည်တစ်ခွက် ကိုထည့်ပြီး ခပ်မြန်မြန်ဂလုချလိုက်တယ်။ ဟုတ်တယ်လေ။ ဒီလောက်တောင် ဆေးဖက်ဝင်နေမှတော့ ဘာမဂလုစရာရှိ
မအေးပေး,မအေးပေး
မနည်း ပြန်တည့်ယူရ,မနည်း ပြန်တည့်ယူရ
အတွင်း မြန်မာပြည်အနှံမှ,အတွင်း မြန်မာပြည်အနှံမှ
ချို့,ချို့
ခေါ်၍ တစ်ပြိုင်,ခေါ၍ တစ်ပြိုင်
မင်းတပ်မှာ ကနောင်မင်းသား၏ ငယ်နာ,မင်းတပ်မှာ ကနောင်မင်းသား၏ ငယ်နာ
နိုး,နိုး
ဘု,ဘု
လဲ။ဒေါ်ဒေါ်က အသက်ကြီးပေမယ့် မျက်နှာကတော့ နုနုကလေး ရှိနေသေးလို့မို့ ဝတ်နိုင်ပါတယ် ဒေါ်ဒေါ်ရယ် လုရင်းလိုက်ရင်း စုတ်ပြဲ,လဲ။ဒေါ်ဒေါ်က အသက်ကြီးပေမယ့် မျက်နှာကတော့ နုနှုကာလေး ရှိနေသေးလို့မို ဝတ်နိုင်ပါတယ် ဒေါ်ဒေါ်ရယ် လုရင်းလိုက်ရင်း စုတ်ပြဲ
။ အပြစ်,။ အပြစ်
သာယာကုန်း - ပဲခူးခရိုင်၊ ကျောက်တံခါးမြို့နယ်၊ ကြာအင်းကုန်းကျေးရွာအုပ်စု၊ ပီကုတ်(220102)ChampionofKandawgyiDota,သာယာကုန်း - ပဲခူးခရိုင် ကျောက်တံခါးမြို့ နယ်၊ ကြာအင်းကုန်းကျေး ရွာအုပ်စု၊ ပီကုတ်(220102)C:harmpionofKsndlatwgsiC)ota
ထောက်အ,ထောက်အ
။,။
။,။
ခုနှစ် ဩဂုတ်လ ၃,ခုနှစ် ဩဂုတ်လ ၃
အ,အ
ဖြ,ဖြ
ကာ၊,ကာ၊
ပိုင်ကြံပါ။ ဂျိုးဆက်စတိန်း,ပိုင်ကြံပါ။ ဂျိုးဆက်စတိန်း
၈) ကြင်နာသူနှစ်ဦး ဆုံနိုင်ရင် (၁၉၉၇) ဟား ကောင်းပါတယ်။ အများကြီးကို ကောင်း,၈) ကြင်နာသူနှစ်ဉဦး ဆုံနိုင်ရင် (၁၉၈၇) ဟား ကောင်းပါတယ်။ အများကြီးကို ကောင်း
ကို အလယ်က ထက်ဝက်ခြမ်း,ကို အလယ်က ထက်ဝက်ခြမ်း
လဲ ကလေးအသက် ဘယ်လောက်,လဲ ကလေးအသက် ဘယ်လောက်
ဟားရယ်၏။ 32. Lords of the Sunset. ဒါပေမယ့် ကျွန်တော်ဘာမှမပြောမိ...။ ဒီအတိုင်းလေးပဲ အသက်ကိုထိန်းရှူရင်း ဖုန်းကိုနားမှာကပ်ထားမိသည်။ သို့သော် အချိန်အ,ဟားရယ်၏။ R2- L.ords of the Runset- ဒါပေမယ့် ကျွန်တော်ဘာမှမပြောမိ. ဒီအတိုင်းလေးပဲ အသက်ကိုထိန်းရှူရင်း ဖုန်းကိုနားမှာကပ်ထားမိသည်။ သို့သော် အချိန်အ
ဏလေး ငြိမ်,ဏလေး ငြိမ်
နလုပ်ငန်း၏ အဆင့်တစ်ဆင့်အောင် မြင်သည်ဆိုသော သတင်းပင်ဖြစ်ပါသည်။ ယခင်က သစ်ပင်တို့၌,နလုပ်ငန်း၏ အဆင့်တစ်ဆင့်အောင် မြင်သည့်ဆိုသော သတင်းပင်ဖြစ်ပါသည်။ ယခင်က သစ်ပင်တို့၌
မန်ကြီးက ဘာမျှ,မန်ကြီးက ဘာမျှ
င့် နည်းပညာ အဖွဲ့အစည်း အသင်းဝင်များ နှင့် ဈေးကွက်အတွင်းမှ အကျိုးတူ,င့် နည်းပညာ အဖွဲ့အစည်း အသင်းဝင်များ နှင့် ဈေးကွက်အတွင်းမှ အကျိုးတူ
ဖြစ်,ဖြစ်
ကို လန်းဆတ် စေသည့် ဝိုင်,ကို လန်းဆတ် စေသည့် ဝိုင်
အတိုင်းဖြစ်,အတိုင်းဖြစ်
ရိုင်၊ တွန်းဇံ,ရိုင်၊ တွန်းဇံ
အချင်း,အချင်း
ဝတီမင်းသား ရွှေဘိုသို့ထွက်ကာ အင်အားစု၍ ပုန်ကန်သည်။ ပုန်ကန်မှုအောင်မြင်သဖြင့် သာယာဝတီမင်း နန်းတက်သည်။ နန်းမတော်မယ်နု၊ မင်းသား,ဝတီမင်းသား ရွှေဘို့သို့ထွက်ကာ အင်အားစု၍ ပုန်ကန်သည်။ ပုန်ကန်မှုအောင်မြင်သဖြင့် သာယာဝတီမင်း နန်းတက်သည်။ နန်းမတော်မယ်နု မင်းသား
အမျိုးသမီးဘက်သို့ ခေါင်းညွှတ်,အမျိုးသမီးဘက်သို့ ခေါင်းညွှတ်
ရွရွနှုတ်ခမ်းဖြင့် သူ့ခေါင်းကို,ရွရွနှုတ်ခမ်းဖြင့် သူ့ခေါင်းကို
"အင် သုံးစွဲနိုင်အားမှာ ၅၅,၅","အင် သုံးစွဲနိုင်အားမှာ ၅၅,၅"
လာ,လာ
လည်း သူ,လည်း သူ
ကုတ်မှာ ၂၁၉၈၆၂ ဖြစ်သည်။ ၂၀၁၄ သန်းခေါင်စာရင်းအရ မိုင်းဟွမ်ကျေးရွာအုပ်စုတွင် ကျား ၁၈၂၀ ဦး၊ မ ၁၇၅၇ ဦး၊ လူဦးရေ စုစုပေါင်း,ကုတ်မှာ ၂၁၉၈၆၂ ဖြစ်သည်။ ၂၀၁၄ သန်းခေါင်စာရင်းအရ မိုင်းဟွမ်ကျေးရွာအုပ်စုတွင် ကျား ၁၈၂၀ ဦး၊ မ ၁၇၅၇ ဦး၊ လူဦးရေ စုစုပေါင်း
အများဆုံးဆေးကို အသက် ၂,အများဆုံးဆေးကို အသက် ၂
မှ အီရတ်တွင် ဆဒမ်အားဖယ်ရှားရန် အီရတ်ကို ၂၀၀၃၌ တိုက်ခိုက်ခဲ့သည်။ ယင်းတိုက်ခိုက်မှုတွင် အမေရိကန်သမ္မတ ဂျော့ဘုရှ်၊ ဗြိတိသျှဝန်ကြီးချုပ်,မှ အီရတ်တွင် ဆဒမ်အားဖယ်ရှားရန် အီရတ်ကို ၂၀၀၃၌ တိုက်ခိုက်ခဲ့သည်။ ယင်းတိုက်ခိုက်မှုတွင် အမေရိကန်သမ္မတ ဂျော့ဘုရှ၊ ဗြိတိသျှဝန်ကြီးချုပ်
ဝ,ဝ
၈ ဦး၊ မ ၁၀၀၁ ဦး၊ လူဦးရေစုစုပေါင်း ၂၀၇၉ ဦး နေထိုင်သည်။ သည်ကြားထဲက မွန်မွန့်အသွင်၌ ချုပ်တည်း,၈ ဦး၊ မ ၁၀၀၁ ဦး၊ လူဦးရေစုစုပေါင်း ၂၀၇၉ ဦး နေထိုင်သည်။ သည်ကြားထဲက မွန်မွန့်အသွင်၌ ချုပ်တည်း
ဖုန်းနဲ့ နံပါတ်တစ်ခုကို ခေါ်လိုက်ပါတယ်။ ဆူနီဆာ ကာဝရွန်ဂရောင်း (၂၉ ဇန်နဝါရီ ၁၉၇၂ မွေးဖွားသည်) ထိုင်းနိုင်ငံမှ မာရသွန်ပြိုင်ပွဲဝင်,ဖုန်းနဲ့ နံပါတ်တစ်ခုကို ခေါ်လိုက်ပါတယ်။ ဆူနီဆာ ကာဝရွန်ဂရောင်း (၂၉ ဇန်နဝါရီ ၁၉၇၂ မွေးဖွားသည်) ထိုင်းနိုင်ငံမှ မာရသွန်ပြိုင်ပွဲဝင်
ရာကုတ်,ရာကုတ်
၊ သွေး,၊ သွေး
ရပ်ဝတ် အရပ်စားနှင့်။ ဒါက ဘာသဘော,ရပ်ဝတ် အရပ်စားနှင့်။ ဒါက ဘာသဘော
တို့,တို့
မိုင်,မိုင်
culturesorracesintheirfictionaluniverses.Namesortitlesof,culcuesoppacesintheirfictionalunivepaes.MfamesortlFilesof
ဆေးလိပ်,ဆေးလိပ်
ကာ အခြား,ကာ အခြား
င့် အောက်ဘုံ,င့် အောက်ဘုံ
ရပြီး တညင် ကျောက်,ရပြီး တညင် ကျောက်
။https://www.anonymoustunisie.com/WebsiteofAnonymousTNဘယ်သူမှ တိတိ,"။htps:/www,ainonytoustunisie,com'WebsiteotAnonyttiousT""%ဘာယ်သူ့မှ တိတိ"
သို့ ပြန်ရောက်သော် ရိုမန်တစ် ဟာသ Finding Mr. Destiny ၌ ပွဲဦးထွက်လာရာ ကိုရီးယား၌ ရုံပေါ်မှမဆင်းသော ကား ဖြစ်ခဲ့သည်။ နတ်ဆိုတာ မဂဓဘာသာမှ နာထသဒ္ဒါကို အ,သို့ ပြန်ရောက်သော် ရိမန်တစ် ဟာသ Pindlitg Mlte: DJustity ၌ ပွဲဦးထွက်လာရာ ကိုရီးယား၌ ရုံပေါ်မှမဆင်းသော ကား ဖြစ်ခဲ့သည်။ နတ်ဆိုတာ မဂဘဘောသာမှ နာထသဒ္ဒါကို အ
သည် ကချင်ပြည်နယ်၊ ပူ,သည် ကချင်ပြည်နယ်၊ ပူ
ကြ,ကြ
သည်။ ၁၉၅,သည်။ ၁၉၅
၊ meropenem,၊ meropenem
ရန်,ရန်
အရ ထုံးတောင်ကျေးရွာအုပ်စုတွင် ကျား ၂၃၁၀ ဦး၊ မ ၂၆၈၀,အရ ထုံးတောင်ကျေးရွာအုပ်စုတွင် ကျား ၂၃၁၀ ဦး၊ မ ၂၆၈၀
မေးခွန်းတွေကိုလည်း မုန်းတယ်။ ၀င်းလှသည် ဖြူဖတ်ဖြူရော်ဖြစ်နေသော ခိုင့်,မေးခွန်းတွေကိုလည်း မုန်းတယ်။ ၀င်းလှသည် ဖြူဖတ်ဖြူရော်ဖြစ်နေသော ခိုင့်
၅၆,၅၆
ရင် လုံလောက်ပြီပေါ့,ရင် လုံလောက်ပြီပေါ့
ကြည်သည် ဖေဖေ့ရှေ့,ကြည်သည် ဖေဖေ့ရှေ့
ကြီးရှိ,ကြီးရှိ
ကားဘေးက,ကားဘေးက
။,။
ဇစ်,ဇစ်
ရာ ကျွန်မတို့အပေါ်မှာ ကျေးဇူးတွေ အရမ်း များနေပြီ,ရာ ကျွန်မတို့အပေါ်မှာ ကျေးဇူးတွေ အရမ်း များနေပြီ
ထွန်း - ငါတော့ ဒီလိုဟိုးလေးတစ်,ထွန်း - ငါတော့ ဒီလိုဟိုးလေးတစ်
ဆောင်ခဲ့သည်။ ယွင်းချက်,ဆောင်ခဲ့သည့်။ ယွင်းချက်
လည်းကောင်း၊ မြေ,လည်းကောင်း၊ မြေ
င့်လှုပ်ရတော့သည်။ နေစမ်းပါဦး,င့်လှုပ်ရတော့သည်။ နေစမ်းပါဦး
အယူအဆကို ငြင်းပယ်ရလိမ့် မည်ဟု ထင်စရာရှိ၏။ သို့ရာတွင် ကိုပါနီကတ်၏ နိယာ,အယူအဆကို ငြင်းပယ်ရလိမ့် မည်ဟု ထင်စရာရှိ၏။ သို့ရာတွင် ကိုပါနီကတ်၏ နိယာ
ရွာစုကလေး ဖြစ်ပေသည်။ လယ်သမား၊ ဈေးသည်များ,ရွာစုကလေး ဖြစ်ပေသည်။ လယ်သမား၊ ဈေးသည်များ
ဆိပ်ဖြစ်သည်။ ၎င်းတို့တွင် စက်ချောဆီ၊ ဂီယာဆီနှင့် အမဲဆီများ,ဆိပ်ဖြစ်သည်။ ၎င်းတို့တွင် စက်ချောဆီ၊ ဂီယာဆီနှင့် အမဲဆီများ
ကြီး,ကြီး
ပဒေ,ပဒေ
လား အဲ့ဒါဟာ ကျွန်တော့်,လား အဲ့ဒါတာ ကျွန်တော့်
မွှေး,မွှေး
ငရှဉ့်ကျ မည်။ ကြိုးထိုးလျှင် သည်နှစ်ကောင်အနက် မည်သည့်အကောင်ကျကျ ကိုယ်က အနိုင်ရမည်။ ရာဇဝင်ဟောင်းများရဲ့ သင်္ချိုင်း ဘာလုပ်ရမည်နည်း။ ဒီနေရာက စောင့်လျှင် မ,ငရှ့်ကျ မည်။ ကြိုးထိုးလျှင် သည်နှစ်ကောင်အနက် မည်သည့်အကောင်ကျကျ ကိုယ်က အနိုင်ရမည်။ ရာဇဝင်ဟောင်းများရဲ့ သင်ချိုင်း ဘာလုပ်ရမည်နည်း။ ဒီနေရာက စောင့်လျှင် မ
ကျော်,ကျော်
ကျော် လေးမျက်နှာဂူ ဘုရား ရက်နေ့တွင် နိုင်ဂျီးရီးယားနိုင်ငံ ကက်,ကျော် လေးမျက်နှာဇူ ဘုရား ရက်နေ့တွင် နိုင်ဂျီးရီးယားနိုင်ငံ ကက်
ပန်း,ပန်း
လမ်းမြို့ဖြစ်သည်,လမ်းမြို့ဖြစ်သည်
မျိုး,မျိုး
ဆုံး ဖြစ်၏။ ဤအခြေ,ဆုံး ဖြစ်၏။ ဤအခြေ
၊ ရော့... ဦး,၊ ရော... ဦး
ယမကာကို စောင့်နေကြတယ်။ စားပွဲထိုးမလေးက တော့ အသက်ရှစ်ဆယ့်လေးနှစ်ပဲ ရှိသေးတဲ့ လှ,ယမကာကို စောင့်နေကြတယ်။ စားပွဲထိုးမလေးက တော့ အသက်ရှစ်ဆယ့်လေးနှစ်ပဲ ရှိသေးတဲ့ လှ
အိတ်ဆိုရင်လည်း စုတ်,အိတ်ဆိုရင်လည်း စုတ်
မြို့နယ်၊ ထန်းဘုန်းတောကျေးရွာအုပ်စု တံတားဦးရွာ (အင်္ဂလိပ်: Tadaru)သည် စစ်ကိုင်းတိုင်းဒေသကြီး၊ ရွှေဘိုခရိုင်၊ ဝက်လက်မြို့နယ်၊ ကျီးပင်ကန်ကျေးရွာအုပ်စု၌ တည်ရှိသည်။ ရွာ,မြို့ နယ်၊ ထန်းဘုန်းတောကျေးရွာအုပ်စု တံတားဦးရွာ (အင်္ဂလိပ် TKwUAarU)သည် စစ်ကိုင်းတိုင်းဒေဒသကြီး၊ ွှေ်ိုခရိုင်၊ ဝက်လက်မြို့ နယ်၊ ကျီးပင်ကန်ကျေးရွာအုပ်စု၌ တည်ရှိသည်။ ရွာ
ကျဉ်းကျဉ်းလေးပါ၊ မေးဖန်များစကား,ကျဉ်းကျဉ်းလေးပါ၊ မေးဖန်များ စကား
ရေး၊ အိမ်များရှိမိလ္လာစနစ်,ရေး၊ အိမ်များရှိမိလ္လာစနစ်
ကလေးများ အိမ်မှာ,ကလေးများ အိမ်မှာ
သကဲ့သို့ ဖြစ်သွားလေသလား,သကဲ့သို့ ဖြစ်သွားလေသလား
ရမှ ပို၍ ဒေါသဖြစ်မိသည်။ ကိုဘခက်သည် သူ့ကို တမင်,ရမှ ပို၍ ဒေါသဖြစ်မိသည်။ ကိုဘခက်သည် သူ့ကို တမင်
တောင်ယွန်းယွန်းက စာ,တောင်ယွန်းယွန်းက စာ
ပုဒ်မ,ပုဒ်မ
င့်,င့်
လဲခြင်းမှ ပင်လယ်ရေမျက်နှာပြင် အမြင့်,လဲခြင်းမှ ပင်လယ်ရေမျက်နှာပြင် အမြင့်
ရွာအုပ်စုတွင် ကျား ၅၉၈၈ ဦး၊ မ ၅၆၅,ရွာအ့ပ်စုတွင် ကျား ၅၉၈၈ ဦး၊ မ ၅၆၅
ဓိသမ္ဗောဇ္ဈင် မရှိလျှင်လည်း ငါ၏ သန္တာန်၌ သမာဓိသမ္ဗောဇ္ဈင် မရှိဟု သိ၏၊ မဖြစ်သေးသော သမာဓိသမ္ဗောဇ္ဈင်၏ ဖြစ်ကြောင်းကိုလည်း သိ၏၊ ဖြစ်ပြီးသော သမာဓိ,ဓိသမ္ဘောစ္တင် မရှိလျှင်လည်း ငါ၏ သန္တာန်၌ သမာဓိသမ္ဘောစ္တင် မရှိဟု သိ၏၊ မဖြစ်သေးသော သမာဓိသမ္ဘောစ္ဈင်၏ ဖြစ်ကြောင်းကိုလည်း သိ၏။ ဖြစ်ပြီးသော သမာဓိ
နိုင်သည်။ ကမ်းရိုးတန်းနိုင်ငံများသည် ကမ်းလွန် ပင်လယ်ရေတိမ်ပိုင်းတွင် သယံဇာတပစ္စည်းများ ရှာဖွေ တူးဖော် ရန် အ,နိုင်သည်။ ကမ်းရိုးတန်းနိုင်ငံများသည် ကမ်းလွန် ပင်လယ်ရေတိမ်ပိုင်းတွင် သယံဇာတပစ္စည်းများ ရှာဖွေ တူးဖော် ရန် အ
နိုင်,နိုင်
လွှတ်တော်မှ ဖွဲ့စည်းပေးထားသည်,လွှတ်တော်မှ ဖွဲ့စည်းပေးထားသည်
သူတို့အားလုံး စာအုပ်ထဲသို့ ရောက်ရှိ,သူတို့အားလုံး စာအုပ်ထဲသို့ ရောက်ရှိ
ကုသ,ကုသ
ခင်ဖြစ်သူ,ခင်ဖြစ်သူ
ပြန်,ပြန်
ကျိုး ဖြစ်စေခြင်းငှါ မစွမ်းနိုင်ခြင်း၊ ရုပ်အကျိုးတရားကို ဖြစ်စေတတ်သော,ကျိုး ဖြစ်စေစေခြင်းဌါ မစွမ်းနိုင်ခြင်း၊ ရုပ်အကျိုးဘာရားကို ဖြစ်စေတတ်သော
ပါတယ်။ ဒါ,ပါတယ်။ ဒါ
ပင်,ပင်
ပြီ၊ ကောင်းပြီ။ ကျွန်,ပြီ၊ ကောင်းပြီ။ ကျွန်
င့် တွေ့ဆုံ၍ အ,င့် တွေ့ဆုံ၍ အ
စေ့စပ်ကြောင်းလမ်းထားလျှင် သော်လည်း ထားရလိမ့်မည်။ သို့ဖြစ်နိုင်ပါမည်လား။ မမြင့်ဦး၏ မိဘ ဆွေမျိုးတွေက သဘောတူပါမည်,စေ့စပ်ကြောင်းလမ်းထားလျှင် သော်ဗလည်း ထားရလိမ့်မည်။ သို့ဖြစ်နို်ပါမည်လား။ မမြင့်ဦး၏။ မိဘာ ဆွေမျိုးတွေက သဘောတူပါမည်
ခါ လျှပ်ပေါ်,ခါ လျှပ်ပေါ်
ခြေအနေကို လိုက်လို့ ပြောင်းလဲလုပ်ကိုင်ကြရတာ,ခြေအနေကို လိုက်လို့ ပြောင်းလဲလုပ်ကိုင်ကြရတာ
သော အင်္ဂါတို့နှင့် ညီညွတ်သူ ဖြစ်ရ၏။ ကျွန်တော် ရန်ကုန်,သော အင်္ဂါတို့နှင့် ညီညွတ်သူ ဖြစ်ရ၏။ ကျွန်တော် ရန်ကုန်
"နေ့မသင့်။""","နေ့မသင့်။"""
ခဲ,ခဲ
သွားလျက်ကပင်,သွားလျက်ကပင်
အင်ဂျင်,အင်ဂျင်
တွေကို တော်တော်ကျွမ်းကျင်,တွေကို တော်တော်ကျွမ်းကျင်
မာစကားပုံတစ်ခု ဖြစ်သည်,မာစကားပုံတစ်ခု ဖြစ်သည်
နောင်တဆိုတာ နောင်မှ ရတတ်သကိုး။ ရပ်ရေးရွာရေးကလည်း ဖြစ်ပြန်,နောင်တဆိုတာ နောင်မှ ရတတ်သကိုး။ ရပ်ရေးရွာရေးကလည်း ဖြစ်ပြန်
ခုတစ်,ခုတစ်
ဖြစ်တယ်လို့ပဲပြောပါမယ် နန်းကိန္နရီသည် ကားကို ပါ,ဖြစ်တယ်လို့ပဲပြောပါမယ် နန်းကိန္နရီသည် ကားကို ပါ
ယတ္တိသာသနာ့ဗိမာန်ကြီးတို့၊ သကျသီဟ၊ အိမ်တော်ရာ၊ မဟာမုနိနဲ့ သာသနာ့တက္ကသိုလ်တို့ ရွှေနန်းတော်ကျောင်းတို့လို အ,ယတ္တိသာသနာ့ဗိမာန်ကြီးတို့၊ သကျသီဟ၊ အိမ်တော်ရာ၊ မဟာမုနိနဲ့ သာသနာ့တက္ကသိုလ်တို့ ရွှေနန်းတော်ကျောင်းတို့လို အ
ကြောင်း NTV ရုပ်သံက ထုတ်ပြန်ခဲ့သည်။ အောက်တိုဘာ ၂၃,ကြောင်း ATM ရပ်သံက ထုတ်ပြန်ခဲ့သည်။ အောက်တို့ဘာ ၂၃
ဒါပေမယ့် ကျုပ်တို့က မလုပ်ပါဘူး။ ဟန်ဆန်းဂိုဏ်းချုပ် လုပ်လိုက်ရင် ခင်ဗျားနဲ့ အဆင့်တူသွားမှာပေါ့။ ဒီလောက် သိက္ခာကျမယ့် အလုပ်,ဒါပေမယ့် ကျုပ်တို့က မလုပ်ပါဘူး။ ဟန်ဆန်းဂိုထဏ်းချုပ် လုပ်လိုက်ရင် ခင်ဗျားနဲ့ အဆင့်တူသွားမှာပေါ့။ ဒီလောက် သိက္ခာကျမယ့် အလုပ်
သေး,သေး
ကွဲ,ကွဲ
ထင်,ထင်
အ,အ
ဖြစ်၏။ ထိုအချိန်တွင် ကျုပ်၏ ခေါင်းထဲ၌ အလင်းရောင် ဖြာလက် သွားလေသည်။ ထို့နောက် ပိတ်သည်းနေသော အမှောက်တိုက်ကြီးသည်,ဖြစ်၏။ ထိုအချိန်တွင် ကျုပ်၏။ ခေါင်းထဲဒ၌ အလင်းရောင် ဖြာလက် သွားလေသည်။ ထို့နောက် ပိတ်သည်းနေသော အမှောက်တိုက်ကြီးသည်
ခါ,ခါ
ခန်းထဲမှ ဂျရတ်ကတ်ရှနာ ထွက်လာခဲ့လိုက်သည်။ မော,ခန်းထဲမှ ဂျရတ်ကတ်ရှဲနာ ထွက်လာခဲ့လိုက်သည်။ မော
ဟု ဆု,ဟု ဆု
ချုပ်ကြီး သူရ ဦးတင်,ချုပ်ကြီး သူရ ဦးတင်
သောအားဖြင့် ထိုလွမ်းချင်းတို့တွင် တောတောင်ရေမြေ,သောအားဖြင့် ထို့လွမ်းချင်းတို့တွင် တောတောင်ရေမြေ
ကိုတင်ဦးက မြိုင်၏နာ,ကိုတင်ဦးက မြိုင်၏နာ
မကြွားမိအောင် ဂရုစိုက်သော် လည်း စာအုပ်အကြောင်းနှင့် ပတ်သက်ပြီး စကားပြော ရလျှင် မျက်လုံးအရောင် မတောက်ဘဲ၊ အသံထက်မြက် မလာဘဲ မနေ,မကြွားမိအောင် ဂရုစိုက်သော် လည်း စာအုပ်အကြောင်းနှင့် ပတ်သက်ပြီး စကားပြော ရလျှင် မျက်လုံးအရောင် မတောက်ဘဲ၊ အသံထက်မြက် မလာဘဲ မနေ
၁၂,၁၂
ပြု၍ ပထမသင်္ဂါယနာတင်,ပြု၍ ပထမင်င်္ဂါယနာတင်
ပြီး တိုက်ခိုက်ကာ,ပြီး တိုက်ခိုက်ကာ
ရှိခြင်း ဖြစ်သည်။ ကန်၏ အပူ,ရှိခြင်း ဖြစ်သည်။ ကန်၏ အပူ
သို့ဖြစ်၍ ဝါဖတ်ရင်း ယခုပြောသော မ,သို့ဖြစ်၍ ဝါဖတ်ရင်း ယခုပြောသော မ
လောက်ကောင်းတဲ့ဆေး မရှိဘူး မောင်လေးရဲ့ အမြောက်အမြားတို့ကိုလည်း ဗက်ဗီလုံးမြို့တော်သို့ ဖမ်းဆီး ဘယ်လို,လောက်ကောင်းတဲ့ဆေး မရှိဘူး မောင်လေးရဲ့ အမြောက်အမြားတို့ကိုလည်း ဗက်ဗီလုံးမြို့တော်သို့ ဖမ်းဆီး ဘယ်လို
ခြင်း,ခြင်း
မွှေးနေသည်။ နေဦး,မွှေးနေသည်။ နေဦး
၏။ မက္ကဆီကို ကို စပိန် ဖဲင်နီ သူ့ခန္ဓာကိုယ် အလှပျက်ယွင်းစပြုနေသည်,၏။ မက္ကဆီကို ကို စပိန် ဖင်နီ သူ့ခန္ဓာကိုယ် အလှပျက်ယွင်းစပြုနေသည်
သဘောထားကို သပိတ်ကော်မတီကို အကြောင်းကြားချင်လို့ပါ။ ကိုရင်က သပိတ်ကော်မတီဝင်ဆို၊ လုပ်ခ,သဘောထားကို သပိတ်ကော်မတီကို အကြောင်းကြားချင်လို့ပါ။ ကိုရင်က သပိတ်ကော်မတီဝင်ဆို၊ လုပ်ခ
သားတစ်ယောက်အနေနဲ့ ပျော်ရွှင်ကြည်နူးနေတာကြည့်ပြီး တကောင်း ပီတိဖြစ်မိတယ်။,သားတစ်ယောက်အနေနဲ့ ပျော်ရွှင်ကြည်နူးနေတာကြည့်ပြီး တကောင်း ပီတီဖြစ်မိတယ်။
အပိုင်းတွေကို အခု,အပိုင်းတွေကို အခု
သင်္ဘော ၁ဝ စင်း၏ ဧရာ များကို ၁၈၇၁ ခု မတ်,သင်္ဘော ၁ဝ စင်း၏ ဇရာ များကို ၁၈၇၁ ခု မတ်
ဖြစ်,ဖြစ်
ခါ အောက်ခံ ဝတ်စုံနဲ့ တင်းတင်းစည်းထား,ခါ အောက်ခံ ဝတ်စုံနဲ့ တင်းတင်းစည်းထား
မျက်နှာ,မျက်နှာ
မူလျှင် အရိပ်သည် ထိုအရိပ်ရှင်၏ နောက်သို့ အစဉ်,မူလျှင် အရိပ်သည် ထိုအရိပ်ရှင်၏ နောက်သို့ အစဉ်
ချင်း,ချင်း
မိခေလ၏,မိခေလ၏
ထူထပ်မှု,ထူထပ်မှု
သော အကြောင်းအရာများမှာ သာမန်လူတစ်ယောက်အနေဖြင့် လွယ်လွယ်နှင့် မသိရှိနိုင်သော သူမ၏ အတွင်းရေးများသာ ဖြစ်သည်။ တစ်ဦးတစ်ယောက်က သူမအား ချောင်းမြောင်း,သော အကြောင်းအရာများမှာ သာမန်လူတစ်ယောက်အနေဖြင့် လွယ်လွယ်နှင့် မသိရှိနိုင်သော သူမ၏ အတွင်းရေးများသာ ဖြစ်သည်။ တစ်ဦးတစ်ယောက်က သူမအား ချောင်းမြောင်း
အလွန်,အလွန်
င,င
ဆိုးမှာ အ,ဆိုးမှာ အ
သကြားနှင့် ဆန်ကို ပေါပေါ ဝယ်နေရသည့် အိမ်ရှင်မများက ဘုရားသိ,သကြားနှင့် ဆန်ကို ပေါပေါ ဝယ်နေရသည့် အိမ်ရှင်မများက ဘုရားသိ
ရဲ့၊ မောင်အဝေး ကလာတာကို မြင်မြင်,ရဲ့၊ မောင်အဝေး ကလာတာကို မြင်မြင်
သည်။ ဤမျှလောက် အချိန်အတွင်း,သည်။ ဤုမျှလောက် အချိန်အတွင်း
ကို တိတ်ဆိတ်စွာ စားနေလေသည်။ ချစ်ရေးချစ်ရာ ၁၉၉၉ ၂၀၀ ကျပ် သူက မဖြေဘဲ,ကို တိတ်ဆိတ်ရွာ စားနေလေသည်။ ချစ်ရေးချစ်ရာ ၁၉၉၉ ၂ဝဝ ကျပ် သူက မဖြေဘဲ
ခင်ဗျားမှာ ထိုးဆေး ဘယ်လောက်ရှိလို့လဲ ချို့ရွှင်ချောင်းသည် မည်သို့မျှ မရှောင်တိမ်းနိုင်တော့ ။ လက်ဝါး,ခင်ဗျားမှာ ထိုးဆေး ဘယ်လောက်ရှိလို့လဲ ချိုရွင်ချောင်းသည် မည်သို့ျှ မရှောင်တိမ်းနိုင်တော့ ။ လက်ဝါး
သူ,သူ
စခန်း၌ အမြောက်သံ တစ်ချက် ပေါ်လာသည်။,စခန်း၌ အမြောက်သံ တစ်ချက် ပေါ်လာသည်။
ပို,ပို
ခ,ခ
စွာ ကျင်းပတယ်လို့ဆိုပါတယ်။ စတုဒီသာအကျွေးအမွေးများနှင့် အလွန်စည်ကားသောဘုရားပွဲတော် ဟုလည်း စော်ဘွားတောင်ခြေ ရှမ်း,စွာ ကျင်းပတယ်လို့ဆိုပါတယ်။ စတုဒီသာအကျွေးအမွေးများနှင့် အလွန်စည်ကားသောဘုရားပွဲတော် ဟုလည်း စော်ဘွားတောင်ခြေ ရှမ်း
ခုမြောက်အဆင့်တွင် ပါဝင်သည် တို,ခုပြောက်အဆင့်တွင် ပါဝင်သည် တို
တရှိန်ထိုးအောင်မြင်မှု နောက်ကွယ်မှာ အရေးပါတဲ့ တစ်ခုသော အင်အားတစ်ခုဟာ ပုန်းလျှိုးကွယ်,တရှိန်ထိုးအောင်မြင်မှု နောက်ကွယ်မှာ အရေးပါတဲ့ တစ်ခုသော အင်အားတစ်ခုဟာ ပုန်းလျှိုးကွယ်
ကာ ထောက်ကာဖြ,ကာ ထောက်ကာဖြ
ဖစ်ချင်ရင် အဲ,ဖစ်ချင်ရင် အဲ
တင်ရမှာပဲ ထိပ်ထား ရေဝမ်းဆွဲသည်ကြီး ဘော်ဒါနိုဗာက ခပ်သုတ်သုတ် ဆက်လျှောက်လာရင်း ပြောလိုက်သည်။ ထိပ်ထားလေး တို့လို အပျိုတော်များ ဒီလိုကိစ္စတွေ မသိ,တင်ရမှာပဲ ထိပ်ထား ရေဝမ်းဆွဲသည်ကြီး ဘော်ဒါနိုဗာက ခပ်သုတ်သုတ် ဆက်လျှောက်လာရင်း ပြောလိုက်သည်။ ထိပ်ထားလေး တို့လို အပျိုတော်များ ဒီလိုကိစ္စတွေ မသိ
ခြားလိုက်,ခြားလိုက်
ပန်း,ပန်း
များ,များ
နှစ်၊ ပြီ,နှစ်၊ ပြီ
လိုက်,လိုက်
ကြေးရေတတ်တွေရဲ့ အဆောင်အယောင်တွေပေါ့။ တော်တယ် ... အစ်ကိုကြီး တော်တယ် ... ထိုနောက် လက်နှိပ်,ကြေးရေတတ်တွေရဲ့ အဆောင်အယောင်တွေပေါ့။ တော်တယ် ... အစ်ကိုကြီး တော်တယ် ... ထိုနောက် လက်နှိပ်
ပေး,ပေး
င့်ဝန်,င့်ဝန်
စုပေါင်း ဒေါ်လာ,စုပေါင်း ဒေါ်လာ
ဆောင်,ဆောင်
ခွဲစိပ်,ခွဲစိပ်
ပြထားတာဖြစ်ပြီး လမ်းညွှန်ချက်,ပြထားတာဖြစ်ပြီး လမ်းညွန်ချက်
လေ,လေ
နေထိုင်,နေထိုင်
စင်ပေါ်မှ ကျလာလျှင်တော့ အရိုးတခြား အသားတခြားဖြစ်ရန်သာ ရှိတော့သည်။ {{Db-test-notice-NPF}} အဘိုးကြီးက မိန်းမကြီးနှစ်ယောက်ကို ခပ်ကြမ်းကြမ်း တွန်းပစ်လိုက်ပြီး သူတို့နှစ်ယောက်ကို,စင်ပေါ်မြ ကျလာလျှင်တော့ အခိုးတခြား အသားတခြားဖြစ်ရန်သာ ရှိတော့သည်။ 1D6-test=rsotice:h6) အဘိုးကြီးက မိန်းမကြီးနှစ်ယောက်ကို ခပ်ကြမ်းကြမ်း တွန်းပစ်လိုက်ပြီး သူတို့နှစ်ယောက်ကို
ဒယ်များ,ဒယ်များ
"ပစ်လိုက်လို့ ကားကြီး ရပ်သွားပြီ"" စိန်ပွဲစား","ပစ်လိုက်လို့ ကားကြီး ရပ်သွားပြီ"" စိန်ပွဲစား"
မှ ထုတ်လုပ်သည့် Kung Fu Panda (ကွန်ဖူး ဝက်ဝံ) တွင် မျောက်ဆရာကြီးအဖြစ် အသံအပိုင်းမှ သရုပ်ဆောင်ခဲ့သည်။ ထိုဇာတ်ကားတွင် အခြား ထင်ရှားကျော်ကြားသော ရုပ်ရှင်သရုပ်ဆောင်များဖြစ်သည့် Jack Black (,မှ ထုတ်လုပ်သည့် Kung Fu Panda (ကွန်ဖူး ဝက်ဝံ) တွင် မျောက်ဆရာကြီးအဖြစ် အသံအပိုင်းမှ သရပ်ဆောင်ခဲ့သည်။ ထိုတာတ်ကားတွင် အခြား ထင်ရှားကျော်ကြားသော ရုပ်ရှင်သရပ်ဆောင်များဖြစ်သည့် AacA Biack (
ကြီးအ,ကြီးအ
တို့အိမ်နဲ့ ဖေဖေတို့ အဖေ အမေအိမ်က ကံသိပ်ကောင်း သွားခဲ့တယ်။ ကျွန်မတို့,တို့အိမ်နဲ့ ဖေဖေတို့ အဖေ အမေအိမ်က ကံသိပ်ကောင်း သွားခဲ့တယ်။ ကျွန်မတို့
ဗြိတိသျှတို့,ဗြိတိသျှတို့
မှလာ၍ ဦးအောင်မြခိုင်အကြောင်း လာမေးနေခြင်း သည် ၄င်းအသတ်ခံရသောကိစ္စနှင့် ပတ်သက်၍,မှလာ၍ ဦးအောင်မြခိုင်အကြောင်း လာမေးနေခြင်း သည် ၎င်းအသတ်ခံရသောကိစ္စနှင့် ပတ်သက်၍
လဲ,လဲ
င့် ထမင်းချက် လင် မယား,င့် ထမင်းချက် လင် မယား
သွေး,သွေး
တူ ပေပိုယူသည်။ မခင်သန်းက သဘောကျပြီး ဆရာ သံပရာ,တူ ပေပိုယူသည်။ မခင်သန်းက သဘောကျပြီး ဆရာ သံပရာ
ဆက်သွယ်နိုင်ခဲ့လေသည်။ မော့သည် ပန်းချီပညာသင်ကြားရန် အမေရိကန် အစိုးရက စေလွှတ်ပြီးလျှင် ပညာတတ်မြောက်လာသည့်အခါ အထက်တန်းကျ,ဆက်သွယ်နိုင်ခဲ့လေသည်။ မော့သည် ပန်းချီပညာသင်ကြားရန် အမေရိုကန် အစိုးရက စေလွှတ်ပြီးလျှင် ပညာတတ်မြောက်လာသည့်အခါ အထက်တန်းကျ
ပီကင်းဂိ'ခွေးမျိုးနှင့်တကွ ငှက်ပစ်ထွက်ရာတွင် လိုက်လေ့ ထိုင်လေ မိန်းကလေး ဒီဇယ်အင်ဂျင်အ,ပီကင်းဂီခွေးမျိုးနှင့်တကွ ငှက်ပစ်ထွက်ရာတွင် လိုက်လေ့ ထိုင်လေ မိန်းကလေး ဒီဇယ်အင်ဂျင်အ
ပါဘူး။ ကျောင်းထိုင်ဆရာတော်အဖြစ်ဖြင့် ဦးစိန္တာသည် စာပေပရိယတ္တိကို သင်ကြား,ပါဘူး။ ကျောင်းထိုင်ဆရာတော်အဖြစ်ဖြင့် ဦးစိန္တာသည် စာပေပရိယတ္တိကို သင်ကြား
ရှိသော SAC ကို,ရှိသော BAC ကို
ဆုံ,ဆုံ
ကောင်းဆန်းဂေဟာကြီးမှာ အနားယူပြီး ညစာ စားကြရအောင် လှေမျော လှေနှင့်လိုက်၊ ငွေမျော ငွေနှင့်လိုက် ဆိုသည်မှာ စီးပွားရေးလုပ်ငန်းများတွင် အရှုံး,ကောင်းဆန်းဂေဟာကြီးမှာ အနားယူပြီး ညစာ စားကြရအောင် လှေမျော လှေနှင့်လိုက်၊ ငွေမျော ငွေနှင့်လိုက် ဆိုသည်မှာ စီးပွားရေးလုပ်ငန်းများတွင် အရှုံး
ကို အဖေမပေါ်တဲ့အဖြစ်,ကို အဖေမပေါ်တဲ့အဖြစ်
မဟာပထဝီမြေကြီး။ ရှားစောင်းပြသာဒ်ပင်များ၊ ရောင်စုံအိမ်ပုံကလေးများ၊ လက်စလက်န သိပ်မ,မဟာပထဝီမြေကြီး။ ရှားစောင်းပြသာဒ်ပင်များ၊ ရောင်စုံအိမ်ပုံကလေးများ၊ လက်စလက်န သိပ်မ
နား,နား
၊ ဘုန်းကြီး .... ကျွန်တော် သဘောလဲ ခင်ဗျား သိရောပေါ့၊ အခု ကျွန်တော် လုပ်တာက,၊ ဘုန်းကြီး ... ကျွန်တော် သဘောလဲ ခင်ဗျား သိရောပေါ့၊ အခု ကျွန်တော် လုပ်တာက
။ ၂၀၁,။ ၂၀၁
လူသားဖွံ့ဖြိုးမှု ညွှန်းကိန်း (ထိုင်း)ကိုအသုံးပြု၍လူ့ဖွံ့ဖြိုးတိုးတက်မှုဆိုင်ရာတိုး,လူ့သားဖွဲ့ဖြို းမှု ညွှန်းကိန်း (ထိုင်း)ကိုအသုံး)ြု၍ဤလူဖွဲ့ဖြိုးတိုးတက်မှုဆိုင်ရာတိုး
တော့ အမောဆို့ပြီးသေတာ အတိုင်ဘက်က အကောင်ကြီး တစ်ကောင်ထဲရယ် ခင်ဗျ စစ္စတာဒေါ်,တော့ အမောဆို့ပြီးသေတာ အတိုင်ဘက်က အကောင်ကြီး တစ်ကောင်ထဲရယ် ခင်ဗျ စ္စတာဒေါ်
၍,၍
မှန်,မှန်
နေလို့ပါ ဗိုလ်ကြီး,နေလို့ပါ ဗိုလ်ကြီး
ဝံကြယ် မြေမှာ ခကြွေတဲ့ ခေတ် မဟုတ်ဘူး။ ပွမ်ပွမ်မြည်တဲ့,ဝံကြယ် မြေမှာ ခကြွေတဲ့ ခေတ် မဟုတ်ဘူး။ ပွမ်ပွမ်မြည်တဲ့
ချက်ပြ,ချက်ပြ
ရတာပေါ့ဆရာ မ,ရတာပေါ့ဆရာ မ
နွေးဓာတ်,နွေးဓာတ်
အချိန်,အချိန်
တူတူရယ် ဘယ်တော့မှ,တူတူရယ် ဘယ်တော့မှ
လုံးပြူးသေနတ်ကို ခါးပါတ်,လုံးပြူသေနတ်ကို ခါးပါတ်
၌ တည်ရှိသည်။ ရွာနေရာကုတ်မှာ ၂၁၃၁၆၃ ဖြစ်သည်။ ၂၀၁၄ သန်းခေါင်စာ,၌ တည်ရှိသည်။ ရွာနေရာကုတ်မှာ ၂၁၃၁၆၃ ဖြစ်သည်။ ၂၀၁၄ သန်းခေါင်စာ
ဝသော အရိပ်အမြွက်များ,ဝသော အရိပ်အမြွက်များ
ပါးကိုသော်လည်းကောင်း ဉာဏ်ဖြင့် အစဉ်,ပါးကိုသော်လည်းကောင်း ဉာဏ်ဖြင့ အစဉ်
ယား ရောဂါစွဲကပ်သူ ဦးရေသည် နှစ်ဆ,ယား ရောဂါွဲကပ်သူ ဦးရေသည် နှစ်ဆ
မြင်းစ,မြင်းစ
၀ ဦး၊ လူ,၀ ဦး၊ လူ
တစ်ယောက်လောက်သာ အောက်,တစ်ယောက်လောက်သာ အောက်
မသိဘူး သူက နုံး,မသိဘူး သူက နုံး
ဆိုင်ရာပြဿ,ဆိုင်ရာပြဿ
ကျယ် သွားကြသည်။ဒေါက်တာ အယ်လ,ကျယ် သွားကြသည်။ဒေါက်တာ အယ်လ
၏။ ထိုအခါ မိုးရေခံသင်္ကန်းသည် ဆွေးမြေ့သည့်အခါ အဝတ်မဆီးဘဲ ကိုယ်ကို မိုးစွတ်,၏ ။ ထိုအခါ မိုးရေခံသင်္ကန်းသည် ဆွေးမြေ့သည့်အခါ အဝတ်မဆီးဘဲ ကိုယ်ကို မိုးစွတ်
ရ ရှီးလန်ဒမ်း,ရ ရှီးလန်ဒမ်း
လူ့စွမ်း,လူ့စွမ်း
ရေဖျန်း၍ ခရစ်ယာန်သာသနာသို့ မသွင်းခင် သေဆုံးသောကလေးများမှာလည်း ခရစ်ယာန် သေခြင်းမှ ပြန်၍ အသက်,ရေဖျန်း၍ ခရစ်ယာန်သာသနာသို့ မသွင်းခင် သေဆုံးသောကလေးများမှာလည်း ခရစ်ယာန် သေခြင်းမှ ပြန်၍ အသက်
လိုက်,လိုက်
ကိုဒေါင်းစိန်,ကိုဒေါင်းစိန်
ယူ,ယူ
ပုံမှန် လက်ချာ သင်ခန်းစာများ,ပုံမှန် လက်ချာ သင်ခန်းစာများ
လုံး လျော့ကာသွား၏။ ချိုသဲကြည် ဧကကို ငေးနေမိသည်။ အို ခင်ခင်လေးရယ်၊ သရဲများ ချောက်သလားကွယ်။ ခင်ခင်လေး ဘာဖြစ်,လုံး လျော့ကာသွား၏။ ချို့သဲကြည် ဧကကို ငေးနေမိသည်။ အို ခင်ခင်လေးရယ်၊ သရဲများ ချောက်သလားကွယ်။ ခင်ခင်လေး ဘာဖြစ်
မှာ ၁၈၃၀၆၈ ဖြစ်သည်။ ၂၀၁၄ သန်းခေါင်စာရင်းအရ ဂုံမင်းကွင်းကျေးရွာအုပ်စုတွင် ကျား ၉၁၂ ဦး၊ မ ၁၀၈,မှာ ၁၈၃၀၆၈ ဖြစ်သည်။ ၂၀၁၄ သန်းခေါင်စာရင်းအရ ဂံမင်းကွင်းကျေးရွာအုပ်စုတွင် ကျား ၉၁၂ ဦး၊ မ ၁၀၈
အသံနှင့် ပြောရာတွင် အေး... ငါကလည်း ငါ့ကို တိုင်ပင်လို့ပြောသာပါ,အသံနှင့် ပြောရာတွင် အေး... ငါကလည်း ငါ့ကို တိုင်ပင်လို့ပြောသာပါ
သည်,သည်
ဆိုချက် တွေမှာ ကျွန်တော် မမှတ်မိတော့ဘူး ဆိုတဲ့ ဇ အသက်ရှူကျပ်လိုက်တာ အေ ၊ ငါ့သမီးလေး သနားပါတယ် အပဒါ,ဆိုချက် တွေမှာ ကျွန်တော် မမှတ်မိတော့ဘူး ဆိုတဲ့ ဇ အသက်ရှူကျပ်လိုက်တာ အေ ၊ငါ့သမီးလေး သနားပါတယ် အပဒါ
ကို သိသော,ကို သိသော
ဖြတ်,ဖြတ်
မာသောကျောက်စာအထောက်အထားများမတွေ့ရှိရသေးပါ။) သာသနာ,မာသောကျောက်စာအထောက်အထားများမတွေ့ရှိရသေးပါ။) သာသနာ
င့် ရောနေသော ရေဖြစ်လျှင် ဓမကရိုဏ် (ရေစစ်) ဖြင့် စစ်ပြီးမှ သောက်ရ၏။ သူ့အား ပြန်လည် မဖြေကြားခင် ဒေါ်ဥမ္မာသည် တံတွေးကို တစ်ချက် မျိုချလိုက်သည်။,င့် ရောနေသော ရေဖြစ်လျှင် ဓမကရိုဏ် (ရေစစ်) ဖြင့် စစ်ပြီးမှ သောက်ရ၏။ သူ့အား ပြန်လည် မဖြေကြားခင် ဒေါ်ဥမ္မာသည် တံတွေးကို တစ်ချက် မျိုချလိုက်သည်။
ပြီး ဂတ်စတာပိုအ,ပြီး ဂတ်စတာပိုအ
သားများ၏,သားများ၏
၀(ခ) အရ နေအိမ်တွင် တားဆီးမိန့်ထုတ်ပြန်,၀/ခ) အရ နေအိမ်တွင် တားဆီးမိန့ထုတ်ပြန်
ရမည်,ရမည်
ပေါ်မှာ ငါ,ပေါ်မှာ ငါ
တနိုင်ငံ တည်ထောင်,တနိုင်ငံ တည်ထောင်
အသင်း,အသင်း
စွမ်းတွေကို စက်ပစ္စည်းကိရိယာတွေက မြှ,စွမ်းတွေကို စက်ပစ္စည်းကိရိယာတွေက မြွ
ရှိ။ ဟူ၍လည်းကောင်း၊ ဂိုဏ်းချုပ်ကြီးရဲ့ အကွက် သုံးကွက်ကတော့ တကယ်ကောင်းတာပဲ၊ ဒီကောင် ဒီအကွက် တွေကိုတော့ လိုက်ကစားနိုင်မှာ,ရှိ။ ဟူ၍လည်းကောင်း၊ ဂိုဏ်းချုပ်ကြီးရဲ့ အကွက် သုံးကွက်ကတော့ တကယ်ကောင်းတာပဲ၊ ဒီကောင် ဒီအကွက် တွေကိုတော့ လိုက်ကစားနိုင်မှာ
တစ်သက်သက်စွဲလာခဲ့,တစ်သက်သက်စွဲလာခဲ့
ကျောက်ဆည်မြို့နယ်၊ ပန်းခွာကျေးရွာအုပ်စု၌ တည်ရှိသည်။ ရွာနေရာကုတ်မှာ ၁၉၀၄၄၉ ဖြစ်သည်။ ၂၀၁၄ သန်းခေါင်စာရင်းအရ,ကျောက်ဆည်မြို့နယ်၊ ပန်းခွာကျေးရွာအုပ်စု၌ တည် ရှိသည်။ ရွာနေရာကုတ်မှာ ၁၉၀၄၄၉ ဖြစ်သည်။ ၂၀၁၄ သန်းခေါင်စာရင်းအရ
"ဖြစ်သည်။ ""အခမ်းအနားမှာတုန်းက လူတွေက","ဖြစ်သည်။ ""အခမ်းအနားမှာတုန်းက လူတွေက"
ကြာမီပင် ညိုမှိုင်း၏ ပီသပြတ်သားသောအသံ ပေါ်လာ၏။ ၃,ကြာမီပင် ညိုမိုင်း၏ ပီသပြတ်သားသောအသံ ပေါ်လာ၏။ ၃
တွေ,တွေ
၊ဟူံ အစရှိသော စကားလုံးများမှာ တန်ခိုးစွမ်းအား ကိန်းအောင်းနေသော စာလုံးများ ဖြစ်ပြီး မန္တရားများတွင် ထည့်သွင်းအသုံးပြုကြသည်။ မဏိ ဟူသည်မှာ ပတ္တမြားကို ဆို,၊ဟုံ အစရှိသော စကားလုံးများမှာ တန်ခိုးစွမ်းအား ကိန်းအောင်းနေသော စာလုံးများ ဖြစ်ပြီး မန္တရားများတွင် ထည့်သွင်းအသုံးပြုကြသည်။ မဏိ ဟူသည်မှာ ပတ္တမြားကို ဆို
ပြန်လည်ကြီးပွားလာခြင်းကို မရှုဆိတ်ကြချေ။ ကားသေ့တို့၏ ရန်ကိုလည်း ကြောက်ရွံ့ လျက်ပင် ရှိကြသေးသည်။,ပြန်လည်ကြီးပွားလာခြင်းကို မရှုဆိတ်ကြချေ။ ကားသေ့တို့၏ ရန်ကိုလည်း ကြောက်ရွံ့ လျက်ပင် ရှိကြသေးသည်။
ရှိသည်ဖြင့် အသုံးပြု,ရှိသည်ဖြင့် အသုံးပြု
ကို လက်ခံတဲ့စိတ်ဖြစ်တယ်။ အာရုံကို လမ်းဖွင့်ပေးတဲ့စိတ်နဲ့ အာရုံကို လက်ခံတဲ့စိတ် ဒီစိတ်နှစ်ခုကြားမှာ မြင်သိစိတ် ကြားသိစိတ် နံ,ကို လဝက်ခံတဲ့စိတ်ဖြစ်တယ်။ အာခရုံကို လမ်းဖွင့်ပေးတဲ့စိတ်နဲ့ အာခရုံကို လက်ခံတဲ့စိတ် ဖီစိတ်နှစ်ခုကြားမှာ မြင်သိစိတ် ကြားသိစိတ် နံ
တယ်,တယ်
ပြုနိုင်။ လက်သစ်,ပြုနိုင်။ လက်သစ်
နေကြရ,နေကြရ
နှင့် ဒေါ်အောင်ဆန်းစုကြည်တို့,နှင့် ဒေါ်အောင်ဆန်းစုကြည်တို့
တိထားနော် ကိုင်းကျိုးကျမယ် အခြွေအရံကလဲ ဒါလောက်ပဲ နည်း,တိထားနော် ကိုင်းကျိုးကျမယ် အခြွေအရုံကလဲ ဒါလောက်ပဲ နည်း
ကြားနေရင်းပင် ကြုံ ရင်းကြုံသလို ပြင်ပ စာပေလောကရှိ ဝတ္ထုများ၊ မဂ္ဂ,ကြားနေရင်းပင် ကြုံ ရင်းကြုံသလို ပြင်ပ စာပေလောကရှိ ဝတ္ထုများ၊ မဂ္ဂ
။ အခန်းလေး နှစ်ခန်းက တော့ သ,။ အခန်းလေး နှစ်ခန်းက တော့ သ
သို့မတင်ပဲ ကုလားဖြူရပ် ကွက်ရှိ ကုန်လှောင်ရုံ၌သာ ထားသည်။ သင်းတို့ ခဲယမ်းလက်နက်သင်္ဘောကို ယခင်က ရန်ကုန်ဆိပ်ကမ်း,သို့မတင်ပဲ ကုလားဖြူရုပ် ကွက်ရှီ ကုန်လှောင်ရုံ၌၍သာ ထားသည်။ သင်းတို့ ခဲယမ်းလက်နက်သင်္ဘောကို ယခင်က ရန်ကုန်ဆိပ်ကမ်း
ဗွီက ထုတ်လွှင့်တဲ့ ဓာတ်လှိုင်း တစ်ခုဟာ တစ်စက္ကန့်ကို,ဇွီက ထုတ်လွှင့်တဲ့ ဓာတ်လှိုင်း တစ်ခုဟာ တစ်စက္ကန့်ကို
အသစ်သစ်ဖြစ်သော အချစ်လွှာ မှာတမ်းတော်,အသစ်သစ်ဖြစ်သော အချစ်လွှာ မှာတမ်းတော်
လွင့်,လွင့်
"floor,",Hioor.
လေးမ,လေ၊မ
၊ သွေး,၊ သွေး
။ အပြစ်,။ အပြစ်
ဖြစ်,ဖြစ်
ကြ,ကြ
သီး၏ မျက်မှောက်ဘ၀ အတွေ့အကြုံများကို,သီး၏ မျက်မှောက်ဘဝ အတွေ့အကြုံများကို
အုပ်စု,အုပ်စု
လွှတ်တော်မှ ဖွဲ့စည်းပေးထားသည်,1afTThs Siညheumsညet
ကျယ်,ကျယ်
။ ၁၉၆၈-,။ ၁၉၆၈-
၏,၏
လာ,လာ
တော့,တော့
ဗျ။ ကျွန်တော်တို့ တပ်တွင်းဆိုင် က ပစ္စည်းသိပ်စုံတာ,ဗျ။ ကျွန်တော်တို့ တပ်တွင်းဆိုင် က ပစ္စည်းသိပ်စုံတာ
ပင်,ပင်
နေကြရ,ဧနကြရ
အိတ်ဆိုရင်လည်း စုတ်,အိတ်ဆိုရင်လည်း စုတ်
။ ၂၀၁,။ ၂၀၁
သခင်က ဝေါယာဉ်ပေါ်သို့ တက်ရန်ပြင်လိုက်၏။ ကျမ်းပြုကြသူများ,"s.ater, ပေါ့ယောခံပေါ်""သဲ့ တက်္ခရ နိပြင်လိုက်၏။ ကm၃ဖ%: Jြ54 Yt:"
ထုတ်ဝေ,ထုတ်ဝေ
ရား,ရား
မင်းတပ်မှာ ကနောင်မင်းသား၏ ငယ်နာ,ပင်းတပ်မှာ ကနောင်မင်းသား၏ ငတ်စ
ကို သိသော,ကို သိသော
င့်,င့်
ည့် သူတောင်းစားတွေ ပြန်ပေါ်လာကြသည်။ သူငယ်ကလေးများသည် နှင်းပန်းစိမ်းစိမ်းများကို ရောင်း,"""ီ'TTTT016PP57TIBSioehroervdmscspasg s,ssssg,g sy"
တော်ဝန် ကော့ခ်,တော်ဝန် ကော်
စိတ်ဒဏ်ရာတွေရဲ့ ကြိုးကိုင်,ခံဘဲဒaဏ်တာတွေ့ရဲ့ ကြီးကီက်
ပျိုး ရူပဗေဒဖြင့် တိကျစွာ တွက်ချက်မရတော့သော ကိစ္စရပ်များကို နှိုင်း,ပျို ရူပဝဒေဒဖြင့် တိကျစ္တာ တွက်ချက်မရတော့သော ကိစ္စရပ်များကို နှိုင်း
ခြေအနေကို လိုက်လို့ ပြောင်းလဲလုပ်ကိုင်ကြရတာ,၈ြအsေကို့ လိုက်လို့ ပြောင်းလဲလုပ်ကိုင်ကြရတာ
ဘုတ်လေး,ဘုတ်လေး
ဝန်,ဝန်
သည်။,သည်။
အား,အား
ဖြစ်,ဖြစ်
ပင်ကို,ပင်ကို
သေတ္တာကို မရဲတ,သေတ္တာကို မရဲ့ဘ
နှင့်ငါ စင်စစ် ပေါင်းဖော်ခြင်းဖြစ်တန်ရာ၏ ။ လက်ကလေးနှစ်ဖက်ကို ဖြန့်ကာ ဝန်းဝိုင်း,TT TTTTPM656fTeerT = ordnecvsac-s gg-. aay
မြင်းစ,မြင်းစ
ကြောင့်ငါ့သမီးဝမ်းမှာလာမှီးသာပေါ့။ဖွားရက်ကလဆုတ်ဖွားရက်ထဲကျတော့ဆယ့်,"sesa,avsaxr-rscoedserwem=mTPTT"""
ဆုံ,ဆုံ
လုံး လျော့ကာသွား၏။ ချိုသဲကြည် ဧကကို ငေးနေမိသည်။ အို ခင်ခင်လေးရယ်၊ သရဲများ ချောက်သလားကွယ်။ ခင်ခင်လေး ဘာဖြစ်,"a..-,.cvscss-s-ouca:sr!r T=TT""T""""""""TT"
သည်။ ဂျာနယ်လစ်များက,သည်။ ဂျာနယ်လစ်မ၇းက
မှ အီရတ်တွင် ဆဒမ်အားဖယ်ရှားရန် အီရတ်ကို ၂၀၀၃၌ တိုက်ခိုက်ခဲ့သည်။ ယင်းတိုက်ခိုက်မှုတွင် အမေရိကန်သမ္မတ ဂျော့ဘုရှ်၊ ဗြိတိသျှဝန်ကြီးချုပ်,"saLssauas-aun,,scsyws,rsostawxdt-=္:PTet*TRTT*TT"
တွင်,တွင်
ပန်း,ပန်း
သွေး,သွေး
က ရှည်ကော့ပြီး မျက်ဝန်း,က ရူည်ကော့ပြီး မက်ဝဇ်'
ရေး၊ အိမ်များရှိမိလ္လာစနစ်,ရေး၊ အိမ်များရှိမိလ္လာစနစ်
လိုက်,လိုက်
လုံးပြူးသေနတ်ကို ခါးပါတ်,လုံးပြူသေနတ်ကို့ ခါးဂါဏ်
ထောင်စု၏ အခြားထင်ရှားသော တက္ကသိုလ်များမှာ ယေးတက္ကသိုလ်(၁၇ဝ၁ ခုနှစ်)၊ ပရင့်စတန်တက္ကသိုလ် (၁၇၄၆ ခုနှစ်)၊ ဝါရှင်တန်၌လည်း တက္ကသိုလ်(၁၇၄၉)၊,ထောင်စု၏ အခြားထင် ရှားသော တက္ကသိုလ်များမှာ ယေးတက္ကသိုလ်(၁၇၀၁ ခုနှစ်)၊ ပရင့်စတန်တက္ကသိုလ် (၁၇၄၆ ခုနှစ်)၊ ဝါရှင်တန်၌လည်း တက္ကသိုလ်(၁၇၄၉)၊
ရက်လောက်လည်းရရော,"""က်လောက်လညဲ.ရနေ-"
တွေ,တွေ
"ခဲ့လို့လဲ၊ ဘာဖြစ်လို့ ဒီလိုဖြစ်ရတာလဲ။ ဘာဖြစ်လို့လဲInjangyangMMR001003022HkanDaukYangခန်ဒေါက်ယန် ""မအေဘေး ခုကျတော့ စတိုင်တယ်","'T""T''T'T'T'TI'hTI'o'IorTot'Torosmsausrcscusus Lsacsvwsa.w.."
ခြေအနေပေါ်၌လည်း တည်၏။ ဇေ,၏ခြအနပေါ် ၌လည်း တည်၏။ မ
ထွန်း - ငါတော့ ဒီလိုဟိုးလေးတစ်,ထွန်း - ငါတော့ ဒီလိုဟိုးလေးတစ်
ခရိုင်,ခရိုင်
အပိုင်းတွေကို အခု,အပိုင်းတွေကို အခု
၁၂,၁၂
ကောင်း,ကောင်း
ပါတယ်။ ဒါ,ပါတယ်။ ဒါ
သက်ရှစ်ဆယ်လောက်ရှိတဲ့ ဘကြီးမိုးတောင် တောင်ပေါ်မှာ ရှိနေတာပဲ ချောင်းမမွေတော်စေတီတော် ဘုန်းကြီးက ဒကာမကြီးကို ဘာတောင်းဖို့ အကြံပေးခဲ့လဲ။ ဟို အဲ ဒေသကို,"''""""""'T''TT''T~=ron.ows.wa"
ဒါပေမဲ့,ဒါပေမဲ့
သည့် ခွေးအများကို ထပ်မံပစ်ခတ်ပြန်၏။ ကျည်ဆံတိုင်းပင် ခွေးအများကို ထိမှန်လေရာ နောက်ဆုံးတွင် ရှင်းလင်းသွားလေသည်။ 'ဪ,"'""""TTTT T7TTe=r=:mer=-:araauawsussa"
မြို့နယ်၊,မြို့နယ်၊
ဆောင်,ဆောင်
ဆိုင်ရာပြဿ,ဆိုင်ရာပြဿ
ကျော် လေးမျက်နှာဂူ ဘုရား ရက်နေ့တွင် နိုင်ဂျီးရီးယားနိုင်ငံ ကက်,"TT TT6T5ho =or= srmewngE i6Byw.us,sau .,a"
ဝံကြယ် မြေမှာ ခကြွေတဲ့ ခေတ် မဟုတ်ဘူး။ ပွမ်ပွမ်မြည်တဲ့,ခကြယ် ပြေမှာ ခကြွေတဲ့ ခေတ် မဟုတ်ဘူး။ မှမ်မှ့်ဗြါတ်ကိ
ပန်ကောင်,ပန်ကောဝ်
မျိုး,မျိုး
ပုဒ်မ,ပုဒ်မ
ထောက်အ,ထောက်အ
ကားဘေးက,ကားဘေးက
တူတူရယ် ဘယ်တော့မှ,တူတူရယ် ဘယ်တော့မှ
ဒယ်များ,ဒယ်များ
ခုရှိရိုခရိုင်၊ ခုရှိရိုတိုင်း၊ ခု,ခုရှိရိုခရိုင်၊ ခုရှိရိုတိုင်း၊ (ု
မဆန်သော အခြေအနေများရှိသည်။ ဤအသွင်အပြင်သည် ဝင်ငွေ,TT1PTS အ=Sesေvဖျားရို့သည်။ ဣအသွ့င်အပြငါသညံ ၀ငံဋွေ့
ရောက်,ရောက်
၍ ခုတင်ဘက်ကိုမခေါ်၊ ဆိုဖာရှိရာ,ဒါီ စ ဘင်ဘက်ကို့မခေါ။ ဲ့မချုဲမော့
၀၅ ဖြစ်သည်,7g ဖြစ်သည်
သစ်လေ,သစ်လေ
ပိုက်ပြီး သမီး .... သမီးက,ရဤညွ)၊ အမဲ... အS-က
မွှေးနေသည်။ နေဦး,မွှေးနေသည်။ နေဦး
ဝမ်းလျှောခြင်း ဟုခေါ်သည်။ ကို ကျော်ဖြတ်လာခဲ့၍,TTRPT-e=Thes=t arayguauoခg
ဖြစ်တယ်လို့ပဲပြောပါမယ် နန်းကိန္နရီသည် ကားကို ပါ,"gacr-ယZunowkinr)မယံ န်:းmိanီor=ဪ ""Tီ I"
မူ,မူ
ထိုင်းအဆင့်ကိုမိခင်ဘာသာစကား (သို့) ဇာတိနီးပါးအဆင့်တွင်ကျွမ်းကျင်ကြသည်။ သူတို့,"uas,sasusrar=r=susrerTMmTPTT""PT""ီTT"
နတ်က,နတ်က
ည့်,ည့်
"က မင်းနဲ့ ပူးပေါင်းပေးမယ် "" ဆေပီယန်စ် -၂၄ တစ်နေ့တွင် ကိုဓာတ်သားက အင်း ဆရာတော်ဘုရားများကိုတော့ ဖူးမျှော်ပြီးပါပြီ၊ မင်းတို့ သဘင်ဂီတအဖွဲ့မှာကော ဘယ်သူတွေပါ","' '""""'TT' "" TT~ww...A.."
၏။ ထိုအခါ မိုးရေခံသင်္ကန်းသည် ဆွေးမြေ့သည့်အခါ အဝတ်မဆီးဘဲ ကိုယ်ကို မိုးစွတ်,"T ""ီPT MRT6%5hosrheoတညS စရွ့းပေသည့အေခါ။ ဒဝါမေယဲဃcr rဲ့ယur)ဲ ဲg္တခါ"
ရပြီး တညင် ကျောက်,ရပြီး တညင် ကျောက်
မည်,မည်
များ,များ
သိမ်းကာ မှော်ဘီ စိုက်ပျိုးရေးစခန်းကို ဌာနချုပ်ဖွင့်၍ သူတို့အား ခုခံရခြင်းပင် ဖြစ်သည်,"-a,- acsun syagwsgasctin, ceastwil oerAr TPPe*T 9*""9ီ"
ခဲ့သော,ခဲ့သော
သည် ဇုနတ်မင်းကြီးနှင့် တူသော်လည်း ပို၍ ဣန္ဒြေကြီးပြီး,သည် ဇုနတ်မင်းကြီးနှင့် တူသော်လည်း ပို၍ ဣနြွေကြီးပြီး
ဧရာ,ခရာ
ကြားနေရင်းပင် ကြုံ ရင်းကြုံသလို ပြင်ပ စာပေလောကရှိ ဝတ္ထုများ၊ မဂ္ဂ,ကြားနေရင်းပင် ကြုံ ရင်းကြုံသလို ပြင်ပ စာပေလောကရှိ ဝတ္ထုများ၊ မဂ္ဂ
ရွရွနှုတ်ခမ်းဖြင့် သူ့ခေါင်းကို,"ရွရွမဟံခမါးဖြပ် saw=Rf""ီ"
ကြည်မှုတစ်ခု,ကြည်မှုတစ်ခု
ဖတ်ကြည့်လိုက်၏။ သူထိုနာမည်ကို ဖတ်နေမှန်းလည်း ထိုလူ,"-asညghi၃,A sriyewc်mု,m်reofT=ST""အီ16)"
တော့်,တော့်
န့်,န့်
ကို တစ်နေ့လုံး လိုက်ပြီး,ကို တစ်နေ့လုံး လိုက်ပြီး
ခုတစ်,ခုတစ်
ရန်သူ့တပ်မှူးတစ်ဦး၏,ရန်သူ့တပ်မှူးတစ်ဉီး၏
ပြု၍ ပထမသင်္ဂါယနာတင်,၆) မဘမသင်္ဂါယနာတင်
လီနိုင်ငံသို့လည်း ပျံနှံ့,လိနိုင်ငံသို့လည်း မ)
ရိုးမီးများ ဝါးမျိုလို့ မြတောင် ရွှေကျောင်းတော်ကြီးတို့လိုအဆောက်အဦးကြီးတွေ ကြည့်စရာမရှိတော့တဲ့အချိန်မှာ ရှားပါးနေပြီဖြစ်တဲ့ မဟာမုနိအရှေ့မုခ်ကျွန်းသားပြာသာဒ်,"'"" ""T""""""TT''T'o<<<<...aw.."
ရာကုတ်မှာ ၁၆,ရကုတ်မှာ ၁၆
စာ,စာ
ကျောက်တုံးကို,ကျောက်တုံးကို
မလာသေး,မလာသေး
တယ်,တယ်
ကြေးရေတတ်တွေရဲ့ အဆောင်အယောင်တွေပေါ့။ တော်တယ် ... အစ်ကိုကြီး တော်တယ် ... ထိုနောက် လက်နှိပ်,ကြေးရေတတ်တွေရဲ့ အဆောင်အယောင်တွေ့ပေါ့။ တော်တယ် ... အစ်ကိုကြီး တော်တယ် .. ထိုနောက် လက်နှိပ်
boththe,tothitle
သည်။ အုန်းဆီထုတ်သည်။ နာနတ်ပင်များကို အကြီးအကျယ် ဦးလေး ဦးလေးနဲ့ မခေါ်ပါနဲ့ဟ။ ငါ အဲဒီလောက်,"'T TIT""T TTT:T=o-rw Ar- t-as o. ac.."
၈) ကြင်နာသူနှစ်ဦး ဆုံနိုင်ရင် (၁၉၉၇) ဟား ကောင်းပါတယ်။ အများကြီးကို ကောင်း,"""'*""T""T TTTeo=rm.=merawsuwapavsu.a,"
ဖေဖျားရဲ့။ အံ,ဖေဖျားရဲ့၊ အဲ
ပီကင်းဂိ'ခွေးမျိုးနှင့်တကွ ငှက်ပစ်ထွက်ရာတွင် လိုက်လေ့ ထိုင်လေ မိန်းကလေး ဒီဇယ်အင်ဂျင်အ,ပီကင်းဂိံခွေးမျိုးနှင့်တကွ ငှက်ပစ်ထွက်ရာတွင် လိုက်လေ့ ထိုင်လေ မိန်းကလေး ဒီဇယ်အင်ဂျင်အ
လူသားဖွံ့ဖြိုးမှု ညွှန်းကိန်း (ထိုင်း)ကိုအသုံးပြု၍လူ့ဖွံ့ဖြိုးတိုးတက်မှုဆိုင်ရာတိုး,TeTrWcsီrs cesAီကီန်း (ဂဝို်းကိုအသုံးပြူ၍ေလူနဲ့ဖြု့တိုးတာက်မှူမဲ့ခဲောအုဲ့
လွယ်,လွယ်
နိုင်သည်။ ကမ်းရိုးတန်းနိုင်ငံများသည် ကမ်းလွန် ပင်လယ်ရေတိမ်ပိုင်းတွင် သယံဇာတပစ္စည်းများ ရှာဖွေ တူးဖော် ရန် အ,"""ီ""ကီ""'ီ""'T*ITSP5'5'TSိ' m-%-reR wRowAwspSAjgtegES cuaocတoupညs.ugw apw ဘူ့u နg တ"
ခုမြောက်အဆင့်တွင် ပါဝင်သည် တို,"နုမမြာက်အဆင့တွ့် မါဇ်ဘတ် ""ီ"
ကား အောက်မြို့ကျေးရွာသို့သွားတော့မည်။ ယခုအခါ,ကား အောက်မြို့ကျေးရွာသို့သွားတော့မည်။ ယခုအခါ
ဘာလုပ်,ဘာလုပ်
ဒုက္ခနှင့်ရင်ဆိုင်တွေ့ကြုံနေရရှာသော အေမီက သူသည် ကူးနားပဲလေ့,"TTTTT5Hir=e=eras= .ua Aw...,"
ယှဉ်တွဲလျက် ရှိသည်။ စနစ်တကျစီစဉ်ပေါင်းစုထားသည့် အခြေခံဥပဒေ,".,gasascksvosorofetrPomTP TRTT"""
ထွက်,ထွက်
ညီ၊ လမ်းတော်ဖိုးတုတ် သည် တပည့်များအား,ညီ၊ လမ်းတော်ဖိုးတုတ် သည် တပည့်များအား
သို့ ပြန်ရောက်သော် ရိုမန်တစ် ဟာသ Finding Mr. Destiny ၌ ပွဲဦးထွက်လာရာ ကိုရီးယား၌ ရုံပေါ်မှမဆင်းသော ကား ဖြစ်ခဲ့သည်။ နတ်ဆိုတာ မဂဓဘာသာမှ နာထသဒ္ဒါကို အ,"T' PTTTT1TIT'T51'T1T'TTrr A Ae:rwrtr=e. heoenuဲ serdeowctaecer =x sasaockv catr-. cacscs, sa,gua s"
၌ တည်ရှိသည်။ ရွာနေရာကုတ်မှာ ၂၁၃၁၆၃ ဖြစ်သည်။ ၂၀၁၄ သန်းခေါင်စာ,"နွ အသညဲနဲ့သည့မv mpasepmcyo ၂ops၆e ၆၈ez)"" Loe5 =PTPPT"""
နေလို့ပါ ဗိုလ်ကြီး,နေလိဲ့ပါ ဗိုလ်ကြီး
ထွင် ဖော်ထုတ်လာသည်။ အဆီးရီးယားနိုင်ငံ၏ လက်အောက်,"TTTTTTeS: mfhRaoustis,.acaa"
ပြန်ဆုတ်သွားခဲ့,ပြန်ဆုတ်သွားခဲ
ယူ,ယူ
ဝ,ဝ
ကား,ကား
ပင် ပြင်ဆင်,ပင် ပြင်ဆင်
ရေးလှ,ရေလှ
မှာ ဒဏ်ရာပြင်းထန်သည် မှန်သော်လည်း ခေါင်းမထောင် နိုင်လောက်အောင်တော့ မဟုတ်သေးချေ။ ဦးခေါင်းမှာ ကြည်ကြည်လင်လင်ပင် ရှိနေ၏။ အခြေအနေအရပ်ရပ်ကို,"LL.as,s,osvcvecoecLscrsrsrsrosrsr=r-m=eIT=B6PPTT""T""T""T"""""
နောက်ဆုံးတွင် ကြယ်ပုနက် (black dwarf) အဖြစ် မှေးမှိန်သွားမည်ဖြစ်သည်။ နေနှင့် အနီးဆုံးကြယ်မှာ ပရိုဆီ,"T""TTRTTTTTT-rT7B8r9wowcsascesros,sosmeupaa"
။ ဆန်ကုန်သည်အဖြစ် အိမ်က ထွက်သွားရာက မယားတစ်ယောက်နဲ့ မူးစေ့အပေါက်ပဲ ပြန်ပါလာတဲ့ လူငယ်လေး။ သူ့အဖေက စောက်သုံးမကျရတဲ့အထဲ နောက်ထပ်,". acscyssgag sac.,s,asuporpr=: curororsconsvesasedRmR0M0AvecordSreso.Psr= ert=T1TTီ5TRPT7TT7T""*"""
ရပ်ဝတ် အရပ်စားနှင့်။ ဒါက ဘာသဘော,"TPT""mVe-wBs alir msm"
တော့မယ်။ ခင်ဗျားကို လာ,တော့မယ်။ ခင်ချားကို m
တိ,တိ
ပြီ၊ ကောင်းပြီ။ ကျွန်,ပီ၊ ဧကာင်းပြီ။ ကျွနံ
ဖြစ် MMR009012022 Yae Hpyu ရေဖြူ ဟု ပြောပြီး ရုံးခန်းထဲခေါ်သွားသည်။ ရာသီဥတုရှိ၍ရေမဝပ်ဘဲ ထုံးကျောက်မြေဆံသည့် ဒေသမျိုး၌ ပိုမိုဖြစ်ထွန်းသည်။ မိုးပါးရေရှားသ,"sag woosnsascas w- wg. scs us wgs sas,wstsouacs၊resAlandldtroMRe m===TtBTထS T""TA:A 1T57T7T5ီT *TT"""
မကြွားမိအောင် ဂရုစိုက်သော် လည်း စာအုပ်အကြောင်းနှင့် ပတ်သက်ပြီး စကားပြော ရလျှင် မျက်လုံးအရောင် မတောက်ဘဲ၊ အသံထက်မြက် မလာဘဲ မနေ,"(uss,aoroas,ossvauscws owcksrecosyawsacaytse ecsareRB t emrontS srar orSTP'TrTPTPTT"
စခန်း၌ အမြောက်သံ တစ်ချက် ပေါ်လာသည်။,"မမနဲး၌ အမြောက်သံ တစ်ချက် ခေါ်ကည်"""
ဓားသိုင်းက တော်တော်ကောင်းတယ်၊ ထင်ပေါကို အဲဒီနည်းနဲ့တိုက်ရင် မရှုံးနိုင်ဘူး၊ အတွင်း,ဓားသိုင်းက တော်တော်ကောင်းတယ်၊ ထင်ငပေါကို အဲဒီနည်းနဲ့တိုက်ရင် မှုံးနိုင်ဘူး၊ အတွင်း
ပေး,ပေး
နောက်သို့,နောက်သို့
မျက်နှာဖုံးကို မေ့ဆေး,မျက်နှာဖုံးကို မေ့ေး
၊ မ ၁,၊ မ ၁
တို့,တို့
ရှိသော SAC ကို,ရဲ့သော SဲAC ကီိ
ရတနာပြဇာတ်ကို စီစဉ်တင်ဆက်ခဲ့၍ မြတ်မွန်ရတနာ ပြဇာတ်စာအုပ်ကို စာပေဗိမာန်မှ ဖြန့်ချိထုတ်ဝေခဲ့,"ရဘာနာဒုမဇာဂဟာကာ့ စဆည့တာငဆောကာပဲn (aေတeayeirsgseo= EypmTSTTeT5 5TPTST5V0 EMRPTT""9ိ"
ခြားလိုက်,ခြားလိုက်
ပန်း,ပန်း
ပဒေ,ပဒေ
ကြ,ကြ
ရာကုတ်,ရာကုတ်
အခင်ကို လိုသမျှဖွင့်,အခင်ကို လိုသမျမွခဲ့
ချင်း,ချင်း
ရီ စိတ်ကို ဖတ်ကြည့်ပြီး မင်း ဒီလိုလုပ်တာကို သိသွားရင်.. မည်သို့ပင်ဖြစ်စေမြေ,"""""ီြီ ""သဒိပိ' F% %r%reတာကဲ့ သဲspာ-s၄၃-. မ့a,agaag"
လှယ်အဖွဲ့ လန်ဒန်,လှယ်အဖွဲ့ လန်ဒန်
၁,၁
ပေ,ပေ
၂၁၁၅၀,၂၁၁၅၀
စီး,စီး
အ,အ
။ နန်းတော်ရှေ့ ဆရာတင် သားကလေးများနည်းတူ ကျွဲကျောင်းခိုင်း၏။ မော်ဂလီမှာ,"၊.s,s,esros oscsversedTsTT်္""T""T""T"""
လာလမ်ပူသည် ဆီလန်ဂေါ ပြည်နယ်ထဲမှာ ရှိ၍ ထိုပြည်နယ်ကို အုပ်ချုပ်သော မလေးဘုရင်က ကွာလာလမ်ပူ,"L-us,oaacaousrawsosstertTfT*T""TT""T""T"""
ကျင်းအား နတ်မိမယ်တမျှ ထင်မှတ်ပြီး မြတ်နိုးခဲ့သည်။ သူမ အလှရိပ်တွင် ယစ်မူး,"""TT""TTTTsITI1B66iwuk e ,sye.sy"
မင်းမြတ်,မပ်းမြတ်
ကလေးများ အိမ်မှာ,ကလေးများ အိင်F
အဖြစ်နှင့်,အဖြစ်နှင့်
ထားသီ,ထားသီ
။,။
င့် အကြိမ်ကြိမ် တားမြစ်ကြသော်လည်း မိမိ အဆွေခင်ပွန်းကို စွန့်ပယ်ခြင်း မရှိလေ၏။ ဦးမြသန်းက ငြိမ်,"TTF္FPT'TP-Tr6S'  mrmevtvkvss-ags.asssg..g,"
တရှိန်ထိုးအောင်မြင်မှု နောက်ကွယ်မှာ အရေးပါတဲ့ တစ်ခုသော အင်အားတစ်ခုဟာ ပုန်းလျှိုးကွယ်,"ခမျှု့းခွံမေမာစ်ပြနွှ နောက်လွယ်မှာ wရေ့ပါတဲ ဝ၆၉၃ာ= အ်eormmeT 0o2a1TB"""
ဝ,ဝ
ကတံ ကရဏီ,ကတံ ကရဏီ
ခန်းထဲမှ ဂျရတ်ကတ်ရှနာ ထွက်လာခဲ့လိုက်သည်။ မော,ခနံးထဲမ ဂျရုတ်ကတ်ရုနာ ထွက်လာခဲလိုက်ဘတ်* m
ဒီမိုကရက်တစ် သမ္မတနိုင်ငံ နှင့် မြောက်ရိုဒီးဇီးယားနိုင်ငံ (ဇမ်ဗီယာနိုင်ငံ),"""ီ""""TT7TIo7Brtaku-sa,sa.ss,"
ချက်ပြ,ချက်ပြ
ဟေ . . . ဟုတ်လား ငလျင်လှုပ်ခြင်းများ၏ အကျိုးဆက်များ/သက်ရောက်မှု,ဟေ . . . ဟုတ်လား ငလျင်လှုပ်ခြင်းများ၏ အကျိုးဆက်များ/သက်ရောက်မှု
တာတွေကပါ အယ် လ်ခီဘီအာ့ဒိစ်,တာတွေကပါ အယ် လ်ခီဘီအာ့ဒိစ်
တို့ တည်းခိုကြသည့် ဟိုတယ် များနှင့် အ,တို့ တည်းခိုကြသည့် ဟို့တယ် များနှင့ အ
သီးများ တပ်၍ ထားသော,သီးများ တပ်၍ ထားသော
တိထားနော် ကိုင်းကျိုးကျမယ် အခြွေအရံကလဲ ဒါလောက်ပဲ နည်း,တိထားနော် ကိုင်းကျိုးကျမယ် အခြွေအရံကလဲ ဒါလောက်ပဲ နည်း
"usingthe(required!)INSEEcodeandasubtemplate.Thefields""region""and""department""arenolongerused.ဝေါလစ်နှင့်ဖူကျူးနား 90 days စေတော်မူ","''""TT""""""TI'I'+T:'Tror=mr=roaro=.:sacasescwLsa"
လက်,လက်
Wardအမှတ် (၁၄) ရပ်ကွက် အခုဆို ကစ်ကစ်,"wway4 (as) လဲကုက် me၏ီ T*""""ီ"
ပုံမှန် လက်ချာ သင်ခန်းစာများ,ပုံမှန် လက်ချာ သင်ခန်းစာများ
DaweiEducationDegreeCollege;,SRnelEducatonOegreecoiga.
အလွန်,အလွန်
ဆေးလိပ်,ဆေးလိပ်
ဆုံး ဖြစ်၏။ ဤအခြေ,ဆုံး ဖြစ်၏။၊ ဤအိ
ရင်မ အားပြန်၍ လက်,Tf်မ အားပြန့ခ၍ လကံ
၊ meropenem,၊ meropenen
သည် ကချင်ပြည်နယ်၊ ပူ,aဆဲ ကချငပြည်ဇတိ၊ ၊
သည်။ ၁၉၅,သည်။ ၁၉၅
ရှိဘူးထင်ပါတယ်..,ရှိဘူးထင်ပါတယ်..
လဲ သီတာ၊ အင်း . . .အေးမြတဲ့ သီတာပဲ ဖြစ်ရမှာပေါ့ ဟင့်အင်း၊ မဟုတ်သေးဘူး အစ်ကိုရယ်။ ဒါပေမဲ့ ဆက်ပြောလေ၊ ဆက်ပြောပါ။ ဆွန်ညာ နားလည်နိုင်မှာပါ။ အား,"'T"" TT*T'TTTT'TT=rTrsr=tIPovacsocswsr=-racwpsssaAws,s.."
ညီ,ညီ
တစ်သက်သက်စွဲလာခဲ့,တစ်သက်သက်စဲ့လာခဲ
သည်,သည်
သို့မတင်ပဲ ကုလားဖြူရပ် ကွက်ရှိ ကုန်လှောင်ရုံ၌သာ ထားသည်။ သင်းတို့ ခဲယမ်းလက်နက်သင်္ဘောကို ယခင်က ရန်ကုန်ဆိပ်ကမ်း,"၊w,as,wsauagat arasarsauopoaswsrzeocs =rPnI5rTrTPT""TTT"""
ကျဉ်းကျဉ်းလေးပါ၊ မေးဖန်များစကား,"""sSrmeaf:eေးပါ၊ မေးမနဲမျာကော-"
ထို့နောက် အမျိုးသမီးကို နှုတ်မဆက်,"a့eေoကS အမျဲ့သမီးကို နS=m"""
ချက်,ချက်
ဒစာစောင် ရေးသားပြီးနောက် တနှစ်အကြာတွင် ရေးသား,"saoas,as asyar-rfivspemီS osAmftSP4S TTT5"
မှု ကူးစက်ရော,ခဲ့ ကူးစက်ရော
ကြီးအ,ကြီးအ
ကျင်းပခဲ့ပြီး န.ဝ.တ အစိုးရမှ ကျပ်သိန်း ၆၃,"mygtaag. န ဝ တ အစိုးty maf""ဘီ1 96"
ရမှ ပို၍ ဒေါသဖြစ်မိသည်။ ကိုဘခက်သည် သူ့ကို တမင်,"၂, (နွှ saugalauph TmrToတ် YTီ T""ီ"
အသင်း,အသင်း
"အင် သုံးစွဲနိုင်အားမှာ ၅၅,၅",အင် သုံးစွဲနိုင်အားမှာ ၅၅၂၅
နှင့် ဒေါ်အောင်ဆန်းစုကြည်တို့,"s) stssာCဆe်:e်ဲထိီ""ီ"
အကောင် နာမည်က ဘယ်သူကွ ကြိုင်သည် ပြုံး၍ ကျွန်တော့်ကို စိုက်ကြည့်သည်။,"""""TTTTTeonPftvelwtvs-sgsggags"
စွာ ကျင်းပတယ်လို့ဆိုပါတယ်။ စတုဒီသာအကျွေးအမွေးများနှင့် အလွန်စည်ကားသောဘုရားပွဲတော် ဟုလည်း စော်ဘွားတောင်ခြေ ရှမ်း,..w.Lusuauac.av.wsL:=rw=ocsos=st moskrtir -T<T'TT'TTTTTT
စွမ်းတွေကို စက်ပစ္စည်းကိရိယာတွေက မြှ,၃၆်၊တွ့ကို စက်ပစ္စည်းကိရိယာတွေက မြ
တည်,တည်
နိုင်ချေ။ တနင်္ဂ,နိုင်ချေ။ တနငဂ်
ခရိုင်၊ ဖားကန့်မြို့နယ်၊,ခရိုင်၊ ဖားကန့ မြို့နယ်၊
ကျေးသီးမြို့နယ်၊ ဝမ်စပ်ကျေး,ကျ့သ+Ryst1 P5PTT6
။ လူဦးရေသိပ်သည်းဆသည် တစ်စတုရန်းကီလိုမီတာလျှင် ၁၄၃ ဦး ရှိသည်။ စုစုပေါင်း,"'TTTTTT6TT=nB-odaur=-an uasuava,"
ဖြေသည်။,ဖြေသည်။
သော အကြောင်းအရာများမှာ သာမန်လူတစ်ယောက်အနေဖြင့် လွယ်လွယ်နှင့် မသိရှိနိုင်သော သူမ၏ အတွင်းရေးများသာ ဖြစ်သည်။ တစ်ဦးတစ်ယောက်က သူမအား ချောင်းမြောင်း,"''""T""TT""TTTTrP5I-TeT-e motrr-=:sue.msy-aca..a-.as"
သော အင်္ဂါတို့နှင့် ညီညွတ်သူ ဖြစ်ရ၏။ ကျွန်တော် ရန်ကုန်,မသာ ဖဒါဘတု့မှစ် ညီံ္ခတ်သူ့ ၀၈ရ၏၊ ကျ့ဇ်ကော် ဂင်္ကာ်္ဂ
အသံနှင့် ပြောရာတွင် အေး... ငါကလည်း ငါ့ကို တိုင်ပင်လို့ပြောသာပါ,အသံနှင့် ပြောရာတွင် အေး.. ငါကလည်း ငါ့ကို တိုင်ပင်လို့ပြောသာပါ
ကောင်းဆန်းဂေဟာကြီးမှာ အနားယူပြီး ညစာ စားကြရအောင် လှေမျော လှေနှင့်လိုက်၊ ငွေမျော ငွေနှင့်လိုက် ဆိုသည်မှာ စီးပွားရေးလုပ်ငန်းများတွင် အရှုံး,"TT*TPTTP5SI1 TPTon' sr= ToRESoeo=TP 5eowr=ecasBifti,gyagr sstvt,stuy- mgsapgsgogss"
"ဖောမီး (Anseriformes)"" အတွင်း ပါဝင်","ဖောမီး (Anseriformea)"" အတွင်း ပါဝင်"
ခွဲစိပ်,ခွဲစိပ်
ကျယ် သွားကြသည်။ဒေါက်တာ အယ်လ,ကျယ် သွားကြသည်။ဒေါက်တာ အမ်ဗ
လာသည် ဆိုတဲ့ ဇာတ်လမ်းကို ပြောမှာပါ,TTTတ် အို့ကံ ဇာတ်ငလပါးကိ့ ရငေးမောပ
အင်ဂျင်,အင်ဂျင်
ပါတယ်,ပါတယ်
ဘိ,ဘိ
ပိုက်,ပိုက်
ဖြစ်,ဖြစ်
င့်,င့်
၃၅၃ ဖြစ်သည်။ ၂၀၁၄ သန်းခေါင်စာရင်းအရ တောင်နီကျေးရွာအုပ်စုတွင် ကျား ၁၁၀,"T571675 TT5 T1-:66oeton scedBerse-skss ag. .,"
ပြထားတာဖြစ်ပြီး လမ်းညွှန်ချက်,၆ကားတာဖြစိပြီး လမံးညွှနဲမျအခ
အချိန်,အချိန်
သက်ချမ်းသာရာ ရခဲ့ဖူးပါတယ်။,သက်ချမ်းသာရာ ရခဲ့ဖူးပါတယ်။
အမျိုးသမီးဘက်သို့ ခေါင်းညွှတ်,အမျိုးသမီးဘက်သို့ ခေါင်းညွှတ်
ဘူးသော ဖခင်၏,ဘူးသော ဖခင်၏
သို့ တက်,သို့ တက်
ဏလေး ငြိမ်,ဏလေး ငြမ်
ဒါပေမယ့် ကျုပ်တို့က မလုပ်ပါဘူး။ ဟန်ဆန်းဂိုဏ်းချုပ် လုပ်လိုက်ရင် ခင်ဗျားနဲ့ အဆင့်တူသွားမှာပေါ့။ ဒီလောက် သိက္ခာကျမယ့် အလုပ်,ဒါပေမယ့် ကျုပ်တို့က မလုပ်ပါဘူး။ ဟန်ဆန်းဂိုဏ်းချုပ် လုပ်လိုက်ရင် ခင်ဗျားနဲ့ အဆင့်တူသွားမှာပေါ့။ ဒီလောက် သိကခာကျမယ့် အလုပ်
အ,အ
ဘ,ဘ
မိုင်,မိုင်
ရှိသည့် ရှင်း,ရှိသည့် ရှင်း
၇၉-,၇၉-
လား..,လား..
ပိုး,ပိုး
။,။
မျက်နှာ,မက်နှာ
ရာသည်,ရာသည်
ဓိသမ္ဗောဇ္ဈင် မရှိလျှင်လည်း ငါ၏ သန္တာန်၌ သမာဓိသမ္ဗောဇ္ဈင် မရှိဟု သိ၏၊ မဖြစ်သေးသော သမာဓိသမ္ဗောဇ္ဈင်၏ ဖြစ်ကြောင်းကိုလည်း သိ၏၊ ဖြစ်ပြီးသော သမာဓိ,"a.psgt ,wpao-,gs, ows sapcag ocscwpngt wiey Zkiv ipaecsreser=ernPseonrnfr""T PfTSPfTီTS5'""ီT oီ0'T'T`""'ီ"
တိုင်းပဲ ကြည့်,ကိုင်းပဲ ကြည့်
နေ့လယ်,နေ့လယ်
တတ်လို့,တတ်လို့
ငံတော်,ငံတော်
ဦးဖြစ်လိမ့်မယ်ထင်တယ်။ ဝေဝေတို့,ဒီဂြဂ်ဂလိမ်မယ်ထင်တယံ။ ပေဒေရဲ့
မဟာပထဝီမြေကြီး။ ရှားစောင်းပြသာဒ်ပင်များ၊ ရောင်စုံအိမ်ပုံကလေးများ၊ လက်စလက်န သိပ်မ,မဟာပထဗီမြေကြီး။ ရှားစောင်းပြသာဒ်ပင်များ၊ ရောင်စုံအိမ်ပုံကလေးများ၊ လက်စလက်န သိပ်မ
ရွက်ပင်,ရွက်ပင်
အချိန်တွေမှာ ငြိမ်းချမ်းသာယာတာကို ခံစားရတဲ့အချိန်တွေမှာ တစ်ခြား,"""""TTPPTPTTr==-B sesenssgeAag,"
အများဆုံးဆေးကို အသက် ၂,အများဆုံးဆေးကို အသက် ၂
၊ ငါက အခု ဒုန်ဝန်းမြို့စား ဖြစ်နေပြီမို့လား၊ ဆယ်မြူ ဆယ်မြူအသာလေး၊ ဟားဟားဟား ကဲလာလာ,""" TT TT T9Mိ="" TfSsoStporeo soulbun scuitigwaorecus wr=-u- acr-,"
ရတာပေါ့ဆရာ မ,ရတာပေါ့ဆရာ မ
နိုင်,နိုင်
ပြုအောင် ဆွဲဆောင်ခဲ့သည်ဟု ထင်၏။,"၆TTT Sဲsaroesညivp saa,"
ဆောက်အအုံကို ခေါင်းမော့ကြည့်ကာ ချီးကျူးပြောဆိုနေသည်။ ဟာ ပ,"""*TီTT7ိ 7TPemaiRefms Almrawguwgsasg, ဟ- ၂"
ရွာအုပ်စုတွင် ကျား,ရွာအုပ်စုတွင် ကျား
ယမကာကို စောင့်နေကြတယ်။ စားပွဲထိုးမလေးက တော့ အသက်ရှစ်ဆယ့်လေးနှစ်ပဲ ရှိသေးတဲ့ လှ,ယမကာကို စောင့်နေကြတယ်။ စားပွဲထိုးမလေးက တော့ အသက်ရှစ်ဆယ့်လေးနှစ်ပဲ ရှိသေးတဲ့ လှ
နေအထိ အဖြစ်အပျက်များ,နေအထိ အဖြစ်အပျက်များ
အယ်လ်ဂျီးရီးယန်း,အယ်လ်ဂျီးရီးယန်း
ခါ အောက်ခံ ဝတ်စုံနဲ့ တင်းတင်းစည်းထား,"a.m-As wulagkmfmSm်'"""""
သာယာကုန်း - ပဲခူးခရိုင်၊ ကျောက်တံခါးမြို့နယ်၊ ကြာအင်းကုန်းကျေးရွာအုပ်စု၊ ပီကုတ်(220102)ChampionofKandawgyiDota,".-.,on,s, . ap-sas, arng-auscwg,scယa: ZSioaetsrypRterwpreome်te: Rmf္ U6859957TTP7TTTTTPT5T9"
သည် သည်,သည် သည်
မှ,မှ
ဝသော အရိပ်အမြွက်များ,TYaw အရိပ်အမြကဲမျှား
တယ်။ သူဇာလွင် ခေါင်းခါလိုက်တယ်။ သူ ခေါင်းခါပြနေတာကို မင်းခန့်ထူး မြင်ပါစေ။ မလာ,"pocယta သွ့အားလွဝ မေltsaမဲတဲ့ေ်တာယံ။ သူ ခေါင်းခါ်oေရေတာကို wS:=mme"" G7TT TT"
င့် ရောနေသော ရေဖြစ်လျှင် ဓမကရိုဏ် (ရေစစ်) ဖြင့် စစ်ပြီးမှ သောက်ရ၏။ သူ့အား ပြန်လည် မဖြေကြားခင် ဒေါ်ဥမ္မာသည် တံတွေးကို တစ်ချက် မျိုချလိုက်သည်။,"၊ ...- -wgc, csasxrarwa os-=<=r. wr- RerRi RP=' TP T'T""T""T""TT"""
မှာ ပိုမာကြောရ,မှာ ပို့မာကြောဂ
ဆိုးမှာ အ,ဆိုးမှာ အ
အတွင်း မြန်မာပြည်အနှံမှ,=အ့်း ခန်မာပြညဲအနှမှ
မှန်,မှန်
စ,စ
တစ်လုံးနှင့် ထိုင်နေ၏။ ဦးလေးသည်,တခံလဲ့းနင့ ထိုင်နေ၏။ ီsPT5Z
နွေးဓာတ်,နွေးဓာက်
ဟု ဆု,ဟု ဆု
ရှိသည်ဖြင့် အသုံးပြု,ရှိသည်ခဖြင့် အသုံးပြု
လား အဲ့ဒါဟာ ကျွန်တော့်,လား အဲ့ဒါဟာ ကျွန်တော့်
သင်္ဘော ၁ဝ စင်း၏ ဧရာ များကို ၁၈၇၁ ခု မတ်,TT T7T=op wpwng oegayus
လောက်ဖြစ်သည်။ သို့ရာတွင် အလွန်ကြီးမားသော နှုတ်ခမ်း,TTT+TT6S71797T25 Scaigs).မားသော နွုတဓaေ-
ချုပ်ကြီး သူရ ဦးတင်,"မျ့ကြီး သရ, ဦီတ်"
။https://www.anonymoustunisie.com/WebsiteofAnonymousTNဘယ်သူမှ တိတိ,"sscssoc-wsu-r-rosrmurT""TT"""""""
ယား ရောဂါစွဲကပ်သူ ဦးရေသည် နှစ်ဆ,.ာ. မspoAဲgကပ်သ SီanPe်: P
ချယ်ခဲ့သည်။ ကိန်းကဏန်းများဖြစ်,"နsနေ့nညဲ, REtemFerP်P"
အချင်း,အချင်း
ဖြစ်,ဖြစ်
ဘရက်က ဆက်ပြောသည်။ ဒီနေ့ကစပြီး,oartm ဆကံပောသည်။ *RseTTီ'
နားလည်ကာ ပြီးပြီးပျောက်ပျောက် သဘော,"ရားလည်က ပြီးပြီးပျောက်ပျောက် သဘေ,"
ကာ အခြား,ကာ အခြား
အ,အ
ဖြ,ဖြ
ညံစွာ အော်ဟစ်သြဘာ ပေးကြလေတော့၏။ ဟန်ဆန်းတောင် ရောက် ကတည်းက တစ်ကိုယ်တည်း ပျင်းရိနေခဲ့သော လ,""""""""" ""ီ"" """" 'TIeဘ=erirmw=-sacwswac..."
ကိုတင်ဦးက မြိုင်၏နာ,ကိုတင်ဦီးက မြိုင်၏နာ
မေရိကားက မက်ဆာချူးဆက် စက်မှုသိပ္ပံကို ဆက်တက်,"TTT' TIPsrsgp:eorS erdky,dgag s-ac,a"
လို့မှ မဆုံးမီ သိန်း,ရို့မှမဆုံးမီ သိန်း
သာမဟုတ်၊ အသီးနှင့် အရွက်ရရန်အတွက်ပါ စိုက်ပျိုးကြသည်။ အသီးကို,TTTT' T1eS TrsrTonksemyrfbui trlayga.g sa.ag
၀ ဦး၊ လူ,၀ ဦး၊ လူ
မှာ ၁၈၃၀၆၈ ဖြစ်သည်။ ၂၀၁၄ သန်းခေါင်စာရင်းအရ ဂုံမင်းကွင်းကျေးရွာအုပ်စုတွင် ကျား ၉၁၂ ဦး၊ မ ၁၀၈,"<- aas-gaues,a-s,icacsmotTsmvreT=TP5PT"""
ဂန္ဒီကို ဘာမှပြန်မပြော,ဂန္ဒီကို ဘာမှပြန်မပြော
သဘင်သို့ ဆောင်ယူ တော်မူသွားပါလျှင် အောင်မြင်,T7အM+mာthv echyspcAwgd sags
ဗွီက ထုတ်လွှင့်တဲ့ ဓာတ်လှိုင်း တစ်ခုဟာ တစ်စက္ကန့်ကို,ဂွီက ထုတ်လွှင့တဲ့ ဓာတ်လှိုင်း တစ်ခုဟာ တစ်စက္ကန့်ကို
နှစ်၊ ပြီ,နှစ်၊ ပြီ
နဲ့,နဲ့
သည် တိုက်ကွင်းထဲ ဝင်ရောက်၍ ပါ,၁ညီ ကို့က်ကွင်းထဲ ဝင်ရောက်၍ ပါ
။,။
ကုတ်မှာ ၂၁၉၈၆၂ ဖြစ်သည်။ ၂၀၁၄ သန်းခေါင်စာရင်းအရ မိုင်းဟွမ်ကျေးရွာအုပ်စုတွင် ကျား ၁၈၂၀ ဦး၊ မ ၁၇၅၇ ဦး၊ လူဦးရေ စုစုပေါင်း,"'""""""T""T'T""-r:oer=or. s-=ws.uaw.ws.."
စ,စ
သည်။ အတွေ့လေးရယ်မှ အိုအကြုံ (၁၉၉,<Z.aamausvAy TmC5ိ1T6
ပြီးနောက် ကားပြန်၍ ထွက်သွားသောအခါ ကားပေါ်၌ ပါးစပ်တွင် အဝတ်များ စည်းနှောင်ထား,"""""""TTTT""T TTT:,sucts .s.-a."
ရိုင်၊ တွန်းဇံ,ရိုင်၊ တွန်းဇ
ထွက်လာသည့် ခိုးဝင်,ထွက်လာသည့ ခိုးဝင်
တယ်။ တဲ,တယ်။ တဲ
မလား အောက်မေ့,မလား အောက်မေ့
ဏခဏ မေးသည်။ ကျောင်းဆင်းသောအခါ ကျော်စွာတို့သည် ပူနှိပ်တို့အိမ် ဘက်သို့ သွားရလေသည်။ ကယားလူမျိုးစုဒီမိုကရေစီပါတီ နှင့် လူမျိုးပေါင်းစုံဒီမိုကရေစီ,".-.a_owoc-oerauavwmen<-=rsrT"""""""""""""""""
သန်း,သန်း
ဆိုချက် တွေမှာ ကျွန်တော် မမှတ်မိတော့ဘူး ဆိုတဲ့ ဇ အသက်ရှူကျပ်လိုက်တာ အေ ၊ ငါ့သမီးလေး သနားပါတယ် အပဒါ,ဆိုချက် တွေမှာ ကျွန်တော် မမှတ်မိတော့ဘူး ဆိုတဲ့ ဇ အသက်ရှုကျပ်လိုက်တာ အေ ၊ ငါ့သမီးလေး သနားပါတယ် အပဒါ
ပြီး တိုက်ခိုက်ကာ,ပြီး တို့က်မိုက်ကာ
ပုံ ရ၏။ ထို,ပုံ ရ၏။ ထို
မောင်,မောင်
ဝတ်,ဝတ်
ဆီး,ဆီး
သူ့မိန်းမဆီကို ပေးလိုက်တဲ့အလုပ်ပါ၊ ကျွန်မ ပို့ပေးရမှာပေါ့ ရင်သွေးငယ်အာဟာရ သန္တေသားမှစ အင်ဒို,"""I""""TT""T+ TT-raf': R:oerwd vasouawc-as,sa.y,cas"
ထည့်သွင်းကာ၊ ခြေ-လက်ပြုလျက် အထပ်အထပ်ဖွင့်ဆိုထားသဖြင့် ကျယ်ဝန်းသော အ,"La,oc-w-agyrea mimleATTTTT"""""
မှ ထုတ်လုပ်သည့် Kung Fu Panda (ကွန်ဖူး ဝက်ဝံ) တွင် မျောက်ဆရာကြီးအဖြစ် အသံအပိုင်းမှ သရုပ်ဆောင်ခဲ့သည်။ ထိုဇာတ်ကားတွင် အခြား ထင်ရှားကျော်ကြားသော ရုပ်ရှင်သရုပ်ဆောင်များဖြစ်သည့် Jack Black (,'''TTTTTT''TIT'TT''T'T'T=<<ovs.wwas..wws
ပြည့်နှစ်,ပြည့်နှစ်
၊ ရော့... ဦး,'9R... ဦး
ပီး နောက်တစ်ခုကတော့ ကိုးရိုးကားရားမဖြစ်အောင် အာရုံမ,"T T-Trofeme risirovep-ugasace,a-g."
"မဏိပဲတဲ့"" တက်စသည် တညနေလုံး ကြီးမားသည့် မြေပုံချပ်ကြီးကို ကြည့်နေပြီးနောက် မိတ်ဆွေအမတ်တယောက်နှင့် သွား၍ ည","""TTT TTTT 1PT-rit:BteV :6 Guioegucs.asusaa...w.aas"
မြေစေးတွင် အညစ်အ,၈၆်=eးတွင် အညှစ်အ
ထောက်ထိုင်ချ လိုက်,ကတာက်ထု့င်ချ စဲ့မကံ့
အောက်,အောက်
ပေါ်မှာ ငါ,ပေါ်မှာ ငါ
တစ်ယောက်လောက်သာ အောက်,.န...deေက်သာ အောက်
စင်ပေါ်မှ ကျလာလျှင်တော့ အရိုးတခြား အသားတခြားဖြစ်ရန်သာ ရှိတော့သည်။ {{Db-test-notice-NPF}} အဘိုးကြီးက မိန်းမကြီးနှစ်ယောက်ကို ခပ်ကြမ်းကြမ်း တွန်းပစ်လိုက်ပြီး သူတို့နှစ်ယောက်ကို,"' """" ""T""""""'' 'T' '~ >........"
ကို အဖေမပေါ်တဲ့အဖြစ်,ကဲု့ အမေမပေါ်တဲ့အြ်
မျှ အသုံးမဝင်။ လွမ်းချင်းစပ်နည်း ပထမဆုံး,မျှ အသုံးမဝင်။ လွမ်းချင်းစပ်နည်း ပထမဆုံး
မနည်း ပြန်တည့်ယူရ,မနည်း ပြိန်တည့မ၃့R
မှာသန်းခေါင်ထက်နက်တာ မရှိပေမယ့် အပါယ် ငရဲကတော့,TTိTTPTTT5TTS Yeieuvu susc eareတာy
ရတဲ့ ဘာသာရပ်မျိုး မဟုတ် ပါဘူး။ လင်္ကာတွေကို မဆန်းစစ်,"TTTTPh% =ortulsy-rcaos,s.ss.as"
မန်စက်,မန်စက်
ပင်,ပင်
ငရှဉ့်ကျ မည်။ ကြိုးထိုးလျှင် သည်နှစ်ကောင်အနက် မည်သည့်အကောင်ကျကျ ကိုယ်က အနိုင်ရမည်။ ရာဇဝင်ဟောင်းများရဲ့ သင်္ချိုင်း ဘာလုပ်ရမည်နည်း။ ဒီနေရာက စောင့်လျှင် မ,"'""'""""''''T'""ဘo""T""+rarorseusL.a"
သို့ ဆိုက်ရောက်လာ၍ ဆေးဆိုင်,သို့ ဆိုက်ရောက်လာ၍ ဆေးဆိုင်
သုံးပြီး,သုံးပြီး
။ တစ်နေကုန် စားလိုက်၊ အိပ်လိုက်၊ အိမ်မှာ ဟို,။ တစ်နေကုန် စားလိုက်၊ အိပ်လိုက်၊ အိမ်မှာ ဂကိ
ပေါင်းကို ခေါ်၍အရှင်တို့ ... သင်တို့သည် ငါမရှိသော်လည်း မပျင်းရိကြကုန်လင့်၊ ငါ ဆရာရသေ့ကြီးကိုဖူးမြောက်ပြီးလျှင် ဟိမဝန္တာသို့ ပြန်လာမည် ဟု,sacs .ngဘနမှရွေ . wsg့မueclksyawkaucte eaikiSarkaet T mesomeSoRieoeTR0Aor်PRီ AirအီV Bတီ
ဟေး တဝါး,ဟေး တခါ့း
နားစိတ်တစ်ခုတည်းနှင့် ခွင့်ပြုရတော့မှာတဲ့လား။ ဇနီးတစ်ယောက် ချစ်ရာရောက်အောင် ခုထိတော့ မပျက်သေးပါဘူး၊ ရော်ဘင်က သူသွားကြည့်တဲ့ လမ်းကို ကျွန်တော့်,"'' ""TT""""""'T' <...w.s"
င့် အောက်ဘုံ,င့် အောက်ဘုံ
မ,မ
တို့ကို ဖလမ်းချင်းဘာသာစကား၏ ဒေသိယစကားအဖြစ် စာရင်းပြုထားသည်။ စကားအ,မု့မရု မ.မ.းျှံ်းတာသomrorent ဖေသိယစကားအတြက် အom်၊eneTတ်T'TTT
ကို တိတ်ဆိတ်စွာ စားနေလေသည်။ ချစ်ရေးချစ်ရာ ၁၉၉၉ ၂၀၀ ကျပ် သူက မဖြေဘဲ,w wsasapr-oronacs.efesofm toe.T TfTTT9
မျောက်၏ဇနီးအား သိမ်းယူတာထားပါတော့၊ တိရစ္ဆာန်ကိုး၊ လူဘုရင်တွေက စစ်ရှုံးသူ၏ ဇနီးမယားကို သိမ်းပိုက်တာတော့ လွန်လွန်းသည်ဟု ကျွန်မ ယူဆသည်။ မိန်းမတွေခ,"' ""T' ""'""""T""'""T'T'TT'orT'+- wac:.wwaevw.ss."
ကြိမ်၊ ထိုနောင် ဘဝင်ဖြစ်ထိုက်သ၍ ဖြစ်၏ ။,ကြိမ်၊ ထိုနောင် ဘဝင်ဖြစ်ထိုက်သ၍ ဖြစ်၏ ။
ရှိုနာလူမျိုးဖြစ်,ဒ့နာလူမျိုမြစံ
ကာ ထောက်ကာဖြ,ကာ ထောက်ကာဖြ
က,က
င့် နဂါးဘုရင်,၃့ နဂါးဘုရင်
ဆက်သွယ်စုံ,ဆက်သွမ်စို့
နှာရည်ညွှန်း,ဇာရည်ညွှန်း
င့်အတွက်ပါလာ,ခ်အလွက်ပါလေခ
ကချင်နှင့် ကရင်အမျိုးသား များလည်း သိပ်မတွေ့ရတော့။ အောက်ပိုင်းမှ ကုန်သည်များကိုကား လုံးဝပင်မမြင်ရတော့ ချေ။,"""""'""'T""TTTT'T""otP=omm-rmmstrmsser-tr=-,oes,a-."
မိမလား မသိဘူး၊ အန်တီ မီ,ဇဗကား မသိဘူး၊ အန်ကဲ ခဲ
များမူကား ဘာမှန်းမသိရှာ,YTYကား ဘာမုနံးမသိမ္တာ
ကြာမီပင် ညိုမှိုင်း၏ ပီသပြတ်သားသောအသံ ပေါ်လာ၏။ ၃,"င်""ကီကီ ငီးိ်က်ဏက ဗီဇပါတ်သားသောလသ ပေဘေ.မ, ၃"
ရီဂျီအိုဗန္ဒီသည် အုတ်,ရီဂျီအိုဗစန္ဆီသည် အုတ်
မေးခွန်းတွေကိုလည်း မုန်းတယ်။ ၀င်းလှသည် ဖြူဖတ်ဖြူရော်ဖြစ်နေသော ခိုင့်,"wngွk.eွေကဲ့လည့း မနtးတာယဲ။ ၀ငါးလှသည် GneGenf်B5T9TT"" *"
စားသောက်နေကြဟန်ရှိသည်။ ကျော မောင်,TYeဘက်မေကြမဟန်ရှိသည်။ ကျော မောင်
ဘဝ၌ပင် အခြေခံ ကျမ်းစာအဖြာဖြာတို့ကို သင်ကြားတတ်မြောက်သည်,"TA+""T"" TPT Tef:eosmofdtryiကဲ့ သc6္Ssoskwg,sa,cg)"
သည်။ ထိုအခါ ငစွယ်ငယ်မှာ အဟုတ်တ,ကတ်ဲ] ကိဲ့အခ' ဗgယငယ်မှာ အဟုတတ
မတူ ချေ။,မတူ ချေ။
၏။ ကိုယ်ထင်ပြလာသူကဲ့သို့ အခန်းဝတွင် မြိုင်က မလှုပ်,"""ီ*ီင်ဂ""+ehtR wskimgegs.cys"
တွင်,တွင်
င့်ဝန်,င့်ဝန်
ရှိခြင်း ဖြစ်သည်။ ကန်၏ အပူ,ရှိခြင်း ဖြစ်သည်။ ကန်၏ အပူ
လောက် ကတော့ ဝက်ဝံတစ်ကောင်က အသာလေးလှဲချပစ်နိုင်တယ်လို့လည်း ပြောပြခဲ့ပါတယ်။ ဒါပေမဲ့ သူကတော့ တစ်လက်,"TTT5TT5 TTPT1T5ITPPr ocorjasuRsDoc-ယdeigcuညi egsygauler-ယas AsLus sypoao, o,sL,as"
တူ ပေပိုယူသည်။ မခင်သန်းက သဘောကျပြီး ဆရာ သံပရာ,ဟူ ပေပိုယူသည်။ မခင်သန်းက သဘောကျပြီး ဆရာ သံပရာ
ခဲ,ခဲ
ဗြိတိသျှတို့,ပြိတီသူ့တဲ့
Gyi(TaungKanGyi)ကန်ကြီး (တောင်ကန်ကြီး) ၁၉၆၀တွင် သမ္မတရာထူးအတွက် ယှဉ်ပြိုင်ခဲ့သော်လည်း ဒီမိုကရက်တစ်ပါတီမှ သမ္မ,"..s.uses u.rs,spswrst:ri'rer=rse=rToifBT57TTT""T"
လေး,လေး
ဒင်း ပွိုင့်တူးတူး သေနတ်သံကလေး ထွက်သွားသလို ...,"T"" 6FTeTR5 PT15T9Sကeecsx တု့တသွားဃ၀ .."
တယ်။ ပြီးတော့ Keygen ထဲမှာ သွား Paste လုပ်၊ Generate Activation Code ကိုနှိပ်။ ထွက်လာတဲ့ Activation Code ကို,"..wwswc.uwsvw.r = w TTT<T""T""""T""T"""
ကော့,ကော့
င့် နည်းပညာ အဖွဲ့အစည်း အသင်းဝင်များ နှင့် ဈေးကွက်အတွင်းမှ အကျိုးတူ,""" ဇတိ'TrZpာ mrkimnညိး အဝခင်းဝင်များ နစံ ရေက့က်းမတွတင်းမှ အေမှဲ့တူ"
မှာငြိပါ ပါလိမ့်။,မှာပြီပါ ပါလိမံ့မ
။ အခန်းလေး နှစ်ခန်းက တော့ သ,TTTA+ero: sleနtre aောg a
ဦး,ဦး
။ အကြောင်း,။ အကြောင်း
ကားရိုက်ရန်အတွက် လားရှိူးသို့ ပြန်,"<satray+အတူ့ကံ လား-Aီ'""R Ef"
သည်,သည်
စုမှမော်လမြိုင်အ,စုမှမော်လမြိုင်အ
ပြုံး,ပြုံး
ပ,ပ
ကို လက်ခံတဲ့စိတ်ဖြစ်တယ်။ အာရုံကို လမ်းဖွင့်ပေးတဲ့စိတ်နဲ့ အာရုံကို လက်ခံတဲ့စိတ် ဒီစိတ်နှစ်ခုကြားမှာ မြင်သိစိတ် ကြားသိစိတ် နံ,ကို လက်ခံတဲ့စိတ်ဖြစ်တယ်။ အမာရုံကို လမ်းဖွင့်ပေးတဲ့စိတ်နဲ့ အာရုံကို လက်ခံတဲ့စိတ် ဒီစိတ်နှစ်ချကြားမှာ မြင်သိစိတ် ကြားသိစိတ် နံ
၊ ဘုန်းကြီး .... ကျွန်တော် သဘောလဲ ခင်ဗျား သိရောပေါ့၊ အခု ကျွန်တော် လုပ်တာက,"""T""%ီ 95TT T-Tr=rA ofse: သဲရောoပေs es rnacssass"
တို့,တို့
ထူထပ်မှု,ထူထပ်မှု
ခေါ်၍ တစ်ပြိုင်,ခေါ်၍ တစ်ပြိုင်
သဘောထားကို သပိတ်ကော်မတီကို အကြောင်းကြားချင်လို့ပါ။ ကိုရင်က သပိတ်ကော်မတီဝင်ဆို၊ လုပ်ခ,"""""TT""TTTT'TmEBSi6Sowsasyr.su-scstas,s."
နှစ်,နှစ်
ခင်ဖြစ်သူ,ခင်ဖြစ်သူ
"နေ့မသင့်။""","နေ့မသင့်။"""
အ,အ
ထင်,ထင်
ခြင်း,ခြင်း
ခင်ဗျားမှာ ထိုးဆေး ဘယ်လောက်ရှိလို့လဲ ချို့ရွှင်ချောင်းသည် မည်သို့မျှ မရှောင်တိမ်းနိုင်တော့ ။ လက်ဝါး,.s..A.w.au.swswstreTrR=iTTTTTTTT
ရင့်တပ်သားများက လိုက်လံတိုက်ခိုက်ရာ ကနီနော်ရ,အင်ကဂ်ဗားမwားက လိုက်လံတို့က်ခိုက်ရာ ကနိုနောင်ရ
ပါတယ်ဗျာ သိပါတယ် လုပ်စရာမရှိတော့,TT6 3ieယဲ oydspwagag
တင်ရမှာပဲ ထိပ်ထား ရေဝမ်းဆွဲသည်ကြီး ဘော်ဒါနိုဗာက ခပ်သုတ်သုတ် ဆက်လျှောက်လာရင်း ပြောလိုက်သည်။ ထိပ်ထားလေး တို့လို အပျိုတော်များ ဒီလိုကိစ္စတွေ မသိ,တင်ရမှာပဲ ထိပ်ထား ရေဝမ်းဆွဲသည်ကြီး ဘော်ဝါနို့ဖာက ခင်သုတ်သုတ် ဆက်လျှောက်လာရင်း ပြောလိုက်သည့်။ ထိပ်ထားလေး တို့လို အပျိုဟော်များ ဗီလိုကိစ္စတွေ မသိ
သည့်အချက်ကို နားလည်သဘောပေါက် လက်ခံရန် လိုအပ်ခြင်း ဖြစ်သည်။ ကျွန်တော် ဆတ်,"TPTTTM5TTT45'Tr=iPT orTeosi eiacdagt,gaucks ngsacus sa"
နှက်နေ,နှက်နေ
လက်,လက်
စု,စု
မူမြို့နယ်,မူမြို့နယ်
ရဲ့၊ မောင်အဝေး ကလာတာကို မြင်မြင်,ရဲ့၊ မောင်အဝေး ကလာတာကို ခြင်ကြင်
သနဝိဇ္ဇော,သနဗိခ္ော
မောက်များနှင့် ပုံစံမတူ,Aကက်များနှင့် ပုံမေတူ
ပေါက်,ပေါက်
ပြန်,ပြန်
ရမည်,ရမည်
နှောက် အသစ်,နှောက် အသစ်
စေ့စပ်ကြောင်းလမ်းထားလျှင် သော်လည်း ထားရလိမ့်မည်။ သို့ဖြစ်နိုင်ပါမည်လား။ မမြင့်ဦး၏ မိဘ ဆွေမျိုးတွေက သဘောတူပါမည်,".a..w.s..uwsca: wTTTT""TT""T"""
တန်းမျှသာ သင်ကြားခွင့်ရခဲ့သော်လည်း အလုပ်နှင့် စကားပြောတတ်သူ၊ အချိန် လေး,တန်းမျှသာ သင်ကြားခွင့်ရခဲ့သော်လည်း အလုပ်နှင့် စကားပြောတတ်သူ၊ အချိန် လေး
ဟု ဆိုသည်။ သည်တော့ကျွန်မကပြန်ရောက်ရသည်။ မည်သည့်ခံစားချက်မျှလည်း ဖြစ်မလာ။,".p, မ၃,.ညဲ့ သ.ညံ့ရောကျွနဲမrmr(ွ)နဲရောက်ရေသည်။ မညSoclaeor srmိseTS်"" P7TT"
မှန်ဘီလူးကို ပုံရိပ် လာရိုက်,မှန်ဘီလူးကို ပုံရိပ် လာရိုက်
ပဲခူးတိုင်းဒေသကြီး (အနောက်)၊ ပြည်ခရိုင်၊ ပေါက်ခေါင်းမြို့နယ်၊ ကြူဝတ်ကျေးရွာအုပ်စု၌ တည်ရှိသည်။ ရွာနေရာကုတ်မှာ ၁,"'""""""""T""TTTTWr16wrowesus-asws...."
နောင်တဆိုတာ နောင်မှ ရတတ်သကိုး။ ရပ်ရေးရွာရေးကလည်း ဖြစ်ပြန်,"Laawsro,usvky wsaterR= AmvsrTT*""A"""
မြင်နေသူများမှာ,ခြင်နေသ့မားမှာ
သူ သို့မဟုတ် ဩဇာတိက္ကမကြီးမားသူများ ပေါ်ထွက်လာပါက အခြားသူများအ,သူ သို့မဟုတ် ဩဇာတိက္ကမကြီးမားသူများ ပေါ်ထွက်လာပါက အခြားသူများအ
၍,၍
culturesorracesintheirfictionaluniverses.Namesortitlesof,"ausas,rcsc,kanaheirncsAonsiuntsetsesA,Platm6sPf76fT"""
လုပ်မဖြစ်။ နောက် ဆုံး ရထားသည် ခပ်စောစောကပင် ပါရီသို့ ထွက်,လုပ်မဖြစ်။ နောက် ဆုံး ရထားသည် ခပ်စောစောကပင် ပါရီသို့ ထွက်
ရှိ၏,ရှိ၏
င့် တွေ့ဆုံ၍ အ,င့် တွေ့ဆုံ၍ အ
မခွဲ,မခွဲ
ခုနှစ် ဩဂုတ်လ ၃,ခုနှစ် ဩဂုတ်လ ၃
တနိုင်ငံ တည်ထောင်,တနိုင်ငံ တည်ထောင်
အ,အ
ဟစ်ပိုဂိုဏ်းအုပ်၏လက်ထောက်အဖြစ် တာဝန်ယူပြီး ၅နှစ်အကြာ ဂိုဏ်းအုပ်ကွယ်လွန်သော် ရာထူးတိုး၍ ဟစ်,"-awasarau.,sc=-.auwgs mcsst. owindS: T-=T=eTT1T7""T"
အတိုင်းဖြစ်,အတိုင်းဖြစ်
ကျော်,ကျော်
။ စာရေးဆရာ မောင်ဝံသ ပဲခူးတိုင်း၊ ဝေါမြို့နယ်၊ မြစ်ကျိုးကျေးရွာတွင် မွေး,။ စာရေးဆရာ မောင်ဝံသ ပဲရူးတိုင်း၊ ဝေါမြို့နယ်၊ မြစ်ကျိုးကျေးရွာတွင် မွေး
ခုအချိန်ထိ စီစဉ်,၊့အမျိန်ထိ စီစဉ်
တော့ အမောဆို့ပြီးသေတာ အတိုင်ဘက်က အကောင်ကြီး တစ်ကောင်ထဲရယ် ခင်ဗျ စစ္စတာဒေါ်,'T'TT T'= mrie car-atussussa
ခဲ့သည်,ခဲ့သည်
င့်လှုပ်ရတော့သည်။ နေစမ်းပါဦး,င့်လုပ်ရတော့သည်။ နေစမ်းပါဦး
ရှိ။ ဟူ၍လည်းကောင်း၊ ဂိုဏ်းချုပ်ကြီးရဲ့ အကွက် သုံးကွက်ကတော့ တကယ်ကောင်းတာပဲ၊ ဒီကောင် ဒီအကွက် တွေကိုတော့ လိုက်ကစားနိုင်မှာ,"။.awcasukvracswsnsu,osoeorsuroer=-:r=TF=T1TTTTTTTTT""T"""
ကြီး,ကြီး
။,။
ပြန်လည်ကြီးပွားလာခြင်းကို မရှုဆိတ်ကြချေ။ ကားသေ့တို့၏ ရန်ကိုလည်း ကြောက်ရွံ့ လျက်ပင် ရှိကြသေးသည်။,"""""""""TT5=r =rore wscs.aasvauig...a"
င့် ထမင်းချက် လင် မယား,၆ =n်းလ် reဲ မ...
သွားသည့်ကုန်တွေ အရှုံးပေါ်သွား၍ ဟုဆိုကာ လျှော့ပေးတာတွေရှိသည်။ ကိုယ်လူကြုံပါးလိုက်သည့်ငွေကို နည်းနည်း,"..a,u, arcws .oa=: =o==sirnfTTTီ'TTT"""""
ခုနှစ်ရက်သားသမီးများနှင့် ပူးပေါင်းပြီး အထက်ဌာပနာ ထည့်သွင်း,"sa,a.-suprst wetB mTT6T""TRTT"
ပြီးခဲ့တဲ့ အ,ပြီးခဲ့တဲ့ အ
ကြီးကျယ်စွာဆောက်လုပ်လှူဒါန်းခဲ့လေသည်။ ပေါဠ,"င်ဦီ'""TPT5=meomSerypAလyaalstscuaညgyv ag့"
အ,အ
ထူးခြားလှပေသည်,သူးခြားလပေဘတ်
ပင် အထက်ရှိ ကျောက်လွှာတို့မှ မြင့်မားသော အပူချိန် နှင့် ဖိအားတို့ကြောင့် အသွင်ပြောင်းကျောက်အဖြစ် ပြောင်းလဲလာနိုင်သည်။ ခင်စိုးပိုင်နဲ့လား ရှိတယ်,"...w.ww-.uwcsur=st=""TTTTT""TTT"""
ပြုနိုင်။ လက်သစ်,ခြနိဇ်၊ လဆ်သခံ
လည်း သူ,လည်း သူ့
ဖုန်းနဲ့ နံပါတ်တစ်ခုကို ခေါ်လိုက်ပါတယ်။ ဆူနီဆာ ကာဝရွန်ဂရောင်း (၂၉ ဇန်နဝါရီ ၁၉၇၂ မွေးဖွားသည်) ထိုင်းနိုင်ငံမှ မာရသွန်ပြိုင်ပွဲဝင်,",s,a, Aus-Aayrt ewrsra,lecocdv aysSeco mongAneောင်း: o mMerT oru mwrntToPe်'TအီT5T51T9MR06MT"
ကို လန်းဆတ် စေသည့် ဝိုင်,"""ီ %်:ဇတ် လေည္ဲ ံ"
ကြည့်,ကြည့
သို့ဖြစ်၍ ဝါဖတ်ရင်း ယခုပြောသော မ,.gခဲချဲ ါမံရင်: ယခုalြော=5r5 T
လို လုပ်,လို့ လုပ်
ဝ ပေးခဲ့သည်,ဝ ပေးခဲ့သည်
ဏ,ဏ
ရ ရှီးလန်ဒမ်း,ရ ရှီးလန်ဒမ်း
ကုသ,ကုသ
ပိုင်ကြံပါ။ ဂျိုးဆက်စတိန်း,aiညJlt ကဲ့ဆင်္ခဧကတီဇ'
ကျောက်ဆည်မြို့နယ်၊ ပန်းခွာကျေးရွာအုပ်စု၌ တည်ရှိသည်။ ရွာနေရာကုတ်မှာ ၁၉၀၄၄၉ ဖြစ်သည်။ ၂၀၁၄ သန်းခေါင်စာရင်းအရ,"'T""""T""TTTTITn6e=erov esoaLas.ucsc."
ဘာပြောသည်ကို ဝေလငါးဂိုဏ်းမှ ကောင်းစွာ မကြားရချေ။ ကောင်းပါပြီ ဆရာ၊ ကျွန်မ,'TTTT+ -:'e s-ce..auangsws
မြို့နယ်၊ ထင်ပါကျိုင်းကျေးရွာ,မြို့နယ်၊ ဆင်ပါကျို့င်းကျရွာ
မာသောကျောက်စာအထောက်အထားများမတွေ့ရှိရသေးပါ။) သာသနာ,"oaosarngpodaecsaczorSasces=we:mmalRT1TTT"""
တာဒေါ်မိုးသူပါလား၊ ကျွန်တော်တို့လမ်းထဲ မလာစဖူးလာတယ်၊ ဗန္ဓုလ ရုံမှာ,"TT""TRMATT'TaefTrSTrSreAice ecoseaooz-ua,ago, g,"
။ ကိုယ်ရပိုင်တဲ့ အခွင့်အရေး,""" ""ီ-sိ်တဲ့ အwgiss,"
ညနေခင်း၌ အိမ်ဝိုင်းထဲ ဆိုင်,ည။နခင်း၌ အိမ်ဝိုင်းထဲ ဆိုင်
အမှန်,အမှန်
တူတူစား,တူတူစား
နိုင်စွမ်းကို စံပြုထား,နိုင်စွစ်းကို ခြုဘား
ရန်,ရန်
မကောင်းရင် ဟိုကြလန်းသွားမှာ,မကောင်းရင် ဟိုကြလန်းသွားမှာ
နတ်ကို,နတ်ကို့
သကဲ့သို့ ဖြစ်သွားလေသလား,17ကဲအို ဖစ်သွားလေသလာ-
သည်။ ယခု,ခည်။ ယခု
။ ကျွန်တော် ဆိုးခဲ့ ရမ်းခဲ့ တယ်။ ဘာမှအဆင့်မမီတဲ့ ရွာသာသာ,"T5TT9 6HP =-h =ryasgsuaga,,"
တော် ပါတဲ့ ရွှေရှူဆေးဘူးချီးမြှင့်ခံရတဲ့ကိစ္စဟာ အမှုတော်ထမ် ကောင်းတဲ့အတွက် ဘွဲ့ထူးဂုဏ်ထူးချီးမြှင့်ခံရ,"""""5AT6ီPTe(TRer marofwewesvtsreg,gsgggey"
နေထိုင်,နေထိုင်
နေ,နေ
ရေး မာရ,ရေး မာရ
ပို,ပို
င,င
လဲ,လဲ
လိုက်၏။ စုသည် ကြီးကြီးမေရင်ခွင်,လုံးက်၏။၊ စုသည် ကြီးကြီး။မေရင်ချဂ်
ကြီးဆုံး လုပ်ငန်း,ကြီးဆုံး လုပ်ငန်း
သေး,သေး
ကြီးရှိ,ကြီးရှိ
လူ့စွမ်း,လူ့တွမ်း
နာ,နာ
"thoseattributeswhichwehaveputonhim.တိုက်တွန်းထားတယ်..ဟုတ်လား နှောင်း"" ခဲ့ပြန်သည်။ သို့သော် စစ်ကြီးပြီး၍ ရုပ်ရှင်များ ရွာလင်းရွာ (အင်္ဂလိပ်: Ywarlin)သည် မကွေးတိုင်းဒေသ","+..uscuoca_o.uacus._-us.rwr=r=ors=t:1ArTPPT TTTTT""TT""TT"""
မိခေလ၏,မိခေလ၏
"ပြောင်းအလဲတွေကို သိကောင်းမှ သိမှာပေါ့။ ဖြစ်သော်လည်း၊ တရုတ်နိုင်ငံတွင် ချူမင်းဆက်အစ ဘီစီ ""ဆက်သွယ်ရေး ခက်ခဲ",TCT'STTYR4T0ီ Sီ'T5Tr TTr =:TT U3oaesSoestov mopcခjbeigE snywec:swsass s -srsycasy css
တွေ အများကြီးပါလား၊ ငါ,တွေ အများကြီးပါလား၊ ငါ
တစ်စိတ်တစ်ပိုင်းအနေဖြင့် သူမသည် တောင်အာဖရိကတွင် နယ်လ်ဆင်မင်,"<-,kiAsto-,Apslsas(bip) သ့ မ ဿညဲ တောင်အာဖရိုကတခ့်' ၈-eSmPPP"
အရ ငါးရှဉ့်ရိုးကျေးရွာအုပ်စုတွင် ကျား ၆၅၄ ဦး၊ မ ၇,အရေရ ဝငါးရု၌်ရိုးကျေးရွာအုပ်စုတွင် ကျား ၆၁၄ ဦး/ ဂ P
တယ်,တယ်
ကျဖို့များတယ်ဗျ...ခွေးမသားပုလိပ်တွေက လိုင်းကြေးယူတုန်းကယူထားပြီး အမှုလို,".aywg,ocas.agroscsydasrmr RMaoeS=eroT=PTP' T""0"
ကြောင်း NTV ရုပ်သံက ထုတ်ပြန်ခဲ့သည်။ အောက်တိုဘာ ၂၃,"TPT1TT65T eofBksl,Aa-ausu.s"
ပြီး ဂတ်စတာပိုအ,၉ွဲ၊ ဂတံစတာပိုအ
သိ,သိ
ကျိုး ဖြစ်စေခြင်းငှါ မစွမ်းနိုင်ခြင်း၊ ရုပ်အကျိုးတရားကို ဖြစ်စေတတ်သော,"""""""""TPT1TTPT:Wiorscepmpueucras,"
ရွာစုကလေး ဖြစ်ပေသည်။ လယ်သမား၊ ဈေးသည်များ,"PTTT 6%eVoe)၊ လပယံသမား၊ မေ့သညမွာ,"
ပါးကိုသော်လည်းကောင်း ဉာဏ်ဖြင့် အစဉ်,ပါးကိုသော်လည်းကောင်း ဥ၁ကံြွင့် အ၈ ံ
ခဲ့သူဖြစ်ပြီး ပန်းချီဉာဏ်သစ်လောင်းသင်တန်းများ ဖွ,STeiြfပြီး ဖန်းချဉ့ာဏ်သစ်လောင်းသငံတနံးများ မွ
ရေးဆုံ,ရေးဆုံ
အမြင်ကို လိုက်နာသူများသည်,.ခွခေကဲ့ လုက်နာseasTတိ
သားများ၏,သားများ၏
လုပ်ရှင်၊ အ,လုပ်ရှင်၊ အ
၁၆၁၄ ခုနှစ် အိုဆာကာမြို့ သိမ်းပိုက်ရေး အတွက် ကန,"T%795 63"" အီmomrols,2Sိetiy့eleေy, အegot es"
ကိုဒေါင်းစိန်,ကိုဒေါင်းစိန်
ပုန်း,ပုန်း
သွားလျက်ကပင်,သွားလျက်ကပင်
မီး,မီး
ဆောင်ခဲ့သည်။ ယွင်းချက်,ဆောင်ခဲ့သည်။ ယွင်းချက်
သည် အိမ်ထဲရှိ သမီးနှစ်ယောက်ကို တစ်ချက်,"TS ""F်RT% =-SsKkcortiug cနgs"
၊ ဆိုင်သာဆိုင် မပိုင်ဘူးဆိုသလို ဖြစ်နေ,၊ အိုဂ်ဗာတိုင် မပိုင်ဘူးဆိုသလို့ ဖြစ်နေ
လဲ။ဒေါ်ဒေါ်က အသက်ကြီးပေမယ့် မျက်နှာကတော့ နုနုကလေး ရှိနေသေးလို့မို့ ဝတ်နိုင်ပါတယ် ဒေါ်ဒေါ်ရယ် လုရင်းလိုက်ရင်း စုတ်ပြဲ,"'""T""""""''""T'TT '""T ""T+-rsivaws-=vevvw.wwcwss"
ဂျိမ,ဂျိမ
သောအားဖြင့် ထိုလွမ်းချင်းတို့တွင် တောတောင်ရေမြေ,"s.-,a-ig spcugktagcscei့sy7 er=mTIPe"
ရေဖျန်း၍ ခရစ်ယာန်သာသနာသို့ မသွင်းခင် သေဆုံးသောကလေးများမှာလည်း ခရစ်ယာန် သေခြင်းမှ ပြန်၍ အသက်,".၃နျ၍ျ မေနေယေ,မနောoaoေuaဲ့ မsags.eg scsagpsesomoesrprmmeတ်၊ o0mTPS TP'T5 CfF0ီ TT"""
ခြင်းလျှင်၊ တန်ဆာဆင်၏၊ နှုတ်မင်္ဂလာ၊ စကားမှာကား၊ အသာ,"၉4:လျဒ၊ တ,နံဆာဝဝံ၏၊ နုတိမင်္ဂလား စကားမpကားF အS5"
လေ,လေ
မန်ကြီးက ဘာမျှ,မန်ကြီးက ဘs)
များထဲ,များထဲ
ပနိုင်ငံတွေမှာ ကျန်နေသေးတဲ့,ပနိုင်ငတွ့မှာ ကျန်ses=ဲ
"caseof#switch,averagepagecounts)",pseotsesitekssveogeputectn0V
နေရာ၌ နေရ သည့်,နေရာ၌ နေရ သည့်
သည်,သည်
ကျရောက်နိုင်အောင် လည်းကောင်း၊ ပျောက်ကင်း ချမ်းသာစေရန်လည်းကောင်း အသုံးပြု၏။ အဆိုးဆုံးကကိုတိုးကြီးဖြစ်,".-၉gorpoaupawret oyehures vureret artromyseoe်rerPT mriferT TဒSTP 'T""Sooီဧီ"
ဇစ်,စစ်
တို့အိမ်နဲ့ ဖေဖေတို့ အဖေ အမေအိမ်က ကံသိပ်ကောင်း သွားခဲ့တယ်။ ကျွန်မတို့,af(2auaဲ့ wေcuon2့ အေau အမေဒိပံက က(ဒိပ်ကောင်း: sp:BSTt-P=1T5f*ီ
သူ,သူ
အသစ်သစ်ဖြစ်သော အချစ်လွှာ မှာတမ်းတော်,"အဿခဿခံ(ြခံသော အaYz Y"">'""""*"
များ,များ
ရင် လုံလောက်ပြီပေါ့,Tf် n၃့လောကဲဖွဲမပဲ
၂၀၁၄ သန်းခေါင်စာရင်းအရ မကျီးကုန်းကျေးရွာအုပ်စုတွင်,"""TTTTT+Ahm=nBmkmastrs"
"anotherevent,butingeneralyou'reallowedtouse","anoftherevcnt,butingcncraisyourealioseitoise"
မည်,မည်
အယူအဆကို ငြင်းပယ်ရလိမ့် မည်ဟု ထင်စရာရှိ၏။ သို့ရာတွင် ကိုပါနီကတ်၏ နိယာ,"အ.u့msosrnဲ့ CEt.ပယ်aေပါခဲ့ မည်ဟု င်စောရိ်း ရိုရာအငဂ် ကီဂါီက်က် ဇီ'"""
၈ ဦး၊ မ ၁၀၀၁ ဦး၊ လူဦးရေစုစုပေါင်း ၂၀၇၉ ဦး နေထိုင်သည်။ သည်ကြားထဲက မွန်မွန့်အသွင်၌ ချုပ်တည်း,"a a,.aoags,owpswsauves,Apa s =serPStoet1TeS5TTTTT5TT"
မြက်လိုသူ,မြက်လို့သု
ငေးငိုင် ကြည့်ရှုတော်မူလာ,ငေးဝငိုင် ကြည့်ရှူတော်မ့လာ
ဘယ်လို ခေါ်ကြမယ်မသိဘူး တိုက် လူဦးရေတိုးနှုန်းသည် ဝ.၉ ရာခိုင်နှုန်းဖြစ်သည်။ ခန္တီ (ပုလောက်မြို့နယ်ခွဲ) နယူတန်၏,".-.asg wsညဩwcယtscAag, mဲ့(t ugprwuctiaghsaညES oe pRtfaReoc်S AီeroT""TီWီRST61T6Pီ"
ပုသိမ်မြို့သည် ၁၂ စ,ပုသိမ်မြို့သည် ၁၂ စ
ပါတယ်၊ ကျုပ်ပါ ဟာ,ပါတယ်၊ ကျုပ်ပါ ဟာ
မင်းပြုတော်မူ၏။ သန်,မင်းဖြူတော်မူ၏။ သနဲ
ခါ လျှပ်ပေါ်,ခါ လျှပ်ပေါ
ည့်ပြင် အကြောင်း,ည့်ပြင် အကြောင်း
င့်သည် ။ ၎င်းသူမတို့ကို ဟေဂျားဘ်ခြုံမှုမခြုံမှုတွင် လွပ်လပ်စွာရွေးချယ်ပိုင်ခွင့်ပေးသင့်သည်ဟုဖြစ်သည်။ ထို့အတွက်ကြောင့် ထို,"၊as,auws.s.srsers strerTT'TTTTTT"
ဝန်ကြီးဘဝ ခြောက်နှစ်,sနဲကြံးဘဝ ခြောက်္ဇ်္ဂ
မှ,မှ
နလုပ်ငန်း၏ အဆင့်တစ်ဆင့်အောင် မြင်သည်ဆိုသော သတင်းပင်ဖြစ်ပါသည်။ ယခင်က သစ်ပင်တို့၌,"soyac srma mယ.)io-ခံဃခဲ့မေမာဝဲ ()ဝဲသည်ဆိ့သော သsenoPီrwRBfefeoeိ1 TrTPT TT*T*""ီAaီ"
လာ(ပြာ) သူသည် ဓားကို,လာ(ပြာ) သူသည် ဓားကို
ဆက်သွယ်နိုင်ခဲ့လေသည်။ မော့သည် ပန်းချီပညာသင်ကြားရန် အမေရိကန် အစိုးရက စေလွှတ်ပြီးလျှင် ပညာတတ်မြောက်လာသည့်အခါ အထက်တန်းကျ,"s-.wsguagasacows,gy arposည,usgpvcoso}EZsueA, swstirsS msoer omoeR0ီ:ar TrerTPTTeSP5ITT*T"
ယက်နမ် နယ်ချဲ့,ယက်နမ် နယ်ချဲ
ခြားသစ်,ခြားသစ်
ဖြစ်၏။ ထိုအချိန်တွင် ကျုပ်၏ ခေါင်းထဲ၌ အလင်းရောင် ဖြာလက် သွားလေသည်။ ထို့နောက် ပိတ်သည်းနေသော အမှောက်တိုက်ကြီးသည်,"""ါ"""" """"'""TT""TTT=r76r=T-wr=ows-.scecstwsuacsse.ausag.a"
လ,လ
ကား,ကား
တိုက်မ အထက်ရှိ ပစ္စယာဆင့်များတွင် ပုံစံအမျိုးမျိုး အကွက်အမျိုးမျိုး ဖော်ထားသည့် စဉ့်သုတ်စိန်တန်းများဖြင့် တန်,"w,a. acsvs usr-ckp-ar vsecss mrwrmrAi9 TTTe TT""TT""T"
ဝတီမင်းသား ရွှေဘိုသို့ထွက်ကာ အင်အားစု၍ ပုန်ကန်သည်။ ပုန်ကန်မှုအောင်မြင်သဖြင့် သာယာဝတီမင်း နန်းတက်သည်။ နန်းမတော်မယ်နု၊ မင်းသား,ဝတီမင်းသား ရွှေဘို့သို့ထွက်ကာ အင်အားစု၍ ပုန်ကန်သည်။ ပုန်ကန်မှုအောင်မြင်သဖြင့ သာယာဝတီမင်း နန်းတက်သည်။ နန်းမတော်မယ်နု၊ မင်းသား
ဟူ၍ သီးခြားမရှိခဲ့ဘဲ၊ ရောမနိုင်ငံတော်,.ူနွေ Aigovမရဲ့ဲတဇ ရောမခုံ(စံe
၍,၍
၀,ဝ
မာစကားပုံတစ်ခု ဖြစ်သည်,T*ကားပဲ့တခံမှ ဖြနိသည
လာ,လာ
ထွန်းမောင်ကြီးက လှေကိစ္စ လုပ်စရာရှိတာတွေကို ပေါ့ပေါ့ပါးပါးပင်လုပ်သွားလေသည်။ လှေပိုင်ရှင်များက သူ၏တက်ကြွမှုကို သဘောကျနေကြလေသည်။ တိပိဋကဆရာ,TTI6'1T1TT5 TfP'TTs T TTTP-P-retor=oroeth eopitstapor spatc-ssacs uar=-sawcsa.wgev wagwss
ဏေ,ဏေ
သိမ်းထား ကြလို့လား,အီမ်းထား ကြလဲ့လား
လိုက်,လိုက်
နိုး,နိုး
၇ - ရွှေကော,၇ - ရွှေကော
လာကြသည်။ စစ်ရထားပေါ်တွင်သာ အစဉ်အမြဲ တွေ့မြင်ခဲ့ရသော သူ,လာကြသည်။ စစ်ရထားပေါ်တွင်သာ အစဉ် အမြဲ တွေ့မြင်ခဲ့ရသော သူ
မြန်မာနိုင်ငံနဲ့ပတ်သက်လို့ ဆောင်ရွက်စရာ,မြန်မာနိုင်ငံနဲ့ပတ်သက်လို့ ဆောင်ရွက်စရာ
ရတယ်။ နောက်တော့ နုရီအဖေက သတင်းသဲ့သဲ့ ကြားတာနဲ့ နုရီကို အမြဲလာကြိုတော့,"TT""TT TISTY=o sfmem သတင်:သဲ.2ဲ Roevs sAirt) agygye,"
ည့် ကိစ္စရပ်မှန်သမျှကို သိနိုင်ဆုံးသော အခြေအနေ,ည့ ကဲစ္ဆရပ်မှန်သမျှကို သိနိုင်ဆဲ့းဒေတာ mmmtP
ဝှိုဝ်း ဠှိုဝ်း။ ချော,ဂှိုပ်း ရှိုင်း ချော
ရွာအုပ်စုတွင် ကျား ၅၉၈၈ ဦး၊ မ ၅၆၅,၆T%၆emyp် ကျား saee g၊ မ ၁၂
လိုလား၊ ဒါဖြင့် အမေရိကန်ပြန်ကြီးဆီရော ဘာလို့ မသွားသလဲ၊ ဟိုက လက်မခံလို့ မဟုတ်လား ဪ.. ဆံပင်ညှပ်သ,"w.ws scscscamuacs=stoerT.T'TTT""'""T"""
သူတို့အားလုံး စာအုပ်ထဲသို့ ရောက်ရှိ,သူတို့အားလုံး စာအုပ်ထဲသို့ ရောက်ဂျိ
သည်၊ မေထုန်လက်ဖျား၊ စမ္ပယ်နားလျက်,သည်၊ မေထုန်လက်ဖျား၊ စမွယ်နားလျက်
လူကို,လူကို
နား,နား
ဖစ်ချင်ရင် အဲ,ဖစ်ချင်ရင် အဲ
တစ်ခုကို ဆိုခဲ့သည်။ ကမ္ဗလဿ တ,P၆ခုကို လိုခဲ့သည်။ ကမ္ဗလဿ တ
ရာ,ရာ
နှစ်,နှစ်
"ပစ်လိုက်လို့ ကားကြီး ရပ်သွားပြီ"" စိန်ပွဲစား","ကီ*I*""*""ဒီmာtRSs. dsypsg - A4ge,"
ခင်,ခင်
င့် ထွက်လာ,င့် ထွက်လာ
လည်းကောင်း၊ မြေ,လည်းကောင်း၊ မြေ
ဆိပ်ဖြစ်သည်။ ၎င်းတို့တွင် စက်ချောဆီ၊ ဂီယာဆီနှင့် အမဲဆီများ,"""ီ""ဂ""F္"" T+္=es,Aastsw,,"
လောက်ကောင်းတဲ့ဆေး မရှိဘူး မောင်လေးရဲ့ အမြောက်အမြားတို့ကိုလည်း ဗက်ဗီလုံးမြို့တော်သို့ ဖမ်းဆီး ဘယ်လို,"..Lsuwsvwcsv,uss cortsuscsartarts-RT=65 TTTT""TT"""
ကြောင်း,ကြောင်း
အဝါကို လိုက်ပြီး ဆုံးဖြတ်တာ ဖြစ်ချင်,အဝါကို လိုက်ပြီး ဆုံးဖြတ်တာ ခြခံချခံ
ထောင်သူလည်း,ဒတာင်သူလည်း
တာ,တာ
တယ်၊ ပြီးမှ မြေကမူ မြေပုံတွေဘက်ကို လှည့်တယ်။ ယဉ်ကျေးမှု,တယံ၊ ြးမှ ပြေကမ့ ဝပြပဲ့တွေ့ဘက်ကို လည်တမ်၊ v်TT05
၉ ဖြစ်သည်။ ၂၀၁၄ သန်းခေါင်စာရင်းအရ လွဲမွန်ကျေးရွာအုပ်စုတွင် ကျား ၁၅၃၁ ဦး၊ မ ၁၇၂၄ ဦး၊ လူဦးရေစုစုပေါင်း ၃၂၅,"""I""""T""TTTTToeem-=r-e.st.w.ass"
မူလျှင် အရိပ်သည် ထိုအရိပ်ရှင်၏ နောက်သို့ အစဉ်,မူလျှင် အရိပ်သည် ထိုအရိပ်ရှင်၏ နောက်သို့ အစဉ်
ဆောင်မှု ပေးနိုင်ခဲ့,ဆောင်မှု ပေးနိုင်ခဲ့
ခ,ခ
လွတ်တစ်ရွက်,လုတ်တခံခွဏံ
ဝင် စာချုပ်စာတမ်းများ 147 - ၎င်းပြင် ထိုသူတို့သည် (ယင်းကဲ့သို့ ဘေးအတန်,ဝင် စာချုပ်စာတမ်းများ 1၈7 - ၎င်းပြင် ထိုသူတို့သည် (ယင်းကဲ့သို့ ဘေးအတန်
ချို့,ချို့
၀,ဝ
လဲခြင်းမှ ပင်လယ်ရေမျက်နှာပြင် အမြင့်,ကဲြင်+၄ မင်လမ်ရေမျက်နှာပြင် အမြင့်
သားတစ်ယောက်အနေနဲ့ ပျော်ရွှင်ကြည်နူးနေတာကြည့်ပြီး တကောင်း ပီတိဖြစ်မိတယ်။,".-w,ka,.o-ouocws,owpank2iaisereBalBV TT""T1TTPTT"""
ကြည်သည် ဖေဖေ့ရှေ့,ကြည်သည် ဖေပေးရ၍
နေရာ ဆေးရုံမှ ကျန်းမာလာသည်,နေရာ ဆေးရုံမ ကျန်းမာလာသည်
ဆောင်,ဆောင်
ပါဘူး။ ကျောင်းထိုင်ဆရာတော်အဖြစ်ဖြင့် ဦးစိန္တာသည် စာပေပရိယတ္တိကို သင်ကြား,".ဘ္ဖ. .-ကျ့-.မဲ့ခါဆရာဂဗတေင်အဖြခိစြခ် ဦးမရp့ဗတ် mmevrsီ'rအsီ""Rီ TTCS7"
တောင်ယွန်းယွန်းက စာ,ဓတာင်ယန်းယွန်းက စာ
ခဲ့ပြီး ဆက်လက်ချီတက်ကြ၏။ ဤသို့အားဖြင့် အီဂျစ်စစ်ကြောင်းမှာ အ,"နg, c-scoraypsagsala ထZirAmာilS To""T*79PT5T `"
ပြီ,ပြီ
အသိ,အသိ
မြို့နယ်၊ ထန်းဘုန်းတောကျေးရွာအုပ်စု တံတားဦးရွာ (အင်္ဂလိပ်: Tadaru)သည် စစ်ကိုင်းတိုင်းဒေသကြီး၊ ရွှေဘိုခရိုင်၊ ဝက်လက်မြို့နယ်၊ ကျီးပင်ကန်ကျေးရွာအုပ်စု၌ တည်ရှိသည်။ ရွာ,"...w. T""T"""""
အ,အ
တွင် မျက်နှာပြင်တစ်ခုတည်းသာရှိသော်လည်း သိပ္ပံပညာ ဆက်တိုက်ယူလာခဲ့သော ကေသွယ်အတွက် သိပ္ပံနှင့် နီးနီးစပ်စပ် ဟူ၍ မူလတန်းကျောင်းတွင်,"s,.wcurusvsr:usoco:=onor =rT<T T""TTT""TTTT"
မောင်မျိုးမြင့်,မောင်မျိုးမြင့်
ရှိ အကြောစိုင်မှန်သမျှ တင်းမာနေသည်။ သူ့အား အ,"ဒျိ Ror""ြ""ကိုင်မရ်သမျှ တင်းမာနေသည်။ သူ့မား (ပ"
စိန် တို့,စိန် တို့
ဘု,ဘု
ဘော်,ဘော်
ရှင်း,ရှင်း
မှ ကိုယ်ကျင့်သိက္ခာ ဖြူစင်မှလည်း အခြားသူတို့ဘက်က ကိုယ်ကျင့်သိက္ခာ ဖြူစင်လာမည် ဖြစ်၏။ ထိုအခါ လောက၌ ဒု,""" ""TTT51 TTTE: TT-rh-T :TW:otkp kasurca, asus sac ...ag s"
လေ,လေ
စစ်,စစ်
"ဖြစ်သည်။ ""အခမ်းအနားမှာတုန်းက လူတွေက",ဌခံသည့။ Taweacmအနားမှာmpဇ:r TRTPT
ဖြတ်,ဖြတ်
၏။ မက္ကဆီကို ကို စပိန် ဖဲင်နီ သူ့ခန္ဓာကိုယ် အလှပျက်ယွင်းစပြုနေသည်,T 767T9 76916A esp-rtui smpapayt.ega.s
ကို အလယ်က ထက်ဝက်ခြမ်း,"ကုံ အလယံက ထrer4y4,"
ဆိုခဲ့သည်။ သမ္မာကျမ်းစာကို အသုံး,မ)ခသည့) သမ္ဟာmg:==mီ TT5
င့်,င့်
နေတာ၊ ရောင်ဘန်ရွာ (အင်္ဂလိပ်: Yawngbang)သည် ရှမ်းပြည်နယ် (မြောက်)၊ ပလောင် ကိုယ်ပိုင်အုပ်ချုပ်ခွင့်,"'""""""""T TT=rmtwowtsusuA.su,sssa"
ဖေ,ဖေ
ရာ ကျွန်မတို့အပေါ်မှာ ကျေးဇူးတွေ အရမ်း များနေပြီ,"s,-gksaartyp emsrsre mP1TT""ီ"
ရာတွင် လိမ့်၍ကျလေပြီဟု ခန့်မှန်းသိရှိရသော်လည်း ထွက်ပြီးဆင်းမသွားဝံ့၊ ဆင်းသွားခါမှ ဖွပ်သည်ထက် ညစ်,"TT0:'TTFaA'Tor:T%'r1 =ioirRAhmeosArecs sprlBsoxwsps, stisp-ay gds,gse ecs"
လဲ ကလေးအသက် ဘယ်လောက်,ကဲ ကလေးအသကံ အဘယl4..s
မအေးပေး,မအေးပေး
သဖြင့် စိတ်ပျက်စွာဖြင့် မာရ်နတ်ထွက်ခွါသွားရပုံကို ဟောတော်မူသည့်သုတ်။ အဘွားရော ... ဆေးရုံလိုက်သွားလား ရှေးခေတ်တရုတ်,"uaswasssroevcswrwr-ost=-=rentrTr T '""TTTTT"""
ဟားရယ်၏။ 32. Lords of the Sunset. ဒါပေမယ့် ကျွန်တော်ဘာမှမပြောမိ...။ ဒီအတိုင်းလေးပဲ အသက်ကိုထိန်းရှူရင်း ဖုန်းကိုနားမှာကပ်ထားမိသည်။ သို့သော် အချိန်အ,",-syas, uc au,A, A ac.cs sc-cstygsrstrsroriyRi.= ostSeorei =merSRiRioeiT o'PPorT*TRTISTMီ*""Aီ္"""
၊,(
ဥ,ဥ
ဇဂြိုဟ်သို့,ဇဂြိုဟ်သို့
"တာ လွယ်တာ မဟုတ်ဘူး"" နောက် ဒီအလုပ်လုပ်စားရင် ရှင် မသေ","တာ လွယ်တာ မဟုတ်ဘူး"" နောက် ဒီအလုပ်လုပ်စားရင် ရှင် မသေ"
ကွဲ,ကွဲ
အ,အ
မြက်ရင်း သွေး,ခြက်ရင်း သွေး
င့်,င့်
အင်ဂျင်ကို အကန့်အသတ်ဖြင့် ခုတ်ရခြင်း၊ လွယ်လင့်တကူ အရေးပေါ်လုပ် ခတ်တက်က,"<aygd-g2 wrmsiywssisp scaKei။ regvAmeSmms, mosv=T=P TT""*"""
တွေကို တော်တော်ကျွမ်းကျင်,တွေ့ကဲ့ တေဒဲတော်ကူ့၏:ကဂ
ခြင်း,ခြင်း
စံဖြိုး,စံဖြိုး
၄၆ ခုနှစ်,၄၆ ခုနှစ်
ပွဲကြီးနှင့် သာသနာနှစ် ၂၅၀၀ ပြည့် အထိမ်းအမှတ် အောင်ပွဲသဘင်ကြီးကို ၁၉၅၆ ခုနှစ် မေလ ၂၂ ရက်မှ,၆EST%S T1PTor Jor= GaeS =oRehroespS' အောoeiySsodiSswri sgsaS ayg မေc. ၂၂ ဓp-နု
ခါ,ခါ
ကွေ့တဲ့။ ကျွန်မဘဝမှာ အချိုးအကွေ့တွေ တော်တော်များပါသည်။ ဘယ်အချိုးအကွေ့က အရေးပါ,ကွေ့တဲ့။ ကျွန်မဘဝမှာ အချိုးအကွေ့တွေ တော်တော်များပါသည်။ ဘယ်အချိုးအကွေ့က အရေးပါ
ရွာတွင်,ရွာတွင်
အမြဲရှိတယ်၊ ကင်,အမြဲရှိတယ်၊ ကင်
၊ဟူံ အစရှိသော စကားလုံးများမှာ တန်ခိုးစွမ်းအား ကိန်းအောင်းနေသော စာလုံးများ ဖြစ်ပြီး မန္တရားများတွင် ထည့်သွင်းအသုံးပြုကြသည်။ မဏိ ဟူသည်မှာ ပတ္တမြားကို ဆို,"'T"" TTTTTTT""T'T'TIT Ttrt Pon-ror=rstoess-uasswL.sc.se.s"
များကို Tanai MMR001004017 Ta Ron တရုံ ဟူ၍ ဖြစ်လေ၏။ ကိုသန်းတင်တို့လူစု၊ အထက်တန်း ကျောင်းသား အတော်များများနှင့် မြန်မာဘာသာ ကျောင်းသားများ၊ အရပ်သူ အရပ်သား အချို့၏အ,"'""T""""""""""'T""T'T'T'' T'<.< r<uv..w...w.a"
အမိန့်ရထားကြောင်း၊ အကယ် ၍ မနာခံလျှင် မြင်းများကို လှည်းမှ အတင်းဝင်ရောက်ဖြုတ် ယူရလိမ့်မည်ဖြစ်ကြောင်းဖြင့် လူတစ်ယောက်ကိုစေလွှတ် ၍ အပြောခိုင်းလိုက်,".aws..awas avuwswcLvwtucvs:s vws =cioar=:Tesr=rT:RiR'TT'TTTTTTTT"""
ကာ၊,ကာ၊
ခိုလှေများအကြောင်းကို ကြားဖူးသည် သည်စက်လှေများ,"""""TT်SS% 6-pwgi sissasp,"
၊ မသွားဘူးလား၊ ဒါပဲပြော ၆၄-ပါးသော ဣန္ဒြေတရား ဒေါ်ခင်မြသစ်သည် ကိုမြင့်ထူး၏ဝတ်ရုံကြီးကိုသိမ်းကျုံး,"1 TRTTT"" T7်St R5 :Phreoer Zpnigirnte: aofedSsasaAacညS mjapay,sacoskug,wua,ng"
တို့,တို့
ငယ်,ငယ်
အရ ထုံးတောင်ကျေးရွာအုပ်စုတွင် ကျား ၂၃၁၀ ဦး၊ မ ၂၆၈၀,"TTTTT=remeftevfrmyac-g.,ye,"
မှ ၁၉၉၁ ခုနှစ်၊ ဒီဇင်ဘာလ ၂ဝ ရက်နေ့တွင် ကြေ,1 57o51 eof AeငSဘoလ ၂၀ srdkgs မညဤ
၊ ဝေဟင်ပေါ်ပျံ,၊ ဝေတင်ပါပဲ
၀ဖြစ်စဉ်,ဝဖြစ်စဉ်
သကြားနှင့် ဆန်ကို ပေါပေါ ဝယ်နေရသည့် အိမ်ရှင်မများက ဘုရားသိ,"..gs,ag: sနva ukcui ecdesradS T5VTfT TTီ"
သည်။ ဤမျှလောက် အချိန်အတွင်း,T>တီ7 Zfayeလောက် အချ့နံမတွငံ
ပါကညော ထန်းရည်တစ်ခွက် ကိုထည့်ပြီး ခပ်မြန်မြန်ဂလုချလိုက်တယ်။ ဟုတ်တယ်လေ။ ဒီလောက်တောင် ဆေးဖက်ဝင်နေမှတော့ ဘာမဂလုစရာရှိ,"jpags, acssgaso,srtevsyseuats, sotekEeResrdirfsoudse oReuRsre RererTSTS TYT*5္T5TPT1Tီ"
လမ်းမြို့ဖြစ်သည်,လမ်းမြို့ဖြစ်သည်
မွှေး,မွှေး
မှတ်ရမိသည်။ ညနေ ၆ နာရီတွင် စထရင်းဟိုတယ်လ်မှာ ညစာ စားပွဲရှိသည်။ ဂျူးလူမျိုးတို့အတွက်ကား ကြားနေမည်ဟု,"''T""""''TTT'TTre=serws:seomaracrsmccs,"
၅၆,၅၆
ယတ္တိသာသနာ့ဗိမာန်ကြီးတို့၊ သကျသီဟ၊ အိမ်တော်ရာ၊ မဟာမုနိနဲ့ သာသနာ့တက္ကသိုလ်တို့ ရွှေနန်းတော်ကျောင်းတို့လို အ,ယတ္တိသာသနာ့ဗိမာန်ကြီးတို့၊ သကျသီဟာ၊ အိမ်တော်ရာ၊ မဟာမုနိနဲ့ သာသနာ့တက္ကသိုလ်တို့ ရွှေနန်းတော်ကျောင်းတို့လို အ
ထောင် မြန်မာနိုင်ငံအသင်းသည် ၁၉၆၀ နွေရာသီ အိုလံပစ်ပြိုင်ပွဲသို့ ဝင်ရောက်ယှဉ်ပြိုင်ခဲ့သည်,"""""""%""T""""TTRIVeh: oet oovsasuauswcaas.ag"
မသိဘူး သူက နုံး,မသိဘူး သူကန၊
ဝင်ရောက်ယှဉ်ပြိုင်,ဝင်ရောက်ယှဉ်ပြိုင်
စုပေါင်း ဒေါ်လာ,စုပေါင်း ဒေါ်လာ
ယောက်စလုံး မသင်္ကာစရာ တစ်ခုခု တွေ့ လို့ ရန်သူ့နောက်ကို လိုက်သွားကြတာ ဖြစ်ရမယ် တစ်စကို ကာဗွန်တုံးနှင့် ဆက်ထား၍ ကျန်တစ်စ,'TTTTTTT6TetT5 P5ertBiratrcauacs-sauwsAaa.scs
၀(ခ) အရ နေအိမ်တွင် တားဆီးမိန့်ထုတ်ပြန်,T 7% TeTBmpt e-sagag
တေနှင့် ခေတ်မြန်မာမဂ္ဂဇင်း,"TT9S saတyနwwgat,"
မှလာ၍ ဦးအောင်မြခိုင်အကြောင်း လာမေးနေခြင်း သည် ၄င်းအသတ်ခံရသောကိစ္စနှင့် ပတ်သက်၍,မှလာ၍ ဦးအောင်မြခိုင်အကြောင်း လာမေးနေခြင်း သည် ၎င်းအသတ်ခံရသောကိစ္စနှင့် ပတ်သက်၍
တယ်။ တဲ,တယ်။ တ
စာ,စာ
လို လုပ်,tဲ့+
မီး,မီး
ဖြေသည်။,"စ်သ့,"
နှစ်,နစ်
အိတ်ဆိုရင်လည်း စုတ်,"အိတဲမဲ့ရင်လည်""၊ P""ီ"
ညီ,ညီ
မျိုး,ခဲ့၊
ရေးဆုံ,စေ့ခု့
ခြေအနေပေါ်၌လည်း တည်၏။ ဇေ,"Tweseulsrထ္: maw, s."
များထဲ,များထဲံ
ဂန္ဒီကို ဘာမှပြန်မပြော,+ီ%့ ဘမDemtp
ပုသိမ်မြို့သည် ၁၂ စ,"မခဲခဲွဲ့မည် =၂) """
က,က
လွတ်တစ်ရွက်,လူတ်ံတခံနွင်
ပါတယ်,ပါတယံ
သန်း,သနံ:
အသိ,အသံ
၈) ကြင်နာသူနှစ်ဦး ဆုံနိုင်ရင် (၁၉၉၇) ဟား ကောင်းပါတယ်။ အများကြီးကို ကောင်း,၈) ကြင်နာသူန်ဉီး လုံခိုင်ရင် (၁၉၉၇) ဟား sTPVါeာယ်။ အများကြီးကို PTf်:
နေရာ ဆေးရုံမှ ကျန်းမာလာသည်,"နေမာ ဆေးခ့မှ ST""ဘသညံ"
တစ်ခုကို ဆိုခဲ့သည်။ ကမ္ဗလဿ တ,"os,a aseb TT ="
မှာသန်းခေါင်ထက်နက်တာ မရှိပေမယ့် အပါယ် ငရဲကတော့,"cusaicAe""ဘsAsPTTT"""
င့် တွေ့ဆုံ၍ အ,င့် တွေ့လချံ အ
မင်းမြတ်,မနံခြမံ
သည်။ ဂျာနယ်လစ်များက,sညenpebeofe:-m
တစ်လုံးနှင့် ထိုင်နေ၏။ ဦးလေးသည်,--asss wtserTPTTeံ
ရန်သူ့တပ်မှူးတစ်ဦး၏,ရန်သူ့တဝံမှူးတစ်ဉီး၏
လက်,လကံ
"တာ လွယ်တာ မဟုတ်ဘူး"" နောက် ဒီအလုပ်လုပ်စားရင် ရှင် မသေ","ကာ- လန့ယံတာ ='PT4'Toemဲ Rsoydcoesef gE မsc,"
၅၆,sဲ
ဆက်သွယ်စုံ,ဆက်သွယ်စု
ပြီး ဂတ်စတာပိုအ,ခြီး ဂတဲတောပို့အ
ဘ,အ
ဆောင်မှု ပေးနိုင်ခဲ့,anmsd့y sေsဲ့is
နောင်တဆိုတာ နောင်မှ ရတတ်သကိုး။ ရပ်ရေးရွာရေးကလည်း ဖြစ်ပြန်,"sscsea,atror werPt= YrofSacwsiv sysrorTTTအS: 6iRiA"
သည်။ အတွေ့လေးရယ်မှ အိုအကြုံ (၁၉၉,"Tti mecgpT=e်S Tseig,ag"
လာ(ပြာ) သူသည် ဓားကို,"လာစ္-) သူ့သည် P"""
ဘာလုပ်,ဘာလဲ
စ,၈
င့် နည်းပညာ အဖွဲ့အစည်း အသင်းဝင်များ နှင့် ဈေးကွက်အတွင်းမှ အကျိုးတူ,Tn-tr TTT T=tuemsst mwmssasy
ခြင်းလျှင်၊ တန်ဆာဆင်၏၊ နှုတ်မင်္ဂလာ၊ စကားမှာကား၊ အသာ,ခြင်းလျှဝံ၊ တန်ဆာအဂီ၏၊ နုတ်မင်္ဂလာ၊ စကားမှာကး၊ အသာ
သေတ္တာကို မရဲတ,သေတ္တာကဲ့ မရဲတ
ခန်းထဲမှ ဂျရတ်ကတ်ရှနာ ထွက်လာခဲ့လိုက်သည်။ မော,"su, usirTsr meTosiodTT"""
၏။ ထိုအခါ မိုးရေခံသင်္ကန်းသည် ဆွေးမြေ့သည့်အခါ အဝတ်မဆီးဘဲ ကိုယ်ကို မိုးစွတ်,"s.ascssertsusg,srerdmT TT=tTTTTT"
သားများ၏,-spal
နောက်ဆုံးတွင် ကြယ်ပုနက် (black dwarf) အဖြစ် မှေးမှိန်သွားမည်ဖြစ်သည်။ နေနှင့် အနီးဆုံးကြယ်မှာ ပရိုဆီ,sေrortana.ngငE orSpyer် wtecw awwrP အmOြ် sroခှkay-wည)Dြeae5္= ssင် အနs.နု.)ဲယံမာ ဂ)အဆီ
၁၆၁၄ ခုနှစ် အိုဆာကာမြို့ သိမ်းပိုက်ရေး အတွက် ကန,"TRsp gy% အံmTT0ီ4, 3k,pysssx, sm=S ကန"
မင်းပြုတော်မူ၏။ သန်,မင်းပြုတော်မူ၏* =9
တွင်,ဘူခံ
ကိုဒေါင်းစိန်,ကဲ့sေtsန
သည်၊ မေထုန်လက်ဖျား၊ စမ္ပယ်နားလျက်,acညts acstceTeT spasayas
ပါတယ်။ ဒါ,aeu. fံ
မှန်,မှန်
၍ ခုတင်ဘက်ကိုမခေါ်၊ ဆိုဖာရှိရာ,ဒ) ခုတစံဘက်ကိုwnT ိုာရဲ့ရန
ပေ,ပေ
ယူ,ယူ
အမြင်ကို လိုက်နာသူများသည်,အSBtuဲ့ eဲ့m်epmerm=eညဲ
သည်။ ဤမျှလောက် အချိန်အတွင်း,"ယg,gkager=T T5Smef္"
တောင်ယွန်းယွန်းက စာ,တောင်းမွန်းယွန်းက T
နောက်သို့,နောက်ံသိံ့
ခြင်း,၆ဝ:
၊,၊
တွေ အများကြီးပါလား၊ ငါ,တွ့ အများကြီးပါလား/ ငါ
ပြီး တိုက်ခိုက်ကာ,"၆၊ s,Aa-smes"
ခုတစ်,ခတခံ
ကျဉ်းကျဉ်းလေးပါ၊ မေးဖန်များစကား,"agngecermR TTTe=m"""
နွေးဓာတ်,sနေ:est
သည့် ခွေးအများကို ထပ်မံပစ်ခတ်ပြန်၏။ ကျည်ဆံတိုင်းပင် ခွေးအများကို ထိမှန်လေရာ နောက်ဆုံးတွင် ရှင်းလင်းသွားလေသည်။ 'ဪ,"..g ,gaoprorn osuscuagsrmactinsve sarene=S TီoP=roe=er=TT+er=TPT""ီ"
နေအထိ အဖြစ်အပျက်များ,Trmadadgfmomep.
ပုံ ရ၏။ ထို,"ပဲ့ sai, ခဲ့"
ရှိသည်ဖြင့် အသုံးပြု,Tnselgt sa)
မလာသေး,မလဿေး
ပြု၍ ပထမသင်္ဂါယနာတင်,"gg.eArm""ီ"
ပြန်လည်ကြီးပွားလာခြင်းကို မရှုဆိတ်ကြချေ။ ကားသေ့တို့၏ ရန်ကိုလည်း ကြောက်ရွံ့ လျက်ပင် ရှိကြသေးသည်။,"၆RreieSswrT9T""1 =avauesaemer m=Thrb s.-ga RS5rT4 owpa,a agyp-.mdk:"
ဒါပေမဲ့,န4s
ထောက်အ,ဆောကဲအ
ယက်နမ် နယ်ချဲ့,rrန2 နံခဲ့
ထောင်သူလည်း,ထောံသ့လညီး
"ဖြစ်သည်။ ""အခမ်းအနားမှာတုန်းက လူတွေက","ဖြစ်သည်။ ""အခမ်းRMTmန်းက လူမတွေက"
အယ်လ်ဂျီးရီးယန်း,အယံသံစွံရံ့ယန်
လည်းကောင်း၊ မြေ,rtiees: ဆဲ
သီး၏ မျက်မှောက်ဘ၀ အတွေ့အကြုံများကို,"A,a gaueP=T T=rseaie:5"
လမ်းမြို့ဖြစ်သည်,လမ်းမြိုံ့ခြခ်သည်
ရွာစုကလေး ဖြစ်ပေသည်။ လယ်သမား၊ ဈေးသည်များ,"အာစုကလေး၊ င်""ဇ""T""ငိ)၊ လယံသမား၊ ရေ့ာ-လည့မှား"
ဆောင်,ဆောင်
ခုနှစ်ရက်သားသမီးများနှင့် ပူးပေါင်းပြီး အထက်ဌာပနာ ထည့်သွင်း,",.s..ater=slv=se =TTT"
အ,အ
င့်,ဝံ
တို့,တဲ့
ပါကညော ထန်းရည်တစ်ခွက် ကိုထည့်ပြီး ခပ်မြန်မြန်ဂလုချလိုက်တယ်။ ဟုတ်တယ်လေ။ ဒီလောက်တောင် ဆေးဖက်ဝင်နေမှတော့ ဘာမဂလုစရာရှိ,"+awacswvuws:r= T T""""""""T"""
လုံးပြူးသေနတ်ကို ခါးပါတ်,rigosoRု PtPrf
သဘောထားကို သပိတ်ကော်မတီကို အကြောင်းကြားချင်လို့ပါ။ ကိုရင်က သပိတ်ကော်မတီဝင်ဆို၊ လုပ်ခ,"TorsorToPhB watShheETrohisk,stiesareertlcsusas,ys"
ကြီးအ,ကြီးအ
ကျရောက်နိုင်အောင် လည်းကောင်း၊ ပျောက်ကင်း ချမ်းသာစေရန်လည်းကောင်း အသုံးပြု၏။ အဆိုးဆုံးကကိုတိုးကြီးဖြစ်,"'T""""T""'T""-r T 'T'<ro.s=<rscs.me"
ပေါက်,ပေါကံ
ချင်း,sစ:
ဆောင်,ဆေ5
မွှေး,မ၊
လောက် ကတော့ ဝက်ဝံတစ်ကောင်က အသာလေးလှဲချပစ်နိုင်တယ်လို့လည်း ပြောပြခဲ့ပါတယ်။ ဒါပေမဲ့ သူကတော့ တစ်လက်,"...<,unus.u..<- = r=rsr=rsrtTT''TT"""
င့်လှုပ်ရတော့သည်။ နေစမ်းပါဦး,၆sakigtrpoeညS TrPiBs
ချို့,မျဲ့
များကို Tanai MMR001004017 Ta Ron တရုံ ဟူ၍ ဖြစ်လေ၏။ ကိုသန်းတင်တို့လူစု၊ အထက်တန်း ကျောင်းသား အတော်များများနှင့် မြန်မာဘာသာ ကျောင်းသားများ၊ အရပ်သူ အရပ်သား အချို့၏အ,မောကဲ့ Tawa M1VNိMK9%T T4 R{any တရ့. ဟူ့၍ ဗစ်ဂ၀၁၏။ ကို့ငနဲ့းတေင္တေ့လု့စန၊ အဘဝက်ကတန်း ကောွာငံးသား အတော်-+pwpး(a် ထွဲမ့သောသာသာ Ymsre်tသားများမ အရုပ်သူ့ အ၈်ဗာ။ အချဲ့ အဲဘေအ
ကို အဖေမပေါ်တဲ့အဖြစ်,ကို အမေမပေါ်တဲ့အဖြဏ်
ရိုးမီးများ ဝါးမျိုလို့ မြတောင် ရွှေကျောင်းတော်ကြီးတို့လိုအဆောက်အဦးကြီးတွေ ကြည့်စရာမရှိတော့တဲ့အချိန်မှာ ရှားပါးနေပြီဖြစ်တဲ့ မဟာမုနိအရှေ့မုခ်ကျွန်းသားပြာသာဒ်,"'""'TT""'T''""TTT'To:RPr~<w.. <ws..cs.s."
ပဲခူးတိုင်းဒေသကြီး (အနောက်)၊ ပြည်ခရိုင်၊ ပေါက်ခေါင်းမြို့နယ်၊ ကြူဝတ်ကျေးရွာအုပ်စု၌ တည်ရှိသည်။ ရွာနေရာကုတ်မှာ ၁,"ပဲaွ.mnie)aဿသ.(""ဒီ: tsprsမ ငွဲညံမရွင၊ ပေါက်ခေါင်းဖွဲ့ ယ.၊ တွ၀ဝတ်mေapngposy(lsနg -ာညဲရဲ့သပည်"" ရာနေရာကုတင်မော ၁"
မာသောကျောက်စာအထောက်အထားများမတွေ့ရှိရသေးပါ။) သာသနာ,"TTTTTPTT:Seospmrmeacas,ue"
ခါ,ခါ
အမြဲရှိတယ်၊ ကင်,အမဲရဲ့တယဲ၊ ကငံ်
ခ,ခ
လွှတ်တော်မှ ဖွဲ့စည်းပေးထားသည်,၊gsriu arcdT='=ezံ
မခွဲ,မနဲ့
င့်သည် ။ ၎င်းသူမတို့ကို ဟေဂျားဘ်ခြုံမှုမခြုံမှုတွင် လွပ်လပ်စွာရွေးချယ်ပိုင်ခွင့်ပေးသင့်သည်ဟုဖြစ်သည်။ ထို့အတွက်ကြောင့် ထို,"'TITTT""+1RBerRrT=Tesoswtr=rtcgrasar-scpog,a"
မောက်များနှင့် ပုံစံမတူ,မောလဲမာ-င် )wm
တိုက်မ အထက်ရှိ ပစ္စယာဆင့်များတွင် ပုံစံအမျိုးမျိုး အကွက်အမျိုးမျိုး ဖော်ထားသည့် စဉ့်သုတ်စိန်တန်းများဖြင့် တန်,"၊.a-s,-a:-osp-pgcsr=rT:wsc=TTTTTT""T1"
မူ,မ့
ကို အလယ်က ထက်ဝက်ခြမ်း,w sarauarne orTTP'
။https://www.anonymoustunisie.com/WebsiteofAnonymousTNဘယ်သူမှ တိတိ,"''T'ဘ'""'""<'<-.ws-r-mrT-o>-s--=ecaspsws"
စုပေါင်း ဒေါ်လာ,plt tw
အခင်ကို လိုသမျှဖွင့်,အsccrဲ့ ဖဲ့auာ်
၍,၍
ရမှ ပို၍ ဒေါသဖြစ်မိသည်။ ကိုဘခက်သည် သူ့ကို တမင်,"မ၃့ ရွှ့ ယေcဿမွ}e=e္: PSoertcoed, erS ""ီ"
မှ ကိုယ်ကျင့်သိက္ခာ ဖြူစင်မှလည်း အခြားသူတို့ဘက်က ကိုယ်ကျင့်သိက္ခာ ဖြူစင်လာမည် ဖြစ်၏။ ထိုအခါ လောက၌ ဒု,",ugLauasusgr Barferocga,sagscardr=T=6huingtsr PRrTTeS16RI= RrTT515ိ"
င့်ဝန်,င့်ဝနံ
ည့် သူတောင်းစားတွေ ပြန်ပေါ်လာကြသည်။ သူငယ်ကလေးများသည် နှင်းပန်းစိမ်းစိမ်းများကို ရောင်း,ည့် သူ့တောင်းစားစတ့ ပြစ် ပေါ်လာ)ကြဲသည်။ ၁၃ ဂ ၀လ် ကလေး။မွားသည် နင်းပစ်းဇီ်းစိမ်များကဲ့ ရောင်း
ထွက်လာသည့် ခိုးဝင်,suasggirf
ပီး နောက်တစ်ခုကတော့ ကိုးရိုးကားရားမဖြစ်အောင် အာရုံမ,"* wssrdels=T TPress,uညswmxt msမ"
ဏခဏ မေးသည်။ ကျောင်းဆင်းသောအခါ ကျော်စွာတို့သည် ပူနှိပ်တို့အိမ် ဘက်သို့ သွားရလေသည်။ ကယားလူမျိုးစုဒီမိုကရေစီပါတီ နှင့် လူမျိုးပေါင်းစုံဒီမိုကရေစီ,"ဿ<a-L-o:-nဘocswa -T<ဘr T""""""T"""""
boththe,bornshe
ခဲ့သူဖြစ်ပြီး ပန်းချီဉာဏ်သစ်လောင်းသင်တန်းများ ဖွ,Ts၆%5 =RerTmPeu-a.ac-seps
ဘိ,ဘဲ့
အလွန်,အလ္ွန
ကို လက်ခံတဲ့စိတ်ဖြစ်တယ်။ အာရုံကို လမ်းဖွင့်ပေးတဲ့စိတ်နဲ့ အာရုံကို လက်ခံတဲ့စိတ် ဒီစိတ်နှစ်ခုကြားမှာ မြင်သိစိတ် ကြားသိစိတ် နံ,"""""TT'-TTxrwcwsasasca,"
ပြီ၊ ကောင်းပြီ။ ကျွန်,T၊ wmsigx =f္
ကျယ်,ကျယဲ
၏။ မက္ကဆီကို ကို စပိန် ဖဲင်နီ သူ့ခန္ဓာကိုယ် အလှပျက်ယွင်းစပြုနေသည်,T =erFT TT7T wgsua svehwug.g
တော် ပါတဲ့ ရွှေရှူဆေးဘူးချီးမြှင့်ခံရတဲ့ကိစ္စဟာ အမှုတော်ထမ် ကောင်းတဲ့အတွက် ဘွဲ့ထူးဂုဏ်ထူးချီးမြှင့်ခံရ,"TTTT566wfTeT Trmstsac=rtrtmsa,.asgsu"
က ရှည်ကော့ပြီး မျက်ဝန်း,T sgamsP efs
ဒစာစောင် ရေးသားပြီးနောက် တနှစ်အကြာတွင် ရေးသား,T<TTPT+T=sssaros.
သက်ရှစ်ဆယ်လောက်ရှိတဲ့ ဘကြီးမိုးတောင် တောင်ပေါ်မှာ ရှိနေတာပဲ ချောင်းမမွေတော်စေတီတော် ဘုန်းကြီးက ဒကာမကြီးကို ဘာတောင်းဖို့ အကြံပေးခဲ့လဲ။ ဟို အဲ ဒေသကို,"သကဲမှုခံဆလာယ်ောက်ဒီ့အဲ တာ""ကဲးမခဲးမတောင် အ ဘောင် ၈ါမျာ ရွိမနေတာပဲ ဖnောင်tv Ayn ော်ဗေ အခဲမတော် တာ့်း၊၌ီက ဧကာမ)ျဲးကဲ့ တာ၏ကောင်၊ဂိီ့ အတဘမယနဲ့လဲး၊ ဟု့ အ Pအကို့"
။ စာရေးဆရာ မောင်ဝံသ ပဲခူးတိုင်း၊ ဝေါမြို့နယ်၊ မြစ်ကျိုးကျေးရွာတွင် မွေး,"။ ာမေးဆရာ wr'SRSs- Bag:တိုင်၊ ပေါပြဲ့နယ်၊ ကြ်""ကl=ဂကyရွာတွငံ မေး၊"
မကြွားမိအောင် ဂရုစိုက်သော် လည်း စာအုပ်အကြောင်းနှင့် ပတ်သက်ပြီး စကားပြော ရလျှင် မျက်လုံးအရောင် မတောက်ဘဲ၊ အသံထက်မြက် မလာဘဲ မနေ,"'TT""T'""TTT'T' T T'T'T-o rTfTre oasu.==a..."
ကြည့်,ကြညံ့
ဖြစ်တယ်လို့ပဲပြောပါမယ် နန်းကိန္နရီသည် ကားကို ပါ,"T+ာ%6BrTT P4-rsc,-s,a"
"ခဲ့လို့လဲ၊ ဘာဖြစ်လို့ ဒီလိုဖြစ်ရတာလဲ။ ဘာဖြစ်လို့လဲInjangyangMMR001003022HkanDaukYangခန်ဒေါက်ယန် ""မအေဘေး ခုကျတော့ စတိုင်တယ်","''T'TIြI'ITT'o-=erT""T""'"".=r=roerstcssArr.w"
င့် အကြိမ်ကြိမ် တားမြစ်ကြသော်လည်း မိမိ အဆွေခင်ပွန်းကို စွန့်ပယ်ခြင်း မရှိလေ၏။ ဦးမြသန်းက ငြိမ်,""" T1PTTTT:eS es =ot1T s.sgs sr-mw se..as"
ကလေးများ အိမ်မှာ,ကလေးများ အိမ်မှာ
ငံတော်,ငံတော်
သော အကြောင်းအရာများမှာ သာမန်လူတစ်ယောက်အနေဖြင့် လွယ်လွယ်နှင့် မသိရှိနိုင်သော သူမ၏ အတွင်းရေးများသာ ဖြစ်သည်။ တစ်ဦးတစ်ယောက်က သူမအား ချောင်းမြောင်း,".aar.:.uo..=s._o.T'.TTT'T"""""""""
ခရိုင်,နုံ
များမူကား ဘာမှန်းမသိရှာ,ဖpာမေ့ကmး ဘာမန်ကSီep
ရတယ်။ နောက်တော့ နုရီအဖေက သတင်းသဲ့သဲ့ ကြားတာနဲ့ နုရီကို အမြဲလာကြိုတော့,"w.s.,s-aer=vReoc=s ursartM65TM50P RTPT"
နလုပ်ငန်း၏ အဆင့်တစ်ဆင့်အောင် မြင်သည်ဆိုသော သတင်းပင်ဖြစ်ပါသည်။ ယခင်က သစ်ပင်တို့၌,"L,,acrscecsrosacosr= =ToafTT"""
မွှေးနေသည်။ နေဦး,sacေသည) ပနံ၊
၊ မသွားဘူးလား၊ ဒါပဲပြော ၆၄-ပါးသော ဣန္ဒြေတရား ဒေါ်ခင်မြသစ်သည် ကိုမြင့်ထူး၏ဝတ်ရုံကြီးကိုသိမ်းကျုံး,"'T01TIT=e=eHPTShvsusug oastesusgy,aua"
ဖြစ်,ခြစ်
ရှိခြင်း ဖြစ်သည်။ ကန်၏ အပူ,"ags,gs2i TTT4"
ဖြစ်၏။ ထိုအချိန်တွင် ကျုပ်၏ ခေါင်းထဲ၌ အလင်းရောင် ဖြာလက် သွားလေသည်။ ထို့နောက် ပိတ်သည်းနေသော အမှောက်တိုက်ကြီးသည်,Pf5: TITIPT T TffoeA =rTPTrtT VPrSrn sr-aroaucb Thoern swsugascoe- morcousuagLag
သနဝိဇ္ဇော,သနဝိစ္ဓာ
လဲ ကလေးအသက် ဘယ်လောက်,.....သ-္ တက်ဘလာက်
ရပြီး တညင် ကျောက်,Th oညEamgr်
Gyi(TaungKanGyi)ကန်ကြီး (တောင်ကန်ကြီး) ၁၉၆၀တွင် သမ္မတရာထူးအတွက် ယှဉ်ပြိုင်ခဲ့သော်လည်း ဒီမိုကရက်တစ်ပါတီမှ သမ္မ,"..e--rs.uso=T-T=r=T""T"""
နိုင်သည်။ ကမ်းရိုးတန်းနိုင်ငံများသည် ကမ်းလွန် ပင်လယ်ရေတိမ်ပိုင်းတွင် သယံဇာတပစ္စည်းများ ရှာဖွေ တူးဖော် ရန် အ,"sags .casorlReo-aces -auyk ofTofhRiiset serlrTE5TP0 STe =srTT"""
ကျော်,ခေ့နံ
။ ကျွန်တော် ဆိုးခဲ့ ရမ်းခဲ့ တယ်။ ဘာမှအဆင့်မမီတဲ့ ရွာသာသာ,".sga,us,siA shioevds mrsywefT5T"""
ပါဘူး။ ကျောင်းထိုင်ဆရာတော်အဖြစ်ဖြင့် ဦးစိန္တာသည် စာပေပရိယတ္တိကို သင်ကြား,"Tse=r erPTrAPRTPohasigaige E:wAeoreS moscLus,.g,a cdBSpo"
လောက်ဖြစ်သည်။ သို့ရာတွင် အလွန်ကြီးမားသော နှုတ်ခမ်း,Tr:PBHMoe T TTwT ocysgs.oraor erts
သို့မတင်ပဲ ကုလားဖြူရပ် ကွက်ရှိ ကုန်လှောင်ရုံ၌သာ ထားသည်။ သင်းတို့ ခဲယမ်းလက်နက်သင်္ဘောကို ယခင်က ရန်ကုန်ဆိပ်ကမ်း,"'T""""TT""T'T'T-+s-stIr=-ru-a..sss"
ဒယ်များ,ဒယံများ
ပါးကိုသော်လည်းကောင်း ဉာဏ်ဖြင့် အစဉ်,TTmft-em=Pcwsgewsg
ဆုံ,ဆံ့
ခါ အောက်ခံ ဝတ်စုံနဲ့ တင်းတင်းစည်းထား,sa.sarc-as ofPATT=SiethmT
ဆုံး ဖြစ်၏။ ဤအခြေ,ရုံး Hiske ဤlmB
အတွင်း မြန်မာပြည်အနှံမှ,"မngs, gkwrBecSPT7"
"usingthe(required!)INSEEcodeandasubtemplate.Thefields""region""and""department""arenolongerused.ဝေါလစ်နှင့်ဖူကျူးနား 90 days စေတော်မူ","''T''''""""'.<o-T""T""'~<.-.<<.wss....."
တူတူစား,ဘ့တ့စား
ချယ်ခဲ့သည်။ ကိန်းကဏန်းများဖြစ်,မယံနဲသညဲ။ ကိစ်းကmmf-ypာ:Sa
လာသည် ဆိုတဲ့ ဇာတ်လမ်းကို ပြောမှာပါ,"c-a,gs stcဲ TိTTPီ eBioeo"
ချက်,ချက်
ပေါင်းကို ခေါ်၍အရှင်တို့ ... သင်တို့သည် ငါမရှိသော်လည်း မပျင်းရိကြကုန်လင့်၊ ငါ ဆရာရသေ့ကြီးကိုဖူးမြောက်ပြီးလျှင် ဟိမဝန္တာသို့ ပြန်လာမည် ဟု,"""""""T""'TTIraTT=rthoeoT=rwsreoastacsascss"
နှင့်ငါ စင်စစ် ပေါင်းဖော်ခြင်းဖြစ်တန်ရာ၏ ။ လက်ကလေးနှစ်ဖက်ကို ဖြန့်ကာ ဝန်းဝိုင်း,"TTTT""TPo-er=-T=-e.auas-.sေ."
လိုက်,လိုက်
တော့ အမောဆို့ပြီးသေတာ အတိုင်ဘက်က အကောင်ကြီး တစ်ကောင်ထဲရယ် ခင်ဗျ စစ္စတာဒေါ်,"..wn-=.w.u T TP <TTT"""
ပြီးခဲ့တဲ့ အ,၆.ခေဲ့ a
လူသားဖွံ့ဖြိုးမှု ညွှန်းကိန်း (ထိုင်း)ကိုအသုံးပြု၍လူ့ဖွံ့ဖြိုးတိုးတက်မှုဆိုင်ရာတိုး,"s,a,g, akrT6: tik:)wtas(imreMoTTTeR6ef>"
ပါတယ်၊ ကျုပ်ပါ ဟာ,ဂါတယfsemွg်dl m
ကျယ် သွားကြသည်။ဒေါက်တာ အယ်လ,"T/oertSre်mIPer-sa,"
အောက်,အောကံ
စိတ်ဒဏ်ရာတွေရဲ့ ကြိုးကိုင်,"Rctacswpsတnေ့A ငါီ""ီ"
ခြေအနေကို လိုက်လို့ ပြောင်းလဲလုပ်ကိုင်ကြရတာ,"ခြေအနေကို့ လိုက်ဂနီ ""ြာင်းလဲယပဲကဲ့င်ကြဲရတာ"
ကျေးသီးမြို့နယ်၊ ဝမ်စပ်ကျေး,"wngaug,et:TT7TT"
ထောက်ထိုင်ချ လိုက်,"""ာကထုငချ လဲ့က"
၊ ဘုန်းကြီး .... ကျွန်တော် သဘောလဲ ခင်ဗျား သိရောပေါ့၊ အခု ကျွန်တော် လုပ်တာက,"၊wsug .airT sr=.suster TTP =x srTTT"""
တယ်။ ပြီးတော့ Keygen ထဲမှာ သွား Paste လုပ်၊ Generate Activation Code ကိုနှိပ်။ ထွက်လာတဲ့ Activation Code ကို,".sov-=-= es-oraurT r=r 'TTTT""TT"
၁၂,၁၂
များ,မူး
တယ်,ကယ?
ရတဲ့ ဘာသာရပ်မျိုး မဟုတ် ပါဘူး။ လင်္ကာတွေကို မဆန်းစစ်,"sa <rsii =r: Ags =ef=T'T"""
ရတာပေါ့ဆရာ မ,ရတခေါ့ဆရာ ဧ
မှာ ပိုမာကြောရ,mirwtss
လေ,လေ
ဖုန်းနဲ့ နံပါတ်တစ်ခုကို ခေါ်လိုက်ပါတယ်။ ဆူနီဆာ ကာဝရွန်ဂရောင်း (၂၉ ဇန်နဝါရီ ၁၉၇၂ မွေးဖွားသည်) ထိုင်းနိုင်ငံမှ မာရသွန်ပြိုင်ပွဲဝင်,"sas,ucacsacausu.sste= =rst=oas.as=trT'T==PITTTT"""
သို့ဖြစ်၍ ဝါဖတ်ရင်း ယခုပြောသော မ,TSig Refef' meBSte. .
ဝမ်းလျှောခြင်း ဟုခေါ်သည်။ ကို ကျော်ဖြတ်လာခဲ့၍,ဝမ်းလျှောခြင်း ဟp)ေါ် ၁e်S၊ ကို့ ကျေဲခြော်လာခဲ့၍
မြို့နယ်၊ ထန်းဘုန်းတောကျေးရွာအုပ်စု တံတားဦးရွာ (အင်္ဂလိပ်: Tadaru)သည် စစ်ကိုင်းတိုင်းဒေသကြီး၊ ရွှေဘိုခရိုင်၊ ဝက်လက်မြို့နယ်၊ ကျီးပင်ကန်ကျေးရွာအုပ်စု၌ တည်ရှိသည်။ ရွာ,".... . .<.<. ""T <. """" ""T"
။ အခန်းလေး နှစ်ခန်းက တော့ သ,။swsecutafefTTT =
ဝန်,ခန်
မသိဘူး သူက နုံး,ဧသီအဘ့း သ့က နဲး
ရွက်ပင်,ရ4
ပျိုး ရူပဗေဒဖြင့် တိကျစွာ တွက်ချက်မရတော့သော ကိစ္စရပ်များကို နှိုင်း,TeTtTPTT artsracsm== =tgycguags
လ,လ
န့်,န့်
ပေး,ပေး
သေး,သေး
ဂျိမ,ဂါ့မ
စီး,ဇီး
မှ အီရတ်တွင် ဆဒမ်အားဖယ်ရှားရန် အီရတ်ကို ၂၀၀၃၌ တိုက်ခိုက်ခဲ့သည်။ ယင်းတိုက်ခိုက်မှုတွင် အမေရိကန်သမ္မတ ဂျော့ဘုရှ်၊ ဗြိတိသျှဝန်ကြီးချုပ်,""" TreT TTrwA autTIrT9 Th9iuscs ortToT5heoye scs-svseor ec-w ss,sa,ag"
တွင်,တွင်
မြင်နေသူများမှာ,မြင်နေလူများမှာ
ကျောက်တုံးကို,ကော့ဏံမူးကို့
ခိုလှေများအကြောင်းကို ကြားဖူးသည် သည်စက်လှေများ,"နဲ့မcy့wgoaecsprS:rAီ TShးg;သည် သဋိ""""TPTP"
အရ ထုံးတောင်ကျေးရွာအုပ်စုတွင် ကျား ၂၃၁၀ ဦး၊ မ ၂၆၈၀,အမခု အူးeောEeminအုပံဆုတgt myp: ၂on S၊ မ ၂၆-=
မှ ထုတ်လုပ်သည့် Kung Fu Panda (ကွန်ဖူး ဝက်ဝံ) တွင် မျောက်ဆရာကြီးအဖြစ် အသံအပိုင်းမှ သရုပ်ဆောင်ခဲ့သည်။ ထိုဇာတ်ကားတွင် အခြား ထင်ရှားကျော်ကြားသော ရုပ်ရှင်သရုပ်ဆောင်များဖြစ်သည့် Jack Black (,"မှ ထု့တံလ့ပါသည် TVF% T L Fhanoka (က္တနိဖg့ ီ%) က,့ဝိ မွောကဏံဆမှာကြီးswBီ အm၁ံအပို ဝေမှ သရ ပ်ဆောကီ ဇီ၁=၀သီ။ ထို့မာတဲကားတွ့ဇ် အြ"" အင်ရွာမကျေ့ဲကြားဝေကာ (%sဓိသရု ပါဆောသဝါများဖြ်ဘတီ JNck Gtack ၇"
ကား,ကး
ဆောင်ခဲ့သည်။ ယွင်းချက်,eesctsiwegSt afစp်
ထည့်သွင်းကာ၊ ခြေ-လက်ပြုလျက် အထပ်အထပ်ဖွင့်ဆိုထားသဖြင့် ကျယ်ဝန်းသော အ,"TtheTr= TTT%wrTmsetaHPmowagr-a,s=- ="
ဝ,ဝ
နေကြရ,နေကြမ
ရှိသည့် ရှင်း,ရှီသည့ဲ့ ရှင်း
နား,နား
ဆီး,ခီး
ကွဲ,ကွဲ့
ကို လန်းဆတ် စေသည့် ဝိုင်,"ကို လနံးဆတ် ၈ေ၁,့, ိုင်"
ည့်ပြင် အကြောင်း,"ညဲ့ပြစံ အကြော*"""
ထိုင်းအဆင့်ကိုမိခင်ဘာသာစကား (သို့) ဇာတိနီးပါးအဆင့်တွင်ကျွမ်းကျင်ကြသည်။ သူတို့,"sa,atwsimmmmox (ap, soiAPmTf=ofsAmfB=တS Tီ"
ခုနှစ် ဩဂုတ်လ ၃,sss Spdံလ s
အမှန်,အမန
မှ,မှ
၂၀၁၄ သန်းခေါင်စာရင်းအရ မကျီးကုန်းကျေးရွာအုပ်စုတွင်,"<rse =PrPTmTT, wngy-armpesosrya"
ဆေးလိပ်,ဆေးcဲ?
ယား ရောဂါစွဲကပ်သူ ဦးရေသည် နှစ်ဆ,".s, asာAagetSsePTreS eHme"
ရောက်,ရေ့ကံ
မန်စက်,မ်e-း
ရက်လောက်လည်းရရော,frFလroာr္eညS်rtptp
culturesorracesintheirfictionaluniverses.Namesortitlesof,"TIharesome1TPTIPesacowuseres,oaocsww2.s"
စွမ်းတွေကို စက်ပစ္စည်းကိရိယာတွေက မြှ,"စွမ်းတွေကို စက်ပနူ့တီ""ကီိယာတွေက မြု"
ကြောင်း,ကြောစ်ံ
လေ,လေ
ဟေး တဝါး,"ဟေး တ၏ါ,"
ဝတီမင်းသား ရွှေဘိုသို့ထွက်ကာ အင်အားစု၍ ပုန်ကန်သည်။ ပုန်ကန်မှုအောင်မြင်သဖြင့် သာယာဝတီမင်း နန်းတက်သည်။ နန်းမတော်မယ်နု၊ မင်းသား,"""T""""""TTT-nIP""TT6-we=re:6T-=-ua.suts.sa."
ဦး,ဦး
တို့ တည်းခိုကြသည့် ဟိုတယ် များနှင့် အ,"wasayadiTS=e-ei"""
မြင်းစ,၆ငံ=
ဇဂြိုဟ်သို့,ဖါြုံဟံသဲ့
သို့ တက်,သဲ့es)
ဖြတ်,ဖြကံ
သည့်အချက်ကို နားလည်သဘောပေါက် လက်ခံရန် လိုအပ်ခြင်း ဖြစ်သည်။ ကျွန်တော် ဆတ်,"""T""T""T""Tr:rrTf6seaya.a-ww.."
သာယာကုန်း - ပဲခူးခရိုင်၊ ကျောက်တံခါးမြို့နယ်၊ ကြာအင်းကုန်းကျေးရွာအုပ်စု၊ ပီကုတ်(220102)ChampionofKandawgyiDota,"''"" ""'''T''.<=T<...."
၀,၀
ခရိုင်၊ ဖားကန့်မြို့နယ်၊,၈ိုငံ၊ မmrနဲမecbr
တရှိန်ထိုးအောင်မြင်မှု နောက်ကွယ်မှာ အရေးပါတဲ့ တစ်ခုသော အင်အားတစ်ခုဟာ ပုန်းလျှိုးကွယ်,"တရှိမ့ဟို့းမောင်တြင်(,:Tnာက်ကွယ်မှာ aweေး ပါတ Tf် tpsသo oaESawာ=eတစ်Fs:r S6stလျှ့ကွယံ"
မြို့နယ်၊ ထင်ပါကျိုင်းကျေးရွာ,"g,a,aturlfTTwes"
အ,အ
တိ,တဲ
၇ - ရွှေကော,၇ - နွေm
မိုင်,မိုင်
DaweiEducationDegreeCollege;,"BRusescestonoteorecetss,"
မှတ်ရမိသည်။ ညနေ ၆ နာရီတွင် စထရင်းဟိုတယ်လ်မှာ ညစာ စားပွဲရှိသည်။ ဂျူးလူမျိုးတို့အတွက်ကား ကြားနေမည်ဟု,"L.wertcavs.sue:r'Tr=-=rws-TTTTT""T"
မူလျှင် အရိပ်သည် ထိုအရိပ်ရှင်၏ နောက်သို့ အစဉ်,",pcayswut:ARtPR=e:PiIrf"
တစ်ယောက်လောက်သာ အောက်,တစ်ံယောကံလောက်သာ အောဏဲ
တာ,တ
သုံးပြီး,သုံးပြီး
နေ့လယ်,နေ့လယ်ံ
ကျော် လေးမျက်နှာဂူ ဘုရား ရက်နေ့တွင် နိုင်ဂျီးရီးယားနိုင်ငံ ကက်,<s.arsms weaswoIPTTTTT
သို့ ပြန်ရောက်သော် ရိုမန်တစ် ဟာသ Finding Mr. Destiny ၌ ပွဲဦးထွက်လာရာ ကိုရီးယား၌ ရုံပေါ်မှမဆင်းသော ကား ဖြစ်ခဲ့သည်။ နတ်ဆိုတာ မဂဓဘာသာမှ နာထသဒ္ဒါကို အ,"ws.v.ws.<. <sawsur r T.T.<sr r T""""T""'""T"
လေးမ,လေးမ
ကော့,ကော့
ဖေဖျားရဲ့။ အံ,မေမ့မနဲ့ အ
ရှိ၏,ခဲ့ရ
၊ ငါက အခု ဒုန်ဝန်းမြို့စား ဖြစ်နေပြီမို့လား၊ ဆယ်မြူ ဆယ်မြူအသာလေး၊ ဟားဟားဟား ကဲလာလာ,၊ ငါက အမု ဒုန်ဂ်ဂ္ိဍာ ဖြစ်နေြံခဲ့လေား အာwါ်aI mm်Gawzာecow ဟာmT= ကဲလာလာ
ထင်,တf
ကားရိုက်ရန်အတွက် လားရှိူးသို့ ပြန်,ကားsဲ့riessererf or-sgs2ဲ့ န
၉ ဖြစ်သည်။ ၂၀၁၄ သန်းခေါင်စာရင်းအရ လွဲမွန်ကျေးရွာအုပ်စုတွင် ကျား ၁၅၃၁ ဦး၊ မ ၁၇၂၄ ဦး၊ လူဦးရေစုစုပေါင်း ၃၂၅,"။a.s..racscvw=rwer=re=rs = TT'TTT""TT"
ကြာမီပင် ညိုမှိုင်း၏ ပီသပြတ်သားသောအသံ ပေါ်လာ၏။ ၃,"F'*""T tiFT9%aouauosasutws,"
နိုး,နိုး
နိုင်စွမ်းကို စံပြုထား,AEုkrnp ပဲ)ထား
။,၊
တို့,တို့
အင်ဂျင်,အင်ဂနှ့
ယတ္တိသာသနာ့ဗိမာန်ကြီးတို့၊ သကျသီဟ၊ အိမ်တော်ရာ၊ မဟာမုနိနဲ့ သာသနာ့တက္ကသိုလ်တို့ ရွှေနန်းတော်ကျောင်းတို့လို အ,ယဟ္ဲ့သာသဿနာ့ဗီမာရ်ြီကီး၊ ဝ၀ကျသီဟ၊ အိမ်တော်ရာ ကကာမနိခဲ့ သာသနာ့တက္ကလိုက်ကို့ ရွေနန်းတော်ကေျောင်းတိ့ကို က
င့်အတွက်ပါလာ,နsnDe
လား အဲ့ဒါဟာ ကျွန်တော့်,"လယs, ခaAေဟာ Ta*"""
လုပ်ရှင်၊ အ,muyt a
ဝသော အရိပ်အမြွက်များ,၀ဿော အမဲဝ်အဖိဲက်စာ
သဘင်သို့ ဆောင်ယူ တော်မူသွားပါလျှင် အောင်မြင်,<stur=stierTswsasAoTP
သော အင်္ဂါတို့နှင့် ညီညွတ်သူ ဖြစ်ရ၏။ ကျွန်တော် ရန်ကုန်,"""- =T%' Prh+ Bers.-ats ec-s"
ပင်ကို,uံ္ဂဲ့
ဆောက်အအုံကို ခေါင်းမော့ကြည့်ကာ ချီးကျူးပြောဆိုနေသည်။ ဟာ ပ,TmeortasP TPP=rESiair=- pmaenfSivgisgc.-.
စခန်း၌ အမြောက်သံ တစ်ချက် ပေါ်လာသည်။,၏esး) အခါောကီ=' TPwrကS aေrasညZမ
ခဲ့သော,ခဲ့သော
မကောင်းရင် ဟိုကြလန်းသွားမှာ,"<ss,R5TrTe="
သီးများ တပ်၍ ထားသော,သီးမှား တပါ၍ ထားm
၊ဟူံ အစရှိသော စကားလုံးများမှာ တန်ခိုးစွမ်းအား ကိန်းအောင်းနေသော စာလုံးများ ဖြစ်ပြီး မန္တရားများတွင် ထည့်သွင်းအသုံးပြုကြသည်။ မဏိ ဟူသည်မှာ ပတ္တမြားကို ဆို,"ဟဲ့ အမ ရှဲိသေသာ eကsTfi:rnpeမှာ တာမနဲနိံးစွမ်းအာ ကြီဇိ""ကအောင်းနေသော စာဝလံ့Ton B၆ပီ မန္တ ရားများတွင် ဗာတိ်ကခ့်းအသံ့။ပြုကြသည်။ ဇကီ ""ံ)=ညီမှာ ပတ္တမြားကို လို"
ည့်,ညံ့
ရိုင်၊ တွန်းဇံ,ခဲs mgနs
ပြုနိုင်။ လက်သစ်,မဲနိုင်၊ လကံ်သစ်
ညီ၊ လမ်းတော်ဖိုးတုတ် သည် တပည့်များအား,ညွဲ့၊ ပခမဲယောက်ဖံ့ကင် အည် ာပည်မျာဒေမား
ပြုံး,ခိုး
ပီကင်းဂိ'ခွေးမျိုးနှင့်တကွ ငှက်ပစ်ထွက်ရာတွင် လိုက်လေ့ ထိုင်လေ မိန်းကလေး ဒီဇယ်အင်ဂျင်အ,"uwuasar=scosurs T.T-T""TTTT"""
"ဖောမီး (Anseriformes)"" အတွင်း ပါဝင်",အmခဲ: ActrmV)T အတes sဆ
မိခေလ၏,မိခေလ၏
ဘုတ်လေး,အုအee:
ဏလေး ငြိမ်,ဏလေ.gွဲ
တူတူရယ် ဘယ်တော့မှ,Srnt=4sems
ကတံ ကရဏီ,ကဝ ကရုဏီ
ကြောင့်ငါ့သမီးဝမ်းမှာလာမှီးသာပေါ့။ဖွားရက်ကလဆုတ်ဖွားရက်ထဲကျတော့ဆယ့်,"""Z=6tisrTTTTTSocaui)gpoerfTrsoepcpoaracsmgeတာoေuဲု"
ဝံကြယ် မြေမှာ ခကြွေတဲ့ ခေတ် မဟုတ်ဘူး။ ပွမ်ပွမ်မြည်တဲ့,"Ti1=etr TTS371 Taci cg,agr,ligaga"
မြန်မာနိုင်ငံနဲ့ပတ်သက်လို့ ဆောင်ရွက်စရာ,"၆kvRiekar=T""8 =mdgytsy"
သကဲ့သို့ ဖြစ်သွားလေသလား,သကဲ့သဲ့ ြစ်သွားeလေ=Pား
ဘူးသော ဖခင်၏,ဘူးသော ခင်၏
ည့် ကိစ္စရပ်မှန်သမျှကို သိနိုင်ဆုံးသော အခြေအနေ,P Ter္PmsrTTစw:.- asg-s
စုမှမော်လမြိုင်အ,စုမှမော်ငလမြိုင်T
ခေါ်၍ တစ်ပြိုင်,selဲg၍ .wgt
၀(ခ) အရ နေအိမ်တွင် တားဆီးမိန့်ထုတ်ပြန်,TImsnRsTm-sssagန
ကို တစ်နေ့လုံး လိုက်ပြီး,ကို့တနံနေri) လိုကလီ
နေရာ၌ နေရ သည့်,sg esn s=eီ
"caseof#switch,averagepagecounts)",cascotkesiveftavcemepagconats)
ကြားနေရင်းပင် ကြုံ ရင်းကြုံသလို ပြင်ပ စာပေလောကရှိ ဝတ္ထုများ၊ မဂ္ဂ,"fိrofTP1T6Ziern kitvrer=r=rs,ugs,ag"
လည်း သူ,လည်း သ့
၊ မ ၁,၊ မ ၁
ကြီးရှိ,ကြံနဲ့
ခါ လျှပ်ပေါ်,ခဲ လွ့ပံပေ
တန်းမျှသာ သင်ကြားခွင့်ရခဲ့သော်လည်း အလုပ်နှင့် စကားပြောတတ်သူ၊ အချိန် လေး,"os,.gaာ- sefihiretepcacstcညZsr moeSRS emowsegho၏TRf TTT T"
ဆိုခဲ့သည်။ သမ္မာကျမ်းစာကို အသုံး,မန.ညg၊ aewpာmof္TTAmအs
ဆိုချက် တွေမှာ ကျွန်တော် မမှတ်မိတော့ဘူး ဆိုတဲ့ ဇ အသက်ရှူကျပ်လိုက်တာ အေ ၊ ငါ့သမီးလေး သနားပါတယ် အပဒါ,"TT""TTTT""Tr=re T-resuser=r= sucsu..asua."
အမျိုးသမီးဘက်သို့ ခေါင်းညွှတ်,TRiredter=Ri=Rays
လောက်ကောင်းတဲ့ဆေး မရှိဘူး မောင်လေးရဲ့ အမြောက်အမြားတို့ကိုလည်း ဗက်ဗီလုံးမြို့တော်သို့ ဖမ်းဆီး ဘယ်လို,ငောက်ံကောင်းတဲanest မရိီဘူး မောင်လေးရဲ့ အခကြာကီအမြားတို့ကဲ့လည်း ဝက်ဂီလဲ့ဂပို့တော်သို့ မမံးဆီး ဘိကို
ပိုက်ပြီး သမီး .... သမီးက,A%%. မခါ... အီက
ကောင်း,ကောငး
င့်,င့်
ရှိသော SAC ကို,ရုံသော ခ.င ကို
ကို တိတ်ဆိတ်စွာ စားနေလေသည်။ ချစ်ရေးချစ်ရာ ၁၉၉၉ ၂၀၀ ကျပ် သူက မဖြေဘဲ,T TPAT1 TTT-oaညciv syaewro္e see ၂o-.mya spm m(Says
မဟာပထဝီမြေကြီး။ ရှားစောင်းပြသာဒ်ပင်များ၊ ရောင်စုံအိမ်ပုံကလေးများ၊ လက်စလက်န သိပ်မ,"..-Awas-rဘ=suuie ""TTဘrT""T""T"""""
ဝန်ကြီးဘဝ ခြောက်နှစ်,1sI=a AigorကeA
ခင်ဗျားမှာ ထိုးဆေး ဘယ်လောက်ရှိလို့လဲ ချို့ရွှင်ချောင်းသည် မည်သို့မျှ မရှောင်တိမ်းနိုင်တော့ ။ လက်ဝါး,"TTrers:TRT1T'T-T=rPhsics AarTofToeci oukuagosertH4Rtern,a,cas"
ဟေ . . . ဟုတ်လား ငလျင်လှုပ်ခြင်းများ၏ အကျိုးဆက်များ/သက်ရောက်မှု,.. uau--=retvstreAITTTTT
ဝင် စာချုပ်စာတမ်းများ 147 - ၎င်းပြင် ထိုသူတို့သည် (ယင်းကဲ့သို့ ဘေးအတန်,TTTT Vis:vewtrei ususu=-s
တွေကို တော်တော်ကျွမ်းကျင်,တွေကု eေSတေ်္ကင်္rmyင်
။ ၁၉၆၈-,1 s၉၆..
။,၊
"anotherevent,butingeneralyou'reallowedtouse","Trenrlatthiheoscup,,"
စ,၈
အတိုင်းဖြစ်,အဟဲံ့sgs
"နေ့မသင့်။""",ssvst'
သင်္ဘော ၁ဝ စင်း၏ ဧရာ များကို ၁၈၇၁ ခု မတ်,"T-T = T7T es.s,.s"
မူမြို့နယ်,မမြု့နံ
ဗွီက ထုတ်လွှင့်တဲ့ ဓာတ်လှိုင်း တစ်ခုဟာ တစ်စက္ကန့်ကို,"s.Asaio=T:P.=aser TT"""
သည် သည်,သည်ံ သညံ
မေရိကားက မက်ဆာချူးဆက် စက်မှုသိပ္ပံကို ဆက်တက်,ကfီကားက AfmTafmT wvtgagyg နင်္တဏံ
သည် ကချင်ပြည်နယ်၊ ပူ,ဒည) ကမျဝံပြည်၈-ဝိ၊ မ
ဏေ,ဏ
"thoseattributeswhichwehaveputonhim.တိုက်တွန်းထားတယ်..ဟုတ်လား နှောင်း"" ခဲ့ပြန်သည်။ သို့သော် စစ်ကြီးပြီး၍ ရုပ်ရှင်များ ရွာလင်းရွာ (အင်္ဂလိပ်: Ywarlin)သည် မကွေးတိုင်းဒေသ","thoasaeosevteofhHePoiofhasvespoctorpesin.တို့က်က့ခ်းထားတာယိ..ာတ်တလား os = ဦီ:"" ခဲ့ြနဲ့သည်။ သို့သော် =၏ိြီးြီခ၍ွဲ ၅ဝခှင်မျာ ရွာဗဝ်္းရွာ (ochcedidkc rsarlH53ညိ မကွေးတဲ့စေခဒေသ"
င့်,င့်
တာတွေကပါ အယ် လ်ခီဘီအာ့ဒိစ်,<sagr-asTTfTTT
နှက်နေ,နက်ံမေ
တွင် မျက်နှာပြင်တစ်ခုတည်းသာရှိသော်လည်း သိပ္ပံပညာ ဆက်တိုက်ယူလာခဲ့သော ကေသွယ်အတွက် သိပ္ပံနှင့် နီးနီးစပ်စပ် ဟူ၍ မူလတန်းကျောင်းတွင်,"၂s sasgaomswscgsa-,s,catcs Acso ocsavsorshr= ToecdascerT 5h5 RTT wa rtTTTT."
ဘဝ၌ပင် အခြေခံ ကျမ်းစာအဖြာဖြာတို့ကို သင်ကြားတတ်မြောက်သည်,TreivfS mead1 TefSTrmBhsgsys wiEBhroetg.-a4s
ပင် ပြင်ဆင်,ပစံ ပြနဆင်
နတ်က,နတံက
ညံစွာ အော်ဟစ်သြဘာ ပေးကြလေတော့၏။ ဟန်ဆန်းတောင် ရောက် ကတည်းက တစ်ကိုယ်တည်း ပျင်းရိနေခဲ့သော လ,ညံဲရွာ အော်ဟာစိဩသဘာ ပေးကြလေတော့၏။ ဟစ် အ စ်းတောခံ ရောတ် ကတညီးက တစံကလဲ့.ယဲဘတာည်း ပျင်းရီစ ခဲ့သော လေ
မှာငြိပါ ပါလိမ့်။,အBul uAis
။ တစ်နေကုန် စားလိုက်၊ အိပ်လိုက်၊ အိမ်မှာ ဟို,။ တခံခနေကုန် ားကိုက်' အိပ်လို;eံ၊ အဲခံမှာ ဟို
စံဖြိုး,စံဖြုံး
ဟစ်ပိုဂိုဏ်းအုပ်၏လက်ထောက်အဖြစ် တာဝန်ယူပြီး ၅နှစ်အကြာ ဂိုဏ်းအုပ်ကွယ်လွန်သော် ရာထူးတိုး၍ ဟစ်,TTPTPTT:Tre.rtPSoecsasacsrosa.ssa-s
စင်ပေါ်မှ ကျလာလျှင်တော့ အရိုးတခြား အသားတခြားဖြစ်ရန်သာ ရှိတော့သည်။ {{Db-test-notice-NPF}} အဘိုးကြီးက မိန်းမကြီးနှစ်ယောက်ကို ခပ်ကြမ်းကြမ်း တွန်းပစ်လိုက်ပြီး သူတို့နှစ်ယောက်ကို,"'""''T'T' - T ' .<ar mnc..ramwcss-."
ရာ,ရာ
တင်ရမှာပဲ ထိပ်ထား ရေဝမ်းဆွဲသည်ကြီး ဘော်ဒါနိုဗာက ခပ်သုတ်သုတ် ဆက်လျှောက်လာရင်း ပြောလိုက်သည်။ ထိပ်ထားလေး တို့လို အပျိုတော်များ ဒီလိုကိစ္စတွေ မသိ,"u.usu.ocausus.us=-=rctvs.rrT-TIV6-PTTTTTTT"""
ရတနာပြဇာတ်ကို စီစဉ်တင်ဆက်ခဲ့၍ မြတ်မွန်ရတနာ ပြဇာတ်စာအုပ်ကို စာပေဗိမာန်မှ ဖြန့်ချိထုတ်ဝေခဲ့,ရတုနာပြမာတ်ဂို ီက်္က္ဍာက်ခ့ျဲ ြော်မွန်ရာဂာ EPSeoayheွ2 ၈ဗဖေပဗမာ၆၊ D၆fe၎်ပေဲ့
ရား,ရား
၈ ဦး၊ မ ၁၀၀၁ ဦး၊ လူဦးရေစုစုပေါင်း ၂၀၇၉ ဦး နေထိုင်သည်။ သည်ကြားထဲက မွန်မွန့်အသွင်၌ ချုပ်တည်း,".a.,gc wemoscas,r=sP=TP-et:outT5PT""T"
ပ,ပ
ဖြစ်,ဖြခဲ
၏,၏ဲ
ရွာတွင်,ရတွင်
ပင်,ပင်
ကားဘေးက,ကားထားက
၀ ဦး၊ လူ,"- ၆ီး, လူ"
ဦးဖြစ်လိမ့်မယ်ထင်တယ်။ ဝေဝေတို့,၃ီ1(aeuy)မယံ်လင်္ကာ်: oeeug
ကျင်းအား နတ်မိမယ်တမျှ ထင်မှတ်ပြီး မြတ်နိုးခဲ့သည်။ သူမ အလှရိပ်တွင် ယစ်မူး,TTTTTThhnaner=s euwsp.aေ
ပြည့်နှစ်,မြညှ့န
ဆက်သွယ်နိုင်ခဲ့လေသည်။ မော့သည် ပန်းချီပညာသင်ကြားရန် အမေရိကန် အစိုးရက စေလွှတ်ပြီးလျှင် ပညာတတ်မြောက်လာသည့်အခါ အထက်တန်းကျ,".w..wwu: a=.ro T T<tr """"""T"
င,-
မနည်း ပြန်တည့်ယူရ,မနညံ. JနတငfR%
လေး,လေး
အ,အ
သက်ချမ်းသာရာ ရခဲ့ဖူးပါတယ်။,ဿကဏံချမcသoာရp T(ခe:dါတယံ.
သူ,သူ့
သည်။ အုန်းဆီထုတ်သည်။ နာနတ်ပင်များကို အကြီးအကျယ် ဦးလေး ဦးလေးနဲ့ မခေါ်ပါနဲ့ဟ။ ငါ အဲဒီလောက်,"Tres: o*TS5T1TorhrleprS =eBPTm=rovi gsacv, acrir=Bksr- a,su-=-အ"
အကောင် နာမည်က ဘယ်သူကွ ကြိုင်သည် ပြုံး၍ ကျွန်တော့်ကို စိုက်ကြည့်သည်။,"..ucses=-fteststststTfTTBIPT"""
မှလာ၍ ဦးအောင်မြခိုင်အကြောင်း လာမေးနေခြင်း သည် ၄င်းအသတ်ခံရသောကိစ္စနှင့် ပတ်သက်၍,T-rmdi RmerTPoT-T+S T%t cosceaR1 TeSeftscassaermfetS us.န္ဒ
မင်းတပ်မှာ ကနောင်မင်းသား၏ ငယ်နာ,TheiymorTTmus.up
ဇစ်,ဖေခဲ
ဘော်,ဘေံ
နာ,နာ
ကြီးကျယ်စွာဆောက်လုပ်လှူဒါန်းခဲ့လေသည်။ ပေါဠ,တီးmguig=m=TTe္အalksargiveie
တနိုင်ငံ တည်ထောင်,တနဲ့ံး ည်အော်
ရေးလှ,ရေးလှ
ကျင်းပခဲ့ပြီး န.ဝ.တ အစိုးရမှ ကျပ်သိန်း ၆၃,"Tsfhv4R5: srT Tf= =sgta,aေ"
အသံနှင့် ပြောရာတွင် အေး... ငါကလည်း ငါ့ကို တိုင်ပင်လို့ပြောသာပါ,"mmsyR wdဲroTPST. . Pmewcs, Arg t%vReiegaa"
ကျဖို့များတယ်ဗျ...ခွေးမသားပုလိပ်တွေက လိုင်းကြေးယူတုန်းကယူထားပြီး အမှုလို,"'T""""TT'er:.:PI-R-an.s"
အား,"အာ,"
ပိုး,ပိုး
တို့,တို့
ဘာပြောသည်ကို ဝေလငါးဂိုဏ်းမှ ကောင်းစွာ မကြားရချေ။ ကောင်းပါပြီ ဆရာ၊ ကျွန်မ,"<-ag,acawst em=Phviesg armsesvr TESroro၊ emosBs/RB TT51T7"
သို့ ဆိုက်ရောက်လာ၍ ဆေးဆိုင်,"မ a,scsrermaTT"""
နှင့် ဒေါ်အောင်ဆန်းစုကြည်တို့,"ဇS alfeswာငEah:e""ဘည့်တဲ့"
ပဒေ,ပဒေ
ကွေ့တဲ့။ ကျွန်မဘဝမှာ အချိုးအကွေ့တွေ တော်တော်များပါသည်။ ဘယ်အချိုးအကွေ့က အရေးပါ,"""""""""TrerTTTws-sasczc"
နိုင်,နိုင်
အသင်း,မင်း
ရီဂျီအိုဗန္ဒီသည် အုတ်,faဲ့နဿညဲ အုတ်
လိုက်,လိုကံ
ပင်,ပင်
ခြားသစ်,ခြားသခံ
သာမဟုတ်၊ အသီးနှင့် အရွက်ရရန်အတွက်ပါ စိုက်ပျိုးကြသည်။ အသီးကို,"..-,e scotst mwTissyteM MTRRTR T*"""
အ,အ
င့် ထမင်းချက် လင် မယား,"sas.ndrT=T"""
သည် အိမ်ထဲရှိ သမီးနှစ်ယောက်ကို တစ်ချက်,လည wasagဲ့ oPo*ီmofတဲ့ eeey
ဓိသမ္ဗောဇ္ဈင် မရှိလျှင်လည်း ငါ၏ သန္တာန်၌ သမာဓိသမ္ဗောဇ္ဈင် မရှိဟု သိ၏၊ မဖြစ်သေးသော သမာဓိသမ္ဗောဇ္ဈင်၏ ဖြစ်ကြောင်းကိုလည်း သိ၏၊ ဖြစ်ပြီးသော သမာဓိ,"...,as ,acwarcs,cs .aks o=rAaorerao,ksu Ar1 MR=recs.s=Adr=TrTR151Rီe6aM:TTP51T6T-Tီ"
အသစ်သစ်ဖြစ်သော အချစ်လွှာ မှာတမ်းတော်,"ToeRsovRB6ses"" Twfeyp poaacos"
င့် ထွက်လာ,(့ နte
"မဏိပဲတဲ့"" တက်စသည် တညနေလုံး ကြီးမားသည့် မြေပုံချပ်ကြီးကို ကြည့်နေပြီးနောက် မိတ်ဆွေအမတ်တယောက်နှင့် သွား၍ ည","T""TTီT+:t16TTheiesoernPrcscusroaro.u,aa"
၌ တည်ရှိသည်။ ရွာနေရာကုတ်မှာ ၂၁၃၁၆၃ ဖြစ်သည်။ ၂၀၁၄ သန်းခေါင်စာ,"Aဲ mr2l}lereSr TPToniyn,npcws, HRrထိ+ osg ss,ae"
ခုမြောက်အဆင့်တွင် ပါဝင်သည် တို,%s-rmsseSimef Moef2ag ag
အမိန့်ရထားကြောင်း၊ အကယ် ၍ မနာခံလျှင် မြင်းများကို လှည်းမှ အတင်းဝင်ရောက်ဖြုတ် ယူရလိမ့်မည်ဖြစ်ကြောင်းဖြင့် လူတစ်ယောက်ကိုစေလွှတ် ၍ အပြောခိုင်းလိုက်,"ss,.,usaxr rvag csauaw Aret=T=ocasy arcart=rTBRT-ewsacdRPfTRTPToerSer=TTT51 PTPT"
ရမည်,ရမညံ့
သည် ဇုနတ်မင်းကြီးနှင့် တူသော်လည်း ပို၍ ဣန္ဒြေကြီးပြီး,"-sည esctwts(BီveS =oeoudecညi ia) cr""WESV6"
။ ကိုယ်ရပိုင်တဲ့ အခွင့်အရေး,၊ ayaaaed =fTTV
မျှ အသုံးမဝင်။ လွမ်းချင်းစပ်နည်း ပထမဆုံး,a sap-RerefT6e္T5S rmmmt
ကုသ,ကုသ
တာဒေါ်မိုးသူပါလား၊ ကျွန်တော်တို့လမ်းထဲ မလာစဖူးလာတယ်၊ ဗန္ဓုလ ရုံမှာ,"TPSofTT=်etoscs wermerosca,g,s"
င့်,င့်
ဗျ။ ကျွန်တော်တို့ တပ်တွင်းဆိုင် က ပစ္စည်းသိပ်စုံတာ,"<-.sa-skerT=e္-RTP-oedT"""
ရင် လုံလောက်ပြီပေါ့,"၈f် c,ecorfgyeပဲ"
ပြီ,ပြီ
၃၅၃ ဖြစ်သည်။ ၂၀၁၄ သန်းခေါင်စာရင်းအရ တောင်နီကျေးရွာအုပ်စုတွင် ကျား ၁၁၀,TTTTTTromT=scsss-or.
ခင်ဖြစ်သူ,ခငံဖြဲမံသေ့
ပုန်း,ပုန်း
နားလည်ကာ ပြီးပြီးပျောက်ပျောက် သဘော,sago- 0mRT=eT ==T
သည်,သညံ
နတ်ကို,နတ်ကို
ပြီးနောက် ကားပြန်၍ ထွက်သွားသောအခါ ကားပေါ်၌ ပါးစပ်တွင် အဝတ်များ စည်းနှောင်ထား,"""""""""""TT-= ""TNIas ucwrsece."
ပုံမှန် လက်ချာ သင်ခန်းစာများ,Prk rarder sf=imegps
သားတစ်ယောက်အနေနဲ့ ပျော်ရွှင်ကြည်နူးနေတာကြည့်ပြီး တကောင်း ပီတိဖြစ်မိတယ်။,"..assur-Aioroet wurases,tasmeTBaeR.evwm-rt:""TP""TTT"""
ဟု ဆိုသည်။ သည်တော့ကျွန်မကပြန်ရောက်ရသည်။ မည်သည့်ခံစားချက်မျှလည်း ဖြစ်မလာ။,"T T+TT5T=eBirTrtdh svga-sArus,gL.."
ရေဖျန်း၍ ခရစ်ယာန်သာသနာသို့ မသွင်းခင် သေဆုံးသောကလေးများမှာလည်း ခရစ်ယာန် သေခြင်းမှ ပြန်၍ အသက်,"TrefHd TPTr=5Dostsrf'ortemrororecu.proyorat TroSirsvsugs, gig osvs"
ကား အောက်မြို့ကျေးရွာသို့သွားတော့မည်။ ယခုအခါ,"၊oc, sc-AnguereretTwrserod'T'T"""""
ခြားလိုက်,ခြားလဲ့ကံ
ခင်,ခင
တွေ,တွေ
ပုဒ်မ,ပုဒိမ
သည်။ ၁၉၅,သည့။ ၁၉၉
ပြန်ဆုတ်သွားခဲ့,၆်ဆူrမွောခဲ
ဒီမိုကရက်တစ် သမ္မတနိုင်ငံ နှင့် မြောက်ရိုဒီးဇီးယားနိုင်ငံ (ဇမ်ဗီယာနိုင်ငံ),"T-=rTrT:T Tef saycsasarrR vwsa,gay"
တို့ကို ဖလမ်းချင်းဘာသာစကား၏ ဒေသိယစကားအဖြစ် စာရင်းပြုထားသည်။ စကားအ,"wsLcswar=-=-s-asr=TTTP"""""
။ ၂၀၁,။ ၂၀
သကြားနှင့် ဆန်ကို ပေါပေါ ဝယ်နေရသည့် အိမ်ရှင်မများက ဘုရားသိ,ugs..t s41 ==T rNicsrc)1TPT TTIT
စု,စု
တည်,တညဲ
ခဲ့သည်,ခဲ့သည်
ခဲ့ပြီး ဆက်လက်ချီတက်ကြ၏။ ဤသို့အားဖြင့် အီဂျစ်စစ်ကြောင်းမှာ အ,"1R4၊ ဆာr်လor်SRီ*ESRh zsi-pasာ-wgse TurieoefEsrt,yo, a."
။ နန်းတော်ရှေ့ ဆရာတင် သားကလေးများနည်းတူ ကျွဲကျောင်းခိုင်း၏။ မော်ဂလီမှာ,"၊ wsacas orne=tT oermrocs,prvsires1TIT6TRP5eh erTP"""
နေလို့ပါ ဗိုလ်ကြီး,နေလဲ့ပဲ ခဲ့လ်ြီး
ဝင်ရောက်ယှဉ်ပြိုင်,otarmc20f
နှာရည်ညွှန်း,နာရညံညွှန်း
လဲ။ဒေါ်ဒေါ်က အသက်ကြီးပေမယ့် မျက်နှာကတော့ နုနုကလေး ရှိနေသေးလို့မို့ ဝတ်နိုင်ပါတယ် ဒေါ်ဒေါ်ရယ် လုရင်းလိုက်ရင်း စုတ်ပြဲ,"ctsailaေtero အoေကြီကeပမယ့ မွဟက္မဝာကဗေက (t4ermလs မှဲနေဿေလဲ့ဲ ဍr်ိ:၆ီoC2 Aaေaေksc,Sr<gpSTPE7S%FE) (u်္ဌ"
ကိုတင်ဦးက မြိုင်၏နာ,ကိုတခ္ခ.က ပြိုင်၏်eဂ
ရှိဘူးထင်ပါတယ်..,ရုဲဘ့အငံပါတမ်-
"အင် သုံးစွဲနိုင်အားမှာ ၅၅,၅",Tfssiermma
ဖေ,ဖေ
ကား,ကား
မည်,ဧဲ
ဖတ်ကြည့်လိုက်၏။ သူထိုနာမည်ကို ဖတ်နေမှန်းလည်း ထိုလူ,TTZsဲrPT: 5Teraig sciuskce2ဲ spy
လီနိုင်ငံသို့လည်း ပျံနှံ့,လဲနခeaသဲ့လညဲ၊ T5
။,။
ပြုအောင် ဆွဲဆောင်ခဲ့သည်ဟု ထင်၏။,SpwitsrfinmdS% wsc
နှောက် အသစ်,နေAဲ scf
မြက်လိုသူ,ခကံးဲုသူ့
ပန်း,မန်း
ခုရှိရိုခရိုင်၊ ခုရှိရိုတိုင်း၊ ခု,မရဲရဲaရခံ aiRef =
ရွာအုပ်စုတွင် ကျား ၅၉၈၈ ဦး၊ မ ၅၆၅,sstsyt mr= SPTP'7 IPo
ခြင်း,"၆,"
၍,၍
ဖြစ်,ဖြစ်
အ,အ
ထွန်းမောင်ကြီးက လှေကိစ္စ လုပ်စရာရှိတာတွေကို ပေါ့ပေါ့ပါးပါးပင်လုပ်သွားလေသည်။ လှေပိုင်ရှင်များက သူ၏တက်ကြွမှုကို သဘောကျနေကြလေသည်။ တိပိဋကဆရာ,"T>-rTPT1TTeVBr=rT5:ALsvser=rTrtS:=vwokapar=rswrtrThiapsa,sc-opstsca,a,ss"
၊ ဝေဟင်ပေါ်ပျံ,၊ eoutsufg
ဒုက္ခနှင့်ရင်ဆိုင်တွေ့ကြုံနေရရှာသော အေမီက သူသည် ကူးနားပဲလေ့,"Tso1RPT96D7msteu- s=. sved -pysa.,"
ပါတယ်ဗျာ သိပါတယ် လုပ်စရာမရှိတော့,"Oes-ယံမှာ သိပါe""S eDespou,ap"
"က မင်းနဲ့ ပူးပေါင်းပေးမယ် "" ဆေပီယန်စ် -၂၄ တစ်နေ့တွင် ကိုဓာတ်သားက အင်း ဆရာတော်ဘုရားများကိုတော့ ဖူးမျှော်ပြီးပါပြီ၊ မင်းတို့ သဘင်ဂီတအဖွဲ့မှာကော ဘယ်သူတွေပါ","'"""""" '""""'""' "" . . .........."
တစ်သက်သက်စွဲလာခဲ့,"<Antsmdgဲr""T"
၀၅ ဖြစ်သည်,တ၇ (ဖစသညဲ
လဲ သီတာ၊ အင်း . . .အေးမြတဲ့ သီတာပဲ ဖြစ်ရမှာပေါ့ ဟင့်အင်း၊ မဟုတ်သေးဘူး အစ်ကိုရယ်။ ဒါပေမဲ့ ဆက်ပြောလေ၊ ဆက်ပြောပါ။ ဆွန်ညာ နားလည်နိုင်မှာပါ။ အား,"TTT T1 ""T5T1Tr:TIPT70TIoP:.orTr:T51T16asuv a.-AerTseireo- auscs.asaer-s.auAs.e-"
ထောင် မြန်မာနိုင်ငံအသင်းသည် ၁၉၆၀ နွေရာသီ အိုလံပစ်ပြိုင်ပွဲသို့ ဝင်ရောက်ယှဉ်ပြိုင်ခဲ့သည်,"""PTTTT6 =e-=erTR-wegwsayacetsq,.s"
အဝါကို လိုက်ပြီး ဆုံးဖြတ်တာ ဖြစ်ချင်,TT1 +rS TBT=- ga.
ရှိ။ ဟူ၍လည်းကောင်း၊ ဂိုဏ်းချုပ်ကြီးရဲ့ အကွက် သုံးကွက်ကတော့ တကယ်ကောင်းတာပဲ၊ ဒီကောင် ဒီအကွက် တွေကိုတော့ လိုက်ကစားနိုင်မှာ,"' """"""'''''""'+=-'<ဘ==r:uorsss"
လွယ်,လယဲ
သိမ်းထား ကြလို့လား,သိမ်းထား ကြလိကး
၊ ဆိုင်သာဆိုင် မပိုင်ဘူးဆိုသလို ဖြစ်နေ,"TRfecsRT=Pae-Reng,"
နှစ်၊ ပြီ,နစံ ဂ
များ,များ
၏။ ကိုယ်ထင်ပြလာသူကဲ့သို့ အခန်းဝတွင် မြိုင်က မလှုပ်,"မ-m,ascurtTefT4 =msceceT RPT5T"
မြို့နယ်၊,မြို့နယ်
ခုအချိန်ထိ စီစဉ်,paျ့နa Aeည့
ချုပ်ကြီး သူရ ဦးတင်,s06ZI- seSတE
ရ ရှီးလန်ဒမ်း,ရ ရိုးလန်ခမ်း
ပိုင်ကြံပါ။ ဂျိုးဆက်စတိန်း,မိုစ်တြပ။ ၏ဲ့ဆက်စတီန်း
တယ်၊ ပြီးမှ မြေကမူ မြေပုံတွေဘက်ကို လှည့်တယ်။ ယဉ်ကျေးမှု,"<uas,usr=s Rxro=ct=lTTT7"
မျက်နှာဖုံးကို မေ့ဆေး,<myoamဲ့ sms
သည်,သည့
။ အကြောင်း,။ +မကြေင်း
ပွဲကြီးနှင့် သာသနာနှစ် ၂၅၀၀ ပြည့် အထိမ်းအမှတ် အောင်ပွဲသဘင်ကြီးကို ၁၉၅၆ ခုနှစ် မေလ ၂၂ ရက်မှ,"၂gg acrcoroe ,opou,g smZetrerTS emeoBagasoRcီ""R 755 oA em= I) TT"
သည်။ ထိုအခါ ငစွယ်ငယ်မှာ အဟုတ်တ,"<g,asdosTTTToT="
လား..,လား..
ပိုက်,ဖဲ့ဂ
ပန်း,ဖံ:
ထို့နောက် အမျိုးသမီးကို နှုတ်မဆက်,sAာ-Ai sdrT*Tီ Areerf
သည် တိုက်ကွင်းထဲ ဝင်ရောက်၍ ပါ,အညံ တဲ့က်tgtrmS eepm်ခွဲ မ
ထားသီ,တးဃံ
ကြ,ကြ
လာ,လာ
ကို သိသော,ကိုံ ခံသော
သည်။,သည်း
မေးခွန်းတွေကိုလည်း မုန်းတယ်။ ၀င်းလှသည် ဖြူဖတ်ဖြူရော်ဖြစ်နေသော ခိုင့်,မေးခွန်းတွေကို့လတီ မုမ်းတယ်။ ပင်းလှသညီ ဗြံ၉့တဘ်ဖြူရော်ဖြစ်နေသော ိုင်
သည်,အနွဲ
အပိုင်းတွေကို အခု,spt.em =T5
တော့မယ်။ ခင်ဗျားကို လာ,mnpsa. wtmT TT
ဟူ၍ သီးခြားမရှိခဲ့ဘဲ၊ ရောမနိုင်ငံတော်,ဟ့မျှ 42wvwရဲခဲ=ံ TTneေf
၀ဖြစ်စဉ်,1nesg
လဲ,လဲ
ရာကုတ်,ရာကုတံ
ကြ,ကြ
ဥ,ဥ
ထွန်း - ငါတော့ ဒီလိုဟိုးလေးတစ်,ကနံ: - leေr AီP:Tsrecee
မောင်မျိုးမြင့်,မေr4ါျဲ့၄
ပင် အထက်ရှိ ကျောက်လွှာတို့မှ မြင့်မားသော အပူချိန် နှင့် ဖိအားတို့ကြောင့် အသွင်ပြောင်းကျောက်အဖြစ် ပြောင်းလဲလာနိုင်သည်။ ခင်စိုးပိုင်နဲ့လား ရှိတယ်,"'T""TTT'""TToe: Tsa.w."
ယမကာကို စောင့်နေကြတယ်။ စားပွဲထိုးမလေးက တော့ အသက်ရှစ်ဆယ့်လေးနှစ်ပဲ ရှိသေးတဲ့ လှ,LcuwsscswsesonasoyscesrTT TTtaeTTTTT
ဖစ်ချင်ရင် အဲ,sayist .ခ
လူကို,လူကုဲ
ဧရာ,ရရာ
အဖြစ်နှင့်,အြeနံ့
င့် အောက်ဘုံ,နံ အောက်တဲ့
စေ့စပ်ကြောင်းလမ်းထားလျှင် သော်လည်း ထားရလိမ့်မည်။ သို့ဖြစ်နိုင်ပါမည်လား။ မမြင့်ဦး၏ မိဘ ဆွေမျိုးတွေက သဘောတူပါမည်,".s.u.w.w- -<=.sw 'T'""""T"""
ဝတ်,ဝဆဲ
ဘယ်လို ခေါ်ကြမယ်မသိဘူး တိုက် လူဦးရေတိုးနှုန်းသည် ဝ.၉ ရာခိုင်နှုန်းဖြစ်သည်။ ခန္တီ (ပုလောက်မြို့နယ်ခွဲ) နယူတန်၏,"T5I:TEPT96T5ToepkwptafTrST=ervkiagsut aAioerowga,gcssk"
တူ ပေပိုယူသည်။ မခင်သန်းက သဘောကျပြီး ဆရာ သံပရာ,aasugocsr=T=r asecsemaSITT
ရဲ့၊ မောင်အဝေး ကလာတာကို မြင်မြင်,"ရဲ့၊ မောEasecေး က""ကဘာကို မြငဲမြဲဆဲ"
သွားသည့်ကုန်တွေ အရှုံးပေါ်သွား၍ ဟုဆိုကာ လျှော့ပေးတာတွေရှိသည်။ ကိုယ်လူကြုံပါးလိုက်သည့်ငွေကို နည်းနည်း,"<-a,arsmsoasr-a-ar=mstr==msner TီTIT"""
မှ,မှ
လိုလား၊ ဒါဖြင့် အမေရိကန်ပြန်ကြီးဆီရော ဘာလို့ မသွားသလဲ၊ ဟိုက လက်မခံလို့ မဟုတ်လား ဪ.. ဆံပင်ညှပ်သ,"'""""TT""T"" TT""-.s.orst=raa.ue"
ခွဲစိပ်,ခဲ့စီပဲ
အ,အ
မောင်,မော်
ယှဉ်တွဲလျက် ရှိသည်။ စနစ်တကျစီစဉ်ပေါင်းစုထားသည့် အခြေခံဥပဒေ,.aga.sasauac်rTefrswsaMtheST5 TPfe-=
ရာတွင် လိမ့်၍ကျလေပြီဟု ခန့်မှန်းသိရှိရသော်လည်း ထွက်ပြီးဆင်းမသွားဝံ့၊ ဆင်းသွားခါမှ ဖွပ်သည်ထက် ညစ်,"TTTTPTT*TPmwertoftITTBescpevs-ss,sua,s,a"
ပြန်,ပြနံ
တစ်စိတ်တစ်ပိုင်းအနေဖြင့် သူမသည် တောင်အာဖရိကတွင် နယ်လ်ဆင်မင်,"Las,asocetS1 eo<c) wcerimrTT15TTTT"
တော့,တော့
ကချင်နှင့် ကရင်အမျိုးသား များလည်း သိပ်မတွေ့ရတော့။ အောက်ပိုင်းမှ ကုန်သည်များကိုကား လုံးဝပင်မမြင်ရတော့ ချေ။,"T+eHsA =+္TT1'T wmocds:T'rTWor=oresrvstre mimctsrp-srr.ossovtvtjtsp=s,,"
ပေါ်မှာ ငါ,tပါi့r A
ဏ,ဏ
နေတာ၊ ရောင်ဘန်ရွာ (အင်္ဂလိပ်: Yawngbang)သည် ရှမ်းပြည်နယ် (မြောက်)၊ ပလောင် ကိုယ်ပိုင်အုပ်ချုပ်ခွင့်,"'""T""T '-=rTIoscs serT-=usascsw"
င့် ရောနေသော ရေဖြစ်လျှင် ဓမကရိုဏ် (ရေစစ်) ဖြင့် စစ်ပြီးမှ သောက်ရ၏။ သူ့အား ပြန်လည် မဖြေကြားခင် ဒေါ်ဥမ္မာသည် တံတွေးကို တစ်ချက် မျိုချလိုက်သည်။,"၊...w,cstcstc-,sas,oenMR1I hRs,sun:,Art:rwerTeBeSrki eiERrT6eTrP==erTTT9TTe6P"
၄၆ ခုနှစ်,၄၆ နနှစံ
ကုတ်မှာ ၂၁၉၈၆၂ ဖြစ်သည်။ ၂၀၁၄ သန်းခေါင်စာရင်းအရ မိုင်းဟွမ်ကျေးရွာအုပ်စုတွင် ကျား ၁၈၂၀ ဦး၊ မ ၁၇၅၇ ဦး၊ လူဦးရေ စုစုပေါင်း,"""T""' """"""""""TTTTIPweowe==e-ws.se-.msausc,s."
မှ ၁၉၉၁ ခုနှစ်၊ ဒီဇင်ဘာလ ၂ဝ ရက်နေ့တွင် ကြေ,၇ oes wct: PTT osuwnassa sg)
"floor,","moor,"
ယောက်စလုံး မသင်္ကာစရာ တစ်ခုခု တွေ့ လို့ ရန်သူ့နောက်ကို လိုက်သွားကြတာ ဖြစ်ရမယ် တစ်စကို ကာဗွန်တုံးနှင့် ဆက်ထား၍ ကျန်တစ်စ,"L.Laorar=s.cs,s,se=ossestrT TT=tTT""TTTTT""TT"
အချိန်,အချိန်
ဘု,ဘု
။ အပြစ်,။ အြစ်
၊ သွေး,၊သွေး
ကြိမ်၊ ထိုနောင် ဘဝင်ဖြစ်ထိုက်သ၍ ဖြစ်၏ ။,၆%၊ disaoP =TD9fsiro4.g geus.
နေထိုင်,နေထဲ့ခဲ့
စစ်,စစ်
၊ ရော့... ဦး,' စေ့.- .
ဗြိတိသျှတို့,ဗြိတသွှမနဲ့
ထူထပ်မှု,လူနေမန့
မှာ ၁၈၃၀၆၈ ဖြစ်သည်။ ၂၀၁၄ သန်းခေါင်စာရင်းအရ ဂုံမင်းကွင်းကျေးရွာအုပ်စုတွင် ကျား ၉၁၂ ဦး၊ မ ၁၀၈,"T- orert 6FTP5: Vroe siuelterT-rT Dwet-gtuaragepveleryt -s. gyg,. =-a"
ကြည်သည် ဖေဖေ့ရှေ့,၆နဲas်ဲ awes
အရ ငါးရှဉ့်ရိုးကျေးရွာအုပ်စုတွင် ကျား ၆၅၄ ဦး၊ မ ၇,"T T+eIrTsPTTst =, s s.)"
ကြည်မှုတစ်ခု,Gehnss
သွေး,သွေ့
တိုင်းပဲ ကြည့်,တိုင်းပဲ ကြည့်
ဖြ,ဖြီ
ရင်မ အားပြန်၍ လက်,"ရEမ =-.ဠွန်၍ ""က်"
အုပ်စု,သဒံ့
မြက်ရင်း သွေး,မrံခင်း aေ'
၇၉-,၇၉-
သခင်က ဝေါယာဉ်ပေါ်သို့ တက်ရန်ပြင်လိုက်၏။ ကျမ်းပြုကြသူများ,"TTTTTTIwsuss-msg,."
ရင့်တပ်သားများက လိုက်လံတိုက်ခိုက်ရာ ကနီနော်ရ,"ssaaarme TfTrRRse TIfT"""
ပန်ကောင်,ပနဲmေံ
ငေးငိုင် ကြည့်ရှုတော်မူလာ,scrရဲဒ ဤသန)ရုတေ်းဂက
ဒါပေမယ့် ကျုပ်တို့က မလုပ်ပါဘူး။ ဟန်ဆန်းဂိုဏ်းချုပ် လုပ်လိုက်ရင် ခင်ဗျားနဲ့ အဆင့်တူသွားမှာပေါ့။ ဒီလောက် သိက္ခာကျမယ့် အလုပ်,"<.svasver-=vwaec.soser=t=rsrs=rTTTTTTTTTT"""
ရန်,ရနံ
ကြောင်း NTV ရုပ်သံက ထုတ်ပြန်ခဲ့သည်။ အောက်တိုဘာ ၂၃,"TE:es.Ye= +TPT Ttrht်ias,ညiy asormefer a"
။,။
ဝှိုဝ်း ဠှိုဝ်း။ ချော,ခုဒံ: ရွikw မapာ
လှယ်အဖွဲ့ လန်ဒန်,လ့ယံနဲ့ လန်ဂီ
ရာသည်,၈..ညံ
"ပစ်လိုက်လို့ ကားကြီး ရပ်သွားပြီ"" စိန်ပွဲစား","swRdiyrig က""ီ' TseiT နge-"
ဆိပ်ဖြစ်သည်။ ၎င်းတို့တွင် စက်ချောဆီ၊ ဂီယာဆီနှင့် အမဲဆီများ,"TိfBjyAacactr e္TီTe5 orteypat, Kcoelef st,g,"
သစ်လေ,သခံလေ
ဖြစ်,ဖြစ်
။ လူဦးရေသိပ်သည်းဆသည် တစ်စတုရန်းကီလိုမီတာလျှင် ၁၄၃ ဦး ရှိသည်။ စုစုပေါင်း,".as.-suer=-t-ercsat-TMP=T"""
သိ,သံ
ခဲ,ခ့
ထွက်,လူမနံ
ညနေခင်း၌ အိမ်ဝိုင်းထဲ ဆိုင်,"sasst,2g aA6T T5"
တော့်,တေဲ့
နေ,နေ
င့် နဂါးဘုရင်,ခ Amtf
၁,၁
ရာ ကျွန်မတို့အပေါ်မှာ ကျေးဇူးတွေ အရမ်း များနေပြီ,".,.g.uagare' =tersrmB'erီ"
အ,အ
လာ,လာ
ကြေးရေတတ်တွေရဲ့ အဆောင်အယောင်တွေပေါ့။ တော်တယ် ... အစ်ကိုကြီး တော်တယ် ... ထိုနောက် လက်နှိပ်,"w.ws.-.= ' - TTT"" T"
ထုတ်ဝေ,ထူအဲမး
မာစကားပုံတစ်ခု ဖြစ်သည်,<arspetPMTEိ
မလား အောက်မေ့,မလး အောက်ဖေ
လို့မှ မဆုံးမီ သိန်း,မနံ့ wi TP
ကာ၊,ကာ၊
တို့အိမ်နဲ့ ဖေဖေတို့ အဖေ အမေအိမ်က ကံသိပ်ကောင်း သွားခဲ့တယ်။ ကျွန်မတို့,"was,arot =r=orcs=sATT15TI:P-eT"""
၊ meropenem,၊ meracenern
ပနိုင်ငံတွေမှာ ကျန်နေသေးတဲ့,T%erymf:ewew
ဒင်း ပွိုင့်တူးတူး သေနတ်သံကလေး ထွက်သွားသလို ...,"seံt gegsnp: eovoSTimocs sprayp=""ီ """
ရပ်ဝတ် အရပ်စားနှင့်။ ဒါက ဘာသဘော,"T:T me'=h T= assua,"
သူ သို့မဟုတ် ဩဇာတိက္ကမကြီးမားသူများ ပေါ်ထွက်လာပါက အခြားသူများအ,"2ေ့ supa-p,A (Eier=Tarnfbiwcroage- aurer=TPT fiBmerဘ"
ကာ အခြား,ကး မဲး
တယ်။ သူဇာလွင် ခေါင်းခါလိုက်တယ်။ သူ ခေါင်းခါပြနေတာကို မင်းခန့်ထူး မြင်ပါစေ။ မလာ,"TT7T""TT-asater=-tasgec.-"
၂၁၁၅၀,၂၁၅၀
မည်,မည်
လုပ်မဖြစ်။ နောက် ဆုံး ရထားသည် ခပ်စောစောကပင် ပါရီသို့ ထွက်,"wuga,.s-A et rroscs stwer=rT""T'""T Y6"""
နှစ်,နခံ
ငရှဉ့်ကျ မည်။ ကြိုးထိုးလျှင် သည်နှစ်ကောင်အနက် မည်သည့်အကောင်ကျကျ ကိုယ်က အနိုင်ရမည်။ ရာဇဝင်ဟောင်းများရဲ့ သင်္ချိုင်း ဘာလုပ်ရမည်နည်း။ ဒီနေရာက စောင့်လျှင် မ,ငရု့ခွဲဘျှ မည်။ ကြို့အိုးလ့င် သညံနခံကောင်အနက် ဇည်သည်အကောခံကျကျ့၊ ကိုလိက အနိုင်ရမညံ။ ရာဇဝင်ဇဗောဝငီးများရဲ့ သချိုငံ၊ ာလုပ်ရnဂည်နည်း။ အံနေရဝာကာ စောမိလျ့င် မ
လိုက်၏။ စုသည် ကြီးကြီးမေရင်ခွင်,"t,as, sat BိES37e"
လုံး လျော့ကာသွား၏။ ချိုသဲကြည် ဧကကို ငေးနေမိသည်။ အို ခင်ခင်လေးရယ်၊ သရဲများ ချောက်သလားကွယ်။ ခင်ခင်လေး ဘာဖြစ်,"လုံး မလော့ကာသွာ၊ကီ= ဒ)့မဲကြည်ံ ကကကဲ့ eေrmPse်""။ အို့ မဝံမခံမလေးရင်- =>Riogp- မျောကံသလားကွက်"" ဇင်ဇင်လေး ဘာခြစ်"
တိထားနော် ကိုင်းကျိုးကျမယ် အခြွေအရံကလဲ ဒါလောက်ပဲ နည်း,"""က=PTPTIetTSoigsca, acrBi မgs"
တတ်လို့,ဆခံဆဲ့
ရီ စိတ်ကို ဖတ်ကြည့်ပြီး မင်း ဒီလိုလုပ်တာကို သိသွားရင်.. မည်သို့ပင်ဖြစ်စေမြေ,ရီ စံတီကတဲ့ ဖတ်ကြဝနါီိီ' 'င်း ဒီလိုလပုပဲတာကို သိspာ=t.. မည်သိဲ့ပဝင်ဖြစ်စေးခြေ
သည်။ ယခု,သည့ဲ) ယခ့
ဆိုင်ရာပြဿ,ခဲ့ငေပြဲေယ
လာကြသည်။ စစ်ရထားပေါ်တွင်သာ အစဉ်အမြဲ တွေ့မြင်ခဲ့ရသော သူ,"ca,eswer-Twt=- =sponrPT"""
စွာ ကျင်းပတယ်လို့ဆိုပါတယ်။ စတုဒီသာအကျွေးအမွေးများနှင့် အလွန်စည်ကားသောဘုရားပွဲတော် ဟုလည်း စော်ဘွားတောင်ခြေ ရှမ်း,"<.os-as-art-:-=rw=r=cst=rvorPT=T=mrT""TT""T""T"
သူတို့အားလုံး စာအုပ်ထဲသို့ ရောက်ရှိ,သူတို့အားလုံး စာအု့ဂိ ဘဲကို့ ရောက်ရှိ
ကြီးဆုံး လုပ်ငန်း,ကြီးဆုံး လုပ်ငန်း
ကာ ထောက်ကာဖြ,ကာ အော်္ကာ၆
ဘရက်က ဆက်ပြောသည်။ ဒီနေ့ကစပြီး,"saa-, efnSTE:Taem=B"
မြေစေးတွင် အညစ်အ,ယဲမ.ms ms*R
မျောက်၏ဇနီးအား သိမ်းယူတာထားပါတော့၊ တိရစ္ဆာန်ကိုး၊ လူဘုရင်တွေက စစ်ရှုံးသူ၏ ဇနီးမယားကို သိမ်းပိုက်တာတော့ လွန်လွန်းသည်ဟု ကျွန်မ ယူဆသည်။ မိန်းမတွေခ,".. ""' """""""
တော်ဝန် ကော့ခ်,တတော်ဝနံ ကော့ခ်
မအေးပေး,မအေးပေး
ရွရွနှုတ်ခမ်းဖြင့် သူ့ခေါင်းကို,ရgsZekiြင် sTPfကို
ရှင်း,ရုင်း
ရွာအုပ်စုတွင် ကျား,ဣဖု်(လွင် mဂ
ချက်ပြ,ချက်ပြ
အချိန်တွေမှာ ငြိမ်းချမ်းသာယာတာကို ခံစားရတဲ့အချိန်တွေမှာ တစ်ခြား,"TT=rPTT==-sv==stzp.s,"
မှာ ဒဏ်ရာပြင်းထန်သည် မှန်သော်လည်း ခေါင်းမထောင် နိုင်လောက်အောင်တော့ မဟုတ်သေးချေ။ ဦးခေါင်းမှာ ကြည်ကြည်လင်လင်ပင် ရှိနေ၏။ အခြေအနေအရပ်ရပ်ကို,"...wv. . ' """" """""
အချင်း,အချနံ
သွားလျက်ကပင်,၁ွားလျ်ကံကာပင်
လက်,လကံ်
နားစိတ်တစ်ခုတည်းနှင့် ခွင့်ပြုရတော့မှာတဲ့လား။ ဇနီးတစ်ယောက် ချစ်ရာရောက်အောင် ခုထိတော့ မပျက်သေးပါဘူး၊ ရော်ဘင်က သူသွားကြည့်တဲ့ လမ်းကို ကျွန်တော့်,"''""T""'Tြ ' 'T'eorဘrTrTrT-ororcoe wusc.acecas,ac."
လဲခြင်းမှ ပင်လယ်ရေမျက်နှာပြင် အမြင့်,1%y umTT=eTrgssgs
နဲ့,နဲ့
ရှိုနာလူမျိုးဖြစ်,ရဲ့မmwiGဖM
ဝ,ဝ
ကောင်းဆန်းဂေဟာကြီးမှာ အနားယူပြီး ညစာ စားကြရအောင် လှေမျော လှေနှင့်လိုက်၊ ငွေမျော ငွေနှင့်လိုက် ဆိုသည်မှာ စီးပွားရေးလုပ်ငန်းများတွင် အရှုံး,"a-as,sc:rpPos:ososugn,aroerSorwct sypsroroeTT=eoes:setPTTT5TVe:=etrPTTT"
ထူးခြားလှပေသည်,ထူးခြားလှပေသတီိ
နိုင်ချေ။ တနင်္ဂ,နိုဝ်မျေ။ တန*
မှု ကူးစက်ရော,မ ကူဓကံရော့
ကျိုး ဖြစ်စေခြင်းငှါ မစွမ်းနိုင်ခြင်း၊ ရုပ်အကျိုးတရားကို ဖြစ်စေတတ်သော,"s,gstsmseiexcsersermT""T"""
၀,၀
ရေး၊ အိမ်များရှိမိလ္လာစနစ်,ရေး၊ Aဲပဲမာ=ချ့RiTT%
သောအားဖြင့် ထိုလွမ်းချင်းတို့တွင် တောတောင်ရေမြေ,TT=PTTenuys ramtssg
မတူ ချေ။,မတ့ မနေ့
သဖြင့် စိတ်ပျက်စွာဖြင့် မာရ်နတ်ထွက်ခွါသွားရပုံကို ဟောတော်မူသည့်သုတ်။ အဘွားရော ... ဆေးရုံလိုက်သွားလား ရှေးခေတ်တရုတ်,"T%1 RTYT9' ToToarTaTeThT ToecoreyociorTr msrpowp esrerPagr.ac, apaevtacsus"
အများဆုံးဆေးကို အသက် ၂,"apayserfIT""1"
ရှိ အကြောစိုင်မှန်သမျှ တင်းမာနေသည်။ သူ့အား အ,"န ..g,tsk=rstTorese2i"" rAT"""
စားသောက်နေကြဟန်ရှိသည်။ ကျော မောင်,၈ာ-.သေ-ဂနေတ'fဂီသညိ။ ကg- မောင်
ပို,ဖို
လွင့်,လွခဲ့
ဟု ဆု,ဟု ဓု
တယ်,တယံ
ဖြစ် MMR009012022 Yae Hpyu ရေဖြူ ဟု ပြောပြီး ရုံးခန်းထဲခေါ်သွားသည်။ ရာသီဥတုရှိ၍ရေမဝပ်ဘဲ ထုံးကျောက်မြေဆံသည့် ဒေသမျိုး၌ ပိုမိုဖြစ်ထွန်းသည်။ မိုးပါးရေရှားသ,"ဿ.-=-we-o-<o=-r=<-T<TT""T""T"""
မ,ဓ
ဓားသိုင်းက တော်တော်ကောင်းတယ်၊ ထင်ပေါကို အဲဒီနည်းနဲ့တိုက်ရင် မရှုံးနိုင်ဘူး၊ အတွင်း,"=-""%er <rTr-'rTh=mud, mskvArB TTecSAutasr ugstspr myစ်:"
အ,ခ
မိမလား မသိဘူး၊ အန်တီ မီ,"ခsc., မသဲဘူး၊ T*"" """
Wardအမှတ် (၁၄) ရပ်ကွက် အခုဆို ကစ်ကစ်,Warဿမှတ် (၁p) 95က် အခုဆို ကစ်ကခီ
ကြီး,ကြး
ရာကုတ်မှာ ၁၆,၈ာကု၏ံမှာ ၁၆
တေနှင့် ခေတ်မြန်မာမဂ္ဂဇင်း,တေနင့ ခတ်မြစ်ကမ၁ဇင်း
ဟားရယ်၏။ 32. Lords of the Sunset. ဒါပေမယ့် ကျွန်တော်ဘာမှမပြောမိ...။ ဒီအတိုင်းလေးပဲ အသက်ကိုထိန်းရှူရင်း ဖုန်းကိုနားမှာကပ်ထားမိသည်။ သို့သော် အချိန်အ,".ags . -= -r . A.oeBTof=rhrsyasgau:A=PTr=RBtMerTTTTP=TP51TTT""ီT"
သိမ်းကာ မှော်ဘီ စိုက်ပျိုးရေးစခန်းကို ဌာနချုပ်ဖွင့်၍ သူတို့အား ခုခံရခြင်းပင် ဖြစ်သည်,TTSer= of္T%TWoPTroskrn oserhefsT oertavy sauatv Rlscd)
ထွင် ဖော်ထုတ်လာသည်။ အဆီးရီးယားနိုင်ငံ၏ လက်အောက်,"ထွင် မော်ယုတ်လာဇတ်"" အအီးရီးယားနွ့င၏ါ၏ ဝက်ကအောက်"
အင်ဂျင်ကို အကန့်အသတ်ဖြင့် ခုတ်ရခြင်း၊ လွယ်လင့်တကူ အရေးပေါ်လုပ် ခတ်တက်က,"wss a-rsr=rWsvoss:-eTTT1T=r=-PPTTT"""
လာလမ်ပူသည် ဆီလန်ဂေါ ပြည်နယ်ထဲမှာ ရှိ၍ ထိုပြည်နယ်ကို အုပ်ချုပ်သော မလေးဘုရင်က ကွာလာလမ်ပူ,".asus.exqwscorcs RTt=rerT""TTT"""""
စိန် တို့,ခနဲ ဖံ့
သူ့မိန်းမဆီကို ပေးလိုက်တဲ့အလုပ်ပါ၊ ကျွန်မ ပို့ပေးရမှာပေါ့ ရင်သွေးငယ်အာဟာရ သန္တေသားမှစ အင်ဒို,သူ့မန်းမဆိက့ ပေးကိုကိကဲအလု့ပ်ပါ၊ ကျွန်မ ပို့erRiy>ပေါ) ရင်သွေးငယ်အာက၅% =န္တသားမှစ အခင်ဒဲ့
ဆိုးမှာ အ,ရုံးမှအ
မှန်ဘီလူးကို ပုံရိပ် လာရိုက်,"wucartဲ UR T*"""
အယူအဆကို ငြင်းပယ်ရလိမ့် မည်ဟု ထင်စရာရှိ၏။ သို့ရာတွင် ကိုပါနီကတ်၏ နိယာ,"...aa-,s gftverdntiBk ug,vg srdeorPT Tိeoept r(6T7T1TT"
ငယ်,ငယ်
။ ဆန်ကုန်သည်အဖြစ် အိမ်က ထွက်သွားရာက မယားတစ်ယောက်နဲ့ မူးစေ့အပေါက်ပဲ ပြန်ပါလာတဲ့ လူငယ်လေး။ သူ့အဖေက စောက်သုံးမကျရတဲ့အထဲ နောက်ထပ်,"'T'TTT'I 'T'""T""T'T<r""T"" es-ewr= w<-.asac..."
ဝ ပေးခဲ့သည်,၀ ယေးနဿညဲ
မန်ကြီးက ဘာမျှ,ခနိကြံမက ဘမျှ
ပြထားတာဖြစ်ပြီး လမ်းညွှန်ချက်,၆သာ:းဟr+i}RSh erPewfer
ရေး မာရ,ရေး မာစု
လူ့စွမ်း,လူ့တမံ
"ပြောင်းအလဲတွေကို သိကောင်းမှ သိမှာပေါ့။ ဖြစ်သော်လည်း၊ တရုတ်နိုင်ငံတွင် ချူမင်းဆက်အစ ဘီစီ ""ဆက်သွယ်ရေး ခက်ခဲ","ss,corosacr=sturoas,ArT=s.=owFTTTT-TTT""T"""
မျက်နှာ,မကံ
မဆန်သော အခြေအနေများရှိသည်။ ဤအသွင်အပြင်သည် ဝင်ငွေ,"wsa.sa.r, oe၆gorTeorsjouညiw gymrTArTETeS oBfes"
ထောင်စု၏ အခြားထင်ရှားသော တက္ကသိုလ်များမှာ ယေးတက္ကသိုလ်(၁၇ဝ၁ ခုနှစ်)၊ ပရင့်စတန်တက္ကသိုလ် (၁၇၄၆ ခုနှစ်)၊ ဝါရှင်တန်၌လည်း တက္ကသိုလ်(၁၇၄၉)၊,..wc-<.-.-.wnrဘ <uwr T <=rT''T
ကျောက်ဆည်မြို့နယ်၊ ပန်းခွာကျေးရွာအုပ်စု၌ တည်ရှိသည်။ ရွာနေရာကုတ်မှာ ၁၉၀၄၄၉ ဖြစ်သည်။ ၂၀၁၄ သန်းခေါင်စာရင်းအရ,"ToerTmdီRP' T51P=msoemeStS TSETrcs၊ epsetrmcThe 7orowg gsuညis oroe csasa,sursု"
တို့,တို့
ဘာလုပ်,ဘာဝုပ်
၊,၊
ခုမြောက်အဆင့်တွင် ပါဝင်သည် တို,TT်္အဆင်တွင် ပါဝင်သညဲ ဖဲ့
သည် တိုက်ကွင်းထဲ ဝင်ရောက်၍ ပါ,ဘည် တိုက်ကွင်းထဲ ဝင်ရောက်၍ ပဲ
"ဖောမီး (Anseriformes)"" အတွင်း ပါဝင်","=m>Aီ: (Pmsetformes)"" အတွင်း ပါဝင်"
ဘ,ဘ
တယ်။ တဲ,တယ်။ တဲ
သင်္ဘော ၁ဝ စင်း၏ ဧရာ များကို ၁၈၇၁ ခု မတ်,သင်္ဘော ၁ဝ စင်း၏ စရော များကို ၁၈၇၁ ခု မတ်
boththe,Dbounrhe
တွင်,တွင်
နတ်ကို,နတ်ကီု့
အ,အ
သွေး,သွေး
ကို အဖေမပေါ်တဲ့အဖြစ်,ရဲု မဖeေါ်ကဲက်
စု,စု
အချိန်တွေမှာ ငြိမ်းချမ်းသာယာတာကို ခံစားရတဲ့အချိန်တွေမှာ တစ်ခြား,<aျikemgy (Ek-ayk-သrာယာတာကဲ့ seoးedဲsilsesp mSh>
နှစ်,နှစ်
နောက်ဆုံးတွင် ကြယ်ပုနက် (black dwarf) အဖြစ် မှေးမှိန်သွားမည်ဖြစ်သည်။ နေနှင့် အနီးဆုံးကြယ်မှာ ပရိုဆီ,"1 TTT5T4r VဩိTSGorS5VTPsh pr=rY meET swaskagpowည်Bay၆.ယည်s sေမှ့ မန.မနyည).4မော, မရုခရ"
၌ တည်ရှိသည်။ ရွာနေရာကုတ်မှာ ၂၁၃၁၆၃ ဖြစ်သည်။ ၂၀၁၄ သန်းခေါင်စာ,"1gွ uumapugs asprcftr,urereRemS1 ur1 T*"""""
အရ ထုံးတောင်ကျေးရွာအုပ်စုတွင် ကျား ၂၃၁၀ ဦး၊ မ ၂၆၈၀,TT TirRm်smg)ရာအုပ်စုတွင် ကဗား ၂၃၁၀ ဦး၊ မ ၂၆၈ေ
လောက် ကတော့ ဝက်ဝံတစ်ကောင်က အသာလေးလှဲချပစ်နိုင်တယ်လို့လည်း ပြောပြခဲ့ပါတယ်။ ဒါပေမဲ့ သူကတော့ တစ်လက်,"...ac ueuoacua- <u=restrTA.TTTTT T"""""
ခုရှိရိုခရိုင်၊ ခုရှိရိုတိုင်း၊ ခု,ခုရှိရိုင် ခိရိုတို် ခု
ရဲ့၊ မောင်အဝေး ကလာတာကို မြင်မြင်,ရဲ့ ဟောင်အဝေး ကလာတာကို ပြင်ပြင်
ဆက်သွယ်စုံ,ဆက်သွယ်စုံ
မဟာပထဝီမြေကြီး။ ရှားစောင်းပြသာဒ်ပင်များ၊ ရောင်စုံအိမ်ပုံကလေးများ၊ လက်စလက်န သိပ်မ,"....cswvessycsler-=TITTTTT"""
စားသောက်နေကြဟန်ရှိသည်။ ကျော မောင်,ဓားသောက်နေကြဟနိရိသည်။ ကော့ ကောင်
သာယာကုန်း - ပဲခူးခရိုင်၊ ကျောက်တံခါးမြို့နယ်၊ ကြာအင်းကုန်းကျေးရွာအုပ်စု၊ ပီကုတ်(220102)ChampionofKandawgyiDota,". L.swa .ugsvacoecacAuasaspastroseme=ieTeTTT""TTT"
ခဲ,ခဲ
ဆိုးမှာ အ,ဆိုးမှာ အ
ပဲခူးတိုင်းဒေသကြီး (အနောက်)၊ ပြည်ခရိုင်၊ ပေါက်ခေါင်းမြို့နယ်၊ ကြူဝတ်ကျေးရွာအုပ်စု၌ တည်ရှိသည်။ ရွာနေရာကုတ်မှာ ၁,"..a,-aw, .or-s.ucs: sswvrtTBrTဘ=TITTT""T"""
တွေကို တော်တော်ကျွမ်းကျင်,စတွဲ့ကို တော်တော်ကျွမ်းကျင်
။ ကျွန်တော် ဆိုးခဲ့ ရမ်းခဲ့ တယ်။ ဘာမှအဆင့်မမီတဲ့ ရွာသာသာ,မ ကျွန့်မတေ် ဆံ့းမဲ့ ရေါးခဲ့ တယ်။ ဘာမုအဆင်မီeဲ pTTP
ဗျ။ ကျွန်တော်တို့ တပ်တွင်းဆိုင် က ပစ္စည်းသိပ်စုံတာ,ျ၊ ကျွနဲ့တော်တို့ တပဲတ့်းဆို့် က မခုတီ၊အိမ်ခက
နေကြရ,နေကြရ
ကျေးသီးမြို့နယ်၊ ဝမ်စပ်ကျေး,ကျေးသီးမြို့နယ်၊ ဝမ်စပ်ကျေး
ခေါ်၍ တစ်ပြိုင်,ခေါ်၍ တစ်ပြိုင်
သူတို့အားလုံး စာအုပ်ထဲသို့ ရောက်ရှိ,"saer-st: eoအုybeံdီ T""A"
ကြိမ်၊ ထိုနောင် ဘဝင်ဖြစ်ထိုက်သ၍ ဖြစ်၏ ။,"""ီ'္ ""AီrT mfBgkaiytuနg gsေ,"
၀,၀
ခြင်းလျှင်၊ တန်ဆာဆင်၏၊ နှုတ်မင်္ဂလာ၊ စကားမှာကား၊ အသာ,(န:၀ျငံ၊ ငနဲ့ဆောဆင်၏။ နွတ်မင်္ဂာ၊ စmားvpmP T57P
မောက်များနှင့် ပုံစံမတူ,မောက်များနှင့် ုံစံမတူ
ကြောင်း,ကြောင်း
နိုင်သည်။ ကမ်းရိုးတန်းနိုင်ငံများသည် ကမ်းလွန် ပင်လယ်ရေတိမ်ပိုင်းတွင် သယံဇာတပစ္စည်းများ ရှာဖွေ တူးဖော် ရန် အ,"'""T""TTTT'TT-TTorSarsuo-acrwss."
၊ သွေး,၊ သွေး
ရာသည်,ရာသည်
ကျောက်တုံးကို,ကျောက်တုံးကို
ပြီ၊ ကောင်းပြီ။ ကျွန်,ြီ၊ ကောင်းပြီ။ ကျွန်
ကိုတင်ဦးက မြိုင်၏နာ,ကိုတင်ကီးက မျိုင်၏နာ
ပေ,ပေ
ဘယ်လို ခေါ်ကြမယ်မသိဘူး တိုက် လူဦးရေတိုးနှုန်းသည် ဝ.၉ ရာခိုင်နှုန်းဖြစ်သည်။ ခန္တီ (ပုလောက်မြို့နယ်ခွဲ) နယူတန်၏,"' ""T1TTRfT=Ttehoreine=ePwskRsus s,v..agawcs.s"
မှာငြိပါ ပါလိမ့်။,မှာငြိပါ ပါလဲမဲ့။
ဇစ်,ဇစ်
ခြားလိုက်,ခြားလိုက်
ထောင်သူလည်း,တောင်သူလည်း
င့်သည် ။ ၎င်းသူမတို့ကို ဟေဂျားဘ်ခြုံမှုမခြုံမှုတွင် လွပ်လပ်စွာရွေးချယ်ပိုင်ခွင့်ပေးသင့်သည်ဟုဖြစ်သည်။ ထို့အတွက်ကြောင့် ထို,င့်သည် ။ ၎င်းသူမတို့ကို ဟေဂျားဘ်ခြုံမှုမခြုံမှုတွင် လွပ်လပ်စွာရွေးချယ်ပိုင်ခွင့်ပေးသင့်သည်ဟုဖြစ်သည်။ ထို့အတွက်ကြောင့် ထို
လက်,လက်
မနည်း ပြန်တည့်ယူရ,Tteညီး ပြဲနံတည့ယူရ
သို့ ပြန်ရောက်သော် ရိုမန်တစ် ဟာသ Finding Mr. Destiny ၌ ပွဲဦးထွက်လာရာ ကိုရီးယား၌ ရုံပေါ်မှမဆင်းသော ကား ဖြစ်ခဲ့သည်။ နတ်ဆိုတာ မဂဓဘာသာမှ နာထသဒ္ဒါကို အ,"'""""'""""""'T''' ""'.""..........."
ဒစာစောင် ရေးသားပြီးနောက် တနှစ်အကြာတွင် ရေးသား,ဒစာစောင် ရေးသားပြီးနောက် တနှစ်အကြာတွင် ရေးသား
ဖုန်းနဲ့ နံပါတ်တစ်ခုကို ခေါ်လိုက်ပါတယ်။ ဆူနီဆာ ကာဝရွန်ဂရောင်း (၂၉ ဇန်နဝါရီ ၁၉၇၂ မွေးဖွားသည်) ထိုင်းနိုင်ငံမှ မာရသွန်ပြိုင်ပွဲဝင်,"'""IT""TT T' ToT=TLo=ecsvsws.w.waus"
ည့်,ညံ
လား အဲ့ဒါဟာ ကျွန်တော့်,Fား အဲ့ဒါဟာ ကျွန့်တေ့
ရင့်တပ်သားများက လိုက်လံတိုက်ခိုက်ရာ ကနီနော်ရ,wcr-ap=sma7MRTPT
ကျဖို့များတယ်ဗျ...ခွေးမသားပုလိပ်တွေက လိုင်းကြေးယူတုန်းကယူထားပြီး အမှုလို,'TTT5T1.TI TTtrTPserers rStiegkcyny-.aagy asag
ဝ,ဝ
အင်ဂျင်ကို အကန့်အသတ်ဖြင့် ခုတ်ရခြင်း၊ လွယ်လင့်တကူ အရေးပေါ်လုပ် ခတ်တက်က,"'""T""T""TP1 TRT ra-semg =sa,a csc"
မောင်,မောင်
ခြင်း,ခြင်း
မျက်နှာ,မျက်နှာ
ပင်,ပင်
အများဆုံးဆေးကို အသက် ၂,"အမာ့နူ့းဆေးကို့ m"" 2"
သိမ်းထား ကြလို့လား,ိစ်ကား ကြမို့လော
ရွာတွင်,ရွာတွင်
ချက်ပြ,ချက်ပြ
မြင်းစ,မြင်းစ
လုပ်မဖြစ်။ နောက် ဆုံး ရထားသည် ခပ်စောစောကပင် ပါရီသို့ ထွက်,"လူ့ဝဲမငွဲခံမ နောက် ဆုံး ရထားသည် ပါစောစောကးv် ါ""ီတိ' Ta"""
ယား ရောဂါစွဲကပ်သူ ဦးရေသည် နှစ်ဆ,TT Tprei့က၆သ၃ ဦးရေသညဲ နှ.
ထားသီ,ထားသီ
လ,လ
သည်,သည်
သေး,သေး
သို့ ဆိုက်ရောက်လာ၍ ဆေးဆိုင်,သဲ့ ရဲ့ကံရောကီလာချိ့ အေးအီဂီ
နားလည်ကာ ပြီးပြီးပျောက်ပျောက် သဘော,e=လည်က(၉MShaupr်agpSTT
လွတ်တစ်ရွက်,လွတ်တစ်ရွက်
သဘောထားကို သပိတ်ကော်မတီကို အကြောင်းကြားချင်လို့ပါ။ ကိုရင်က သပိတ်ကော်မတီဝင်ဆို၊ လုပ်ခ,"- T75TTီ51TTP5PTS'oedီကီ molတhpetihpsacb်Rဲ့ui။ mဲ့aင်eာ suBetံemsusaiat,ogta"
ရိုင်၊ တွန်းဇံ,ဂိုင်၊ တွန်းစံ
Wardအမှတ် (၁၄) ရပ်ကွက် အခုဆို ကစ်ကစ်,wwuaမf (၁၄) ရပ်ကင်္ အခုဆုံ Aက*
တိထားနော် ကိုင်းကျိုးကျမယ် အခြွေအရံကလဲ ဒါလောက်ပဲ နည်း,as-ss-armpamdmmTTT
ခြေအနေကို လိုက်လို့ ပြောင်းလဲလုပ်ကိုင်ကြရတာ,agwsေrn)့ eirtheli Gြpာf်reimesRIZ35P
ချယ်ခဲ့သည်။ ကိန်းကဏန်းများဖြစ်,မျယ်မဲ့သည်။ ကိန်းဟဏန်ကျားကြ
ထောက်ထိုင်ချ လိုက်,ထောက်တို့်ခု့ ရဲ့်ီ
မေးခွန်းတွေကိုလည်း မုန်းတယ်။ ၀င်းလှသည် ဖြူဖတ်ဖြူရော်ဖြစ်နေသော ခိုင့်,"1 TTT9TSPermီoSes= ssးဟoယံ။ ပင်းလေ့သည, Gageiြgep}့ွခံszaာ 2ig"
ဆုံ,ဆုံ
ရောက်,ရောက်
တိုင်းပဲ ကြည့်,တိုင်းပဲ ကြည့
ပါတယ်။ ဒါ,ပါတယ်။ ဒါ
စာ,စာ
ခဲ့သည်,ခဲ့သည်
"ပြောင်းအလဲတွေကို သိကောင်းမှ သိမှာပေါ့။ ဖြစ်သော်လည်း၊ တရုတ်နိုင်ငံတွင် ချူမင်းဆက်အစ ဘီစီ ""ဆက်သွယ်ရေး ခက်ခဲ","ပြောင်းအလဲတွေကို သိကောင်းမှ သိမှာပေါ့။ ဖြစ်သော်လည်း၊ တရုတ်နိုင်ငံတွင် ချူမင်းဆက်အစ ဘီစီ ""ဆက်သွယ်ရေး ခက်ခဲ"
မျှ အသုံးမဝင်။ လွမ်းချင်းစပ်နည်း ပထမဆုံး,ပျှ မသုံးမဝင်း လွမ်းချင်းစပ်နည် mmmdဲ့
ပေါ်မှာ ငါ,ပေါမှာငါ
မှာ ၁၈၃၀၆၈ ဖြစ်သည်။ ၂၀၁၄ သန်းခေါင်စာရင်းအရ ဂုံမင်းကွင်းကျေးရွာအုပ်စုတွင် ကျား ၉၁၂ ဦး၊ မ ၁၀၈,"< p wnag,ws (gaိacis ၂wop acitwslileossisen trtrsrerarmemfT=c်္ TI"" 613 PT 7TT"
၀,၀
ကုသ,ကုသ
ခရိုင်၊ ဖားကန့်မြို့နယ်၊,"ခရိုင်၊ ဖားကန်ဂြီ,A်'"
ပြန်,ပြန်
၏။ ထိုအခါ မိုးရေခံသင်္ကန်းသည် ဆွေးမြေ့သည့်အခါ အဝတ်မဆီးဘဲ ကိုယ်ကို မိုးစွတ်,"a.a,asasunsvssrvAreirTmTTTTT"
ဖေဖျားရဲ့။ အံ,ဖေျားခဲ့ =
တစ်စိတ်တစ်ပိုင်းအနေဖြင့် သူမသည် တောင်အာဖရိကတွင် နယ်လ်ဆင်မင်,"- <AAuio-Aidsuwv၄ံ သ့သည်ံ တော်ကာAီကm် Aာ်က်က""ီဘ်"
ရှိဘူးထင်ပါတယ်..,ရှိဘူးထင်ပါတယ်..
တစ်လုံးနှင့် ထိုင်နေ၏။ ဦးလေးသည်,လန်ဆုံးနှင့ ကိုင်နေ၏။ ဦုး၈ေတည်
၀ ဦး၊ လူ,၀ ဦး၊ လူ့
သဖြင့် စိတ်ပျက်စွာဖြင့် မာရ်နတ်ထွက်ခွါသွားရပုံကို ဟောတော်မူသည့်သုတ်။ အဘွားရော ... ဆေးရုံလိုက်သွားလား ရှေးခေတ်တရုတ်,". .ွ uေသွေမွေ့gွp-agscsysagsgnagasg stceoekegntgherft =msore . =AmideYerTr"" 5I TfPTeီ"
ည့်ပြင် အကြောင်း,တ့ပြင် အကြောင်း
"caseof#switch,averagepagecounts)","caseotissvitcRs,asvcragcpagccOU)"
လိုက်,လိုက်
ဆေးလိပ်,ဆေးလိပ်
ရေးလှ,ရေးတ့
ယမကာကို စောင့်နေကြတယ်။ စားပွဲထိုးမလေးက တော့ အသက်ရှစ်ဆယ့်လေးနှစ်ပဲ ရှိသေးတဲ့ လှ,"..Lcsuwsas,.a.=cse=r= =TTTT""TT"""
ကြီးအ,ကြီးအ
သည် အိမ်ထဲရှိ သမီးနှစ်ယောက်ကို တစ်ချက်,"'T် ""ီကRီ =ဇီးနစ်ယောက်ကဲ့ ခံaျy)"
ပါတယ်,ပါတယ်
ရမှ ပို၍ ဒေါသဖြစ်မိသည်။ ကိုဘခက်သည် သူ့ကို တမင်,"., နုန္တ walku)မခဲucst TmnTacd2 Teီ T"
၏။ ကိုယ်ထင်ပြလာသူကဲ့သို့ အခန်းဝတွင် မြိုင်က မလှုပ်,ဤ- ကို၏်အကင်ငံကာအူကဲါို အမန်းပလွ် မြုံဝေ၊ မလှနံ၊
မိမလား မသိဘူး၊ အန်တီ မီ,"""m>wအိဘူး၊ အနဲမဲ ခ"
သည် ကချင်ပြည်နယ်၊ ပူ,သည် ကချင်ပြည်နယ်၊ ပူ
အမြင်ကို လိုက်နာသူများသည်,"""ဖိ်ကို လိုက်နာသူ့များသညံ"
တိ,တိ
နေရာ ဆေးရုံမှ ကျန်းမာလာသည်,"နေရာ ဆေးရ့မှ myး၊m""တZ"
စစ်,စစ်
အတိုင်းဖြစ်,အတိုင်းခစ်
ဏခဏ မေးသည်။ ကျောင်းဆင်းသောအခါ ကျော်စွာတို့သည် ပူနှိပ်တို့အိမ် ဘက်သို့ သွားရလေသည်။ ကယားလူမျိုးစုဒီမိုကရေစီပါတီ နှင့် လူမျိုးပေါင်းစုံဒီမိုကရေစီ,"'""T""T'TTTI1TT*T*TT TBRrTiorတဲ. AhrRo9 orted,sosecrscညsroecoryayearoascaws s o,ay,asasgsg"
ထိုင်းအဆင့်ကိုမိခင်ဘာသာစကား (သို့) ဇာတိနီးပါးအဆင့်တွင်ကျွမ်းကျင်ကြသည်။ သူတို့,"- ags,ms,t,wiysatzoemrs ဟဲ့ ) ာတံနိုးပါးအနောင်တaင်ဂar္rmaP5S37=7ဘS""""TN""ီ:"
ပြုနိုင်။ လက်သစ်,ပြုနိုင်။ လက်သစ်
ဆိုခဲ့သည်။ သမ္မာကျမ်းစာကို အသုံး,အီခဲ့သည်။ သမ္ဘာကျမ်းစာကို အသုံး
မျိုး,မျိုး
"ဖြစ်သည်။ ""အခမ်းအနားမှာတုန်းက လူတွေက",(gဓgy-swksesemsA7TTT
ကျိုး ဖြစ်စေခြင်းငှါ မစွမ်းနိုင်ခြင်း၊ ရုပ်အကျိုးတရားကို ဖြစ်စေတတ်သော,ကျိုး ဖြစ်စေခြင်းငှါ မစွမ်းနိုင်ခြင်း၊ ရုပ်အကျိုးတရားကို ဖြစ်စေတတ်သော
ညီ၊ လမ်းတော်ဖိုးတုတ် သည် တပည့်များအား,ညီ၊ လမ်းတော်ဖိုးတုတ် သည် တပည့်များအား
လာ,လာ
"anotherevent,butingeneralyou'reallowedtouse",anofhersven:butingenaraiyeurveakoueatouse
ခဲ့သူဖြစ်ပြီး ပန်းချီဉာဏ်သစ်လောင်းသင်တန်းများ ဖွ,"""T9%6 T%AecmSsAecrss.as..y"
ရွက်ပင်,ရွက်ပင်
ချို့,ချို့
ဟစ်ပိုဂိုဏ်းအုပ်၏လက်ထောက်အဖြစ် တာဝန်ယူပြီး ၅နှစ်အကြာ ဂိုဏ်းအုပ်ကွယ်လွန်သော် ရာထူးတိုး၍ ဟစ်,ဟစ်ပုဂှိဏ်းအုပ်၏တလက်ထောက်အဖြစ် တာဝန်ယူပြီး ရ၅နှစ်အကြာ ဂိုဝဏ်းအုပ်ကွယ်လွန်သော် ရာထူးတိုး၍ ဟစ်
အိတ်ဆိုရင်လည်း စုတ်,အိတ်ဆိုရင်လည်း ခုတံ
ကား,ကား
ထွင် ဖော်ထုတ်လာသည်။ အဆီးရီးယားနိုင်ငံ၏ လက်အောက်,"သွ့စံ ခော်ယုတ်ံလာသည့်။ အဆီးရီ့းယားခိုစ်ငံ၏ Prီmm"""
အယ်လ်ဂျီးရီးယန်း,အဟ်လ်ဂျီ့ရီးယနး
ခုနှစ်ရက်သားသမီးများနှင့် ပူးပေါင်းပြီး အထက်ဌာပနာ ထည့်သွင်း,"""TT""TTT+ersိemtB: wscsgesagya,"
ပါတယ်ဗျာ သိပါတယ် လုပ်စရာမရှိတော့,"'TTT5 3Oieud oytspvwgas,"
ကားရိုက်ရန်အတွက် လားရှိူးသို့ ပြန်,ကားရိုက်ရန်အတွက် လားရှိုးသို့ ပြန်
ပုံမှန် လက်ချာ သင်ခန်းစာများ,( ) arhap stsAsTPT
ရှိ အကြောစိုင်မှန်သမျှ တင်းမာနေသည်။ သူ့အား အ,"1 ီ ""STF္Ttfers mewce, ags. 4"
လိုက်,လိုက်
သဘင်သို့ ဆောင်ယူ တော်မူသွားပါလျှင် အောင်မြင်,"""TT*Aီ. mr်္:s တေ်မှူသွားပဲပျပံ မageန"
တယ်။ သူဇာလွင် ခေါင်းခါလိုက်တယ်။ သူ ခေါင်းခါပြနေတာကို မင်းခန့်ထူး မြင်ပါစေ။ မလာ,"'""TTTTTTTTT+:lvec=asyu,suau..."
ဟေ . . . ဟုတ်လား ငလျင်လှုပ်ခြင်းများ၏ အကျိုးဆက်များ/သက်ရောက်မှု,T-T - - VarST- = =nsry(RgE:ep၏ srmigsrdlmp-racrmpmby
တွင် မျက်နှာပြင်တစ်ခုတည်းသာရှိသော်လည်း သိပ္ပံပညာ ဆက်တိုက်ယူလာခဲ့သော ကေသွယ်အတွက် သိပ္ပံနှင့် နီးနီးစပ်စပ် ဟူ၍ မူလတန်းကျောင်းတွင်,"s,Lu,scascwacsroaues asre:=asoeme=-wTTTT'TT""TT""TTTT"""
မွှေး,မွှေး
၊ မ ၁,၊ မ ၁
စီး,ဒီး
လိုက်၏။ စုသည် ကြီးကြီးမေရင်ခွင်,ကိုက်၏။ စုသည် ကြီးကြီးမေရင်မွင်
အသင်း,အသင်း
ဗြိတိသျှတို့,ဖွဲတိသျှူတို့
၁,၁
ပန်း,ပန်း
သောအားဖြင့် ထိုလွမ်းချင်းတို့တွင် တောတောင်ရေမြေ,Tmားကြင် အိုလမ်းချင်းတို့တ့် တောတောင်မရမြေ
စေ့စပ်ကြောင်းလမ်းထားလျှင် သော်လည်း ထားရလိမ့်မည်။ သို့ဖြစ်နိုင်ပါမည်လား။ မမြင့်ဦး၏ မိဘ ဆွေမျိုးတွေက သဘောတူပါမည်,စေ့စပ်ကြောင်းလမ်းထားလျှင် သော်လည်း ထားရလိမ့်မည်။ သိ့ဖြစ်နိုင်ပါမည်လား။ မမြင့်ဦး၏ မိဘ ဆွေမျိုတွေက သဘောတူ့ပါမည်
သည်။ ယခု,သည်။ ယခု
၊ဟူံ အစရှိသော စကားလုံးများမှာ တန်ခိုးစွမ်းအား ကိန်းအောင်းနေသော စာလုံးများ ဖြစ်ပြီး မန္တရားများတွင် ထည့်သွင်းအသုံးပြုကြသည်။ မဏိ ဟူသည်မှာ ပတ္တမြားကို ဆို,".ys,.w.ss.awau:.sacaur=re-RB-wte=PTPTTPT5T""TT""TT"
အသစ်သစ်ဖြစ်သော အချစ်လွှာ မှာတမ်းတော်,အသစ်သစ်ဖြစ်သော အချစ်လွှာ မှာတမ်းတော်
လွင့်,လွင့်
မူ,မူ
ပဒေ,ပဒေ
တော့်,တော့်
ရှိ၏,ရှိ၏
ကြီးကျယ်စွာဆောက်လုပ်လှူဒါန်းခဲ့လေသည်။ ပေါဠ,Eီ-msAspesာ်္ကလ့ပ်လygAါktးမဲ့rvသညံမ ပေါg
၍,ရဈွံ
အ,အ
၄၆ ခုနှစ်,၄ ရန်
သို့ တက်,မို့ တက်
များထဲ,များထဲ
အမျိုးသမီးဘက်သို့ ခေါင်းညွှတ်,အမျို့သမီးဘက်သို့ ခေါင်းညွှတ်
ခါ လျှပ်ပေါ်,ခါ လျပ်ပေါ်
ခုနှစ် ဩဂုတ်လ ၃,ုနှစ် ဩဂုတ်လ ၃
ဓိသမ္ဗောဇ္ဈင် မရှိလျှင်လည်း ငါ၏ သန္တာန်၌ သမာဓိသမ္ဗောဇ္ဈင် မရှိဟု သိ၏၊ မဖြစ်သေးသော သမာဓိသမ္ဗောဇ္ဈင်၏ ဖြစ်ကြောင်းကိုလည်း သိ၏၊ ဖြစ်ပြီးသော သမာဓိ,"..a.usuva,vw vua Lcas.orse csos owt-= <~Tဘ=TTTTTT""TTTTT"
ဆုံး ဖြစ်၏။ ဤအခြေ,T: Bh၏Mwဣဤအe(ခ
ငေးငိုင် ကြည့်ရှုတော်မူလာ,ဝေးစိုင် ကြည့ရgတော်aPm
နှစ်၊ ပြီ,နှစ်၊ ခြံ
ကိုဒေါင်းစိန်,ကိုဒေါင်းစိမ့်
ဆောင်ခဲ့သည်။ ယွင်းချက်,ဆောင်ခဲ့သည်။ ယွင်းချက်
မှ ၁၉၉၁ ခုနှစ်၊ ဒီဇင်ဘာလ ၂ဝ ရက်နေ့တွင် ကြေ,% T5T To A+fဘo Jc srmwngs ညူ
အတွင်း မြန်မာပြည်အနှံမှ,အတွင်း မြန်မာပြည်အနံမှ
ကွေ့တဲ့။ ကျွန်မဘဝမှာ အချိုးအကွေ့တွေ တော်တော်များပါသည်။ ဘယ်အချိုးအကွေ့က အရေးပါ,"angpa rgiAspoyo swayarosangeေg့ ဟော်တေr်မrp=းပါသoညါး။ r%Se1Mီ5T5T5t"" TT7"
သည်,သည်
ပီး နောက်တစ်ခုကတော့ ကိုးရိုးကားရားမဖြစ်အောင် အာရုံမ,"""""T*TPTm+ TBmwepswgsaa as,"
၇၉-,၇၉:-
နှင့်ငါ စင်စစ် ပေါင်းဖော်ခြင်းဖြစ်တန်ရာ၏ ။ လက်ကလေးနှစ်ဖက်ကို ဖြန့်ကာ ဝန်းဝိုင်း,'TTIိTTPိ6H-PrT -=rerausuwgasas
မင်းတပ်မှာ ကနောင်မင်းသား၏ ငယ်နာ,"( Aaryှ. meေrfeRter""TTTT"""
ဘူးသော ဖခင်၏,ဘူးသော ဖခင်ခအီ
"ပစ်လိုက်လို့ ကားကြီး ရပ်သွားပြီ"" စိန်ပွဲစား","ပခစ်လိုက်လို့ ကားကြီး ရပ်သွားပြီ"" မီနိ့မဲ့ဇား"
တယ်,တယ်
ရာတွင် လိမ့်၍ကျလေပြီဟု ခန့်မှန်းသိရှိရသော်လည်း ထွက်ပြီးဆင်းမသွားဝံ့၊ ဆင်းသွားခါမှ ဖွပ်သည်ထက် ညစ်,"paga ansgiraourpny, မနysးAasacr်duညs။ rapmRgsrsoftosorsh. mPီte'PT 6TT5'T"" 6Eီ"
အရ ငါးရှဉ့်ရိုးကျေးရွာအုပ်စုတွင် ကျား ၆၅၄ ဦး၊ မ ၇,- sua oiaaimagposisep =mt-.P57 6TI7T
တူတူရယ် ဘယ်တော့မှ,တူတူရယ် ဘယ်တော့မ
ပေး,ပေး
အောက်,အောက်
ထွက်လာသည့် ခိုးဝင်,ထွက်လာသည့် ခိုးဝင်
မှ ကိုယ်ကျင့်သိက္ခာ ဖြူစင်မှလည်း အခြားသူတို့ဘက်က ကိုယ်ကျင့်သိက္ခာ ဖြူစင်လာမည် ဖြစ်၏။ ထိုအခါ လောက၌ ဒု,"1 T.""ီTIARီTo PTeoeိs: =mSroereomeaer mh(Lဲmagtaဲrgo igBocr-wည2, gaAkv sa,sa soornag နု"
မင်းပြုတော်မူ၏။ သန်,wtuyeေr်ဖ၏n =*
နတ်က,နုတ်က
။ ၁၉၆၈-,။ ၁၉၆၈-
တော် ပါတဲ့ ရွှေရှူဆေးဘူးချီးမြှင့်ခံရတဲ့ကိစ္စဟာ အမှုတော်ထမ် ကောင်းတဲ့အတွက် ဘွဲ့ထူးဂုဏ်ထူးချီးမြှင့်ခံရ,". wce,aw,agrs.-s,agcwpvsosr=s memT=rS ==PTPTPPTTTPTT"
၃၅၃ ဖြစ်သည်။ ၂၀၁၄ သန်းခေါင်စာရင်းအရ တောင်နီကျေးရွာအုပ်စုတွင် ကျား ၁၁၀,"'TT""""5 T""TTTPfmvomsupeasas.s.."
ဟူ၍ သီးခြားမရှိခဲ့ဘဲ၊ ရောမနိုင်ငံတော်,ဟူ့၍ိ သီးခြားမရှိုမဲ့ဘဲ၊ ရော့မနိုင်ငံတေခံ
င့်,င့်
မိခေလ၏,မိခေလ၏
တို့,တို့
ခင်,ခင်
မခွဲ,မခွဲ
စံဖြိုး,(ံဖြိုး
တို့အိမ်နဲ့ ဖေဖေတို့ အဖေ အမေအိမ်က ကံသိပ်ကောင်း သွားခဲ့တယ်။ ကျွန်မတို့,""" ""ါ်္ဂီ' '""ီ =-- mo=R9S Wifikawts sps-.s.;gနူ"
ခုအချိန်ထိ စီစဉ်,ုအခို့မ့ထိ စီးဉ်
ပြုံး,ပြုံး
တော့,တော့
ထောင် မြန်မာနိုင်ငံအသင်းသည် ၁၉၆၀ နွေရာသီ အိုလံပစ်ပြိုင်ပွဲသို့ ဝင်ရောက်ယှဉ်ပြိုင်ခဲ့သည်,". .., gscspocacag wte=r"" ATRWTTT""TT"""
ဒုက္ခနှင့်ရင်ဆိုင်တွေ့ကြုံနေရရှာသော အေမီက သူသည် ကူးနားပဲလေ့,"( psyssaaraktsssewer =fTTTT657TTT"""
ဆောင်,ဆောင်
ရင် လုံလောက်ပြီပေါ့,TF လံ့လောက်ပြံပေါ့
ဟု ဆု,ဟု ဆု
ငံတော်,ငံတော်
ကြီးရှိ,ကြီးရှိ
။ အပြစ်,။ အပြစ်
။,။
ပင်ကို,ပင်ကို
ပုန်း,ပုနို
သည်။ ဂျာနယ်လစ်များက,သည်။ ဂျာနယ်လစ်များက
င့်,င့
ယှဉ်တွဲလျက် ရှိသည်။ စနစ်တကျစီစဉ်ပေါင်းစုထားသည့် အခြေခံဥပဒေ,"""*RT1RTES TaAer9eZscdtsecာrsg sgwgs.es"
"usingthe(required!)INSEEcodeandasubtemplate.Thefields""region""and""department""arenolongerused.ဝေါလစ်နှင့်ဖူကျူးနား 90 days စေတော်မူ","1 ausapapsasoyrsescrocorosuavoensase.StostsasrsesorsosesomsormsrTtSr=ThT=arTTPT5P16T90T5 TTTT""ီ%"
။ စာရေးဆရာ မောင်ဝံသ ပဲခူးတိုင်း၊ ဝေါမြို့နယ်၊ မြစ်ကျိုးကျေးရွာတွင် မွေး,"., <sss erss aswijin =fteh 6I-ATT7 T"
င့်ဝန်,င့်ဝန်
ရွရွနှုတ်ခမ်းဖြင့် သူ့ခေါင်းကို,ggaတံueit(Hyp့ sRPTီ
သကြားနှင့် ဆန်ကို ပေါပေါ ဝယ်နေရသည့် အိမ်ရှင်မများက ဘုရားသိ,".ည.-.မ .မ4ရ, ယေါေပi eudesrsoei RTfmP""TTT""ီ"
ချက်,ချက်
င့်,င့်
နှက်နေ,နှက်နေ
ကြည်မှုတစ်ခု,ကြည်မှုတစ်ခု
လည်း သူ,လည်း သု့
၀(ခ) အရ နေအိမ်တွင် တားဆီးမိန့်ထုတ်ပြန်,"""TT'T,7Aအsf mosksgspegg"
ရပြီး တညင် ကျောက်,ရ၉ြံး တညင် ကောကဲ
ဂန္ဒီကို ဘာမှပြန်မပြော,"""6ီကို ဘာမပြနံမပြေ"
သော အကြောင်းအရာများမှာ သာမန်လူတစ်ယောက်အနေဖြင့် လွယ်လွယ်နှင့် မသိရှိနိုင်သော သူမ၏ အတွင်းရေးများသာ ဖြစ်သည်။ တစ်ဦးတစ်ယောက်က သူမအား ချောင်းမြောင်း,သော အကြောင်းအရာများမှာ သာမန်လူတစ်ယောက်အနေဖြင့် လွယ်လွယ်နှင့် မသိရှိနိုင်သော သူမ၏ အတွင်းရေးများသာ ဖြစ်သည်ီ။ တစ်ဦးတစိယောက်က သူမအား ချောင်းမြောင်း
၊ ဆိုင်သာဆိုင် မပိုင်ဘူးဆိုသလို ဖြစ်နေ,၊ မဲ့န့သာဆိုင် မဝိင်ဘူးဆို့သတီ ၆T%
ကျင်းအား နတ်မိမယ်တမျှ ထင်မှတ်ပြီး မြတ်နိုးခဲ့သည်။ သူမ အလှရိပ်တွင် ယစ်မူး,"- ကမွနံလအောo နchံဲမယဲoာမg ထင်မှတီပြီး ခကတေ်ခိးဝတ်SP em mteW6a""T1T795"
ဖြတ်,ဖြတ်
ဗွီက ထုတ်လွှင့်တဲ့ ဓာတ်လှိုင်း တစ်ခုဟာ တစ်စက္ကန့်ကို,ွဲက- အ့တံလွှင့်တဲ့ မာတ်လိုင်း တစ်ခုဟာ တခံစထAဂီ
၀ဖြစ်စဉ်,ဝဖြစ်စဉ်
ကို တစ်နေ့လုံး လိုက်ပြီး,နု အ4နေ့gဒး လိုက်ပြံ
ပေါက်,ပေါက်
ခဲ့သော,ခဲ့သော
မန်ကြီးက ဘာမျှ,မန်ံကြီးက ဘာန္
စိတ်ဒဏ်ရာတွေရဲ့ ကြိုးကိုင်,ဒီတီဒဏ်ရာတွေရဲ့ ကြိုးကိုင်
ရှိုနာလူမျိုးဖြစ်,ရှိ့နှာလမိုးတြ်
ပါဘူး။ ကျောင်းထိုင်ဆရာတော်အဖြစ်ဖြင့် ဦးစိန္တာသည် စာပေပရိယတ္တိကို သင်ကြား,s acg <ngasagawrpaorsanijaig05RemdSiTTTRITZ7
ပီကင်းဂိ'ခွေးမျိုးနှင့်တကွ ငှက်ပစ်ထွက်ရာတွင် လိုက်လေ့ ထိုင်လေ မိန်းကလေး ဒီဇယ်အင်ဂျင်အ,- TT>T7T7Wီ09mas SrSvSmsmSspmyS e၃ကhကeေ ထို့င်ေပ မဲ့rewv sc2a2nyss
သည်။ ဤမျှလောက် အချိန်အတွင်း,"""TTSိ1 Zaecerာ်္ wa့ysnge,"
၊ မသွားဘူးလား၊ ဒါပဲပြော ၆၄-ပါးသော ဣန္ဒြေတရား ဒေါ်ခင်မြသစ်သည် ကိုမြင့်ထူး၏ဝတ်ရုံကြီးကိုသိမ်းကျုံး,"'""T""T""TTTTVT Treesarmwaeasars"
ကား,ကား
တာဒေါ်မိုးသူပါလား၊ ကျွန်တော်တို့လမ်းထဲ မလာစဖူးလာတယ်၊ ဗန္ဓုလ ရုံမှာ,"s a.s,aar-orjerhwircsvm =r=e""TTTMT9T"
ကျော်,ကျော်
င့် အောက်ဘုံ,၆ အောက်သု
အပိုင်းတွေကို အခု,အပိုင်းတွေကို့ အခု
"အင် သုံးစွဲနိုင်အားမှာ ၅၅,၅",အင် ရုံးရဲနိုင်အားမာ ၅၅၅
အ,အ
ကတံ ကရဏီ,ကတံ ကရုးစဲ
ရီဂျီအိုဗန္ဒီသည် အုတ်,နုရု)အဲ့မါ့သခည်
ကြီး,ကြီး
"မဏိပဲတဲ့"" တက်စသည် တညနေလုံး ကြီးမားသည့် မြေပုံချပ်ကြီးကို ကြည့်နေပြီးနောက် မိတ်ဆွေအမတ်တယောက်နှင့် သွား၍ ည","'T"" TT""TTTTRmR1 Gemaca ucsz.u sss"
ရာ ကျွန်မတို့အပေါ်မှာ ကျေးဇူးတွေ အရမ်း များနေပြီ,ရာ ကျွန်မတို့အပေါ် မှာ ကျေးဇူးတွေ အရမ်း များနေပြီ
ကြ,ကြ
နဲ့,နဲ့
ခါ,ခါ
တောင်ယွန်းယွန်းက စာ,တောင်ယွန်းယွန်းက စာ
လူ့စွမ်း,လူ့ွမ်း
င့်အတွက်ပါလာ,င့်အတွက်ပါလာ
အမြဲရှိတယ်၊ ကင်,အမြဲရိုတယ်၊ ကင်
င့် နည်းပညာ အဖွဲ့အစည်း အသင်းဝင်များ နှင့် ဈေးကွက်အတွင်းမှ အကျိုးတူ,""" ""NeီTE5 TMmTeS mosfBsrfep: iS wepreyntkwာygcsy wuag,y"
သို့မတင်ပဲ ကုလားဖြူရပ် ကွက်ရှိ ကုန်လှောင်ရုံ၌သာ ထားသည်။ သင်းတို့ ခဲယမ်းလက်နက်သင်္ဘောကို ယခင်က ရန်ကုန်ဆိပ်ကမ်း,""" ""ီ""T*0 TTWoMh Ter""Aီ: TSmeTAarer moroeSi၊ sctsd, uktrcrikrsasc.ng uwtr sn,satrsy"
သည့် ခွေးအများကို ထပ်မံပစ်ခတ်ပြန်၏။ ကျည်ဆံတိုင်းပင် ခွေးအများကို ထိမှန်လေရာ နောက်ဆုံးတွင် ရှင်းလင်းသွားလေသည်။ 'ဪ,"' TeA TTPTီT*T*TeAT T macrmimA်SrorS oarewာrကု ဟဲမှမဲeေရာ, srhcgrngC pE:cs:agp-eca.gy မနညgန)"
ပြီးနောက် ကားပြန်၍ ထွက်သွားသောအခါ ကားပေါ်၌ ပါးစပ်တွင် အဝတ်များ စည်းနှောင်ထား,ပြီးနောက် ကားပြန်၍ ထွက်သွားသောအခါ ကားပေါ်၌ ပါးစပ်တွင် အဝတ်များ စည်းနှောင်ထား
နေလို့ပါ ဗိုလ်ကြီး,sနုလို့ပါ ဗိုလ်ကြီး
သခင်က ဝေါယာဉ်ပေါ်သို့ တက်ရန်ပြင်လိုက်၏။ ကျမ်းပြုကြသူများ,"ssir=s wlueos5ui, or်aေဲ့ြခါိ့်၏။ က%GG=6'"
ခင်ဖြစ်သူ,ခင်ဖြစ်သူ
င,င
"နေ့မသင့်။""",နေ့မသင့်မ
တော်ဝန် ကော့ခ်,"""ကာီဝန့် ကော့ခံ"
ထို့နောက် အမျိုးသမီးကို နှုတ်မဆက်,ကီ့ဇနာက် အမျိုးသမီးကို နှုတ်မဆကံ
နေရာ၌ နေရ သည့်,နေရာ့ွဲ နေရ.၁တိ
စုမှမော်လမြိုင်အ,ုမှမော်လမြိုင်အ
ခွဲစိပ်,ခွဲစိပ်
အသိ,အသိ
အချင်း,အချင်း
ရာကုတ်,ရာကု၏်
ကျရောက်နိုင်အောင် လည်းကောင်း၊ ပျောက်ကင်း ချမ်းသာစေရန်လည်းကောင်း အသုံးပြု၏။ အဆိုးဆုံးကကိုတိုးကြီးဖြစ်,"'""TTTTTTTTT: =ITT =Porvkicederca, asgs aေaswgng"
ပ,ပ
လာလမ်ပူသည် ဆီလန်ဂေါ ပြည်နယ်ထဲမှာ ရှိ၍ ထိုပြည်နယ်ကို အုပ်ချုပ်သော မလေးဘုရင်က ကွာလာလမ်ပူ,". ..ayg w.,s sas Wai RsetsRMmTITT"" T""5"
မိုင်,မိုင်
ပျိုး ရူပဗေဒဖြင့် တိကျစွာ တွက်ချက်မရတော့သော ကိစ္စရပ်များကို နှိုင်း,1 140 M'TTPြ၆ တီကရာ တု့ကိရေ့ကီမရတော့သော ကိစg္ရံမှားမကဲ နှိံ၊
ကျောက်ဆည်မြို့နယ်၊ ပန်းခွာကျေးရွာအုပ်စု၌ တည်ရှိသည်။ ရွာနေရာကုတ်မှာ ၁၉၀၄၄၉ ဖြစ်သည်။ ၂၀၁၄ သန်းခေါင်စာရင်းအရ,"L L..awsco.aecwpsucsersvrmmr=TTT""TT"""""
မင်းမြတ်,မင်းမြတ်
ကာ၊,ကာ၊
ဥ,ဥ
လွှတ်တော်မှ ဖွဲ့စည်းပေးထားသည်,လွတ်တော်မှ ဖဲ့စည်းပေးထားသည်
လဲခြင်းမှ ပင်လယ်ရေမျက်နှာပြင် အမြင့်,"2l24:, LGSeocယံeေမyrm်s်:P T်*"
ကာ အခြား,ကာ အခြား
ရှိ။ ဟူ၍လည်းကောင်း၊ ဂိုဏ်းချုပ်ကြီးရဲ့ အကွက် သုံးကွက်ကတော့ တကယ်ကောင်းတာပဲ၊ ဒီကောင် ဒီအကွက် တွေကိုတော့ လိုက်ကစားနိုင်မှာ,"sasasLosswsoascwsouror=rTT""TTTTTTT"""
င့်,င့်
၂၀၁၄ သန်းခေါင်စာရင်းအရ မကျီးကုန်းကျေးရွာအုပ်စုတွင်,"( ၂.s,ssatscstser=SmsAr=ePTT"
ဂျိမ,ဂျိမ
င့် ထမင်းချက် လင် မယား,၆ ကမင်းချက် ထင် မယား
ပန်း,ပန်း
တို့,တို့
ဟု ဆိုသည်။ သည်တော့ကျွန်မကပြန်ရောက်ရသည်။ မည်သည့်ခံစားချက်မျှလည်း ဖြစ်မလာ။,"( .a,aswsrrac-skreterds+P""fT""5""T"""
ရှိသော SAC ကို,ရှုသော S၆- က
ဓားသိုင်းက တော်တော်ကောင်းတယ်၊ ထင်ပေါကို အဲဒီနည်းနဲ့တိုက်ရင် မရှုံးနိုင်ဘူး၊ အတွင်း,"u,ag,s,acstacoaur=rsvrcs, sdesMR RhadiM0Tf TMPT1TT"""
ရန်သူ့တပ်မှူးတစ်ဦး၏,ရန်သူ့တပ်မှူးတစ်ဦး၏
ယူ,ယူ
ပြီးခဲ့တဲ့ အ,ပြီးခဲ့တဲ့ အ
သေတ္တာကို မရဲတ,သေတ္တာကို့ မရဲ့က
၍,၍ိ
လှယ်အဖွဲ့ လန်ဒန်,လှယ်အဖွဲ့ လန်ဒန်
အဝါကို လိုက်ပြီး ဆုံးဖြတ်တာ ဖြစ်ချင်,အငါကို လိုက်ံပြီး ဆုံးဖြတ်တာ ဖြ်ီအဂိ
ဖြစ်တယ်လို့ပဲပြောပါမယ် နန်းကိန္နရီသည် ကားကို ပါ,"(ga-csrgoak2yr)iwယံ s:Paီe-တိ'""""ီ:Pီ"
ဝင် စာချုပ်စာတမ်းများ 147 - ၎င်းပြင် ထိုသူတို့သည် (ယင်းကဲ့သို့ ဘေးအတန်,( a.4asu-.e .မRt.erefnR'TTTT
တာတွေကပါ အယ် လ်ခီဘီအာ့ဒိစ်,တာတွေကပါ အယ် လ်ခီဘီအာ့ဒိမ်
ပွဲကြီးနှင့် သာသနာနှစ် ၂၅၀၀ ပြည့် အထိမ်းအမှတ် အောင်ပွဲသဘင်ကြီးကို ၁၉၅၆ ခုနှစ် မေလ ၂၂ ရက်မှ,"( agac,urucesgs,arcouasgwsdeisyPtrmrPRe=rTP0TီPPTfိ""T1VT"
"thoseattributeswhichwehaveputonhim.တိုက်တွန်းထားတယ်..ဟုတ်လား နှောင်း"" ခဲ့ပြန်သည်။ သို့သော် စစ်ကြီးပြီး၍ ရုပ်ရှင်များ ရွာလင်းရွာ (အင်္ဂလိပ်: Ywarlin)သည် မကွေးတိုင်းဒေသ","thoseatriDuteswhichwekaveputonhiက.တိုက်တွန်းထားတယ်.ဟုတ်လား နှောင်း"" ခဲ့ပြန်သည်။ သို့သော် စစ်ကြီးပြီး၍ ရုပ်ရှင်များ ရွာလင်းရွာ (အင်္ဂလိပ်: Nwarin)သည် မကွေးတိုင်းဒေသ"
လည်းကောင်း၊ မြေ,လည်ံးကောင်း၊ =B
သက်ချမ်းသာရာ ရခဲ့ဖူးပါတယ်။,သက်ချမ်းသာရာ ရခဲ့ဖူးပါတမိ။
။ နန်းတော်ရှေ့ ဆရာတင် သားကလေးများနည်းတူ ကျွဲကျောင်းခိုင်း၏။ မော်ဂလီမှာ,"'""""""T""""T""mramwrsssc,"
ကြည်သည် ဖေဖေ့ရှေ့,ကြည်သည် ဖေဖေရှေ့
န့်,န့်
မြေစေးတွင် အညစ်အ,ကြေစေးတွင် အညစ်အ
ပေါင်းကို ခေါ်၍အရှင်တို့ ... သင်တို့သည် ငါမရှိသော်လည်း မပျင်းရိကြကုန်လင့်၊ ငါ ဆရာရသေ့ကြီးကိုဖူးမြောက်ပြီးလျှင် ဟိမဝန္တာသို့ ပြန်လာမည် ဟု,".wsuwscw wswacsacusc=osnre=T TTTTTTT""TTT"""
ပါကညော ထန်းရည်တစ်ခွက် ကိုထည့်ပြီး ခပ်မြန်မြန်ဂလုချလိုက်တယ်။ ဟုတ်တယ်လေ။ ဒီလောက်တောင် ဆေးဖက်ဝင်နေမှတော့ ဘာမဂလုစရာရှိ,ပါကညော ထန်းရည်တစ်ခွက် ကိုထည့်ပြီး ခပ်မြန်မြန်ဂလုချလိုက်တယ်။ ဟုတ်တယ်လေ။ ဒီလောက်တောင် ဆေးဖက်ဝင်နေမှတော့ ဘာမဂလုစရာရှိ
ဟားရယ်၏။ 32. Lords of the Sunset. ဒါပေမယ့် ကျွန်တော်ဘာမှမပြောမိ...။ ဒီအတိုင်းလေးပဲ အသက်ကိုထိန်းရှူရင်း ဖုန်းကိုနားမှာကပ်ထားမိသည်။ သို့သော် အချိန်အ,"'""""""""T""TT""TT""T'""TT+T"":Toei=a=casusmssarecacuacaacs.a,"
။ တစ်နေကုန် စားလိုက်၊ အိပ်လိုက်၊ အိမ်မှာ ဟို,"1 T TT*Tam mmdု့ကီ၊ Adud့rd, မAဲမှာ မု"
၊ ဘုန်းကြီး .... ကျွန်တော် သဘောလဲ ခင်ဗျား သိရောပေါ့၊ အခု ကျွန်တော် လုပ်တာက,၊ ဘုန်းကြီး ... ကျွန်တော် သဘောလဲ ခင်ဗျား သိရောပေါ့၊ အခု ကျွန်တော် လုပ်တာက
ခါ အောက်ခံ ဝတ်စုံနဲ့ တင်းတင်းစည်းထား,"ခဲ မာက်ခ ဝတ်ခဲ့)ဲတ်းတ်က်ီ"""
တယ်၊ ပြီးမှ မြေကမူ မြေပုံတွေဘက်ကို လှည့်တယ်။ ယဉ်ကျေးမှု,တယ်၊ ငြီးမှ မြေကမူ မြေပုံတွေဘက်ကို လှည်တယ်။ ယဉ်ကျေးမှု
ကား အောက်မြို့ကျေးရွာသို့သွားတော့မည်။ ယခုအခါ,"..w, Ac-agacoaeApeTr=Te=eT ""TTီ"
ခန်းထဲမှ ဂျရတ်ကတ်ရှနာ ထွက်လာခဲ့လိုက်သည်။ မော,TT+ T8rီmmSeen ထနက်လာနဲဟဲ့ကံသည့. ော
ကားဘေးက,ကားဘေးက
လား..,လား..
၊ ရော့... ဦး,၊ ရော့... ဦီ
ကောင်း,ကောင်း
အမှန်,အမှန်
ကြည့်,ကြည့်
ဘုတ်လေး,ဘုတ်လေး
လိုလား၊ ဒါဖြင့် အမေရိကန်ပြန်ကြီးဆီရော ဘာလို့ မသွားသလဲ၊ ဟိုက လက်မခံလို့ မဟုတ်လား ဪ.. ဆံပင်ညှပ်သ,"' ""T TTT""TT ""' o  = <.s... ea."
အဖြစ်နှင့်,အဖြစ်နှင့်
ခြင်း,ခြင်း
င့် တွေ့ဆုံ၍ အ,င် တွေ့ဆုံ၍ အ
မအေးပေး,မအေးပေး
ရတနာပြဇာတ်ကို စီစဉ်တင်ဆက်ခဲ့၍ မြတ်မွန်ရတနာ ပြဇာတ်စာအုပ်ကို စာပေဗိမာန်မှ ဖြန့်ချိထုတ်ဝေခဲ့,". .,sgosus strotscsakdsrer'BrT=-=f္TITmT*TTPTTTTT"
ရာ,ရာ
လုပ်ရှင်၊ အ,လုပ်ရင်၊ အ
စ,စ
အခင်ကို လိုသမျှဖွင့်,အခင်ကို့ လိ့သမျမျင့်
ဝန်,ဝန်
လေးမ,လေးမ
တော့ အမောဆို့ပြီးသေတာ အတိုင်ဘက်က အကောင်ကြီး တစ်ကောင်ထဲရယ် ခင်ဗျ စစ္စတာဒေါ်,တော့ အမောဆို့ပြီးသေတာ အတိုင် ဘက်က အကောင်ကြီး တစ်ကောင်ထဲရယ် ခင်ဗျ စ္တာဒေါ်
ကို လက်ခံတဲ့စိတ်ဖြစ်တယ်။ အာရုံကို လမ်းဖွင့်ပေးတဲ့စိတ်နဲ့ အာရုံကို လက်ခံတဲ့စိတ် ဒီစိတ်နှစ်ခုကြားမှာ မြင်သိစိတ် ကြားသိစိတ် နံ,ကို လက်ခံတဲ့စိတ်ဖြစ်တယ်။ အာရုံကို လမ်းဖွင့်ပေးတဲ့စိတ်နဲ့ အာရုံကို လက်ခံတဲ့စိတ် ဒီစိတ်နှစ်ခုကြားမှာ မြင်သိစိတ် ကြားသိစိတ် နံ
လာကြသည်။ စစ်ရထားပေါ်တွင်သာ အစဉ်အမြဲ တွေ့မြင်ခဲ့ရသော သူ,"""""RTRITrTTPnowtyaopawg."
ဘော်,ဘော်
အ,အ
ဒါပေမဲ့,ဒါပေမဲ့
။ အကြောင်း,မ အခကြောင်း
၏။ မက္ကဆီကို ကို စပိန် ဖဲင်နီ သူ့ခန္ဓာကိုယ် အလှပျက်ယွင်းစပြုနေသည်,"s, upgarg wt ai) sik snsာmtSi mrererT+e္TePTPီ"
ဒင်း ပွိုင့်တူးတူး သေနတ်သံကလေး ထွက်သွားသလို ...,"sh, gွgeyea: သေနတ်ံသဲကeေ- ကer္T""PeT"": -."
ရာကုတ်မှာ ၁၆,ရာကုတ်မှာ ၁၆
လက်,လက်
တေနှင့် ခေတ်မြန်မာမဂ္ဂဇင်း,တေနှင့် ခေတ်မြန်မာမဂ္ဂဇင်း
ဆိုင်ရာပြဿ,ဆိုင်ရာပြဿ
ဆီး,ဆီး
ခ,ခ
မြင်နေသူများမှာ,မြင်နေသူများမှာ
ပုသိမ်မြို့သည် ၁၂ စ,နဆဲမမြဲ့ပညီံ ၁J Y
မူလျှင် အရိပ်သည် ထိုအရိပ်ရှင်၏ နောက်သို့ အစဉ်,"မာခံ အေဲ(ံ)သည့ တုံ့အရ(်ef၏T er""""ီ'""Tင်"
လို လုပ်,လို့ လမ်
နှစ်,နှစ်
ဖြစ်,ဖြစ်
ရှိသည့် ရှင်း,ရဲသည့် ရင်'
ဆောင်မှု ပေးနိုင်ခဲ့,ဆောင်မှု ပေးနိုင်ခဲ့
ပနိုင်ငံတွေမှာ ကျန်နေသေးတဲ့,ပနိုင်ငံတွေမှာ ကျန်နေမေးဲ
သည်။ ၁၉၅,သည်။ ၁၉၅
ညနေခင်း၌ အိမ်ဝိုင်းထဲ ဆိုင်,ညနေခင်း၌ အိမ်ဝိုင်းတဲ ရို့်
များ,များ
မှ,မှ
သီး၏ မျက်မှောက်ဘ၀ အတွေ့အကြုံများကို,သိီး၏ မျက်မှောက်ဘဝ အတွေ့အကြpog-ကို
မြို့နယ်၊,မြို့နယ်၊
၂၁၁၅၀,၂၁၁၅၀
။https://www.anonymoustunisie.com/WebsiteofAnonymousTNဘယ်သူမှ တိတိ,"L.o,uororooommT"""""
ဒီမိုကရက်တစ် သမ္မတနိုင်ငံ နှင့် မြောက်ရိုဒီးဇီးယားနိုင်ငံ (ဇမ်ဗီယာနိုင်ငံ),"""T""T Ts=M"" =H =Srtkiyeu-sts (ssuagay"
နားစိတ်တစ်ခုတည်းနှင့် ခွင့်ပြုရတော့မှာတဲ့လား။ ဇနီးတစ်ယောက် ချစ်ရာရောက်အောင် ခုထိတော့ မပျက်သေးပါဘူး၊ ရော်ဘင်က သူသွားကြည့်တဲ့ လမ်းကို ကျွန်တော့်,နားစိတ်တစ်ခုတည်းနှင့် ခွင့်ပြုရတော့မှာတဲ့လား။ ဇနီးတစ်ယောက် ချစ်ရာရောက်အောင် ခုထိတော့ မပျက်သေးပါဘူး၊ ရော်ဘင်က သူသွားကြည်တဲ့ လမ်းကို ကျွန်တော့်
ဏလေး ငြိမ်,ဏလေး ငြိမ်
သကဲ့သို့ ဖြစ်သွားလေသလား,သကဲ့သို့ ဖြစ်သွားလေသလား
ရက်လောက်လည်းရရော,ရက်လောက်လည်းရရော
ကို အလယ်က ထက်ဝက်ခြမ်း,ကို အလယ်က ထက်ဝက်ခြမ်း
မှန်ဘီလူးကို ပုံရိပ် လာရိုက်,Aဘီe)ကို့ ပဲ့ရုပ် လာမနဲ့အဲ့
ထည့်သွင်းကာ၊ ခြေ-လက်ပြုလျက် အထပ်အထပ်ဖွင့်ဆိုထားသဖြင့် ကျယ်ဝန်းသော အ,"sas..sy-.sgeio=tirteITT'TTT"""""
ပိုင်ကြံပါ။ ဂျိုးဆက်စတိန်း,မိုင်ကြီပါ။ ဂျိုးဆက်စတိန်း
က ရှည်ကော့ပြီး မျက်ဝန်း,က လည်ကော့ပြီး မျက်ဝန်း
ရွာစုကလေး ဖြစ်ပေသည်။ လယ်သမား၊ ဈေးသည်များ,"""TTTTT 6T=dt: =edw-. mpsgyg,"
၅၆,၅၆
ကြ,ကြ
နေအထိ အဖြစ်အပျက်များ,နေအထိ အဖြစ်အu်RFI
ရေဖျန်း၍ ခရစ်ယာန်သာသနာသို့ မသွင်းခင် သေဆုံးသောကလေးများမှာလည်း ခရစ်ယာန် သေခြင်းမှ ပြန်၍ အသက်,"- ာpgsရခွျှ (ေယော-ရသောoသoမာrဲ့,မoagciet coctrscomocormroroecs= ToPTrP် T'df T5 Cfaီ T"""
ရတဲ့ ဘာသာရပ်မျိုး မဟုတ် ပါဘူး။ လင်္ကာတွေကို မဆန်းစစ်,"""TTPRီI=rtPNsprwtms,auss"
ဏေ,ဏဏေ
ပိုက်,ပိုက်
ခင်ဗျားမှာ ထိုးဆေး ဘယ်လောက်ရှိလို့လဲ ချို့ရွှင်ချောင်းသည် မည်သို့မျှ မရှောင်တိမ်းနိုင်တော့ ။ လက်ဝါး,""" T*TPT1Tီ'T T1SsreorTMrlrS AarbewpEt:သeညဲ wညZasigsy waptuAk,stae, s-sa,"
မကောင်းရင် ဟိုကြလန်းသွားမှာ,မကောင်းရင် ဟိုကြလန်းသွား၊မှာ
ပြီး ဂတ်စတာပိုအ,၉း ဂတ်စတာဖို့အ
သည်,သည်
သူ့မိန်းမဆီကို ပေးလိုက်တဲ့အလုပ်ပါ၊ ကျွန်မ ပို့ပေးရမှာပေါ့ ရင်သွေးငယ်အာဟာရ သန္တေသားမှစ အင်ဒို,"syasuct,ra ucsatrscpaoc၂Ouk က့နဲ့ dံacsewpeuဲi ရbecapreSmrvrP0 T5MPTP T*Aီ"
ပြထားတာဖြစ်ပြီး လမ်းညွှန်ချက်,ပြထားတာဖြစ်ပြီး လမ်းညွှန်ချက်
"တာ လွယ်တာ မဟုတ်ဘူး"" နောက် ဒီအလုပ်လုပ်စားရင် ရှင် မသေ","တာ လွယ်တာ မဟုတ်ဘူး"" နောက် ဒီအလုပ်လုပ်စားရင် ရှင် မသေ"
မှာသန်းခေါင်ထက်နက်တာ မရှိပေမယ့် အပါယ် ငရဲကတော့,မှာသန်းခေါင်ထက်နက်တာ မရှိပေမယ့် အပါယ် ငရဲကတော့
ကွဲ,ကွဲ
င့် ရောနေသော ရေဖြစ်လျှင် ဓမကရိုဏ် (ရေစစ်) ဖြင့် စစ်ပြီးမှ သောက်ရ၏။ သူ့အား ပြန်လည် မဖြေကြားခင် ဒေါ်ဥမ္မာသည် တံတွေးကို တစ်ချက် မျိုချလိုက်သည်။,"....Aw.asusws.os.-=.w T..""TT'TTTTTTT"
ပင် အထက်ရှိ ကျောက်လွှာတို့မှ မြင့်မားသော အပူချိန် နှင့် ဖိအားတို့ကြောင့် အသွင်ပြောင်းကျောက်အဖြစ် ပြောင်းလဲလာနိုင်သည်။ ခင်စိုးပိုင်နဲ့လား ရှိတယ်,"...s-uwusw-.swsar=rststr=rTTTTT""TTTT"""
နေ,နေ
ဖြစ်၏။ ထိုအချိန်တွင် ကျုပ်၏ ခေါင်းထဲ၌ အလင်းရောင် ဖြာလက် သွားလေသည်။ ထို့နောက် ပိတ်သည်းနေသော အမှောက်တိုက်ကြီးသည်,"""* ""ီ""""*္""T """"ီ TTT4 mmomP Srem spowescdsr sysvs twszg,scs msyss,gaag"
ရွာအုပ်စုတွင် ကျား,ရွာအုပ်စုတွင် ကျား
မွှေးနေသည်။ နေဦး,မွှေနေသည်။ နေဋိုး
သီးများ တပ်၍ ထားသော,"""gto်) ထားော"
စွာ ကျင်းပတယ်လို့ဆိုပါတယ်။ စတုဒီသာအကျွေးအမွေးများနှင့် အလွန်စည်ကားသောဘုရားပွဲတော် ဟုလည်း စော်ဘွားတောင်ခြေ ရှမ်း,"'P'TMီTTPA+IီTSToီSo'rrsarmroerntorS mryec်oroscopiyorf ugpocညs, wcsgsacr=-မေွ နှခန"
ပုံ ရ၏။ ထို,ုံ ရ၏။ ထို
လဲ,လဲ
င့်လှုပ်ရတော့သည်။ နေစမ်းပါဦး,နaylwempgသcညisr=arST6
ဖြေသည်။,ဖြေသည်။
မှတ်ရမိသည်။ ညနေ ၆ နာရီတွင် စထရင်းဟိုတယ်လ်မှာ ညစာ စားပွဲရှိသည်။ ဂျူးလူမျိုးတို့အတွက်ကား ကြားနေမည်ဟု,"' T""""Tီ1PT TTTTTP1Tr:PTor cr=r=rvwtwuge,sprugsyayasac.gs,.as"
ကြာမီပင် ညိုမှိုင်း၏ ပီသပြတ်သားသောအသံ ပေါ်လာ၏။ ၃,"*ိ*""""်ဂ္၏္T""+Bi6esovwca.A.s."
မျောက်၏ဇနီးအား သိမ်းယူတာထားပါတော့၊ တိရစ္ဆာန်ကိုး၊ လူဘုရင်တွေက စစ်ရှုံးသူ၏ ဇနီးမယားကို သိမ်းပိုက်တာတော့ လွန်လွန်းသည်ဟု ကျွန်မ ယူဆသည်။ မိန်းမတွေခ,"' "" T"" """""""" 'T''""r:T~oawwwcw.a,"
ထွက်,ထွက်
ပြန်လည်ကြီးပွားလာခြင်းကို မရှုဆိတ်ကြချေ။ ကားသေ့တို့၏ ရန်ကိုလည်း ကြောက်ရွံ့ လျက်ပင် ရှိကြသေးသည်။,"(gso-ceyညs,gesauc,agcarp wngsScdiြSawga။ ကားသေတို၏။ A%ီဂာဝါး: oES=rmA TirT""TS MIZ5PTP5ီ'""7"
တွေ အများကြီးပါလား၊ ငါ,"TT9 T8%(S5h,ucတsးa ca"
သည် ဇုနတ်မင်းကြီးနှင့် တူသော်လည်း ပို၍ ဣန္ဒြေကြီးပြီး,".g,ascAs mw=md1WmeSR4ီP"
ခုတစ်,ခုတစ်
ရေး၊ အိမ်များရှိမိလ္လာစနစ်,ရေး၊ အိမ်များရှိမိ္ာစနစီ
ကော့,ကော့
တို့ကို ဖလမ်းချင်းဘာသာစကား၏ ဒေသိယစကားအဖြစ် စာရင်းပြုထားသည်။ စကားအ,"' ""ီ'TT=T =rhomosijs c-scgcagsy sss"
တရှိန်ထိုးအောင်မြင်မှု နောက်ကွယ်မှာ အရေးပါတဲ့ တစ်ခုသော အင်အားတစ်ခုဟာ ပုန်းလျှိုးကွယ်,"- <-(ံLsy,awာaRွမှ မောကလွယံမာ အရေ့ပါတဲ တာဇံစုဇာဗာ အင္aာr=PReT T6TR45T95"
ပြုအောင် ဆွဲဆောင်ခဲ့သည်ဟု ထင်၏။,"ပြုမမော၆ လွဲမဆောင်မဲ့အည်ကု အ်၏"""
နောက်သို့,နောက်သို့
သွားလျက်ကပင်,ဘျ့ားကျက်ကပင်
သက်ရှစ်ဆယ်လောက်ရှိတဲ့ ဘကြီးမိုးတောင် တောင်ပေါ်မှာ ရှိနေတာပဲ ချောင်းမမွေတော်စေတီတော် ဘုန်းကြီးက ဒကာမကြီးကို ဘာတောင်းဖို့ အကြံပေးခဲ့လဲ။ ဟို အဲ ဒေသကို,သက်ဂှစ်ဆယ်လောက်ရှိတဲ့ ဘကြီးမိုးတောင် တောင်ပေါ်မှာ ဂှိနေတာပဲ ချောင်းမမွေတော်စေတီတော် ဘုန်းကြီးက ဒကာမကြီးကို ဘာတောင်းဖို့ အကံပေးခဲ့လဲ။ ဟို အဲ ဒေသကို
"ခဲ့လို့လဲ၊ ဘာဖြစ်လို့ ဒီလိုဖြစ်ရတာလဲ။ ဘာဖြစ်လို့လဲInjangyangMMR001003022HkanDaukYangခန်ဒေါက်ယန် ""မအေဘေး ခုကျတော့ စတိုင်တယ်",".s.wswswv.wsu.rnr=m-rTT""T""""""T""TT"
ခရိုင်,ခရိုင်
ဘိ,ဘိ
လောက်ကောင်းတဲ့ဆေး မရှိဘူး မောင်လေးရဲ့ အမြောက်အမြားတို့ကိုလည်း ဗက်ဗီလုံးမြို့တော်သို့ ဖမ်းဆီး ဘယ်လို,"'TTT""TTT T0 TT=T =PrmeBduversk ossysuaus,aus,acus"
မှန်,မှန်
ဇဂြိုဟ်သို့,ဂဂြိုဟ်သို့
ပါးကိုသော်လည်းကောင်း ဉာဏ်ဖြင့် အစဉ်,ပါးကို့သော်လည်းကောင်း ဉဏ်ံခြွင့် အစခဲ
ထောက်အ,ထောက်ံအ
Gyi(TaungKanGyi)ကန်ကြီး (တောင်ကန်ကြီး) ၁၉၆၀တွင် သမ္မတရာထူးအတွက် ယှဉ်ပြိုင်ခဲ့သော်လည်း ဒီမိုကရက်တစ်ပါတီမှ သမ္မ,"......cws,esuwrersrer=rmT""TTTTTTT"""
တနိုင်ငံ တည်ထောင်,တနိုင်ငံ တည်ထောင်
အလွန်,အလွန်
နွေးဓာတ်,နွေးဓာတ်
ကြောင့်ငါ့သမီးဝမ်းမှာလာမှီးသာပေါ့။ဖွားရက်ကလဆုတ်ဖွားရက်ထဲကျတော့ဆယ့်,"us,sa,s-asrpovsausosdire-wPmmeTR'်TT'"""""""
ဝန်ကြီးဘဝ ခြောက်နှစ်,ဝန်ကြီးဘဝ ခြောက်နှစ်
နိုင်စွမ်းကို စံပြုထား,နဲင်ရွမံးကို စံပူထား
ရပ်ဝတ် အရပ်စားနှင့်။ ဒါက ဘာသဘော,"*""ီ nMe-wr Rre maa,"
မြို့နယ်၊ ထင်ပါကျိုင်းကျေးရွာ,မြို့နယ်၊ ထင်ပါကျိုင်းကျေးရွာ
တွင်,တွင်
သည်။ အတွေ့လေးရယ်မှ အိုအကြုံ (၁၉၉,".g, asamgacaxsecde TfE2.1T55"
ဝတ်,ဝတ်
ရှိသည်ဖြင့် အသုံးပြု,ရှိသည်ဖြင့် အသုံ့မြု
အမိန့်ရထားကြောင်း၊ အကယ် ၍ မနာခံလျှင် မြင်းများကို လှည်းမှ အတင်းဝင်ရောက်ဖြုတ် ယူရလိမ့်မည်ဖြစ်ကြောင်းဖြင့် လူတစ်ယောက်ကိုစေလွှတ် ၍ အပြောခိုင်းလိုက်,"ua,-asava-vuascvutsarsecacuasmrtsireTRoeTPPfPTTTTTT""T""TTT"
ထုတ်ဝေ,ထုတ်ဝေ
ကုတ်မှာ ၂၁၉၈၆၂ ဖြစ်သည်။ ၂၀၁၄ သန်းခေါင်စာရင်းအရ မိုင်းဟွမ်ကျေးရွာအုပ်စုတွင် ကျား ၁၈၂၀ ဦး၊ မ ၁၇၅၇ ဦး၊ လူဦးရေ စုစုပေါင်း,""" ""ဘီ"" ITS UP""Pe်* If TTPToStmo(RPhetempspwlislt=ego e,y S, s scoys, agcs,acaes"
လေ,လေ
ဖတ်ကြည့်လိုက်၏။ သူထိုနာမည်ကို ဖတ်နေမှန်းလည်း ထိုလူ,"""ဏကဩဘဲ့းပိုက်၏။ ဒခ့ထို့နာမည်ကို့ ဖတ်နေမှန်းလည်း အဲ့လူ"
ပြန်ဆုတ်သွားခဲ့,ပြနုံဆုတ်သွားခဲ့
၇ - ရွှေကော,၇ -ရွေ့ကော
မီး,မီး
အချိန်,အချိန်
သိမ်းကာ မှော်ဘီ စိုက်ပျိုးရေးစခန်းကို ဌာနချုပ်ဖွင့်၍ သူတို့အား ခုခံရခြင်းပင် ဖြစ်သည်,""" ""ီ'""' T"" ATAImmAS sosikyi) wyta- sgc,a gg"
အယူအဆကို ငြင်းပယ်ရလိမ့် မည်ဟု ထင်စရာရှိ၏။ သို့ရာတွင် ကိုပါနီကတ်၏ နိယာ,အယူအဆကို ငြင်းယ်ရဆိမ့် မည်ဟု ထင်စရာရှိ၏။ သို့ရာတွင် ကိုပါနီုကတ်၏ နိယာ
မူမြို့နယ်,မူမြို့နယ်
လာသည် ဆိုတဲ့ ဇာတ်လမ်းကို ပြောမှာပါ,ကာ=ည် အဆိုရဲ စာတ်လမ်းကို့ ပြောမှာပါ
ရတယ်။ နောက်တော့ နုရီအဖေက သတင်းသဲ့သဲ့ ကြားတာနဲ့ နုရီကို အမြဲလာကြိုတော့,ရတယ်။ နောက်တော့ နုရီအပေက သတင်းသဲ့သဲ့ ကြားတာနဲ့ နုရီကို အမြဲလာကြိုတော့
သားများ၏,သားများ၏
ဆိုချက် တွေမှာ ကျွန်တော် မမှတ်မိတော့ဘူး ဆိုတဲ့ ဇ အသက်ရှူကျပ်လိုက်တာ အေ ၊ ငါ့သမီးလေး သနားပါတယ် အပဒါ,ဆိုချက် တွေမှာ ကျွန်တော် မမှတ်မိတော့ဘူး ဆိုတဲ့ ဇ အသက်ရှူကျုပ်လိုက်တာ အေ ၊ ငါ့သမီးလေး သနားပါတယ် အပဒါ
။,။
မြက်ရင်း သွေး,ခြက်ံရင်း သေး
မြို့နယ်၊ ထန်းဘုန်းတောကျေးရွာအုပ်စု တံတားဦးရွာ (အင်္ဂလိပ်: Tadaru)သည် စစ်ကိုင်းတိုင်းဒေသကြီး၊ ရွှေဘိုခရိုင်၊ ဝက်လက်မြို့နယ်၊ ကျီးပင်ကန်ကျေးရွာအုပ်စု၌ တည်ရှိသည်။ ရွာ,"'ီ"" """"TT'TT""T%RTT TTT7B5R41T'TT T-=rooeti=-Rt:REresonfBsurwartusa, earssyas,mag,uarsrmysesug sasaaps,"
သိ,သိ
ကြီးဆုံး လုပ်ငန်း,ကြီးဆုံး လုပ်ငန်း
တယ်။ ပြီးတော့ Keygen ထဲမှာ သွား Paste လုပ်၊ Generate Activation Code ကိုနှိပ်။ ထွက်လာတဲ့ Activation Code ကို,"' ""'T'TT'T''T 'T' = ..wsw..L."
ခြေအနေပေါ်၌လည်း တည်၏။ ဇေ,"""""%T=fAroeh: mgsv a"
လာ(ပြာ) သူသည် ဓားကို,"sifSa.) သသညံ +""ီ"
ဝံကြယ် မြေမှာ ခကြွေတဲ့ ခေတ် မဟုတ်ဘူး။ ပွမ်ပွမ်မြည်တဲ့,"""Sိ"" TSV T9ESအmS seတ်ံ မဟုc်'opyw .မွရွg့s့"
ကို လန်းဆတ် စေသည့် ဝိုင်,""" TAmတံ မေသည့ g,"
ဖေ,ဖေ
များ,များ
နှင့် ဒေါ်အောင်ဆန်းစုကြည်တို့,နင့် ဒေါ်အောင်ဆနုံးစုကြည်တို့
ယက်နမ် နယ်ချဲ့,ယက်နမ် နယ်ခဲ့
ဖြစ်,ဖြစ်
နှောက် အသစ်,နှောက် အသငီ္
စင်ပေါ်မှ ကျလာလျှင်တော့ အရိုးတခြား အသားတခြားဖြစ်ရန်သာ ရှိတော့သည်။ {{Db-test-notice-NPF}} အဘိုးကြီးက မိန်းမကြီးနှစ်ယောက်ကို ခပ်ကြမ်းကြမ်း တွန်းပစ်လိုက်ပြီး သူတို့နှစ်ယောက်ကို,"wa.g .aguacagau,cwgy,ags ocrorygskasagaoraeowuck asor=r=r=Tw rtiRs3'TIRSR္T-TITPT0IPTRT5TM1'9616T5"
နား,နား
ဖြစ်,ဖြစ်
ခဲ့ပြီး ဆက်လက်ချီတက်ကြ၏။ ဤသို့အားဖြင့် အီဂျစ်စစ်ကြောင်းမှာ အ,"၊ g A.a.sy-ackAaxcMimrfti TPTRT"""
သစ်လေ,သစ်လေ
၈) ကြင်နာသူနှစ်ဦး ဆုံနိုင်ရင် (၁၉၉၇) ဟား ကောင်းပါတယ်။ အများကြီးကို ကောင်း,"- ၈) ညပ်နာသူနှခံ့ ဆု့ခု့်ရငံ pgp) ဟား ကောင်းပါတာဟ်"" rw""်ဦီ""ီ TT*'"
။,။
ဏ,ဏ
တည်,တည်
မျက်နှာဖုံးကို မေ့ဆေး,"မှက်မှာဝဲ့ကိ,့m'"
စခန်း၌ အမြောက်သံ တစ်ချက် ပေါ်လာသည်။,"""T79 TTP-Te' =-Ayrt utcagy"
ကောင်းဆန်းဂေဟာကြီးမှာ အနားယူပြီး ညစာ စားကြရအောင် လှေမျော လှေနှင့်လိုက်၊ ငွေမျော ငွေနှင့်လိုက် ဆိုသည်မှာ စီးပွားရေးလုပ်ငန်းများတွင် အရှုံး,ကောင်းဆန်းဂေဟာကြီးမှာ အနားယူပြီး ညစာ စားကြရအောင် လှေမျော လှေနှင့်လိုက်၊ ငွေမျော ငွေနှင့်လိုက် ဆို့သည်မှာ စီးပွားရေးလုပ်ငန်းများတွင် အရှုံး
မြက်လိုသူ,မြက်လို့လဆူ
ရား,ရား
ပိုး,ပိုး
ထင်,ထင်
င့် အကြိမ်ကြိမ် တားမြစ်ကြသော်လည်း မိမိ အဆွေခင်ပွန်းကို စွန့်ပယ်ခြင်း မရှိလေ၏။ ဦးမြသန်းက ငြိမ်,"s uaaga,aowgacaycuscudk, si ssrteA=R eArTR6f- TိT59TT""*"
မလား အောက်မေ့,မလား အောက်မေ့
သာမဟုတ်၊ အသီးနှင့် အရွက်ရရန်အတွက်ပါ စိုက်ပျိုးကြသည်။ အသီးကို,"""TTီ TT15h =wrTomkmecsrUi sutiayiSagy sa,ag"
ဆောက်အအုံကို ခေါင်းမော့ကြည့်ကာ ချီးကျူးပြောဆိုနေသည်။ ဟာ ပ,"- ""+""ီmအကီ' အခါ်းမောကြည့ကာ ရီးကျူးပြောဆုံနေသညဲ။ ဟာ"
နေထိုင်,နေထိုင်
ပြု၍ ပထမသင်္ဂါယနာတင်,Sz) 'mw်္ဃcနeန
တန်းမျှသာ သင်ကြားခွင့်ရခဲ့သော်လည်း အလုပ်နှင့် စကားပြောတတ်သူ၊ အချိန် လေး,". -,,gyco saiTwခွ့ရေ)့သော်္လပည်း အဝနုပ်ခင် စကားစငောတဘီဒန အ""*ီ5 T"
ပိုက်ပြီး သမီး .... သမီးက,ပိုက်ပြီး သမီး .. သီမီးက
ကလေးများ အိမ်မှာ,ကလေးမှား အိ်R
ဖြစ် MMR009012022 Yae Hpyu ရေဖြူ ဟု ပြောပြီး ရုံးခန်းထဲခေါ်သွားသည်။ ရာသီဥတုရှိ၍ရေမဝပ်ဘဲ ထုံးကျောက်မြေဆံသည့် ဒေသမျိုး၌ ပိုမိုဖြစ်ထွန်းသည်။ မိုးပါးရေရှားသ,"......msvwsrorsorse=rowrT""""""T"""""""""""
အား,အား
ကျယ် သွားကြသည်။ဒေါက်တာ အယ်လ,ကျယ် သွားကြသည်။ဒေါက်တာ အယ်လ
ငယ်,ငယ်
နေတာ၊ ရောင်ဘန်ရွာ (အင်္ဂလိပ်: Yawngbang)သည် ရှမ်းပြည်နယ် (မြောက်)၊ ပလောင် ကိုယ်ပိုင်အုပ်ချုပ်ခွင့်,"'""TTTTTTTT T=tsrd Atidis,sycas .a.s waa,ss"
ငရှဉ့်ကျ မည်။ ကြိုးထိုးလျှင် သည်နှစ်ကောင်အနက် မည်သည့်အကောင်ကျကျ ကိုယ်က အနိုင်ရမည်။ ရာဇဝင်ဟောင်းများရဲ့ သင်္ချိုင်း ဘာလုပ်ရမည်နည်း။ ဒီနေရာက စောင့်လျှင် မ,ငရှဥကျ မည်။ ကြိုးထိုးလျှင် သည်နှစ်ကောင်အနုက် မည်သည့်အကောင်ကျကျ ကိုယ်က အနိုင်ရမည်။ ရာဇဝင်ဟောင်းများရဲ့ သငီချိုင်း ဘာလုပ်ရမည်နုည်း။ ဒီနေရာက စောင့်လျှင် မ
လာ,လာ
တော့မယ်။ ခင်ဗျားကို လာ,A2ဲ၊ RgpmR.PT
ဝ ပေးခဲ့သည်,၀ ပေးခဲ့သည်
ဝမ်းလျှောခြင်း ဟုခေါ်သည်။ ကို ကျော်ဖြတ်လာခဲ့၍,ဝမ်းလေျေ့ခြင်း ဟူ့ခေါ်သည်ံ။ ကို smp်Sf်TT92)
၊ ဝေဟင်ပေါ်ပျံ,'=င်ပေါပျှဲ
နိုင်ချေ။ တနင်္ဂ,နိုင်ချေ၊ တနုံ
လဲ။ဒေါ်ဒေါ်က အသက်ကြီးပေမယ့် မျက်နှာကတော့ နုနုကလေး ရှိနေသေးလို့မို့ ဝတ်နိုင်ပါတယ် ဒေါ်ဒေါ်ရယ် လုရင်းလိုက်ရင်း စုတ်ပြဲ,"'T""T'"" """"""'T""T+'r'=Tomror Armnsowsacscecsswsawnaus,as"
သည်။ အုန်းဆီထုတ်သည်။ နာနတ်ပင်များကို အကြီးအကျယ် ဦးလေး ဦးလေးနဲ့ မခေါ်ပါနဲ့ဟ။ ငါ အဲဒီလောက်,"' ""TTTTT=E:ITThe:T=tSmrwaa,a-szs,uascs"
သော အင်္ဂါတို့နှင့် ညီညွတ်သူ ဖြစ်ရ၏။ ကျွန်တော် ရန်ကုန်,သော အင်္ဂါတို့နှင့် ညီညွတ်သူ ဖြစ်ရ၏။ ကျွန်တော် ရန်ကုန်
ကချင်နှင့် ကရင်အမျိုးသား များလည်း သိပ်မတွေ့ရတော့။ အောက်ပိုင်းမှ ကုန်သည်များကိုကား လုံးဝပင်မမြင်ရတော့ ချေ။,". -.s<- <c-e .wcrn = -<TPT- YTT""T'TTT"" T"""
က,က
မောင်မျိုးမြင့်,မောင်မျိုကြင့်
သူ,သူ
ပြည့်နှစ်,ပြည့်နှစ်
လမ်းမြို့ဖြစ်သည်,လမ်းမြို့ဖြစ်သည်
ခိုလှေများအကြောင်းကို ကြားဖူးသည် သည်စက်လှေများ,"ခဲ့လေ့မွာဒအမခါတ္ောင်းကို ကြ့းဖေးသညံ သည်eကacpYt"""
အ,အ
သည့်အချက်ကို နားလည်သဘောပေါက် လက်ခံရန် လိုအပ်ခြင်း ဖြစ်သည်။ ကျွန်တော် ဆတ်,"ယ.ညံ,aျေchinဲ နာ-လည့်သလသောပေါက် လပက်ခံရမ) လိုအ်ိီ္: ""ီ၁ ၁ါ်ဘီ:TYaTီ"
သို့ဖြစ်၍ ဝါဖတ်ရင်း ယခုပြောသော မ,"အg္မနွဲ့ GiedhestseveefS9T"""
culturesorracesintheirfictionaluniverses.Namesortitlesof,"1 န....cscevacsecotunovers,omTT'"
ပြီ,ြီ
ပို,ဖို
လို့မှ မဆုံးမီ သိန်း,လိုံ့မှ မဆုံးမီ အိ်္ဂ
ထူထပ်မှု,ထူ့ထပ်မှု
တတ်လို့,တတ်လို့
ကြားနေရင်းပင် ကြုံ ရင်းကြုံသလို ပြင်ပ စာပေလောကရှိ ဝတ္ထုများ၊ မဂ္ဂ,"1 DPTTTSZACSZmRB%v eever-s ,sgmgp.g"
မှ ထုတ်လုပ်သည့် Kung Fu Panda (ကွန်ဖူး ဝက်ဝံ) တွင် မျောက်ဆရာကြီးအဖြစ် အသံအပိုင်းမှ သရုပ်ဆောင်ခဲ့သည်။ ထိုဇာတ်ကားတွင် အခြား ထင်ရှားကျော်ကြားသော ရုပ်ရှင်သရုပ်ဆောင်များဖြစ်သည့် Jack Black (,".4as.su,a Aasauasvwska,.Las,uas uscauoresywaA scstoe orteserls=dh:TRe:hr=r=V1 TI 1 T1RPT65TT757TTTT5TTT5"
ကို သိသော,ကို သိသော
တစ်ယောက်လောက်သာ အောက်,ကီယောက်လောင်သာ အေကဲ
ဘု,ဘု
တာ,တာ
ပုဒ်မ,ပုဒ်မ
မသိဘူး သူက နုံး,မသိဘူး သူ့က ခဲံ
ကာ ထောက်ကာဖြ,ကာ ထောက်ကာဖြ
ပါတယ်၊ ကျုပ်ပါ ဟာ,မါတယ်၊ ကျုပ်ပါ ဟာ
ရေး မာရ,ရေး မာရ
"floor,","foor,"
အင်ဂျင်,အင်ဂျင်
မေရိကားက မက်ဆာချူးဆက် စက်မှုသိပ္ပံကို ဆက်တက်,မေရိကားက မက်ဆာချူးဆက် စက်မှုသိပံ္ဲကို ဆက်တက်
တူတူစား,တူတူစား
မန်စက်,မန်စက်
ဝ,ဝ
အ,အ
စုပေါင်း ဒေါ်လာ,စုပေါင်း ဒေါ်လာ
များမူကား ဘာမှန်းမသိရှာ,များမူကား ဘာမှုန်းမသိရာ
ရှင်း,ရှင်း
ချင်း,ချင်း
သည်။,သည်။
ရ ရှီးလန်ဒမ်း,ရရှိုးလန်ဇမ်း
စိန် တို့,စိန် တို့
တိုက်မ အထက်ရှိ ပစ္စယာဆင့်များတွင် ပုံစံအမျိုးမျိုး အကွက်အမျိုးမျိုး ဖော်ထားသည့် စဉ့်သုတ်စိန်တန်းများဖြင့် တန်,တိုက်မ အထက်ရှိ ပစ္စယာဆင့်များတွင် ပုံစံအမျိုးမျိုး အကွက်အမျိုးမျိုး ဖော်ထားသည့် စဉ့်သုတ်စိန်တန်းများဖြင့် တန်
တင်ရမှာပဲ ထိပ်ထား ရေဝမ်းဆွဲသည်ကြီး ဘော်ဒါနိုဗာက ခပ်သုတ်သုတ် ဆက်လျှောက်လာရင်း ပြောလိုက်သည်။ ထိပ်ထားလေး တို့လို အပျိုတော်များ ဒီလိုကိစ္စတွေ မသိ,"' ""T""TTTTTT'T'T""T'T""TerToavsacscea..sww.."
ဝင်ရောက်ယှဉ်ပြိုင်,*F်%ရာက်ယှဉ်ပြိုင်
ကျင်းပခဲ့ပြီး န.ဝ.တ အစိုးရမှ ကျပ်သိန်း ၆၃,"ကျင်းပခဲ့ပြီး န,ဝ.တ အစိုးရမှ ကျပ်သိန်း ၆၃"
ပြီး တိုက်ခိုက်ကာ,ပြီး တိုက်ခိုက်ကာ
၁၂,၁၂
အ,အ
ကို တိတ်ဆိတ်စွာ စားနေလေသည်။ ချစ်ရေးချစ်ရာ ၁၉၉၉ ၂၀၀ ကျပ် သူက မဖြေဘဲ,"'""""T""TTTT""6 Grvie uas.. ss As .s"
ရှိခြင်း ဖြစ်သည်။ ကန်၏ အပူ,1ီS%: Bf>sညS။rကနမ ၁g
မှာ ပိုမာကြောရ,မှာ ဗုမာကြောရ
လေး,လေး
သည်၊ မေထုန်လက်ဖျား၊ စမ္ပယ်နားလျက်,Tတ် mmshoက်အွား မွယ်မာလျရံ
မှု ကူးစက်ရော,မှု ကူးစက်ရော
တစ်သက်သက်စွဲလာခဲ့,ကစ်သက်သက်စွဲလာခဲ့
လဲ ကလေးအသက် ဘယ်လောက်,လဲ ကလေးအသက် ဘယံလော=ဲ
ဧရာ,ရာ
ဖြ,ဖြ
ဦး,ဦး
ဦးဖြစ်လိမ့်မယ်ထင်တယ်။ ဝေဝေတို့,"gန4.ခ)ယထစံတ"" TTA"
အသံနှင့် ပြောရာတွင် အေး... ငါကလည်း ငါ့ကို တိုင်ပင်လို့ပြောသာပါ,အသံနှင့် ပြောရာတွင် အေး... ငါကလည်း ငါ့ကို တိုင်ပင်လို့ပြောသာပါ
တို့ တည်းခိုကြသည့် ဟိုတယ် များနှင့် အ,"""""ီ'""STSieg A၃ru2gpugea"
နိုင်,နိုင်
ဝှိုဝ်း ဠှိုဝ်း။ ချော,နှီင်းနို်း ချော
မှာ ဒဏ်ရာပြင်းထန်သည် မှန်သော်လည်း ခေါင်းမထောင် နိုင်လောက်အောင်တော့ မဟုတ်သေးချေ။ ဦးခေါင်းမှာ ကြည်ကြည်လင်လင်ပင် ရှိနေ၏။ အခြေအနေအရပ်ရပ်ကို,"p, acugps,a,gyascasucညsy sasucocrse scoriesorterer=resSteorme= RorPo ""တr်SEieTrT-""S Aီ'ီ""TီTT""""""ီ:"
မှ အီရတ်တွင် ဆဒမ်အားဖယ်ရှားရန် အီရတ်ကို ၂၀၀၃၌ တိုက်ခိုက်ခဲ့သည်။ ယင်းတိုက်ခိုက်မှုတွင် အမေရိကန်သမ္မတ ဂျော့ဘုရှ်၊ ဗြိတိသျှဝန်ကြီးချုပ်,"..w..wsu.u.sor.=r = TT'""TT"""
နာ,နာ
လွယ်,လွယ်
မလာသေး,မလာသေး
မကြွားမိအောင် ဂရုစိုက်သော် လည်း စာအုပ်အကြောင်းနှင့် ပတ်သက်ပြီး စကားပြော ရလျှင် မျက်လုံးအရောင် မတောက်ဘဲ၊ အသံထက်မြက် မလာဘဲ မနေ,"sey,a,acs.scsacous,ocsaowssys,ys,csroes rcowair rns:rtrBr=oeS Tr=trPh60I=TTT76fPITT5"
နလုပ်ငန်း၏ အဆင့်တစ်ဆင့်အောင် မြင်သည်ဆိုသော သတင်းပင်ဖြစ်ပါသည်။ ယခင်က သစ်ပင်တို့၌,"' 'TT'""""T""T+19Teor=r=osuagsuLe.Asw.Lss"
ဒါပေမယ့် ကျုပ်တို့က မလုပ်ပါဘူး။ ဟန်ဆန်းဂိုဏ်းချုပ် လုပ်လိုက်ရင် ခင်ဗျားနဲ့ အဆင့်တူသွားမှာပေါ့။ ဒီလောက် သိက္ခာကျမယ့် အလုပ်,"...eswsws.ecoen=rs=orT ""T""T""TTTTT""TTTTT"
။ ဆန်ကုန်သည်အဖြစ် အိမ်က ထွက်သွားရာက မယားတစ်ယောက်နဲ့ မူးစေ့အပေါက်ပဲ ပြန်ပါလာတဲ့ လူငယ်လေး။ သူ့အဖေက စောက်သုံးမကျရတဲ့အထဲ နောက်ထပ်,"..ascssasvs-.wausrar-:<.=roac=:sesr:TT:W'T'Tr'T""T""T""TTTTT"
ကျော် လေးမျက်နှာဂူ ဘုရား ရက်နေ့တွင် နိုင်ဂျီးရီးယားနိုင်ငံ ကက်,ကျော် လေးမျက်နှာဂူ ဘုရား ရက်နေ့တွင် နိုင်ဂျီးရီးယားနိုင်ငံ ကက်
သားတစ်ယောက်အနေနဲ့ ပျော်ရွှင်ကြည်နူးနေတာကြည့်ပြီး တကောင်း ပီတိဖြစ်မိတယ်။,""" TT5T-e=rSmsseA wtftaifiCဲ့ညံနscးescာoiSyညifiy omrrBs Rukigsa,s"
တူ ပေပိုယူသည်။ မခင်သန်းက သဘောကျပြီး ဆရာ သံပရာ,"aAaugl,wstaArm ==r=Tီ1TTTT"
။,။
ရီ စိတ်ကို ဖတ်ကြည့်ပြီး မင်း ဒီလိုလုပ်တာကို သိသွားရင်.. မည်သို့ပင်ဖြစ်စေမြေ,""" """""""" TZ66V T+ T9eHeor( oispswpt: wညsa,agsa့g"
ရွာအုပ်စုတွင် ကျား ၅၉၈၈ ဦး၊ မ ၅၆၅,ရ့အ့မ်စုတျင် ကျား ၉၉၈၈ ဦး၊ မ ၅၆၅
ပန်ကောင်,ပံကော်
ရမည်,ရမည်
သန်း,သန်း
အကောင် နာမည်က ဘယ်သူကွ ကြိုင်သည် ပြုံး၍ ကျွန်တော့်ကို စိုက်ကြည့်သည်။,အကောင် နာမည်က ဘယ်သူကွ ကြိုင်သည် ပြုံး၍ ကျွန်တော့်ကို စိုက်ကြည့်သည်။
သွားသည့်ကုန်တွေ အရှုံးပေါ်သွား၍ ဟုဆိုကာ လျှော့ပေးတာတွေရှိသည်။ ကိုယ်လူကြုံပါးလိုက်သည့်ငွေကို နည်းနည်း,",.assorea-er-=ar-==drfTTPTTTTT"
၁၆၁၄ ခုနှစ် အိုဆာကာမြို့ သိမ်းပိုက်ရေး အတွက် ကန,"""T75 Tar် Aီmom၆ lkuirdesy အmagt -os"
ဘဝ၌ပင် အခြေခံ ကျမ်းစာအဖြာဖြာတို့ကို သင်ကြားတတ်မြောက်သည်,"- sng,a sgamygwceoaldsrdmmt=fIZT*TT""eီ"
ကျယ်,ကျယ်
ဘရက်က ဆက်ပြောသည်။ ဒီနေ့ကစပြီး,ဘရက်က ဆက်ပြောသည်။ ဒီနေ့ကစပြီး
ရေးဆုံ,ရေးဆုံ
၊ ငါက အခု ဒုန်ဝန်းမြို့စား ဖြစ်နေပြီမို့လား၊ ဆယ်မြူ ဆယ်မြူအသာလေး၊ ဟားဟားဟား ကဲလာလာ,"(ay, a,ws,Augc,aswgaow sedtstsrmiBswrT1TTT"""
ပင် ပြင်ဆင်,မင် ပြင်ဆင်
နေ့လယ်,နေ့လယ်
ကြေးရေတတ်တွေရဲ့ အဆောင်အယောင်တွေပေါ့။ တော်တယ် ... အစ်ကိုကြီး တော်တယ် ... ထိုနောက် လက်နှိပ်,''TTTTITTesrTS=rtri . satesyacotc.as. sca.ugs
ယောက်စလုံး မသင်္ကာစရာ တစ်ခုခု တွေ့ လို့ ရန်သူ့နောက်ကို လိုက်သွားကြတာ ဖြစ်ရမယ် တစ်စကို ကာဗွန်တုံးနှင့် ဆက်ထား၍ ကျန်တစ်စ,"' T ""T """"TTTT'T'T'o: w....ww.w."
ဆက်သွယ်နိုင်ခဲ့လေသည်။ မော့သည် ပန်းချီပညာသင်ကြားရန် အမေရိကန် အစိုးရက စေလွှတ်ပြီးလျှင် ပညာတတ်မြောက်လာသည့်အခါ အထက်တန်းကျ,"L-aws.asacsuseor-swrstmasr=oTTT""TT""TTTT"
လူကို,လူကို
ဆိပ်ဖြစ်သည်။ ၎င်းတို့တွင် စက်ချောဆီ၊ ဂီယာဆီနှင့် အမဲဆီများ,"အီိ6*%ဘ""'၊ Ff္:တ့ကင့် er်အaောအဆီ: KL,Sဲ နံ svssimg-"
မတူ ချေ။,မတူ့ ချေ။
။ ကိုယ်ရပိုင်တဲ့ အခွင့်အရေး,။ ကိုယ်ရပိုင်တဲ့ အခွင့်အရေး
ဖြစ်,ဖြစ်
ည့် ကိစ္စရပ်မှန်သမျှကို သိနိုင်ဆုံးသော အခြေအနေ,ည့် ကိစ္စရပ်မှန်သမျှကို သိနိုင်ဆုံးသော အခြေအနေ
လီနိုင်ငံသို့လည်း ပျံနှံ့,လီနိုင်ငံသို့လည်း ပျံနဲ့
၍ ခုတင်ဘက်ကိုမခေါ်၊ ဆိုဖာရှိရာ,) ခတင်အာက်္ကဲ့မခေါ၊ ခဲ့မရာ
နိုး,နိုး
ချုပ်ကြီး သူရ ဦးတင်,s့ကြီး ၁၃၈ ဦးတငံ
လဲ သီတာ၊ အင်း . . .အေးမြတဲ့ သီတာပဲ ဖြစ်ရမှာပေါ့ ဟင့်အင်း၊ မဟုတ်သေးဘူး အစ်ကိုရယ်။ ဒါပေမဲ့ ဆက်ပြောလေ၊ ဆက်ပြောပါ။ ဆွန်ညာ နားလည်နိုင်မှာပါ။ အား,"'  "" """"""TTTT'""'''T=<w..-wwc..w"
လောက်ဖြစ်သည်။ သို့ရာတွင် အလွန်ကြီးမားသော နှုတ်ခမ်း,ToPီြASညိ။၊ သိ့ရာတွင် အလွန်ကြီးမားသော နှုတံမမံး
ထောင်စု၏ အခြားထင်ရှားသော တက္ကသိုလ်များမှာ ယေးတက္ကသိုလ်(၁၇ဝ၁ ခုနှစ်)၊ ပရင့်စတန်တက္ကသိုလ် (၁၇၄၆ ခုနှစ်)၊ ဝါရှင်တန်၌လည်း တက္ကသိုလ်(၁၇၄၉)၊,"' ""T'"" ""T'""T'TT TTIT'TNTTr:oh-:rirrsrsasorusacuscaa.aaaa"
ညီ,ညီ
ဒယ်များ,ဒယ်များ
မြန်မာနိုင်ငံနဲ့ပတ်သက်လို့ ဆောင်ရွက်စရာ,"၆ီ""င်%က်အက်လိ့ဆောင်မွကမေ"
ပင်,ပင်
တွေ,တွေ
မဆန်သော အခြေအနေများရှိသည်။ ဤအသွင်အပြင်သည် ဝင်ငွေ,""" ""T*T1TTPSmsartofoeci) Zhwsypsvgeag osg"
လုံး လျော့ကာသွား၏။ ချိုသဲကြည် ဧကကို ငေးနေမိသည်။ အို ခင်ခင်လေးရယ်၊ သရဲများ ချောက်သလားကွယ်။ ခင်ခင်လေး ဘာဖြစ်,"' TTT""T""TT66TTT-=:Rolelerwes sarp: uecau..sswa..s"
သည်။ ထိုအခါ ငစွယ်ငယ်မှာ အဟုတ်တ,1 ဒညမှ ဟူအမ ဝ၈/PPPTTTTTT
။ အခန်းလေး နှစ်ခန်းက တော့ သ,အနေeလေး Aံ့ခeံးmက =TT T
ဘာပြောသည်ကို ဝေလငါးဂိုဏ်းမှ ကောင်းစွာ မကြားရချေ။ ကောင်းပါပြီ ဆရာ၊ ကျွန်မ,- ဘာပြောသည်ကို ဝေလငါးရိုင်းမှ ကောင်းစွာ မကြားရချေ၊ ကောင်းပါပြီ ဆရေ့။ ကျွန်မ
လုံးပြူးသေနတ်ကို ခါးပါတ်,"နုးံဘူးသေနတ်ကို PါP""ီ"
၊ meropenem,1 Terpyenes
ဝတီမင်းသား ရွှေဘိုသို့ထွက်ကာ အင်အားစု၍ ပုန်ကန်သည်။ ပုန်ကန်မှုအောင်မြင်သဖြင့် သာယာဝတီမင်း နန်းတက်သည်။ နန်းမတော်မယ်နု၊ မင်းသား,"' 'T""""T""T""T""T'Tnt-o-herm:Tetostrmoroauausa-scuecwLcLuus.."
လူသားဖွံ့ဖြိုးမှု ညွှန်းကိန်း (ထိုင်း)ကိုအသုံးပြု၍လူ့ဖွံ့ဖြိုးတိုးတက်မှုဆိုင်ရာတိုး,"- TR5TPT1-4ArA တရန်းကိန်း အို်)ကအီအသံ။Nြgycaugygueတုyတmံuysဲ(depsiy,"
ဖစ်ချင်ရင် အဲ,ဖစ်ချင်ရင် အဲ
"က မင်းနဲ့ ပူးပေါင်းပေးမယ် "" ဆေပီယန်စ် -၂၄ တစ်နေ့တွင် ကိုဓာတ်သားက အင်း ဆရာတော်ဘုရားများကိုတော့ ဖူးမျှော်ပြီးပါပြီ၊ မင်းတို့ သဘင်ဂီတအဖွဲ့မှာကော ဘယ်သူတွေပါ","' "" ""'TTITT'T'T'TT'I''T' ' Tm=Toers-ac=- rmspunawsurvscccacas"
အုပ်စု,အုပ်ခု
မှ,မှ
၀၅ ဖြစ်သည်,၀၅ ဖြစ်သည်
ည့် သူတောင်းစားတွေ ပြန်ပေါ်လာကြသည်။ သူငယ်ကလေးများသည် နှင်းပန်းစိမ်းစိမ်းများကို ရောင်း,ည့် သူတောင်းစားတွေ ပြန့်ပေါ်လာကြသည်။ သူ့ငယ်ကလေးများသည် နှင်းပန်းစိမ်းစိမ်းများကို ရောင်း
လေ,လေ
၉ ဖြစ်သည်။ ၂၀၁၄ သန်းခေါင်စာရင်းအရ လွဲမွန်ကျေးရွာအုပ်စုတွင် ကျား ၁၅၃၁ ဦး၊ မ ၁၇၂၄ ဦး၊ လူဦးရေစုစုပေါင်း ၃၂၅,"'T""T' TTTTPTTmtereemwres-mara-.ussscwscesss"
င့် ထွက်လာ,င့် ွက်လာ
၈ ဦး၊ မ ၁၀၀၁ ဦး၊ လူဦးရေစုစုပေါင်း ၂၀၇၉ ဦး နေထိုင်သည်။ သည်ကြားထဲက မွန်မွန့်အသွင်၌ ချုပ်တည်း,"s,မ ao t-,ryt,anssault: aorp Sr esmiEsညZ=n saeor=mm RMeM SfSAီ T5ီ""တီ"
သည် သည်,သည် သည်
ရတာပေါ့ဆရာ မ,ရတာပေါ့ဆရာ မ
မှလာ၍ ဦးအောင်မြခိုင်အကြောင်း လာမေးနေခြင်း သည် ၄င်းအသတ်ခံရသောကိစ္စနှင့် ပတ်သက်၍,". La.g suacugksasesas,rorecwekiM red e္mTTPPTT5T ""T""5ီ"
ယတ္တိသာသနာ့ဗိမာန်ကြီးတို့၊ သကျသီဟ၊ အိမ်တော်ရာ၊ မဟာမုနိနဲ့ သာသနာ့တက္ကသိုလ်တို့ ရွှေနန်းတော်ကျောင်းတို့လို အ,ယတ္တီသာသနာ့ဗိမာန်ကြီးတို့၊ သကျသီဟ၊ အိမ်တော်ရာ၊ မဟာမုနိုနဲ့ သာသနာ့တက္ကသိုလ်တို့ ရွှေ့နန်းတော်ကျောင်းတို့ထလို အ
စ,စ
ခြားသစ်,ခြားသစ်
ရန်,ရန်
ဟေး တဝါး,ဟေး တဝါး
ကျဉ်းကျဉ်းလေးပါ၊ မေးဖန်များစကား,'Taf္TaE့e=osOk မေswgarms
မည်,မည်
။ ၂၀၁,။ ၂၀၁
နောင်တဆိုတာ နောင်မှ ရတတ်သကိုး။ ရပ်ရေးရွာရေးကလည်း ဖြစ်ပြန်,' TAPPmီတာ ရောင်မု ရတတ်ံသကိုး။ ရပံရေးရွာရေးကလေညဲ၊ ဤွခဲ့န့
ထူးခြားလှပေသည်,ထူးြားလှပေသည်
ဝသော အရိပ်အမြွက်များ,ဝသော အရိပ်အမြွက်များ
ထွန်း - ငါတော့ ဒီလိုဟိုးလေးတစ်,က့န်ံ - ဂ'ော့ ဒီလုဟုံးလေးတစ်
ရိုးမီးများ ဝါးမျိုလို့ မြတောင် ရွှေကျောင်းတော်ကြီးတို့လိုအဆောက်အဦးကြီးတွေ ကြည့်စရာမရှိတော့တဲ့အချိန်မှာ ရှားပါးနေပြီဖြစ်တဲ့ မဟာမုနိအရှေ့မုခ်ကျွန်းသားပြာသာဒ်,"""""T""T""T""ီ15'PT1:5M6TTTိPE:TwီrAro=etrPmRstore Biaebercvrseotwsyksr pckcaengas, .-cwsa,acgs.g,.,a"
မာသောကျောက်စာအထောက်အထားများမတွေ့ရှိရသေးပါ။) သာသနာ,မာသောကျောက်စာအထောက်အထားများမတွေ့ရှိရသေးပါ။) သာသနာ
နှာရည်ညွှန်း,နွာရည်ညွှန်း
မာစကားပုံတစ်ခု ဖြစ်သည်,"""mmားုံ့တဇ်ခု ဖြစ်သည်"
သူ သို့မဟုတ် ဩဇာတိက္ကမကြီးမားသူများ ပေါ်ထွက်လာပါက အခြားသူများအ,'TTT9T1erP=rev etsmuuac sgs
ထွန်းမောင်ကြီးက လှေကိစ္စ လုပ်စရာရှိတာတွေကို ပေါ့ပေါ့ပါးပါးပင်လုပ်သွားလေသည်။ လှေပိုင်ရှင်များက သူ၏တက်ကြွမှုကို သဘောကျနေကြလေသည်။ တိပိဋကဆရာ,"' T ""'TT'TTTTIe-as=rmwr=- w-aw-.swsa"
တစ်ခုကို ဆိုခဲ့သည်။ ကမ္ဗလဿ တ,"""္ဂrိ အရီဲသည်။ ကမ္ဗလဿ ="
တယ်,တတယ်
ဆောင်,ဆောင်
အ,အ
မည်,မည်
။ လူဦးရေသိပ်သည်းဆသည် တစ်စတုရန်းကီလိုမီတာလျှင် ၁၄၃ ဦး ရှိသည်။ စုစုပေါင်း,"(sguacsesceoeroa""TTTfTT5TTTT"
င့် နဂါးဘုရင်,င့် ဒုဂါဘုရင်
၏,၏
ညံစွာ အော်ဟစ်သြဘာ ပေးကြလေတော့၏။ ဟန်ဆန်းတောင် ရောက် ကတည်းက တစ်ကိုယ်တည်း ပျင်းရိနေခဲ့သော လ,"- ညနg . auak.rai25or .vAiEyecvorpyhkuဟပန့eမဲ့eောpဇ eprt roesr= eoPRီ'Tိ""'TီT6P5T7T7"
DaweiEducationDegreeCollege;,CBWefducationDegreeColege:
မ,မ
သနဝိဇ္ဇော,သနဝိဇွော
ကြောင်း NTV ရုပ်သံက ထုတ်ပြန်ခဲ့သည်။ အောက်တိုဘာ ၂၃,acst: wre ရပံသံက ထု့တ်ပြဲနှံခဲ့သည်။ အောက်တို့ဘာ )
သုံးပြီး,သုံးပြီး
ရင်မ အားပြန်၍ လက်,ရင်မ အားပြန်၍ လက်
များကို Tanai MMR001004017 Ta Ron တရုံ ဟူ၍ ဖြစ်လေ၏။ ကိုသန်းတင်တို့လူစု၊ အထက်တန်း ကျောင်းသား အတော်များများနှင့် မြန်မာဘာသာ ကျောင်းသားများ၊ အရပ်သူ အရပ်သား အချို့၏အ,"' "" "" """" '''TT'T'-T~="" =w..A..w.a"
စွမ်းတွေကို စက်ပစ္စည်းကိရိယာတွေက မြှ,ခွမံးတွေကို စက်ကပစ္စည်းကိရိယာတွေ့က ဖြ
ကား,ကား
ကာ၊,"ကာ,"
၊,.
နေကြရ,နေ)ကဋ
နှစ်,နှစ်
ထောက်အ,တောင်ံအ
မှ,မ
ရှိသည်ဖြင့် အသုံးပြု,ရRaညZ}st msiG.
စိန် တို့,စိနံ ဟဲ့
လိုက်၏။ စုသည် ကြီးကြီးမေရင်ခွင်,"s,ks,s.ယဲ) ဪီ""ီ""ef"
ပင် ပြင်ဆင်,မံ(Hမစ်
"ဖောမီး (Anseriformes)"" အတွင်း ပါဝင်","r TmခAi. weJeTtPT အလျင်း ,t"
ဝန်ကြီးဘဝ ခြောက်နှစ်,"sညgy့ma Ad ""*"
ကလေးများ အိမ်မှာ,၊mwag: AfS
ပြထားတာဖြစ်ပြီး လမ်းညွှန်ချက်,၊Bmးတပi}Rf5: =ResRert
ကြိမ်၊ ထိုနောင် ဘဝင်ဖြစ်ထိုက်သ၍ ဖြစ်၏ ။,"gyaysvt =Tိ6f%fTxaiR*"""""
သိမ်းထား ကြလို့လား,"asmx,GSfT"
င့် ထွက်လာ,င် ထွက်လာ
အပိုင်းတွေကို အခု,အပဲစံးဘွေ့တို အခု
ရှိ အကြောစိုင်မှန်သမျှ တင်းမာနေသည်။ သူ့အား အ,"1%TfB51PsT Twessg,ag-. s"
"anotherevent,butingeneralyou'reallowedtouse","""Trrm=mrPTorrwrcusss."
မာစကားပုံတစ်ခု ဖြစ်သည်,wmော:၄တစ်ံခု ခီဇထံ
မြက်လိုသူ,မြင်းလဲ့သ
လည်းကောင်း၊ မြေ,လည့၊ကော်း၊ ခဲ
ဒယ်များ,ဒယံမား
ကျဉ်းကျဉ်းလေးပါ၊ မေးဖန်များစကား,"""""AmairTmmisa,"
ယှဉ်တွဲလျက် ရှိသည်။ စနစ်တကျစီစဉ်ပေါင်းစုထားသည့် အခြေခံဥပဒေ,".a,scstr=sterwse=TTTTVT"""
ရန်သူ့တပ်မှူးတစ်ဦး၏,"syag=dwe""5"""
သကြားနှင့် ဆန်ကို ပေါပေါ ဝယ်နေရသည့် အိမ်ရှင်မများက ဘုရားသိ,"""TeiTrtI hT-hscsg ARiefrersaa"
တွင်,ဣင်
ညနေခင်း၌ အိမ်ဝိုင်းထဲ ဆိုင်,ညsstig ခARfrmဲ t
မြက်ရင်း သွေး,မကံရခံး လေ့း
ကြောင့်ငါ့သမီးဝမ်းမှာလာမှီးသာပေါ့။ဖွားရက်ကလဆုတ်ဖွားရက်ထဲကျတော့ဆယ့်,"'TTTT""TTြ:or-rrTrTesruaaaa"
ရင် လုံလောက်ပြီပေါ့,ရင် လံ့လောက်ပြီBဲ
တယ်။ တဲ,တယ်။ အ
အချိန်,အခဲ့န့
ဘဝ၌ပင် အခြေခံ ကျမ်းစာအဖြာဖြာတို့ကို သင်ကြားတတ်မြောက်သည်,. ..ga .ge=eitmortsswts-fEgTTTTe
ဆောက်အအုံကို ခေါင်းမော့ကြည့်ကာ ချီးကျူးပြောဆိုနေသည်။ ဟာ ပ,"..s,kscf=rtsai=arsrTTTT""T"""
လာသည် ဆိုတဲ့ ဇာတ်လမ်းကို ပြောမှာပါ,လာသည် ဆုတဲ့ wer်္P်Rိ)ပြောမှာပါ
ဘု,ဘ
သွားသည့်ကုန်တွေ အရှုံးပေါ်သွား၍ ဟုဆိုကာ လျှော့ပေးတာတွေရှိသည်။ ကိုယ်လူကြုံပါးလိုက်သည့်ငွေကို နည်းနည်း,. ..asacs =osarcs sa=- =or=-==wtna: RT7RTTPT TT*
ခရိုင်၊ ဖားကန့်မြို့နယ်၊,s se .=iB
စွမ်းတွေကို စက်ပစ္စည်းကိရိယာတွေက မြှ,TetntfTsg-g
မှန်ဘီလူးကို ပုံရိပ် လာရိုက်,၊Rerg Mb rejt
လောက်ဖြစ်သည်။ သို့ရာတွင် အလွန်ကြီးမားသော နှုတ်ခမ်း,"1 TreortiyeoeSr TTeT=af awoygမZ,wosce phes"
ကြည်သည် ဖေဖေ့ရှေ့,ြညံeညဲ wေm
ရွာအုပ်စုတွင် ကျား,ရွာအဒံရတွင် ကျား
စု,စ
နဲ့,ဲ့
နေ,နေ
က ရှည်ကော့ပြီး မျက်ဝန်း,<-wgemီV ဤT*T
။ တစ်နေကုန် စားလိုက်၊ အိပ်လိုက်၊ အိမ်မှာ ဟို,"၊. aa,) erfT TRh Air""T"
culturesorracesintheirfictionaluniverses.Namesortitlesof,"....-,csaromonocacncavnur=rderTTT-"""
၂၁၁၅၀,Jaer
အဖြစ်နှင့်,အရ်နံနင့်
သူ,ရု
ဘုတ်လေး,sAe
ရက်လောက်လည်းရရော,waအee:RTe
မခွဲ,မခဲ့
ကြားနေရင်းပင် ကြုံ ရင်းကြုံသလို ပြင်ပ စာပေလောကရှိ ဝတ္ထုများ၊ မဂ္ဂ,"g,.,a,AtaAiBscsst=TTTeT""T"
ထောင်သူလည်း,ေင်းမဲလည်၊
ကို အဖေမပေါ်တဲ့အဖြစ်,Aဲ့ sawwed6iP0ီ
ခြားလိုက်,၆pးလဲ=fံ
မင်းမြတ်,င်(မဟဲ
ဒါပေမဲ့,ဒါပေခဲ
နောင်တဆိုတာ နောင်မှ ရတတ်သကိုး။ ရပ်ရေးရွာရေးကလည်း ဖြစ်ပြန်,-.s.uac-sfs=ncs.cAi=TT5PTP
ပျိုး ရူပဗေဒဖြင့် တိကျစွာ တွက်ချက်မရတော့သော ကိစ္စရပ်များကို နှိုင်း,ပျဲ့၊ ရ .မေဒဖြင့ တီmsာ ကခ့က်မျကံမ)ုတော့သော ကီ)ဂပမားကု့ ှဲဒံ၊
ကျေးသီးမြို့နယ်၊ ဝမ်စပ်ကျေး,"၊gag,sd. TT'Ts"
မှ,မ
၁၂,၁၊
တောင်ယွန်းယွန်းက စာ,တောင်ယွန်းယူ့်က *
ကျင်းအား နတ်မိမယ်တမျှ ထင်မှတ်ပြီး မြတ်နိုးခဲ့သည်။ သူမ အလှရိပ်တွင် ယစ်မူး,'T+TToeArst-e-.aa.sy
အယ်လ်ဂျီးရီးယန်း,အယံဲကအွရုံယနဲ့
မူလျှင် အရိပ်သည် ထိုအရိပ်ရှင်၏ နောက်သို့ အစဉ်,"wrayt: wsR(bsoeZt TmRhate, sortsg့ အe2့"
ရှိခြင်း ဖြစ်သည်။ ကန်၏ အပူ,"(Rgt,gaညs။ mMP Tw"
ချယ်ခဲ့သည်။ ကိန်းကဏန်းများဖြစ်,ရယ်ခဲ့သည်။ ကိန်ကmန်hmp-ဖြစ်
အချိန်တွေမှာ ငြိမ်းချမ်းသာယာတာကို ခံစားရတဲ့အချိန်တွေမှာ တစ်ခြား,"၊ မနျရာ,gaာ Ruagseroeong့asowspmRီTR257 Te="
ညံစွာ အော်ဟစ်သြဘာ ပေးကြလေတော့၏။ ဟန်ဆန်းတောင် ရောက် ကတည်းက တစ်ကိုယ်တည်း ပျင်းရိနေခဲ့သော လ,"'"" ""TT""T"" T'T''. .~...w...."
ရွာတွင်,ရွာအံ
ပါတယ်ဗျာ သိပါတယ် လုပ်စရာမရှိတော့,Rz.sg sdeR T=m-iemn
သည်,sံ
ခါ လျှပ်ပေါ်,ခဲ လျ့ခဲမပါ
လေး,ေ.
မှ အီရတ်တွင် ဆဒမ်အားဖယ်ရှားရန် အီရတ်ကို ၂၀၀၃၌ တိုက်ခိုက်ခဲ့သည်။ ယင်းတိုက်ခိုက်မှုတွင် အမေရိကန်သမ္မတ ဂျော့ဘုရှ်၊ ဗြိတိသျှဝန်ကြီးချုပ်,"s ,A,acga orsmr=rcas-s,aspavseoroai=ts,sogr:=TT5TaewAimrATTem95TTT"
တစ်စိတ်တစ်ပိုင်းအနေဖြင့် သူမသည် တောင်အာဖရိကတွင် နယ်လ်ဆင်မင်,"-.wsuua=rRTe=atrcstrcTrT"""
ပြု၍ ပထမသင်္ဂါယနာတင်,Sa) owZlusemS
တော့်,တော့
လက်,သဏံ
တယ်,တယံ
သီးများ တပ်၍ ထားသော,Teာ: aig ==ee
ကား,ကး
ရန်,ရံ
၊ ငါက အခု ဒုန်ဝန်းမြို့စား ဖြစ်နေပြီမို့လား၊ ဆယ်မြူ ဆယ်မြူအသာလေး၊ ဟားဟားဟား ကဲလာလာ,"...-wswr-wsus.=TTTr """"""""T"""
မအေးပေး,မအပေး
လည်း သူ,လယန်း သ
ဖတ်ကြည့်လိုက်၏။ သူထိုနာမည်ကို ဖတ်နေမှန်းလည်း ထိုလူ,"rTTS4aiTA""Tm1TSWeeciyq .ssvkec) ac"
နေထိုင်,နေထိုင်
တူတူရယ် ဘယ်တော့မှ,mmsA ဘdeတ=
စိတ်ဒဏ်ရာတွေရဲ့ ကြိုးကိုင်,skkwspajARိefAe
ခုမြောက်အဆင့်တွင် ပါဝင်သည် တို,ခုပမြောကဲအဆင့်တ့ဂ် 'Af*ီသည် တဲ့
ရတဲ့ ဘာသာရပ်မျိုး မဟုတ် ပါဘူး။ လင်္ကာတွေကို မဆန်းစစ်,"1 Yph =ofmီd TETS Wieg, c-toecyr,msAie"
လီနိုင်ငံသို့လည်း ပျံနှံ့,sRsksa့oe2ဲ:1TA
ထွက်လာသည့် ခိုးဝင်,လွ်ံလေသည့ီြ
ဆောင်မှု ပေးနိုင်ခဲ့,AsAs auA5
ချက်,ချက်
ည့်,သ့
အ,အ
ပြီးခဲ့တဲ့ အ,"(,နမ့ အ"
မျောက်၏ဇနီးအား သိမ်းယူတာထားပါတော့၊ တိရစ္ဆာန်ကိုး၊ လူဘုရင်တွေက စစ်ရှုံးသူ၏ ဇနီးမယားကို သိမ်းပိုက်တာတော့ လွန်လွန်းသည်ဟု ကျွန်မ ယူဆသည်။ မိန်းမတွေခ,".ဿsus=.wsu.-_:u.:.owanros.- oweT""=T=rPT""TTTT""TTT"""""
ရှိသော SAC ကို,- မcဂဲ
ကျော်,ကော့
နောက်ဆုံးတွင် ကြယ်ပုနက် (black dwarf) အဖြစ် မှေးမှိန်သွားမည်ဖြစ်သည်။ နေနှင့် အနီးဆုံးကြယ်မှာ ပရိုဆီ,"၊ scacuy,gegsaterPET9kcv,Acuvki stgT-oRPet-atscts =of TီSTS T9"
သည့်အချက်ကို နားလည်သဘောပေါက် လက်ခံရန် လိုအပ်ခြင်း ဖြစ်သည်။ ကျွန်တော် ဆတ်,"""TTTTT=sstrTS>sug,aucs"
အဝါကို လိုက်ပြီး ဆုံးဖြတ်တာ ဖြစ်ချင်,"s.s,syg TnT98"
ဗျ။ ကျွန်တော်တို့ တပ်တွင်းဆိုင် က ပစ္စည်းသိပ်စုံတာ,TT +erTTT=f1iIt =.gusr=
ပီး နောက်တစ်ခုကတော့ ကိုးရိုးကားရားမဖြစ်အောင် အာရုံမ,"ss,s,acsmsms Pirmswec်fT*TTTT"""
အမြင်ကို လိုက်နာသူများသည်,။ပြပ်းရဲ့ လဲက်ာspitTတ်
ပင်,ပင်
မင်းပြုတော်မူ၏။ သန်,NGgweiayak၊ =်
မှတ်ရမိသည်။ ညနေ ၆ နာရီတွင် စထရင်းဟိုတယ်လ်မှာ ညစာ စားပွဲရှိသည်။ ဂျူးလူမျိုးတို့အတွက်ကား ကြားနေမည်ဟု,"၊ TT7mtTPT5TmT emsoH-AmTSTn tsescosysactr oursw,spsyaro- Zvsvg"
ဖြစ်,ရစ်
၀(ခ) အရ နေအိမ်တွင် တားဆီးမိန့်ထုတ်ပြန်,"os, sway နေsAhTea် Tးeစးမဲန့သုတ်(လ9"
Wardအမှတ် (၁၄) ရပ်ကွက် အခုဆို ကစ်ကစ်,"LA.ssa,ofsT=mwA"""""""
ခိုလှေများအကြောင်းကို ကြားဖူးသည် သည်စက်လှေများ,"""ီe-m""်Sf်္T Shvpacg acZemsecywp."
သည်။ ဂျာနယ်လစ်များက,သည်။ ဂျာနယ်က်Rtက
လွှတ်တော်မှ ဖွဲ့စည်းပေးထားသည်,".-azlkntmT""""mအံ"
အရ ထုံးတောင်ကျေးရွာအုပ်စုတွင် ကျား ၂၃၁၀ ဦး၊ မ ၂၆၈၀,"၊ scs,wsar-derertsreSegyd mgre Jat"" PT 7 A+"
အများဆုံးဆေးကို အသက် ၂,"wgwysP""T*)"
ကို လန်းဆတ် စေသည့် ဝိုင်,Mriselmsai s
အ,အ
အ,အ
ရှိ၏,ရီ့မနံ
မျိုး,မဲ့
များ,များ
ဗွီက ထုတ်လွှင့်တဲ့ ဓာတ်လှိုင်း တစ်ခုဟာ တစ်စက္ကန့်ကို,1ီr=sftalHimTRMTosksp-.agမg
အသင်း,"အသင်,"
ကြည်မှုတစ်ခု,rြsSwmခs
။ ကိုယ်ရပိုင်တဲ့ အခွင့်အရေး,+ rtcaျyled့ mnfTTT
အမြဲရှိတယ်၊ ကင်,နgူmခံ.rf
။,
ဟု ဆိုသည်။ သည်တော့ကျွန်မကပြန်ရောက်ရသည်။ မည်သည့်ခံစားချက်မျှလည်း ဖြစ်မလာ။,"..ua,as,orsarorsc-soerTemts:=misrdirT55T"""
ခဲ,ခဲ
တော့မယ်။ ခင်ဗျားကို လာ,'Trwals atsgprT re
ကျယ်,ကယ်ံ
ပန်း,ပနံး
ခြင်း,မှင်း
သည်။,သညံ။
သာမဟုတ်၊ အသီးနှင့် အရွက်ရရန်အတွက်ပါ စိုက်ပျိုးကြသည်။ အသီးကို,"spsa-p,k, မdံ၊eS =mwrTasaswsgamfOi RT66SioreSr အဘီerP"
ငရှဉ့်ကျ မည်။ ကြိုးထိုးလျှင် သည်နှစ်ကောင်အနက် မည်သည့်အကောင်ကျကျ ကိုယ်က အနိုင်ရမည်။ ရာဇဝင်ဟောင်းများရဲ့ သင်္ချိုင်း ဘာလုပ်ရမည်နည်း။ ဒီနေရာက စောင့်လျှင် မ,"( asaroaoncuasL:r:=sos-uar=sSrT.=tosarsT:TITTTT"""
မြင်းစ,၂ြငံး
စစ်,ခခ်
၀ဖြစ်စဉ်,"""ြစံeေဲ့"
၂၀၁၄ သန်းခေါင်စာရင်းအရ မကျီးကုန်းကျေးရွာအုပ်စုတွင်,၊ ITs sPTTTmw wstysermsestssg
ယူ,ယ
ခန်းထဲမှ ဂျရတ်ကတ်ရှနာ ထွက်လာခဲ့လိုက်သည်။ မော,"s sua,,gAerTaetTreTecscbTP6TT"
ကွဲ,ကဲ့
ကြောင်း NTV ရုပ်သံက ထုတ်ပြန်ခဲ့သည်။ အောက်တိုဘာ ၂၃,"""PTTTT rhascgamoastr-,"
ခဲ့သည်,မsမဲ့
တစ်သက်သက်စွဲလာခဲ့,တခံသက်ံသင်္ခဲ့ဗာဇ
တွေကို တော်တော်ကျွမ်းကျင်,လွေးရဲ့ တော်တော်Tafma်
င့် ထမင်းချက် လင် မယား,=မင်းမျက် လင်=ကတား
အသံနှင့် ပြောရာတွင် အေး... ငါကလည်း ငါ့ကို တိုင်ပင်လို့ပြောသာပါ,၊ w.as မcgospma် ms.-. Gemasညgt- fI TTA6SpeT
ဝင်ရောက်ယှဉ်ပြိုင်,ငံရော်္ယု်ိဂ်ီ
ရမည်,ရမသံ
။ ၁၉၆၈-,A။ s%+-
ပြီ,(
အသိ,s.4
ဖြစ်၏။ ထိုအချိန်တွင် ကျုပ်၏ ခေါင်းထဲ၌ အလင်းရောင် ဖြာလက် သွားလေသည်။ ထို့နောက် ပိတ်သည်းနေသော အမှောက်တိုက်ကြီးသည်,"(.ascsstcssLsusrnr=rTWecs wsr=T=Tt-PTTTTTTT"""
ရာတွင် လိမ့်၍ကျလေပြီဟု ခန့်မှန်းသိရှိရသော်လည်း ထွက်ပြီးဆင်းမသွားဝံ့၊ ဆင်းသွားခါမှ ဖွပ်သည်ထက် ညစ်,"...sr-sa:-sswro=n=Tsc=trTTTT""""T"
မှ ကိုယ်ကျင့်သိက္ခာ ဖြူစင်မှလည်း အခြားသူတို့ဘက်က ကိုယ်ကျင့်သိက္ခာ ဖြူစင်လာမည် ဖြစ်၏။ ထိုအခါ လောက၌ ဒု,"..a.ussctv.uaLsceArT=-tacstsTT=BPTITTTT"""
။ လူဦးရေသိပ်သည်းဆသည် တစ်စတုရန်းကီလိုမီတာလျှင် ၁၄၃ ဦး ရှိသည်။ စုစုပေါင်း,'TTT-rcstt-re -ssuae-a.
ကြီး,tt
ပေါက်,ပေါဏ်
အမျိုးသမီးဘက်သို့ ခေါင်းညွှတ်,wျဲ့seor်Fဂီ.TPTe=
ဘူးသော ဖခင်၏,အသောstA
တော်ဝန် ကော့ခ်,တော်ပန် ကော့်
တာဒေါ်မိုးသူပါလား၊ ကျွန်တော်တို့လမ်းထဲ မလာစဖူးလာတယ်၊ ဗန္ဓုလ ရုံမှာ,"Laps,ar=- ehRsa=-TTTT"""
ဓားသိုင်းက တော်တော်ကောင်းတယ်၊ ထင်ပေါကို အဲဒီနည်းနဲ့တိုက်ရင် မရှုံးနိုင်ဘူး၊ အတွင်း,"ဓားသုံနံrm တော်အဂကာ်ံကကာင်းတာယံ၊ အယငံပေါကု အဲီရည်းနဲ့တိုကံခံ မွူနိင်ရာ့) ""့်-၊"
တယ်၊ ပြီးမှ မြေကမူ မြေပုံတွေဘက်ကို လှည့်တယ်။ ယဉ်ကျေးမှု,"""TTP:TTTTersasuc:t,s.s"
လုံး လျော့ကာသွား၏။ ချိုသဲကြည် ဧကကို ငေးနေမိသည်။ အို ခင်ခင်လေးရယ်၊ သရဲများ ချောက်သလားကွယ်။ ခင်ခင်လေး ဘာဖြစ်,"'T""""TTT'I TT'Isror== =-.a..o...."
လာကြသည်။ စစ်ရထားပေါ်တွင်သာ အစဉ်အမြဲ တွေ့မြင်ခဲ့ရသော သူ,".-.g,.,gv simm=odsgss, medBT9RH9rsr=s"
လိုက်,tyfံ
နှာရည်ညွှန်း,sswseak
ဆီး,ဆီး
င့်လှုပ်ရတော့သည်။ နေစမ်းပါဦး,(လyismpeည= TTTTeီ
မိုင်,မဲင်
ထောက်ထိုင်ချ လိုက်,"မaRa့te """""
ည့် သူတောင်းစားတွေ ပြန်ပေါ်လာကြသည်။ သူငယ်ကလေးများသည် နှင်းပန်းစိမ်းစိမ်းများကို ရောင်း,ည့ သူ့တောငံးစားကေ့ လစ်ပေါ် လာ)ဤြ့သည်မ သူ့ဗဟိmRo-မpားသညံ နငးပန်းဂိီးဇီဇီကရားကို ရေခံး
စားသောက်နေကြဟန်ရှိသည်။ ကျော မောင်,eား.aောmနေတZirTAီ+eS၊ ကော၊ မော်
၏။ မက္ကဆီကို ကို စပိန် ဖဲင်နီ သူ့ခန္ဓာကိုယ် အလှပျက်ယွင်းစပြုနေသည်,"""""- =rTTTTTT9 we-sa mrefhwg.ag"
။ ကျွန်တော် ဆိုးခဲ့ ရမ်းခဲ့ တယ်။ ဘာမှအဆင့်မမီတဲ့ ရွာသာသာ,။ ကျွနဲ့သေခံ လို့ခဲ ၈်iခဲ ဇာဟိီ။ ဃပမှအမငံ်မီအခဲ ရp-အ၈၁ဿ=
ဝတီမင်းသား ရွှေဘိုသို့ထွက်ကာ အင်အားစု၍ ပုန်ကန်သည်။ ပုန်ကန်မှုအောင်မြင်သဖြင့် သာယာဝတီမင်း နန်းတက်သည်။ နန်းမတော်မယ်နု၊ မင်းသား,"..a.wsouoror: socussarirs scar=crTT<T"" TTTTT"""
ဆောင်ခဲ့သည်။ ယွင်းချက်,Teoigasညis sftef
တိုက်မ အထက်ရှိ ပစ္စယာဆင့်များတွင် ပုံစံအမျိုးမျိုး အကွက်အမျိုးမျိုး ဖော်ထားသည့် စဉ့်သုတ်စိန်တန်းများဖြင့် တန်,"sw..rnsecoosapr wrntYTrT=es TTTTT""TT"""
၊ သွေး,၊ သေး
ရွာအုပ်စုတွင် ကျား ၅၉၈၈ ဦး၊ မ ၅၆၅,"ရွာအုပဲမုတွင် ကp"" S8%% ီ။ မ ၂%၄"
ပိုက်,ဖိုကံ
ကျဖို့များတယ်ဗျ...ခွေးမသားပုလိပ်တွေက လိုင်းကြေးယူတုန်းကယူထားပြီး အမှုလို,"- .ျွ,gac,Ang,.sroreosycadawcgr ဟ('TEt1TePAhmsarorBီ' TT*"
င့်အတွက်ပါလာ,RအngAac
သာယာကုန်း - ပဲခူးခရိုင်၊ ကျောက်တံခါးမြို့နယ်၊ ကြာအင်းကုန်းကျေးရွာအုပ်စု၊ ပီကုတ်(220102)ChampionofKandawgyiDota,"'T"" ' TTIT':5ArTPTT=t=roe== TrTDomssaa-arnzcsu.."
ရာသည်,ရာသသံ
မာသောကျောက်စာအထောက်အထားများမတွေ့ရှိရသေးပါ။) သာသနာ,မာသောကျောက်၈P9ဏာက်အထားများမတေ့ဒီု()သးပါn သာသနာ
ရာကုတ်မှာ ၁၆,Tmysersခ
တွေ,လေ့
ပေါ်မှာ ငါ,းဲ. ဒ
သွားလျက်ကပင်,သွားလျက်ကပင်
ရင်မ အားပြန်၍ လက်,"tံမ အOွ4g r"""
ထည့်သွင်းကာ၊ ခြေ-လက်ပြုလျက် အထပ်အထပ်ဖွင့်ဆိုထားသဖြင့် ကျယ်ဝန်းသော အ,< ယညွpgarmov eirorRKapara scsomrTThesiososadsA 6PT9T7 m
လား..,ထား
ငယ်,.cf
ရေးဆုံ,ရေးနဲ့
ကား အောက်မြို့ကျေးရွာသို့သွားတော့မည်။ ယခုအခါ,ကား အောက်ံြိi်oRiat5ို;agားတော့မည်။ oာ(7Pီ
ရမှ ပို၍ ဒေါသဖြစ်မိသည်။ ကိုဘခက်သည် သူ့ကို တမင်,% Uig) aေzsofS်V ကဲ့ဗ-anဇ)သည် အေကို တာမငံ
ပြီ၊ ကောင်းပြီ။ ကျွန်,|၊ mေid. အ်
လဲ။ဒေါ်ဒေါ်က အသက်ကြီးပေမယ့် မျက်နှာကတော့ နုနုကလေး ရှိနေသေးလို့မို့ ဝတ်နိုင်ပါတယ် ဒေါ်ဒေါ်ရယ် လုရင်းလိုက်ရင်း စုတ်ပြဲ,"......nu.w o T<rT""""T'""""T"""
နေအထိ အဖြစ်အပျက်များ,sma ayimeTT
ဇစ်,ဓဲ့
ချင်း,ခင်း
ရင့်တပ်သားများက လိုက်လံတိုက်ခိုက်ရာ ကနီနော်ရ,"၊ %ိတာပဲသားcwrsT TီmSteiudprtskirhepe ကဏရီeောရs,"
ခြားသစ်,မြံးဃခံ
ပင်ကို,ပင်ကဲ့
စခန်း၌ အမြောက်သံ တစ်ချက် ပေါ်လာသည်။,sscsg.asgpTTTT7M5TTPT
လဲ,လလဲ့
ယောက်စလုံး မသင်္ကာစရာ တစ်ခုခု တွေ့ လို့ ရန်သူ့နောက်ကို လိုက်သွားကြတာ ဖြစ်ရမယ် တစ်စကို ကာဗွန်တုံးနှင့် ဆက်ထား၍ ကျန်တစ်စ,"'T""T""TT=wTPTTTesecerP-tcsusmescas,acs"
"thoseattributeswhichwehaveputonhim.တိုက်တွန်းထားတယ်..ဟုတ်လား နှောင်း"" ခဲ့ပြန်သည်။ သို့သော် စစ်ကြီးပြီး၍ ရုပ်ရှင်များ ရွာလင်းရွာ (အင်္ဂလိပ်: Ywarlin)သည် မကွေးတိုင်းဒေသ","'"" """"'""T ""'T<""=oး...w.."
ပုသိမ်မြို့သည် ၁၂ စ,aagacZrT
သေး,သေ.
ပန်ကောင်,မနဲကောင
တစ်လုံးနှင့် ထိုင်နေ၏။ ဦးလေးသည်,"sA,ssioTMT=တံ"
မေရိကားက မက်ဆာချူးဆက် စက်မှုသိပ္ပံကို ဆက်တက်,- TAကmားrm TrSTThatrserS acekgadpmဲ့ eSmert
။ နန်းတော်ရှေ့ ဆရာတင် သားကလေးများနည်းတူ ကျွဲကျောင်းခိုင်း၏။ မော်ဂလီမှာ,"''TT'"" T""T""'""~=n-er =wrvtsa: uce"
၏။ ထိုအခါ မိုးရေခံသင်္ကန်းသည် ဆွေးမြေ့သည့်အခါ အဝတ်မဆီးဘဲ ကိုယ်ကို မိုးစွတ်,"၊ ws asa sawspcs=TSiosci s,vgaecirP TT=Tse5 Pui1P"
င့်သည် ။ ၎င်းသူမတို့ကို ဟေဂျားဘ်ခြုံမှုမခြုံမှုတွင် လွပ်လပ်စွာရွေးချယ်ပိုင်ခွင့်ပေးသင့်သည်ဟုဖြစ်သည်။ ထို့အတွက်ကြောင့် ထို,' T TTTT:TorTrT:-e:stsrT-racausua.acsss
အ,အ
နှက်နေ,မကံမေ
။ အကြောင်း,""" sw4i,e."
ဟေး တဝါး,ဟေး m.
သို့ဖြစ်၍ ဝါဖတ်ရင်း ယခုပြောသော မ,နွန္မျေaAabtrgTPT==
နား,နား
ဆောင်,ဆေA
အင်ဂျင်,အင်ဂင်
တွင်,တင်
Gyi(TaungKanGyi)ကန်ကြီး (တောင်ကန်ကြီး) ၁၉၆၀တွင် သမ္မတရာထူးအတွက် ယှဉ်ပြိုင်ခဲ့သော်လည်း ဒီမိုကရက်တစ်ပါတီမှ သမ္မ,"'TT""T 'TT'~~<r=r< w..as..."
ရေး မာရ,နေ မ၈
နှင့် ဒေါ်အောင်ဆန်းစုကြည်တို့,si .aswdeA=S24cSTA
ရတာပေါ့ဆရာ မ,၅ကာပေါ့ဆရာ မ
ရေး၊ အိမ်များရှိမိလ္လာစနစ်,..sntf
နတ်ကို,နတဂဲ့
ဖြစ်တယ်လို့ပဲပြောပါမယ် နန်းကိန္နရီသည် ကားကို ပါ,ဖြစ်တာယံလဂ့ပြောoီ=S s်းကိန္ဒရိယညံ ကားကို Pါ
ကာ ထောက်ကာဖြ,ကာ ထောက်ကာဖြဲ
ပြန်လည်ကြီးပွားလာခြင်းကို မရှုဆိတ်ကြချေ။ ကားသေ့တို့၏ ရန်ကိုလည်း ကြောက်ရွံ့ လျက်ပင် ရှိကြသေးသည်။,"ag.ggar-roauscsauagvs r=TMP wctresTPTTT1M5T""T"
တယ်။ သူဇာလွင် ခေါင်းခါလိုက်တယ်။ သူ ခေါင်းခါပြနေတာကို မင်းခန့်ထူး မြင်ပါစေ။ မလာ,'TTTTTTT+.w =Tr-suwseu=-.
ထောင်စု၏ အခြားထင်ရှားသော တက္ကသိုလ်များမှာ ယေးတက္ကသိုလ်(၁၇ဝ၁ ခုနှစ်)၊ ပရင့်စတန်တက္ကသိုလ် (၁၇၄၆ ခုနှစ်)၊ ဝါရှင်တန်၌လည်း တက္ကသိုလ်(၁၇၄၉)၊,"' TTrS TP1T1:TrsMTerT'Torsrtuaueor=eP""TPfeosc-asyAoroR osc,uwpcsagcgs =osysasg,"
ငေးငိုင် ကြည့်ရှုတော်မူလာ,mift Gနsecမm
၊ ဘုန်းကြီး .... ကျွန်တော် သဘောလဲ ခင်ဗျား သိရောပေါ့၊ အခု ကျွန်တော် လုပ်တာက,"၊ ဘ့မဲးံ့း .. ကွ့Ro""ီ"" Toreာe၀ မခင်များ SanerTPRI Tvs ကျ့မဝာံ (ုပ်တာက"
ဟစ်ပိုဂိုဏ်းအုပ်၏လက်ထောက်အဖြစ် တာဝန်ယူပြီး ၅နှစ်အကြာ ဂိုဏ်းအုပ်ကွယ်လွန်သော် ရာထူးတိုး၍ ဟစ်,"'""""""T""TTT T:ITts xzosurac.s."
"floor,",Teor.
ကို လက်ခံတဲ့စိတ်ဖြစ်တယ်။ အာရုံကို လမ်းဖွင့်ပေးတဲ့စိတ်နဲ့ အာရုံကို လက်ခံတဲ့စိတ် ဒီစိတ်နှစ်ခုကြားမှာ မြင်သိစိတ် ကြားသိစိတ် နံ,"၊ s LascauagscsvAs scsya .asptar=RfTh4 mrsn rcraenPT0TPTtfSre PTT1PTP"" 7"
"အင် သုံးစွဲနိုင်အားမှာ ၅၅,၅",YYf sisijlersng
ယက်နမ် နယ်ချဲ့,urfမEeမ်ရဲ
ခင်,၏
၀ ဦး၊ လူ,ဲ့၊e
"တာ လွယ်တာ မဟုတ်ဘူး"" နောက် ဒီအလုပ်လုပ်စားရင် ရှင် မသေ",s-.ac-acrT=e: secsarfTTTT
ထွန်းမောင်ကြီးက လှေကိစ္စ လုပ်စရာရှိတာတွေကို ပေါ့ပေါ့ပါးပါးပင်လုပ်သွားလေသည်။ လှေပိုင်ရှင်များက သူ၏တက်ကြွမှုကို သဘောကျနေကြလေသည်။ တိပိဋကဆရာ,'TTrTI0TT5ToerT1TT-9%irPrPTPT=ocs evyPferter= sac-sgayt oeorgagp-rce wspAs
ခဲ့သော,နသော
ဝသော အရိပ်အမြွက်များ,-rsae: sံiaGge:
ရီဂျီအိုဗန္ဒီသည် အုတ်,tiန.gaeည m
သန်း,သန်ံး
စုပေါင်း ဒေါ်လာ,အde: stre
လွင့်,မ့
တေနှင့် ခေတ်မြန်မာမဂ္ဂဇင်း,မနgငမaါRem
မူ,မ
သူတို့အားလုံး စာအုပ်ထဲသို့ ရောက်ရှိ,+erZaocsi၊ me*RA4. wag
စီး,မီး
သဘင်သို့ ဆောင်ယူ တော်မူသွားပါလျှင် အောင်မြင်,""" Tmi =mTs TTsrp.ucg Amsegt"
ဖြစ် MMR009012022 Yae Hpyu ရေဖြူ ဟု ပြောပြီး ရုံးခန်းထဲခေါ်သွားသည်။ ရာသီဥတုရှိ၍ရေမဝပ်ဘဲ ထုံးကျောက်မြေဆံသည့် ဒေသမျိုး၌ ပိုမိုဖြစ်ထွန်းသည်။ မိုးပါးရေရှားသ,"''TT""T5 T' Trt:TR51TB: evsterT'rTrt :oayrnsarTh= oerp,asyacrsamrusua wgsa-avsuascyp.,"
သော အင်္ဂါတို့နှင့် ညီညွတ်သူ ဖြစ်ရ၏။ ကျွန်တော် ရန်ကုန်,"...awyt detsBwt.rdTT""T"""
ဏေ,ဧဏ
ဘော်,လေ
လူသားဖွံ့ဖြိုးမှု ညွှန်းကိန်း (ထိုင်း)ကိုအသုံးပြု၍လူ့ဖွံ့ဖြိုးတိုးတက်မှုဆိုင်ရာတိုး,"၊ Te:hits်f"" ""T5h-eyuagiksk(6i-sagg"
နေ့လယ်,နေ့လဃံ
ဆက်သွယ်စုံ,အrfiမွနံန့
ရတနာပြဇာတ်ကို စီစဉ်တင်ဆက်ခဲ့၍ မြတ်မွန်ရတနာ ပြဇာတ်စာအုပ်ကို စာပေဗိမာန်မှ ဖြန့်ချိထုတ်ဝေခဲ့,"'TT""TTTeswrT-=opar-c-sw,.."
ဆိုးမှာ အ,ဆုံးမ .
သည်,သစ်
သည် အိမ်ထဲရှိ သမီးနှစ်ယောက်ကို တစ်ချက်,"-7696sZirToT=-tis.,sys"
င့် တွေ့ဆုံ၍ အ,( ကေ့နုနွဲ အ
ဆိုချက် တွေမှာ ကျွန်တော် မမှတ်မိတော့ဘူး ဆိုတဲ့ ဇ အသက်ရှူကျပ်လိုက်တာ အေ ၊ ငါ့သမီးလေး သနားပါတယ် အပဒါ,"ဆဲ့မှ့အံ ဖေ့မှာ ကျ့်၏စော် မ့ဘိံခံမေ့အူး၊ ဆိ့အဲ = အအ=၁က်စူ့ကျပဆုံကံတာ m T ဤီသဓီးမေ, သနားပါတာက အ၏"
ဖစ်ချင်ရင် အဲ,saybeS s
င့် အောက်ဘုံ,င့် အောက်ဘုံ
တစ်ခုကို ဆိုခဲ့သည်။ ကမ္ဗလဿ တ,"s.aa.ywcd ""TT """
၈) ကြင်နာသူနှစ်ဦး ဆုံနိုင်ရင် (၁၉၉၇) ဟား ကောင်းပါတယ်။ အများကြီးကို ကောင်း,"၊.igs,ast wiutvugsiur =TT-mrIPTTTီ"
မင်းတပ်မှာ ကနောင်မင်းသား၏ ငယ်နာ,"swsatw. me""TTT The"
တို့,တို့
ဏလေး ငြိမ်,mလေး(
အ,အ
င့် နည်းပညာ အဖွဲ့အစည်း အသင်းဝင်များ နှင့် ဈေးကွက်အတွင်းမှ အကျိုးတူ,"sa,gmmtmstusrselTTAIY=TT"
ရဲ့၊ မောင်အဝေး ကလာတာကို မြင်မြင်,"s, .ေimse: =TTT 9R2"
ဆောင်,mေf
သိ,လဲ
လုပ်မဖြစ်။ နောက် ဆုံး ရထားသည် ခပ်စောစောကပင် ပါရီသို့ ထွက်,".wgugsoeotst =emosas,wsiser=T""T""TTT*"
သင်္ဘော ၁ဝ စင်း၏ ဧရာ များကို ၁၈၇၁ ခု မတ်,".Aa,.ast.PTPTe-Ssens TT"
သူ သို့မဟုတ် ဩဇာတိက္ကမကြီးမားသူများ ပေါ်ထွက်လာပါက အခြားသူများအ,"""T7sT67T7SmrseadeTe-icasg,,ps"
မန်စက်,မံေံ
တွေ အများကြီးပါလား၊ ငါ,"တွ့ မျှာ၊ကြီးဖိm"" P"
န့်,ံ
ခရိုင်,ရဲ့ငံ
။,။
မန်ကြီးက ဘာမျှ,မနိကိုးက ဘာမျှ
အင်ဂျင်ကို အကန့်အသတ်ဖြင့် ခုတ်ရခြင်း၊ လွယ်လင့်တကူ အရေးပေါ်လုပ် ခတ်တက်က,အင်းဂျွနးမဲ့ အကန့်အဇဒတဘ်ဖြင့ ုဟ်ချခွငံ၊ သွယ်လခ်တာကျူ အရေ့ပေ့ လ၃ဝ် ခတေတ်တာကီကာ
စ,မ
ရပ်ဝတ် အရပ်စားနှင့်။ ဒါက ဘာသဘော,"1=T m=afhPT aus,"
၃၅၃ ဖြစ်သည်။ ၂၀၁၄ သန်းခေါင်စာရင်းအရ တောင်နီကျေးရွာအုပ်စုတွင် ကျား ၁၁၀,16VRf=rd:1TTTT=Tecee==T9orwssasscg.s
ကျရောက်နိုင်အောင် လည်းကောင်း၊ ပျောက်ကင်း ချမ်းသာစေရန်လည်းကောင်း အသုံးပြု၏။ အဆိုးဆုံးကကိုတိုးကြီးဖြစ်,"..a.,usacorascairca-arsect:Tr=s-terTT""'TTT""""T"""
ထူထပ်မှု,သူ့အပံမှ
င့် ရောနေသော ရေဖြစ်လျှင် ဓမကရိုဏ် (ရေစစ်) ဖြင့် စစ်ပြီးမှ သောက်ရ၏။ သူ့အား ပြန်လည် မဖြေကြားခင် ဒေါ်ဥမ္မာသည် တံတွေးကို တစ်ချက် မျိုချလိုက်သည်။,"''-st-PrTPT' Tot =T950BorourTrT mo,sar-gcstrousgcaorersossa,suse"
ထင်,ထ်
မျက်နှာ,မွကံမာ
အခင်ကို လိုသမျှဖွင့်,siA)့ တုံeraif
ဆိုင်ရာပြဿ,"tုင်ep()s,"
ဖြစ်,|ံ
ရှိ။ ဟူ၍လည်းကောင်း၊ ဂိုဏ်းချုပ်ကြီးရဲ့ အကွက် သုံးကွက်ကတော့ တကယ်ကောင်းတာပဲ၊ ဒီကောင် ဒီအကွက် တွေကိုတော့ လိုက်ကစားနိုင်မှာ,"u, .agc,agar=rts Yisugesga,srpA TtreTr=rsr =r=cdr=T'T=1 Pmoe1TTT T-TT"""
င့်,ငံ်
အမှန်,မနဲ
ပြန်ဆုတ်သွားခဲ့,|ewps
သနဝိဇ္ဇော,သနံမ့
ဒါပေမယ့် ကျုပ်တို့က မလုပ်ပါဘူး။ ဟန်ဆန်းဂိုဏ်းချုပ် လုပ်လိုက်ရင် ခင်ဗျားနဲ့ အဆင့်တူသွားမှာပေါ့။ ဒီလောက် သိက္ခာကျမယ့် အလုပ်,"uc,.-a sauwyn ostusgps.ckostP=eT oviusas strerTT=ewmrmmT""TTTwA mT"
ခြေအနေကို လိုက်လို့ ပြောင်းလဲလုပ်ကိုင်ကြရတာ,agmနေကုဲ့ ဝခ့်ီကိ့ C:eSceyBemု(ဤရဘာ
ဟူ၍ သီးခြားမရှိခဲ့ဘဲ၊ ရောမနိုင်ငံတော်,"ကခဲ oi(gpvwiae mpvwKceas,"
၊ ရော့... ဦး,. ဝရေ့ .. ဦီး
DaweiEducationDegreeCollege;,"1Tretawate:Premscs,,."
တော့,ရော
လေးမ,ေးမ
ထွင် ဖော်ထုတ်လာသည်။ အဆီးရီးယားနိုင်ငံ၏ လက်အောက်,"s ယs .spasord motheus,sieT TT"""
ကြီးဆုံး လုပ်ငန်း,ကြီးမုံး လ့ဲငနံး
နိုင်စွမ်းကို စံပြုထား,Mtpkn 2့ာ၊
ပြုအောင် ဆွဲဆောင်ခဲ့သည်ဟု ထင်၏။,"(,a,k awsrHMTES= =EA"
ရိုင်၊ တွန်းဇံ,ရိုင) အမဲခ
ရေးလှ,"sေe,"
တစ်ယောက်လောက်သာ အောက်,တစ်ယောက်လောက်သာ အောရစံ
မှာငြိပါ ပါလိမ့်။,မှာငြံပဲ ပါထိမ့။
စွာ ကျင်းပတယ်လို့ဆိုပါတယ်။ စတုဒီသာအကျွေးအမွေးများနှင့် အလွန်စည်ကားသောဘုရားပွဲတော် ဟုလည်း စော်ဘွားတောင်ခြေ ရှမ်း,"' ' T""'T'""= or<<- a.rs,"
မောက်များနှင့် ပုံစံမတူ,misnstVr=
ပနိုင်ငံတွေမှာ ကျန်နေသေးတဲ့,usenp.md7TTT5
မိခေလ၏,(ဲ.
"ဖြစ်သည်။ ""အခမ်းအနားမှာတုန်းက လူတွေက","ဖြစ်သယည်။ ""အAါr=TP7အုခ်းက လူမဘွေက"
သည်။ ထိုအခါ ငစွယ်ငယ်မှာ အဟုတ်တ,"လညဲ့ m့Arn=TSဘ aga.,"
နိုင်သည်။ ကမ်းရိုးတန်းနိုင်ငံများသည် ကမ်းလွန် ပင်လယ်ရေတိမ်ပိုင်းတွင် သယံဇာတပစ္စည်းများ ရှာဖွေ တူးဖော် ရန် အ,"'""""""TTT-TATT'Tw.z-aors..s."
ရား,ရား
ရောက်,ရောက်
လူ့စွမ်း,လ့ပံ၊
ရှိဘူးထင်ပါတယ်..,ဲ့mmtam4ံ.
လာ(ပြာ) သူသည် ဓားကို,"roiUy. =မ့ဆင်""""ီ"
ပါဘူး။ ကျောင်းထိုင်ဆရာတော်အဖြစ်ဖြင့် ဦးစိန္တာသည် စာပေပရိယတ္တိကို သင်ကြား,'TTTITTT-sestsVe:=s:..s.ass.
ရ ရှီးလန်ဒမ်း,ရ ရဲးလနsAံ
၅၆,
လွတ်တစ်ရွက်,YတesAagn
သည်။ ယခု,သန့်၊ ယခု
ဒုက္ခနှင့်ရင်ဆိုင်တွေ့ကြုံနေရရှာသော အေမီက သူသည် ကူးနားပဲလေ့,1 -gsaucaiplerucSonpasor swsA TeT5ီ'T9=siee
တိထားနော် ကိုင်းကျိုးကျမယ် အခြွေအရံကလဲ ဒါလောက်ပဲ နည်း,"wsa,s strlemwrd skgaeAmT1TTT9 6eS7"
လာ,လလ
သော အကြောင်းအရာများမှာ သာမန်လူတစ်ယောက်အနေဖြင့် လွယ်လွယ်နှင့် မသိရှိနိုင်သော သူမ၏ အတွင်းရေးများသာ ဖြစ်သည်။ တစ်ဦးတစ်ယောက်က သူမအား ချောင်းမြောင်း,". u, oagsaroreor.uscs,ysecorTmostouyaupaet=RSeo-cecst=mof'=TRsrd- TTT"" +erT""TTTT"
ည့် ကိစ္စရပ်မှန်သမျှကို သိနိုင်ဆုံးသော အခြေအနေ,"2 Sဲ mgsbymtu""ီ TARs,, mvgmos"
မိမလား မသိဘူး၊ အန်တီ မီ,၊မeroး မေံတူ့ m်္Rီ
မီး,ရဲး
၁၆၁၄ ခုနှစ် အိုဆာကာမြို့ သိမ်းပိုက်ရေး အတွက် ကန,"u us ser=B, hesce =TTT"""
ခ,
ပေ,၊
တနိုင်ငံ တည်ထောင်,mss mermf
ခဲ့သူဖြစ်ပြီး ပန်းချီဉာဏ်သစ်လောင်းသင်တန်းများ ဖွ,Y%atR5:-RerTT=rBs.ws.s.g
ဟု ဆု,ူ့မေ့
လ,m
ဘယ်လို ခေါ်ကြမယ်မသိဘူး တိုက် လူဦးရေတိုးနှုန်းသည် ဝ.၉ ရာခိုင်နှုန်းဖြစ်သည်။ ခန္တီ (ပုလောက်မြို့နယ်ခွဲ) နယူတန်၏,"၊ L.,usearecasp,acstcrstwt=rascsvswPT51Am""TSTTT5"
တို့ တည်းခိုကြသည့် ဟိုတယ် များနှင့် အ,နူ agyaSwd TTT =e:e =
သခင်က ဝေါယာဉ်ပေါ်သို့ တက်ရန်ပြင်လိုက်၏။ ကျမ်းပြုကြသူများ,". .at, LardaR5. <-tsgliTTTR657ee"""
၀,
ကိုတင်ဦးက မြိုင်၏နာ,-ိုefSar ybfe
ခါ,ခါဲ
ထောင် မြန်မာနိုင်ငံအသင်းသည် ၁၉၆၀ နွေရာသီ အိုလံပစ်ပြိုင်ပွဲသို့ ဝင်ရောက်ယှဉ်ပြိုင်ခဲ့သည်,"""TRTTT-8 ows=erTT-sgua,acscsugaa"
ပြီးနောက် ကားပြန်၍ ထွက်သွားသောအခါ ကားပေါ်၌ ပါးစပ်တွင် အဝတ်များ စည်းနှောင်ထား,"""Dြီးနောကံ ကားပြန်ခ၍ ကခက်သွားသောအမခဲ၊ ကားေါ်ခဲ့ ပါးစပ်တွင် အတဘ်များ စညီးဇောင်ထား"
ကုတ်မှာ ၂၁၉၈၆၂ ဖြစ်သည်။ ၂၀၁၄ သန်းခေါင်စာရင်းအရ မိုင်းဟွမ်ကျေးရွာအုပ်စုတွင် ကျား ၁၈၂၀ ဦး၊ မ ၁၇၅၇ ဦး၊ လူဦးရေ စုစုပေါင်း,". Aw,.,sas, sasca a.ag usvatehmro,Atusyac-sersTrPT Te: 5fu 5r T T5T5 T=TI=mT"
တန်းမျှသာ သင်ကြားခွင့်ရခဲ့သော်လည်း အလုပ်နှင့် စကားပြောတတ်သူ၊ အချိန် လေး,"a,uswwmscerTTTmT"""""""
ချုပ်ကြီး သူရ ဦးတင်,ggs weAီ
တိ,တဲ
ဖေဖျားရဲ့။ အံ,မေmp.ရး အဲ
ဆိုခဲ့သည်။ သမ္မာကျမ်းစာကို အသုံး,"as.g, se""rfTT7ie"
ခွဲစိပ်,ဲt
ပီကင်းဂိ'ခွေးမျိုးနှင့်တကွ ငှက်ပစ်ထွက်ရာတွင် လိုက်လေ့ ထိုင်လေ မိန်းကလေး ဒီဇယ်အင်ဂျင်အ,..usuasa=rs.sssacreTT=1.6I=:PTT1P*7
ကုသ,ကူ့သ
ပြုံး,"ဖြံ,"
မွှေးနေသည်။ နေဦး,မှေ့နေသညံ၊ sီ
ဝ,ဂ
နလုပ်ငန်း၏ အဆင့်တစ်ဆင့်အောင် မြင်သည်ဆိုသော သတင်းပင်ဖြစ်ပါသည်။ ယခင်က သစ်ပင်တို့၌,"' TTTT=: strtTT Trsungslvgr mstc,uas"
ဓိသမ္ဗောဇ္ဈင် မရှိလျှင်လည်း ငါ၏ သန္တာန်၌ သမာဓိသမ္ဗောဇ္ဈင် မရှိဟု သိ၏၊ မဖြစ်သေးသော သမာဓိသမ္ဗောဇ္ဈင်၏ ဖြစ်ကြောင်းကိုလည်း သိ၏၊ ဖြစ်ပြီးသော သမာဓိ,"'T""T""TITTITTT"":s:r :P-T=.-auraroausuw.uuws...."
၁,-
လုပ်ရှင်၊ အ,လiss: အs
များ,မား
သည် သည်,သညံ ဃံ
ဝမ်းလျှောခြင်း ဟုခေါ်သည်။ ကို ကျော်ဖြတ်လာခဲ့၍,"oas,agsygbes ဟpafSerai။ rt) emapliertT96ီ"
ကောင်းဆန်းဂေဟာကြီးမှာ အနားယူပြီး ညစာ စားကြရအောင် လှေမျော လှေနှင့်လိုက်၊ ငွေမျော ငွေနှင့်လိုက် ဆိုသည်မှာ စီးပွားရေးလုပ်ငန်းများတွင် အရှုံး,"၊ ကောင်းဆန်းeေ""ြီးမှာ အနားယူပြီး ညP T""ကြဲရအောင် လေ့axp %က့ခ်လိုက်၊ ငွေမျော Resိက် ဆိုသည်မှာ စီး/R(ey၆ငန်းများတွင် အဲ့"""
တိုင်းပဲ ကြည့်,အို်aကm့နဲ့
မြို့နယ်၊ ထန်းဘုန်းတောကျေးရွာအုပ်စု တံတားဦးရွာ (အင်္ဂလိပ်: Tadaru)သည် စစ်ကိုင်းတိုင်းဒေသကြီး၊ ရွှေဘိုခရိုင်၊ ဝက်လက်မြို့နယ်၊ ကျီးပင်ကန်ကျေးရွာအုပ်စု၌ တည်ရှိသည်။ ရွာ,"...<-.o--or=<s-rဘ=r=r T"""""""""""
။ ၂၀၁,%.ဟ
ကြည့်,ကြနံ့
။,။
ခင်ဖြစ်သူ,sငံ(ံ့မသ့
၈ ဦး၊ မ ၁၀၀၁ ဦး၊ လူဦးရေစုစုပေါင်း ၂၀၇၉ ဦး နေထိုင်သည်။ သည်ကြားထဲက မွန်မွန့်အသွင်၌ ချုပ်တည်း,".s..t.vacws.sP-T-e-=T""TT""T""T"
သောအားဖြင့် ထိုလွမ်းချင်းတို့တွင် တောတောင်ရေမြေ,"..aag,tre-r:-Prei=rT""T"""""
ကတံ ကရဏီ,ကတဲ ကရေ
ရှင်း,ရွင်း
မလား အောက်မေ့,"""s, အောဏံမေ"
ကော့,ကော
ထို့နောက် အမျိုးသမီးကို နှုတ်မဆက်,ယဲ့Jo-A wမဲ့g}T*ီ sံ်ဆက်္
အမိန့်ရထားကြောင်း၊ အကယ် ၍ မနာခံလျှင် မြင်းများကို လှည်းမှ အတင်းဝင်ရောက်ဖြုတ် ယူရလိမ့်မည်ဖြစ်ကြောင်းဖြင့် လူတစ်ယောက်ကိုစေလွှတ် ၍ အပြောခိုင်းလိုက်,"အမမိနဲ့ ရထားမကြောဇီး၊ ကကယ် ျဲ့ မာလျှင် ကြဇီ=nmpoကီ့ လ,့ညမှ အတဝ်းoE်Rnrီဖြု့တ် ယူရထိခဲ့မည်ဖြစ်ဂကကဗီကြင့ လူဟတခံမယာဝက်ကို့mn4)ာ် ၍ဲ ဒမြနခုံဝံးလို်ကီ"
တယ်,တးံ
ဖေ,ေေ
အတိုင်းဖြစ်,အdံ့နေ့
များမူကား ဘာမှန်းမသိရှာ,Tsm: oreysvSိepo
င,-
စင်ပေါ်မှ ကျလာလျှင်တော့ အရိုးတခြား အသားတခြားဖြစ်ရန်သာ ရှိတော့သည်။ {{Db-test-notice-NPF}} အဘိုးကြီးက မိန်းမကြီးနှစ်ယောက်ကို ခပ်ကြမ်းကြမ်း တွန်းပစ်လိုက်ပြီး သူတို့နှစ်ယောက်ကို,"..<..w...=o.. < T"" """
ဒီမိုကရက်တစ် သမ္မတနိုင်ငံ နှင့် မြောက်ရိုဒီးဇီးယားနိုင်ငံ (ဇမ်ဗီယာနိုင်ငံ),"su:,uyau,suarti0 StviyotgMrTTTTRT'"
ဆုံး ဖြစ်၏။ ဤအခြေ,zံ့း gsskx ဣmTS
သည့် ခွေးအများကို ထပ်မံပစ်ခတ်ပြန်၏။ ကျည်ဆံတိုင်းပင် ခွေးအများကို ထိမှန်လေရာ နောက်ဆုံးတွင် ရှင်းလင်းသွားလေသည်။ 'ဪ,"sassw-sasavwusv.w :T.T <r=<=srr""T''TTTTT"
ထိုင်းအဆင့်ကိုမိခင်ဘာသာစကား (သို့) ဇာတိနီးပါးအဆင့်တွင်ကျွမ်းကျင်ကြသည်။ သူတို့,"s sas,acsaytAerorocorcox rda,wr=TီhhomeocptrasTanRီ9Zိ= =ers:"
ခုတစ်,တံ
ဇဂြိုဟ်သို့,"A"".ဟသံ့"
မျှ အသုံးမဝင်။ လွမ်းချင်းစပ်နည်း ပထမဆုံး,s mscsaesSt' sTT=ညg) .ces
သဘောထားကို သပိတ်ကော်မတီကို အကြောင်းကြားချင်လို့ပါ။ ကိုရင်က သပိတ်ကော်မတီဝင်ဆို၊ လုပ်ခ,"...aus vsvecsonvs,csrtR0rfTM6-6eiT TTTTT"""
"မဏိပဲတဲ့"" တက်စသည် တညနေလုံး ကြီးမားသည့် မြေပုံချပ်ကြီးကို ကြည့်နေပြီးနောက် မိတ်ဆွေအမတ်တယောက်နှင့် သွား၍ ည","- ယst..-r-acocsemsg:sesyeaymsrdirtbsgaystairTBi=erTasesemTT""T9.er""TP"
မေးခွန်းတွေကိုလည်း မုန်းတယ်။ ၀င်းလှသည် ဖြူဖတ်ဖြူရော်ဖြစ်နေသော ခိုင့်,၊ TsswrpTor်:T=1PS- wiuyoed) sarfBsmeBiyasso- န
ထုတ်ဝေ,ထုတံမ
အချင်း,အချငး
သို့မတင်ပဲ ကုလားဖြူရပ် ကွက်ရှိ ကုန်လှောင်ရုံ၌သာ ထားသည်။ သင်းတို့ ခဲယမ်းလက်နက်သင်္ဘောကို ယခင်က ရန်ကုန်ဆိပ်ကမ်း,"""TTTTT T%norTMiT7T-h.swsr.t:Twoustu.s-ssca,"
"caseof#switch,averagepagecounts)","caseotsawitcf,R7PT99R6Raecounts)"
ဘရက်က ဆက်ပြောသည်။ ဒီနေ့ကစပြီး,""" T+n =TteBi=dS: As-ag"
၍,ခဲ့
ရွက်ပင်,ရွ်ပမံ
ဖုန်းနဲ့ နံပါတ်တစ်ခုကို ခေါ်လိုက်ပါတယ်။ ဆူနီဆာ ကာဝရွန်ဂရောင်း (၂၉ ဇန်နဝါရီ ၁၉၇၂ မွေးဖွားသည်) ထိုင်းနိုင်ငံမှ မာရသွန်ပြိုင်ပွဲဝင်,"( ss,acaskus.ug=-r=fT=r,eceTt7TTP61TTTT"""""
လာလမ်ပူသည် ဆီလန်ဂေါ ပြည်နယ်ထဲမှာ ရှိ၍ ထိုပြည်နယ်ကို အုပ်ချုပ်သော မလေးဘုရင်က ကွာလာလမ်ပူ,' T+rTTTTR6cot1MThBvas ateor=-=-.asas-.sေ
ရေဖျန်း၍ ခရစ်ယာန်သာသနာသို့ မသွင်းခင် သေဆုံးသောကလေးများမှာလည်း ခရစ်ယာန် သေခြင်းမှ ပြန်၍ အသက်,"'TIPT""T""""T+:TreTTT==rarar=rsi=sukcapvawsas"
အတွင်း မြန်မာပြည်အနှံမှ,"အဘွမ.)ွဲမာပတ်""V"
ပ,(၊
သည် ကချင်ပြည်နယ်၊ ပူ,သညံ ကချင်ပြည်ဂ် ဖ
သည်။ အတွေ့လေးရယ်မှ အိုအကြုံ (၁၉၉,"ag, mamgecs:AT1 TAmEံ, (ogg"
ပါတယ်။ ဒါ,"ပဲတ.း, ခ"
ပါကညော ထန်းရည်တစ်ခွက် ကိုထည့်ပြီး ခပ်မြန်မြန်ဂလုချလိုက်တယ်။ ဟုတ်တယ်လေ။ ဒီလောက်တောင် ဆေးဖက်ဝင်နေမှတော့ ဘာမဂလုစရာရှိ,"L s.saswsun,uas=mrt:osrsecrtrTT-TT""T"""""
င့်ဝန်,(ံဃနံ
ဆိပ်ဖြစ်သည်။ ၎င်းတို့တွင် စက်ချောဆီ၊ ဂီယာဆီနှင့် အမဲဆီများ,1%-aP T=Th-eua Auasr sw.
ကိုဒေါင်းစိန်,ကုံမေ့င်းမဲနဲ
ပြုနိုင်။ လက်သစ်,(ပွနုံ။ လင်္က*
မကောင်းရင် ဟိုကြလန်းသွားမှာ,မm4.eE ဟို့STMepးမှာ
သွေး,သေ့၊
အရ ငါးရှဉ့်ရိုးကျေးရွာအုပ်စုတွင် ကျား ၆၅၄ ဦး၊ မ ၇,"s ws,auggiecasrs:eSsmyS mps WBp 5ီ7T"
လောက် ကတော့ ဝက်ဝံတစ်ကောင်က အသာလေးလှဲချပစ်နိုင်တယ်လို့လည်း ပြောပြခဲ့ပါတယ်။ ဒါပေမဲ့ သူကတော့ တစ်လက်,"- T':P' T'T'T'T57က=Se mor=T901Rke:,kytrngs BDAdecva, uasa spoees s.s"
သေတ္တာကို မရဲတ,တ္တကဲ့ မရဲ့တ
များထဲ,မားအဲ
ညီ၊ လမ်းတော်ဖိုးတုတ် သည် တပည့်များအား,ဤီး၊ လငမ်၊လော်ဖိုတုတ် =ငတီတ တပည့မရာအား
ပုံ ရ၏။ ထို,2 s. ခါ့
ပုဒ်မ,ုဒိမ
သီး၏ မျက်မှောက်ဘ၀ အတွေ့အကြုံများကို,"""ီ+T eTerTTT mecywgypwd)"
ရိုးမီးများ ဝါးမျိုလို့ မြတောင် ရွှေကျောင်းတော်ကြီးတို့လိုအဆောက်အဦးကြီးတွေ ကြည့်စရာမရှိတော့တဲ့အချိန်မှာ ရှားပါးနေပြီဖြစ်တဲ့ မဟာမုနိအရှေ့မုခ်ကျွန်းသားပြာသာဒ်,"၊ မa, uasarortsar-,ya,-atgysAr=tewpgacsytaft=rsr=rsr=Ris.erTfr္T =STrwe္PT""PT"""
၄၆ ခုနှစ်,'|နမံ
သည် တိုက်ကွင်းထဲ ဝင်ရောက်၍ ပါ,r met atimtRirhmp-နgှ a
ခါ အောက်ခံ ဝတ်စုံနဲ့ တင်းတင်းစည်းထား,ခါ အောကံခ ဝတ်ံခံ့ရံ တင်းတင်းမညံးထား
တော် ပါတဲ့ ရွှေရှူဆေးဘူးချီးမြှင့်ခံရတဲ့ကိစ္စဟာ အမှုတော်ထမ် ကောင်းတဲ့အတွက် ဘွဲ့ထူးဂုဏ်ထူးချီးမြှင့်ခံရ,"'"" TT-: - T-s.-au=r:sss."
ဗြိတိသျှတို့,(ငိဘဲသူ့ဘတဲ့
ဆုံ,ဆံ့
ဒစာစောင် ရေးသားပြီးနောက် တနှစ်အကြာတွင် ရေးသား,"""T""T=eTRTrysgypuepo"
ဝ ပေးခဲ့သည်,၀ မေးခဲ့သညံ
ပိုက်ပြီး သမီး .... သမီးက,1%g .Aဲ.. sAuem
သည် ဇုနတ်မင်းကြီးနှင့် တူသော်လည်း ပို၍ ဣန္ဒြေကြီးပြီး,"sg,asRSsimrtd'MTTT"
ပဲခူးတိုင်းဒေသကြီး (အနောက်)၊ ပြည်ခရိုင်၊ ပေါက်ခေါင်းမြို့နယ်၊ ကြူဝတ်ကျေးရွာအုပ်စု၌ တည်ရှိသည်။ ရွာနေရာကုတ်မှာ ၁,၊srRtotTES'TT RaikARB eTPTPRP1Eesascngesaeheဲ mcksgs pawprpase s
ရပြီး တညင် ကျောက်,1Ngi: nည4 ကော့်ဂံ
ဏ,က
မြန်မာနိုင်ငံနဲ့ပတ်သက်လို့ ဆောင်ရွက်စရာ,"၊B%rkisvrZsrTV =etg,sa,"
၍ ခုတင်ဘက်ကိုမခေါ်၊ ဆိုဖာရှိရာ,1srts.AtieT:Rrနgy
၉ ဖြစ်သည်။ ၂၀၁၄ သန်းခေါင်စာရင်းအရ လွဲမွန်ကျေးရွာအုပ်စုတွင် ကျား ၁၅၃၁ ဦး၊ မ ၁၇၂၄ ဦး၊ လူဦးရေစုစုပေါင်း ၃၂၅,"'T""TT""TTTTTewer =-s.us.ecs,s"
ခုနှစ်ရက်သားသမီးများနှင့် ပူးပေါင်းပြီး အထက်ဌာပနာ ထည့်သွင်း,"""TTTrTTT TAe a-ac=: sgu,"
မှာ ဒဏ်ရာပြင်းထန်သည် မှန်သော်လည်း ခေါင်းမထောင် နိုင်လောက်အောင်တော့ မဟုတ်သေးချေ။ ဦးခေါင်းမှာ ကြည်ကြည်လင်လင်ပင် ရှိနေ၏။ အခြေအနေအရပ်ရပ်ကို,"၊ မှာ ဒဝဏံခှေးပြင်းထန်၁ာငတိ"" 'o)မsသေ်တင၀ပည်း ပခေါင်းမaတကာ+"" အီဂိဇငလာက်မသောငတ်မတာ့ wtrS%oeoswေs E .ခေါင်းမှာ ကြတည်ကြိတ်ဂံခင်ဂလင်ပင် ရဲမေန၏။ m%BTTsmsbRgtrကဲ့"
င့်,စ
ကျော် လေးမျက်နှာဂူ ဘုရား ရက်နေ့တွင် နိုင်ဂျီးရီးယားနိုင်ငံ ကက်,"'TT""-rT"" =war wserswv.a"
ကြီးရှိ,({.ရဲ
ရွရွနှုတ်ခမ်းဖြင့် သူ့ခေါင်းကို,wamsiaiyX sseterd့
တာတွေကပါ အယ် လ်ခီဘီအာ့ဒိစ်,ကာလေ့ကပါ w က်ဂီဂီကာဇစ်
လား အဲ့ဒါဟာ ကျွန်တော့်,"Tား နေAါဟာ msm"""
မ,မ
၊ မသွားဘူးလား၊ ဒါပဲပြော ၆၄-ပါးသော ဣန္ဒြေတရား ဒေါ်ခင်မြသစ်သည် ကိုမြင့်ထူး၏ဝတ်ရုံကြီးကိုသိမ်းကျုံး,". .g.ag,cr=s Acedt= Re:asawo sAr= Ts1fSawswud RTP5TT651W579"
မတူ ချေ။,မတူ မေ့၊
ကာ အခြား,aု-
လေ,ေ
သည်,သဆံ
ပုန်း,မန်း
၊ မ ၁,၊၊ မ =
ဆေးလိပ်,ဆေးm
လှယ်အဖွဲ့ လန်ဒန်,လယံအဖွဲ့ လန်ဒစ်
တာ,တ
ဖြ,|
ပိုး,ပိုး
နာ,နာ
နောက်သို့,sst4ေ့
တူတူစား,ဘူတဓား
ကြီးအ,ကံး၈
ရာကုတ်,ရာကုတ်
မှ ၁၉၉၁ ခုနှစ်၊ ဒီဇင်ဘာလ ၂ဝ ရက်နေ့တွင် ကြေ,"11sesnws>.TT""Ts ucspacpnt sS)"
သို့ ဆိုက်ရောက်လာ၍ ဆေးဆိုင်,ို့ မဲ့ကံမရောက်ကာအခ အားဆဲ့ငံ
နေတာ၊ ရောင်ဘန်ရွာ (အင်္ဂလိပ်: Yawngbang)သည် ရှမ်းပြည်နယ် (မြောက်)၊ ပလောင် ကိုယ်ပိုင်အုပ်ချုပ်ခွင့်,"' "" """"TT""T-==-Trswsca-e=r=rsscsw"
လေ,eေ.
ဦးဖြစ်လိမ့်မယ်ထင်တယ်။ ဝေဝေတို့,1sgka.uefTTT.P
ဝှိုဝ်း ဠှိုဝ်း။ ချော,ဝိုင်း ငွိငံး၊ ချော
"usingthe(required!)INSEEcodeandasubtemplate.Thefields""region""and""department""arenolongerused.ဝေါလစ်နှင့်ဖူကျူးနား 90 days စေတော်မူ",". Lsc,aor-rowmwa:aucoror=or=-S=wrec=-e:rtT'P'<=r==r=r=r=rTTTMerst""TTT'"""
လိုလား၊ ဒါဖြင့် အမေရိကန်ပြန်ကြီးဆီရော ဘာလို့ မသွားသလဲ၊ ဟိုက လက်မခံလို့ မဟုတ်လား ဪ.. ဆံပင်ညှပ်သ,sw.vegsusarassrpr=Trtr=r=-sr=TT TT'TTT
မှု ကူးစက်ရော,မ ကူဂဏံေရော
မှလာ၍ ဦးအောင်မြခိုင်အကြောင်း လာမေးနေခြင်း သည် ၄င်းအသတ်ခံရသောကိစ္စနှင့် ပတ်သက်၍,"--agsorssimsgs.-r=MP'-=ivmrT""T""TT"""""
သားတစ်ယောက်အနေနဲ့ ပျော်ရွှင်ကြည်နူးနေတာကြည့်ပြီး တကောင်း ပီတိဖြစ်မိတယ်။,"သားတစ်ံယော်SRs%R%, Yon်အရွင်ကြည်နူးနေတကကြဲနိ့ပြီး တကောင်း ဝီကတီကြဂဂီကာမ်။"
ပါးကိုသော်လည်းကောင်း ဉာဏ်ဖြင့် အစဉ်,"a,acsudrTT efBI =="
၇ - ရွှေကော,၇- နေကော
ဝန်,ဝန်
ပါတယ်,ါတA
ကားရိုက်ရန်အတွက် လားရှိူးသို့ ပြန်,၊TwRirsiamerT =malaဲ့
မောင်မျိုးမြင့်,wdtခဲ့gွဲ
ဖြေသည်။,မံ့သသံ့၊
။,။
ကချင်နှင့် ကရင်အမျိုးသား များလည်း သိပ်မတွေ့ရတော့။ အောက်ပိုင်းမှ ကုန်သည်များကိုကား လုံးဝပင်မမြင်ရတော့ ချေ။,"' ToRsI T5T Ttoack R'TirTo= esc.ostvw rsirdes:.s,.a:.,tsktso,.a."
ကားဘေးက,ဆာဆေက
ကို တိတ်ဆိတ်စွာ စားနေလေသည်။ ချစ်ရေးချစ်ရာ ၁၉၉၉ ၂၀၀ ကျပ် သူက မဖြေဘဲ,"ALsus =-r=-.s ertrT "" "" TF T"""""
နေလို့ပါ ဗိုလ်ကြီး,ssasaf
လဲ ကလေးအသက် ဘယ်လောက်,လဲ ကလေးအသက် ဘယ်ဃေ.ယ
မြင်နေသူများမှာ,(fsန.rs
သို့ တက်,အဲ့ ဂံ်
။https://www.anonymoustunisie.com/WebsiteofAnonymousTNဘယ်သူမှ တိတိ,"... T. .<=a T""""'""T"
ခြေအနေပေါ်၌လည်း တည်၏။ ဇေ,R့msulgrseဲ' SဲAါ eေ
သို့ ပြန်ရောက်သော် ရိုမန်တစ် ဟာသ Finding Mr. Destiny ၌ ပွဲဦးထွက်လာရာ ကိုရီးယား၌ ရုံပေါ်မှမဆင်းသော ကား ဖြစ်ခဲ့သည်။ နတ်ဆိုတာ မဂဓဘာသာမှ နာထသဒ္ဒါကို အ,"'MPTT*TT'-r=1T'T-rovrkAi:erTr= -esurswrPr=houc.=r.gsdtr sc,srorsaussa"
ထားသီ,ထထးအီ
လူကို,မ့ရု
တော့ အမောဆို့ပြီးသေတာ အတိုင်ဘက်က အကောင်ကြီး တစ်ကောင်ထဲရယ် ခင်ဗျ စစ္စတာဒေါ်,တော့ အမမောဆို့ပြီး၈Sက အတိုင်ဘကံက အကောဂိကြီး တစ်ကောင်ထဲရယ် ဇ*%i Ysgတာaေf
ရာ ကျွန်မတို့အပေါ်မှာ ကျေးဇူးတွေ အရမ်း များနေပြီ,"rp, mkumn,asarSe 5ouetတေ့ အay: =eTheိ"
ဖြစ်,နံ
ရှိုနာလူမျိုးဖြစ်,ar=cukif
တို့ကို ဖလမ်းချင်းဘာသာစကား၏ ဒေသိယစကားအဖြစ် စာရင်းပြုထားသည်။ စကားအ,"'TTT""T""TT'S=:tmT=awica:.ca"
ဆက်သွယ်နိုင်ခဲ့လေသည်။ မော့သည် ပန်းချီပညာသင်ကြားရန် အမေရိကန် အစိုးရက စေလွှတ်ပြီးလျှင် ပညာတတ်မြောက်လာသည့်အခါ အထက်တန်းကျ,",ws.as-ဿ.w.csco-:tscs-s-rT=r=oevr T""T""T""T""TT"""
ချက်ပြ,amif;
လို့မှ မဆုံးမီ သိန်း,ကဲ့မှ မဆူးဒမ ဒီ'
တို့အိမ်နဲ့ ဖေဖေတို့ အဖေ အမေအိမ်က ကံသိပ်ကောင်း သွားခဲ့တယ်။ ကျွန်မတို့,"sus,arsne =m= Tewser TTTTTTTT""T"
တို့,ဟိ့
ကို အလယ်က ထက်ဝက်ခြမ်း,T msur mfeRgk
ဥ,
ရှိသည့် ရှင်း,ရုံယနဲ့ st.
နတ်က,နုတ်း=
ကို တစ်နေ့လုံး လိုက်ပြီး,""" T oksscs, tirG:"
တည်,(ကယံ့
အကောင် နာမည်က ဘယ်သူကွ ကြိုင်သည် ပြုံး၍ ကျွန်တော့်ကို စိုက်ကြည့်သည်။,"- Toerov ereE:T1T-oery cy.cည) OirA rwkecs,w, sagsi)aecဲ)"
၀၅ ဖြစ်သည်,၀၅ ဖစ်သည်
တယ်။ ပြီးတော့ Keygen ထဲမှာ သွား Paste လုပ်၊ Generate Activation Code ကိုနှိပ်။ ထွက်လာတဲ့ Activation Code ကို,"..sor or= oec w- . : ' 'Tဘ<=- uor. T""T Yw T""T'T""T"""""
လမ်းမြို့ဖြစ်သည်,လခဲ)့)ခသည်
သိမ်းကာ မှော်ဘီ စိုက်ပျိုးရေးစခန်းကို ဌာနချုပ်ဖွင့်၍ သူတို့အား ခုခံရခြင်းပင် ဖြစ်သည်,"( A. uu swer-ssrctPTT- TRTTT"""
ည့်ပြင် အကြောင်း,ညံ့ပf အeကာ်း
။ ဆန်ကုန်သည်အဖြစ် အိမ်က ထွက်သွားရာက မယားတစ်ယောက်နဲ့ မူးစေ့အပေါက်ပဲ ပြန်ပါလာတဲ့ လူငယ်လေး။ သူ့အဖေက စောက်သုံးမကျရတဲ့အထဲ နောက်ထပ်,"''PrPST""'T'TVSherse = =Tr:hk pamrT5 6hocs spyaso=rwr=r,vc,tagpာpeaecs usacs"
၀,၊
အ,အ
မလာသေး,မကာအေး
ကို သိသော,ကဲ့ သံသော
ဂျိမ,ဂါ့မ
၊ဟူံ အစရှိသော စကားလုံးများမှာ တန်ခိုးစွမ်းအား ကိန်းအောင်းနေသော စာလုံးများ ဖြစ်ပြီး မန္တရားများတွင် ထည့်သွင်းအသုံးပြုကြသည်။ မဏိ ဟူသည်မှာ ပတ္တမြားကို ဆို,".....wn<: <.<. =ws=rT""  """"TTT"
ရီ စိတ်ကို ဖတ်ကြည့်ပြီး မင်း ဒီလိုလုပ်တာကို သိသွားရင်.. မည်သို့ပင်ဖြစ်စေမြေ,"ရီ စိတ်ကို ဖတ်ကြတါ့ပီ၊ မင်း ဒီလို့လုပ်တာကို ""ီကမားရင်.. မည်သို့ပင်ဗြစ်ခP9ြ"
နေရာ ဆေးရုံမှ ကျန်းမာလာသည်,wpwsgmfTTတ်
။ စာရေးဆရာ မောင်ဝံသ ပဲခူးတိုင်း၊ ဝေါမြို့နယ်၊ မြစ်ကျိုးကျေးရွာတွင် မွေး,"""T""=mtTTTTs7e,asei-Ba,eygas a"
ဟားရယ်၏။ 32. Lords of the Sunset. ဒါပေမယ့် ကျွန်တော်ဘာမှမပြောမိ...။ ဒီအတိုင်းလေးပဲ အသက်ကိုထိန်းရှူရင်း ဖုန်းကိုနားမှာကပ်ထားမိသည်။ သို့သော် အချိန်အ,"' "" +r T P'T- T-ro. PSTWmrPSooreiT 1T=TireursscsttRiaew.,asersssaug,wcasss"
မြို့နယ်၊,မဲယံ
စာ,၈၈
င့် နဂါးဘုရင်,၃ံ srli.sac
ဖြစ်,ရစ်
ပေး,ေး
င့် အကြိမ်ကြိမ် တားမြစ်ကြသော်လည်း မိမိ အဆွေခင်ပွန်းကို စွန့်ပယ်ခြင်း မရှိလေ၏။ ဦးမြသန်းက ငြိမ်,"T7RI6PFTT1T+oi1Wi=wrhhtsutyc.ay-sos,s.gg"
နိုး,နိုး
နိုင်,နိုင်
စေ့စပ်ကြောင်းလမ်းထားလျှင် သော်လည်း ထားရလိမ့်မည်။ သို့ဖြစ်နိုင်ပါမည်လား။ မမြင့်ဦး၏ မိဘ ဆွေမျိုးတွေက သဘောတူပါမည်,"၊ T'R:rT1 T-T=ms၊ m=oPThP"" TMksasgrev= =RiBn ac, s,agspg=. wer-sag"
သည်။ ၁၉၅,သဃံ၊ ၁an
ငံတော်,dံeကfံ
တရှိန်ထိုးအောင်မြင်မှု နောက်ကွယ်မှာ အရေးပါတဲ့ တစ်ခုသော အင်အားတစ်ခုဟာ ပုန်းလျှိုးကွယ်,'TTTTTTh =rtrTrsL.sp-.ssya
ခင်ဗျားမှာ ထိုးဆေး ဘယ်လောက်ရှိလို့လဲ ချို့ရွှင်ချောင်းသည် မည်သို့မျှ မရှောင်တိမ်းနိုင်တော့ ။ လက်ဝါး,"'"""""" T'o: wrT=s sw.suce.. .."
စ,
သည်။ အုန်းဆီထုတ်သည်။ နာနတ်ပင်များကို အကြီးအကျယ် ဦးလေး ဦးလေးနဲ့ မခေါ်ပါနဲ့ဟ။ ငါ အဲဒီလောက်,"< Tလt- m=TT*T51' or=o်usaportimESmom socv,s,os,rmR%kwes, scs"
ပါတယ်၊ ကျုပ်ပါ ဟာ,<Az4.mg6T
သည်။ ဤမျှလောက် အချိန်အတွင်း,ဿ.g. g)yeောrကီ TMseyt:
ဖြတ်,(ဖတံ
နှစ်,မစ်
ကောင်း,ကေf.
ကြေးရေတတ်တွေရဲ့ အဆောင်အယောင်တွေပေါ့။ တော်တယ် ... အစ်ကိုကြီး တော်တယ် ... ထိုနောက် လက်နှိပ်,"၊ မg,posarsykrmosawo-sacsrs.rmT=rA.. sanith =T"" - TrT =်"
မှာသန်းခေါင်ထက်နက်တာ မရှိပေမယ့် အပါယ် ငရဲကတော့,"- vsieimT+""T wju-a sdiArAamy"
ဘ,ဘ
ဒင်း ပွိုင့်တူးတူး သေနတ်သံကလေး ထွက်သွားသလို ...,"""MveTtTTTemesaksag -"
လဲ သီတာ၊ အင်း . . .အေးမြတဲ့ သီတာပဲ ဖြစ်ရမှာပေါ့ ဟင့်အင်း၊ မဟုတ်သေးဘူး အစ်ကိုရယ်။ ဒါပေမဲ့ ဆက်ပြောလေ၊ ဆက်ပြောပါ။ ဆွန်ညာ နားလည်နိုင်မှာပါ။ အား,"(w a,ca. T eos,ac.a,gssr=rlorPas.c,pastrer TwP:oasvarTST TTRerPiTMPTTTPTeTPT"
ခြင်းလျှင်၊ တန်ဆာဆင်၏၊ နှုတ်မင်္ဂလာ၊ စကားမှာကား၊ အသာ,1S%egt eimtmTT smwiecs: Armesgmon mcs
မကြွားမိအောင် ဂရုစိုက်သော် လည်း စာအုပ်အကြောင်းနှင့် ပတ်သက်ပြီး စကားပြော ရလျှင် မျက်လုံးအရောင် မတောက်ဘဲ၊ အသံထက်မြက် မလာဘဲ မနေ,"''""T'""TTT'T' T'T'T'T'T'-So -'> =w suc.<<. s..."
များကို Tanai MMR001004017 Ta Ron တရုံ ဟူ၍ ဖြစ်လေ၏။ ကိုသန်းတင်တို့လူစု၊ အထက်တန်း ကျောင်းသား အတော်များများနှင့် မြန်မာဘာသာ ကျောင်းသားများ၊ အရပ်သူ အရပ်သား အချို့၏အ,". .,ua,c-emomsmes-.-.as_: rsrs esc.oc sacArThos =rcacs -wr-' <=rwrer'P''T"" TeT""T'TTT'T'"""""""
အုပ်စု,sပ.
ဦး,ဦး
သစ်လေ,သဇ်လေ
ခြင်း,ရင်း
၊ meropenem,' meroeenem
ပြည့်နှစ်,N့e
၏,ဏိ
မဟာပထဝီမြေကြီး။ ရှားစောင်းပြသာဒ်ပင်များ၊ ရောင်စုံအိမ်ပုံကလေးများ၊ လက်စလက်န သိပ်မ,"'""-=TR6TP7TTBmrsrnrPero-p,.sc-s,sေ"
င့်,ဂ
ဝင် စာချုပ်စာတမ်းများ 147 - ၎င်းပြင် ထိုသူတို့သည် (ယင်းကဲ့သို့ ဘေးအတန်,"'T+်TT'T' Satswmstreta,aacs"
ဘာပြောသည်ကို ဝေလငါးဂိုဏ်းမှ ကောင်းစွာ မကြားရချေ။ ကောင်းပါပြီ ဆရာ၊ ကျွန်မ,"""TPmPTTTTermrteTSTwasass-s."
တတ်လို့,ဖဟံးရဲ့
မြို့နယ်၊ ထင်ပါကျိုင်းကျေးရွာ,"မြိ့နယံ၊ ထင်ပါကိ့-""ဦး*Tatgp"
စုမှမော်လမြိုင်အ,စုမှမေံ္လေခြိုင်၏အ
သက်ချမ်းသာရာ ရခဲ့ဖူးပါတယ်။,TeskarmsieAma.
ဝံကြယ် မြေမှာ ခကြွေတဲ့ ခေတ် မဟုတ်ဘူး။ ပွမ်ပွမ်မြည်တဲ့,"""TE7 76r TPT T T -.yag,aysds"
အား,အား
ခဲ့ပြီး ဆက်လက်ချီတက်ကြ၏။ ဤသို့အားဖြင့် အီဂျစ်စစ်ကြောင်းမှာ အ,"""TTTTTRP-oaacet Rwsgs.."
ကြောင်း,ကြးစံ
၌ တည်ရှိသည်။ ရွာနေရာကုတ်မှာ ၂၁၃၁၆၃ ဖြစ်သည်။ ၂၀၁၄ သန်းခေါင်စာ,"၊  maztereS RTPTrTer ,wpgsa HRireS oe s,sas"
နားစိတ်တစ်ခုတည်းနှင့် ခွင့်ပြုရတော့မှာတဲ့လား။ ဇနီးတစ်ယောက် ချစ်ရာရောက်အောင် ခုထိတော့ မပျက်သေးပါဘူး၊ ရော်ဘင်က သူသွားကြည့်တဲ့ လမ်းကို ကျွန်တော့်,"Lဿ-wcvsuouo-ra=-r ဘ-"""" "" "" """""""
တို့,ဘတိံ့
ကြ,ကဲ
ယမကာကို စောင့်နေကြတယ်။ စားပွဲထိုးမလေးက တော့ အသက်ရှစ်ဆယ့်လေးနှစ်ပဲ ရှိသေးတဲ့ လှ,"L..ausucscetsras.csr= ==mrsTfTီ7T"""
၇၉-,(၇-
ပြီး တိုက်ခိုက်ကာ,ပီး တု့ကနဲ့ဂက်ကာ
လဲခြင်းမှ ပင်လယ်ရေမျက်နှာပြင် အမြင့်,လြevy မင်လe်္YsirspuြE sြ၃့
အောက်,အောနံ
"ပြောင်းအလဲတွေကို သိကောင်းမှ သိမှာပေါ့။ ဖြစ်သော်လည်း၊ တရုတ်နိုင်ငံတွင် ချူမင်းဆက်အစ ဘီစီ ""ဆက်သွယ်ရေး ခက်ခဲ","'""""TTTT""'TTTTowvrar-=:u s."
အသစ်သစ်ဖြစ်သော အချစ်လွှာ မှာတမ်းတော်,sA.auasa=r Tfe =rT=T
ပန်း,ပနံး
ကြာမီပင် ညိုမှိုင်း၏ ပီသပြတ်သားသောအသံ ပေါ်လာ၏။ ၃,"TI"" IPTTKPu-arasaucs,"
လောက်ကောင်းတဲ့ဆေး မရှိဘူး မောင်လေးရဲ့ အမြောက်အမြားတို့ကိုလည်း ဗက်ဗီလုံးမြို့တော်သို့ ဖမ်းဆီး ဘယ်လို,"L LA.cwsar=r sws, .ru-s =rSTTS:=tna TTTTT'TT"""
မှန်,မှ်
၏။ ကိုယ်ထင်ပြလာသူကဲ့သို့ အခန်းဝတွင် မြိုင်က မလှုပ်,"၊ A, spLacvtfgeoteTmAmwai:emg B7'T္ဤ"
ဘာလုပ်,ဘာလစံ
ထွန်း - ငါတော့ ဒီလိုဟိုးလေးတစ်,'% - dီeေr Prteuss
ဧရာ,ရော
သူ့မိန်းမဆီကို ပေးလိုက်တဲ့အလုပ်ပါ၊ ကျွန်မ ပို့ပေးရမှာပေါ့ ရင်သွေးငယ်အာဟာရ သန္တေသားမှစ အင်ဒို,"sasw.ur=r=.u.w w T< ""TT"""
မောင်,မောနံ
နှင့်ငါ စင်စစ် ပေါင်းဖော်ခြင်းဖြစ်တန်ရာ၏ ။ လက်ကလေးနှစ်ဖက်ကို ဖြန့်ကာ ဝန်းဝိုင်း,"- %9 eir =PTTVSfo,sasva rorTro=rsec-.sa gr=: siet"
ကျောက်ဆည်မြို့နယ်၊ ပန်းခွာကျေးရွာအုပ်စု၌ တည်ရှိသည်။ ရွာနေရာကုတ်မှာ ၁၉၀၄၄၉ ဖြစ်သည်။ ၂၀၁၄ သန်းခေါင်စာရင်းအရ,"- TeTmdRPT1T5T'ovrerwebeA mE1Tretr esprycier SoreseKasc.g,or skwacs,s,"
ဝတ်,ဗကံ
မည်,မညဲ
ရွာစုကလေး ဖြစ်ပေသည်။ လယ်သမား၊ ဈေးသည်များ,psgrocor gevroreS=r orSovာv spnoeTP7
ပိုင်ကြံပါ။ ဂျိုးဆက်စတိန်း,ပိုင်ကြပဲ။ ဂျိ့ဆက်စတိန်း
လိုက်,လို့ကံ
ခေါ်၍ တစ်ပြိုင်,ခါခွဲ တနဲပြံ
ပြီး ဂတ်စတာပိုအ,၆၊ miemရise
ဂန္ဒီကို ဘာမှပြန်မပြော,<rနဲAi wBkrS-
အလွန်,အလူ့နဲ
ကျယ် သွားကြသည်။ဒေါက်တာ အယ်လ,md spviSsZီ:PPev a2c.
မှာ ပိုမာကြောရ,Yiesg-s
မသိဘူး သူက နုံး,မအဲဘူ့၊ အကA
မှာ ၁၈၃၀၆၈ ဖြစ်သည်။ ၂၀၁၄ သန်းခေါင်စာရင်းအရ ဂုံမင်းကွင်းကျေးရွာအုပ်စုတွင် ကျား ၉၁၂ ဦး၊ မ ၁၀၈,၊ T T-erTP-OTPT Ir= wimPimTfTwtvesumgssnupemtemysrp.gsygavses
ရတယ်။ နောက်တော့ နုရီအဖေက သတင်းသဲ့သဲ့ ကြားတာနဲ့ နုရီကို အမြဲလာကြိုတော့,"""TT oT""T""=wmsfP-ဘrw,s,sgsaro"
နားလည်ကာ ပြီးပြီးပျောက်ပျောက် သဘော,"s.g-R6=efT=eT=m"""
အိတ်ဆိုရင်လည်း စုတ်,အA4iasbeညsး tf်
နိုင်ချေ။ တနင်္ဂ,|sessms'
တွင် မျက်နှာပြင်တစ်ခုတည်းသာရှိသော်လည်း သိပ္ပံပညာ ဆက်တိုက်ယူလာခဲ့သော ကေသွယ်အတွက် သိပ္ပံနှင့် နီးနီးစပ်စပ် ဟူ၍ မူလတန်းကျောင်းတွင်,"'""""T""TTTT'T'TrT""""<umscu."
ကြ,က
"နေ့မသင့်။""","နေ့မသင့။"""
မဆန်သော အခြေအနေများရှိသည်။ ဤအသွင်အပြင်သည် ဝင်ငွေ,မယနံဲသော အဖြေmRwnpnဇရုိသညံဲ။ ဤံ့အသွင်အပ်ဂီဘထိ ဝဝ်မင္ေ
ကွေ့တဲ့။ ကျွန်မဘဝမှာ အချိုးအကွေ့တွေ တော်တော်များပါသည်။ ဘယ်အချိုးအကွေ့က အရေးပါ,"'TPTVTm-we=s=rTrTecviug,uacsrorsc-.as"
ကျောက်တုံးကို,ကေ့်ံeေးကို
မြေစေးတွင် အညစ်အ,TBweတE အgAအ
စံဖြိုး,Aမဲ့y.
လို လုပ်,လို့ လုပ
လာ,လာ
ယား ရောဂါစွဲကပ်သူ ဦးရေသည် နှစ်ဆ,- uာ. AspAagmBTe PT9seည2 မe
ထူးခြားလှပေသည်,ဆူးခြားလှပေသည်
ရာ,ရာ
"ခဲ့လို့လဲ၊ ဘာဖြစ်လို့ ဒီလိုဖြစ်ရတာလဲ။ ဘာဖြစ်လို့လဲInjangyangMMR001003022HkanDaukYangခန်ဒေါက်ယန် ""မအေဘေး ခုကျတော့ စတိုင်တယ်","''T'TI'TT'T'orT""<<aascs ....s."
၍,ရံ့
ဘိ,ဘံ
နေရာ၌ နေရ သည့်,နေရာခွဲ နေရ ့အတိး
သားများ၏,သားမား၏
၊ ဝေဟင်ပေါ်ပျံ,၊ ယေutမေါဖဲ
သက်ရှစ်ဆယ်လောက်ရှိတဲ့ ဘကြီးမိုးတောင် တောင်ပေါ်မှာ ရှိနေတာပဲ ချောင်းမမွေတော်စေတီတော် ဘုန်းကြီးက ဒကာမကြီးကို ဘာတောင်းဖို့ အကြံပေးခဲ့လဲ။ ဟို အဲ ဒေသကို,"' TT+ITrTT1T95e T <TီT Yosros ses'roer-Trhese nsepr- mreou ,u.ocas wciacsc,y a sas:"
မူမြို့နယ်,ဲ/
ကျင်းပခဲ့ပြီး န.ဝ.တ အစိုးရမှ ကျပ်သိန်း ၆၃,ကျင်းပမဲ့ြွ၊ နeco mီ7) ကျ်သနံ ပ၃
ပွဲကြီးနှင့် သာသနာနှစ် ၂၅၀၀ ပြည့် အထိမ်းအမှတ် အောင်ပွဲသဘင်ကြီးကို ၁၉၅၆ ခုနှစ် မေလ ၂၂ ရက်မှ,"wgs,rcs,ar=uaoskemrT=mPserTM0TTTTTT1T"""
။ အပြစ်,။ မံ့ခံ
မွှေး,မေ့း
မှ ထုတ်လုပ်သည့် Kung Fu Panda (ကွန်ဖူး ဝက်ဝံ) တွင် မျောက်ဆရာကြီးအဖြစ် အသံအပိုင်းမှ သရုပ်ဆောင်ခဲ့သည်။ ထိုဇာတ်ကားတွင် အခြား ထင်ရှားကျော်ကြားသော ရုပ်ရှင်သရုပ်ဆောင်များဖြစ်သည့် Jack Black (,"မှ လူုဘံဝုပ်သည့် T-T9 T o Thonoas (ကွန်ဖူး T=91 Tap် ewေpresonsာ့ကြီး၊Tof= ToSsu(2ci , onုပ်ansPfTS55၀ည်း။ လုံစာ်ံကာတွ့် TTSsr= ၀င်ရှာမဂကျွာါကြာp=T515် ဈျ၁်၁ဋရွပဲ၊မဆာဝင်မျာ၆၈>ိတ်2 (ဲacေv၊ scေe ("
သကဲ့သို့ ဖြစ်သွားလေသလား,trဲiခဲ့ Stepretmres:
ဝ,r
"ပစ်လိုက်လို့ ကားကြီး ရပ်သွားပြီ"" စိန်ပွဲစား",wkcpirhr) ကာn်ဘီး Powsaity sges
ပင် အထက်ရှိ ကျောက်လွှာတို့မှ မြင့်မားသော အပူချိန် နှင့် ဖိအားတို့ကြောင့် အသွင်ပြောင်းကျောက်အဖြစ် ပြောင်းလဲလာနိုင်သည်။ ခင်စိုးပိုင်နဲ့လား ရှိတယ်,"' """"T""TT'""T'T-TT.ssaw.s"
ပေါင်းကို ခေါ်၍အရှင်တို့ ... သင်တို့သည် ငါမရှိသော်လည်း မပျင်းရိကြကုန်လင့်၊ ငါ ဆရာရသေ့ကြီးကိုဖူးမြောက်ပြီးလျှင် ဟိမဝန္တာသို့ ပြန်လာမည် ဟု,"'T"""""" ""TT'T'oser"" Trwere=sec.wa,"
မည်,မည့်
မနည်း ပြန်တည့်ယူရ,မနည်ံ၊ ပဲမဲ့တတ်ယR
"က မင်းနဲ့ ပူးပေါင်းပေးမယ် "" ဆေပီယန်စ် -၂၄ တစ်နေ့တွင် ကိုဓာတ်သားက အင်း ဆရာတော်ဘုရားများကိုတော့ ဖူးမျှော်ပြီးပါပြီ၊ မင်းတို့ သဘင်ဂီတအဖွဲ့မှာကော ဘယ်သူတွေပါ","' ""T""T""' ""' T'""T""' ' ""'..<~T.wcw.s....."
ခုအချိန်ထိ စီစဉ်,ခုးsaမt*E
ထွက်,လူ့က?ံ
ဟေ . . . ဟုတ်လား ငလျင်လှုပ်ခြင်းများ၏ အကျိုးဆက်များ/သက်ရောက်မှု,""" T"" ""TPTheiacupammsm-asp.aacsceu"
ပင်,vf်
ကျိုး ဖြစ်စေခြင်းငှါ မစွမ်းနိုင်ခြင်း၊ ရုပ်အကျိုးတရားကို ဖြစ်စေတတ်သော,". sa, guagsdr=siRras, ssrAT5F-<:T""T"""
သဖြင့် စိတ်ပျက်စွာဖြင့် မာရ်နတ်ထွက်ခွါသွားရပုံကို ဟောတော်မူသည့်သုတ်။ အဘွားရော ... ဆေးရုံလိုက်သွားလား ရှေးခေတ်တရုတ်,"saLwsowas.cascsvwrer'T-=-r=oscrT: """"TTTT""TTTT"""
မျက်နှာဖုံးကို မေ့ဆေး,wfesA mT
အ,အ
သုံးပြီး,ခံ၏ံ.
boththe,Dottrs
တူ ပေပိုယူသည်။ မခင်သန်းက သဘောကျပြီး ဆရာ သံပရာ,'TTTeTE'TT-..-at e s
ဏခဏ မေးသည်။ ကျောင်းဆင်းသောအခါ ကျော်စွာတို့သည် ပူနှိပ်တို့အိမ် ဘက်သို့ သွားရလေသည်။ ကယားလူမျိုးစုဒီမိုကရေစီပါတီ နှင့် လူမျိုးပေါင်းစုံဒီမိုကရေစီ,"' T""""T'T- TtoriT-T-<-=-sa-=-swsurwacwcs"
ညီ,သဲ
က,က
ခုရှိရိုခရိုင်၊ ခုရှိရိုတိုင်း၊ ခု,နuwept 2ဲBiff 6
နှစ်၊ ပြီ,နစ်:5
ခုနှစ် ဩဂုတ်လ ၃,ခုနံ(ဲp်္ံလ ခ
ပုံမှန် လက်ချာ သင်ခန်းစာများ,(မနဲ camswp sfTMTTes
နှောက် အသစ်,s-A aဿခံ
နွေးဓာတ်,နေးမအံ
ယတ္တိသာသနာ့ဗိမာန်ကြီးတို့၊ သကျသီဟ၊ အိမ်တော်ရာ၊ မဟာမုနိနဲ့ သာသနာ့တက္ကသိုလ်တို့ ရွှေနန်းတော်ကျောင်းတို့လို အ,"'Tအor=rsrT*""ီ""Nီr =roysie:RhrTt Trmoyas,ocosteromntrisy as,coarpstut,w s"
အယူအဆကို ငြင်းပယ်ရလိမ့် မည်ဟု ထင်စရာရှိ၏။ သို့ရာတွင် ကိုပါနီကတ်၏ နိယာ,"- Trermn TCPTTTTV =ညciu ctieeArTr Siegs ,sasrmmmh sr"
ပဒေ,Le.
င့်,င့်
လွယ်,လဲ့ယံ
၊ ဆိုင်သာဆိုင် မပိုင်ဘူးဆိုသလို ဖြစ်နေ,1siEsucasit မိEfeRBZrR yခေ
အ,ဏ
လက်,လက်
။ အခန်းလေး နှစ်ခန်းက တော့ သ,"၊ askecs AfsPT T""T se"
ကြီးကျယ်စွာဆောက်လုပ်လှူဒါန်းခဲ့လေသည်။ ပေါဠ,"Tီ:meoe'TTTh=esak,နsaညဲrမပဲ)"
လုံးပြူးသေနတ်ကို ခါးပါတ်,လံ့းပူးဿေနတ်ံကို Tးပါတံ
ချို့,ရဲ့
သည်၊ မေထုန်လက်ဖျား၊ စမ္ပယ်နားလျက်,"ယg,aoscrT=eT TTresrerf"
ပို,ပဲ
တင်ရမှာပဲ ထိပ်ထား ရေဝမ်းဆွဲသည်ကြီး ဘော်ဒါနိုဗာက ခပ်သုတ်သုတ် ဆက်လျှောက်လာရင်း ပြောလိုက်သည်။ ထိပ်ထားလေး တို့လို အပျိုတော်များ ဒီလိုကိစ္စတွေ မသိ,"' TT""TT5 +'T-T=:r:TrT= sustca=tr=:.wsasroesc,;."
ပြန်,(ဲ
တတ်လို့,တတ်လို့
ငယ်,ယေံ
ကြီး,ကြီး
နာ,နာ
ဖြေသည်။,ခဲသည်။
စီး,"ခံ,"
သည်။ ယခု,သည်၊ ယစု့
မလာသေး,မလာသေး
ခေါ်၍ တစ်ပြိုင်,arg)ဲ တ်္ပိဂ်
ဧရာ,စာ့
များမူကား ဘာမှန်းမသိရှာ,wnm အmhag
မာစကားပုံတစ်ခု ဖြစ်သည်,wermsipT7 Ssည)
စ,စ
အတိုင်းဖြစ်,ဖဖဲ့င်:Pf
ကျင်းပခဲ့ပြီး န.ဝ.တ အစိုးရမှ ကျပ်သိန်း ၆၃,"<g4.4ိ1: +-.T.= အဲးမ mgi""၏ီfံ PM"
ကြိမ်၊ ထိုနောင် ဘဝင်ဖြစ်ထိုက်သ၍ ဖြစ်၏ ။,"ည4 sstT==ftStieytiraief"" """
ယက်နမ် နယ်ချဲ့,ယက်နမ် န်ခဲ့
သနဝိဇ္ဇော,သနဗံဇော
ဖြတ်,၉အံ
အရ ငါးရှဉ့်ရိုးကျေးရွာအုပ်စုတွင် ကျား ၆၅၄ ဦး၊ မ ၇,mn TRf္Teermydagngt map Hoe By uy
အ,အ
များ,များ
ကြီးရှိ,ဤးရုံ
အသိ,အသံ
ဘာပြောသည်ကို ဝေလငါးဂိုဏ်းမှ ကောင်းစွာ မကြားရချေ။ ကောင်းပါပြီ ဆရာ၊ ကျွန်မ,ဘာပြောဒတ်ကို ဝေလငါးဂုက်းမှ ကောင်းစွာ မကြားရချေ။ ကော်းဂါပြီ ဆရာ၊ ကျွန်မ
ပင် ပြင်ဆင်,မံပွe်
အဖြစ်နှင့်,mgRsf
အမြဲရှိတယ်၊ ကင်,အဲ့ရုmi. mt
၏။ မက္ကဆီကို ကို စပိန် ဖဲင်နီ သူ့ခန္ဓာကိုယ် အလှပျက်ယွင်းစပြုနေသည်,"4,sa,trt s s srrTTTre+=erT""ီ"
ဆုံး ဖြစ်၏။ ဤအခြေ,"s,.gef= 2Iြ"
သည် သည်,သည့ဲ =ဲ
ကျိုး ဖြစ်စေခြင်းငှါ မစွမ်းနိုင်ခြင်း၊ ရုပ်အကျိုးတရားကို ဖြစ်စေတတ်သော,<4i BPTIMP meးi thkia loftTRltonscuna gaeေစ်သော
ဟု ဆိုသည်။ သည်တော့ကျွန်မကပြန်ရောက်ရသည်။ မည်သည့်ခံစားချက်မျှလည်း ဖြစ်မလာ။,"., .ဆေမည်။ =cံ2eောprngsurigMeneTmeorcs။ wညEaedT ီe=ထTr RfT"
တို့,ဖုဲ့
၀,ဝ
တာဒေါ်မိုးသူပါလား၊ ကျွန်တော်တို့လမ်းထဲ မလာစဖူးလာတယ်၊ ဗန္ဓုလ ရုံမှာ,"က""TTT'TalecktrtirTrera-ca,sar-ep"
ပါတယ်ဗျာ သိပါတယ် လုပ်စရာမရှိတော့,.a-desp T7P=etAstrair=
DaweiEducationDegreeCollege;,"c,-eaucatbonoearceste="
"ပြောင်းအလဲတွေကို သိကောင်းမှ သိမှာပေါ့။ ဖြစ်သော်လည်း၊ တရုတ်နိုင်ငံတွင် ချူမင်းဆက်အစ ဘီစီ ""ဆက်သွယ်ရေး ခက်ခဲ","""""""""T ""T'T'+ -ow= e-cae -r.."
င့် အကြိမ်ကြိမ် တားမြစ်ကြသော်လည်း မိမိ အဆွေခင်ပွန်းကို စွန့်ပယ်ခြင်း မရှိလေ၏။ ဦးမြသန်းက ငြိမ်,"""""""""TTTreow:ts:-es.us.saas,"
နေလို့ပါ ဗိုလ်ကြီး,sxtiyi tiE
သည်။ အုန်းဆီထုတ်သည်။ နာနတ်ပင်များကို အကြီးအကျယ် ဦးလေး ဦးလေးနဲ့ မခေါ်ပါနဲ့ဟ။ ငါ အဲဒီလောက်,".as ssonussapouaserT=tsorsaomTTTTT5TT""TT"""
တစ်ခုကို ဆိုခဲ့သည်။ ကမ္ဗလဿ တ,"ssr-t RAeSr- mwesr="""
ပိုင်ကြံပါ။ ဂျိုးဆက်စတိန်း,6iRs%sTts
သော အင်္ဂါတို့နှင့် ညီညွတ်သူ ဖြစ်ရ၏။ ကျွန်တော် ရန်ကုန်,"..- srtvtsefsswcts,savT= TfTTTef"
မြို့နယ်၊,မြဲ့နယံ
ချင်း,ချင်း
စ,စ
ငရှဉ့်ကျ မည်။ ကြိုးထိုးလျှင် သည်နှစ်ကောင်အနက် မည်သည့်အကောင်ကျကျ ကိုယ်က အနိုင်ရမည်။ ရာဇဝင်ဟောင်းများရဲ့ သင်္ချိုင်း ဘာလုပ်ရမည်နည်း။ ဒီနေရာက စောင့်လျှင် မ,"ငရူုခွ)ကa၅ မည် ကြို့၊ထိုးလျှ် သည်နစ်ကောင် အ စက် မညံ သာညံ့အမကောငဗီ ကျ့ကျ၊ ကုံယံက အနိုင်ရမတည်"" ၇pာဇ၀င်ဟောငံ.-များရဲ့ ၁ မိုဇ်ဒ: ဘာလဝရမညံ နည်း။ ီ ရာကာ ခောခဲ့လွှငံ မ"
ကို လန်းဆတ် စေသည့် ဝိုင်,ရု ပေနဲ့အက် TTS ခ့ံ
လဲခြင်းမှ ပင်လယ်ရေမျက်နှာပြင် အမြင့်,pagctxv ofetrPewapPsre2d အလ
ပြီး တိုက်ခိုက်ကာ,၉၊ တဲ့က်ခိုက်ကာ
နတ်က,နတက
ပြုနိုင်။ လက်သစ်,ညနဲုံ၊ လငက်္ီီ
မန်ကြီးက ဘာမျှ,"မSim ""s"
ဂျိမ,ဖျဲံမ
မသိဘူး သူက နုံး,မaa smk
င့်,နဲ့
ရင် လုံလောက်ပြီပေါ့,s6 cisr=TBeu)
ထွက်လာသည့် ခိုးဝင်,<reacည် Tmt
တွေကို တော်တော်ကျွမ်းကျင်,လေ့ကီ =-ကo်ကျgမrg
ဆောက်အအုံကို ခေါင်းမော့ကြည့်ကာ ချီးကျူးပြောဆိုနေသည်။ ဟာ ပ,"wေrTTTT TP6hecygsညer dmatreg,s,cgsmu"
မှ ကိုယ်ကျင့်သိက္ခာ ဖြူစင်မှလည်း အခြားသူတို့ဘက်က ကိုယ်ကျင့်သိက္ခာ ဖြူစင်လာမည် ဖြစ်၏။ ထိုအခါ လောက၌ ဒု,"""TTTTTTITSsvorwr-=owsss.s"
သည်,သည်
ရေး မာရ,s: မာရ
လဲ သီတာ၊ အင်း . . .အေးမြတဲ့ သီတာပဲ ဖြစ်ရမှာပေါ့ ဟင့်အင်း၊ မဟုတ်သေးဘူး အစ်ကိုရယ်။ ဒါပေမဲ့ ဆက်ပြောလေ၊ ဆက်ပြောပါ။ ဆွန်ညာ နားလည်နိုင်မှာပါ။ အား,"T T""T"" 1TP0 16T1MTPT5 orfet.=eorT'=er mesgsusc Aere mrhsocv scawguai saco ws,agscs, e-:"
ကျောက်တုံးကို,ကျောက်ံတံကိ
ကျင်းအား နတ်မိမယ်တမျှ ထင်မှတ်ပြီး မြတ်နိုးခဲ့သည်။ သူမ အလှရိပ်တွင် ယစ်မူး,"T""TTe=rP6TI-euဃas.cay"
ရက်လောက်လည်းရရော,န-ံလောက်ဂထ်'၊nmာ
ခြားလိုက်,Eseဲ့ကံ
ရန်,နနံ
ဖြစ်,ဖြစ်
တစ်စိတ်တစ်ပိုင်းအနေဖြင့် သူမသည် တောင်အာဖရိကတွင် နယ်လ်ဆင်မင်,"<r=oeormue seoTTTT""TT"""
ခန်းထဲမှ ဂျရတ်ကတ်ရှနာ ထွက်လာခဲ့လိုက်သည်။ မော,နဿuမ့ mweSTfSte လ့m်tusiefmိTe်T
စားသောက်နေကြဟန်ရှိသည်။ ကျော မောင်,"mmr""TTP5ိm9iasgs, mpgwst"
တိ,ဝံ
ပြထားတာဖြစ်ပြီး လမ်းညွှန်ချက်,"Bm=TR1R'rs,sga"
ထည့်သွင်းကာ၊ ခြေ-လက်ပြုလျက် အထပ်အထပ်ဖွင့်ဆိုထားသဖြင့် ကျယ်ဝန်းသော အ,"TT""T""TT%eT:TToasuarur=;"
သင်္ဘော ၁ဝ စင်း၏ ဧရာ များကို ၁၈၇၁ ခု မတ်,s-aho၁o ၈>:T wp wperဲ့ o၈= P T*
မှ,မှ
တော့်,တော့်
ဖြစ်တယ်လို့ပဲပြောပါမယ် နန်းကိန္နရီသည် ကားကို ပါ,"gacn-ယZelWastoerlမယိ နံ:migRsecS ""T""ီ'I"""
။ ကျွန်တော် ဆိုးခဲ့ ရမ်းခဲ့ တယ်။ ဘာမှအဆင့်မမီတဲ့ ရွာသာသာ,".-arca,ves ws=scormT""TTT"""
လား..,လား..
"anotherevent,butingeneralyou'reallowedtouse",L.asaoonuasarm=roswerTTTT
လို့မှ မဆုံးမီ သိန်း,ဖဲ့ မခုးစ=ခန:
အတွင်း မြန်မာပြည်အနှံမှ,amst:PffeZsy
ဆိုးမှာ အ,ဆိုံမှာ ခ
လမ်းမြို့ဖြစ်သည်,လluါ့Sfeတိ
ဇဂြိုဟ်သို့,ဖျါ့ဟ်သံ့
ရှိုနာလူမျိုးဖြစ်,နွနာလ့မီးပိီဂီ
နဲ့,န့
ချို့,ရဲ့
ရဲ့၊ မောင်အဝေး ကလာတာကို မြင်မြင်,"ရ, မောPmTT- ကလာတာကဲ့ မဲ့ခ်"
မောင်,မောင်
ဖေဖျားရဲ့။ အံ,လmgprti၊ T
"caseof#switch,averagepagecounts)",TPTTTT1Tespseagcounes
ကောင်း,ကောင်း
င့်အတွက်ပါလာ,ဝံခတွင်မါလာ
ထင်,ဆt
သည် ကချင်ပြည်နယ်၊ ပူ,ae =afGZeA s
တယ်။ သူဇာလွင် ခေါင်းခါလိုက်တယ်။ သူ ခေါင်းခါပြနေတာကို မင်းခန့်ထူး မြင်ပါစေ။ မလာ,".,s, sperP witswsytcs oe =TPeTfoecergi eioeRe Pီိ =rm"
င့် နဂါးဘုရင်,န့ နAါဘ်
ခါ လျှပ်ပေါ်,ခ) လျု့ပ်ေါ်
။ ဆန်ကုန်သည်အဖြစ် အိမ်က ထွက်သွားရာက မယားတစ်ယောက်နဲ့ မူးစေ့အပေါက်ပဲ ပြန်ပါလာတဲ့ လူငယ်လေး။ သူ့အဖေက စောက်သုံးမကျရတဲ့အထဲ နောက်ထပ်,"T T""""""ီ""P'PS= wrT TorRerTP =rormevas sAorTowcuascsasrmoe secs,osgarsvscsp"
ရှိ၏,ရုံမ
အရ ထုံးတောင်ကျေးရွာအုပ်စုတွင် ကျား ၂၃၁၀ ဦး၊ မ ၂၆၈၀,"san sp.eောS္emstgpa,dsegB ms= IP7TPT 7 Ieo"
ကို လက်ခံတဲ့စိတ်ဖြစ်တယ်။ အာရုံကို လမ်းဖွင့်ပေးတဲ့စိတ်နဲ့ အာရုံကို လက်ခံတဲ့စိတ် ဒီစိတ်နှစ်ခုကြားမှာ မြင်သိစိတ် ကြားသိစိတ် နံ,"""""TTTT=:T-T-sost rTrt: wvcwesvasvwva,"
ရှိ။ ဟူ၍လည်းကောင်း၊ ဂိုဏ်းချုပ်ကြီးရဲ့ အကွက် သုံးကွက်ကတော့ တကယ်ကောင်းတာပဲ၊ ဒီကောင် ဒီအကွက် တွေကိုတော့ လိုက်ကစားနိုင်မှာ,"u.asuac-a.,wssngsrertvsorou=r=T=:TTTTTTT"""
ဦးဖြစ်လိမ့်မယ်ထင်တယ်။ ဝေဝေတို့,၃(GefR6-TTeoukasacuag
မြို့နယ်၊ ထန်းဘုန်းတောကျေးရွာအုပ်စု တံတားဦးရွာ (အင်္ဂလိပ်: Tadaru)သည် စစ်ကိုင်းတိုင်းဒေသကြီး၊ ရွှေဘိုခရိုင်၊ ဝက်လက်မြို့နယ်၊ ကျီးပင်ကန်ကျေးရွာအုပ်စု၌ တည်ရှိသည်။ ရွာ,"ssauau.uwwror=-os.-u . m-T.=r=r T""TT""TTTTT""TT"""
ဖြ,ဖွ
သုံးပြီး,ခု၊ြီး
မှာ ဒဏ်ရာပြင်းထန်သည် မှန်သော်လည်း ခေါင်းမထောင် နိုင်လောက်အောင်တော့ မဟုတ်သေးချေ။ ဦးခေါင်းမှာ ကြည်ကြည်လင်လင်ပင် ရှိနေ၏။ အခြေအနေအရပ်ရပ်ကို,TTTTTI'I'T' :T'T'T<.- r=r= swswuutwcs us.
ပင်,ပင်
ပင် အထက်ရှိ ကျောက်လွှာတို့မှ မြင့်မားသော အပူချိန် နှင့် ဖိအားတို့ကြောင့် အသွင်ပြောင်းကျောက်အဖြစ် ပြောင်းလဲလာနိုင်သည်။ ခင်စိုးပိုင်နဲ့လား ရှိတယ်,".rcr-agrprapsy upa-rer=eaRBsfRac,sysat=arhPT=e=tsait5+PSTST5 T56P"" MT"""
အ,အ
စာ,၈.
ပင်ကို,ပံကဲ့
ပျိုး ရူပဗေဒဖြင့် တိကျစွာ တွက်ချက်မရတော့သော ကိစ္စရပ်များကို နှိုင်း,ဖျိုး ရွပဝောဖြင် ကီကျ့ရွာ တွကံချက်မရ၈က%eာ ကုစ္ရပ်များကို နှိုင်း
"usingthe(required!)INSEEcodeandasubtemplate.Thefields""region""and""department""arenolongerused.ဝေါလစ်နှင့်ဖူကျူးနား 90 days စေတော်မူ",".-xrsresuoroponeocowerowcarorsoasr=ortrororoarvsoesrTS'TsroersTTTT6ereT ""TTT'"
မျောက်၏ဇနီးအား သိမ်းယူတာထားပါတော့၊ တိရစ္ဆာန်ကိုး၊ လူဘုရင်တွေက စစ်ရှုံးသူ၏ ဇနီးမယားကို သိမ်းပိုက်တာတော့ လွန်လွန်းသည်ဟု ကျွန်မ ယူဆသည်။ မိန်းမတွေခ,"""""T""""T""""TD5-rerThr wc--tIotr-a.seucssec.c.mese"
လာကြသည်။ စစ်ရထားပေါ်တွင်သာ အစဉ်အမြဲ တွေ့မြင်ခဲ့ရသော သူ,"Lgrer-wrာ-astr= TTTABGT"""
ဦး,ဒ:
လည်းကောင်း၊ မြေ,လည်siကော်္၊ sBဲ
ငေးငိုင် ကြည့်ရှုတော်မူလာ,"a-ais HTetsTTe="""
မနည်း ပြန်တည့်ယူရ,မညံ:Be=eည်:ew
ဆီး,"a,"
၊ ရော့... ဦး,၊ မေ.- Pီ
နေရာ ဆေးရုံမှ ကျန်းမာလာသည်,နေရာ ဆေးfh က့န်းမာလာသညဲ
တာတွေကပါ အယ် လ်ခီဘီအာ့ဒိစ်,mrmrT T wvidaeaေ
ကျော်,ကျော်
ထားသီ,ထားသီ
ခုနှစ်ရက်သားသမီးများနှင့် ပူးပေါင်းပြီး အထက်ဌာပနာ ထည့်သွင်း,"-a,aur=-rarscs ysatR T Tidh"
ခင်,ခံ
ကတံ ကရဏီ,ကတဲ ကရုကီ
တို့,ခါဲ့
ရှိဘူးထင်ပါတယ်..,ရှဲဘူးထင်ပါကက်-
ရင့်တပ်သားများက လိုက်လံတိုက်ခိုက်ရာ ကနီနော်ရ,TfrT7hswsasss mas
သက်ချမ်းသာရာ ရခဲ့ဖူးပါတယ်။,<-sgkmTm 7WeAm-
ပြန်ဆုတ်သွားခဲ့,၄iscseT5
ဘူးသော ဖခင်၏,"အူ့းသော Af*"""
လာလမ်ပူသည် ဆီလန်ဂေါ ပြည်နယ်ထဲမှာ ရှိ၍ ထိုပြည်နယ်ကို အုပ်ချုပ်သော မလေးဘုရင်က ကွာလာလမ်ပူ,"ကShe""ီT:Ph-oi2adirfT MRivnKasras stoaros-os-,ac.mmascs"
၏။ ကိုယ်ထင်ပြလာသူကဲ့သို့ အခန်းဝတွင် မြိုင်က မလှုပ်,"A.saelfur:ecss sctrf RT"""
ဒင်း ပွိုင့်တူးတူး သေနတ်သံကလေး ထွက်သွားသလို ...,aeE်၊ jTeTRr' T=esaracs: mpm်erpoerဲ့ -.
၏။ ထိုအခါ မိုးရေခံသင်္ကန်းသည် ဆွေးမြေ့သည့်အခါ အဝတ်မဆီးဘဲ ကိုယ်ကို မိုးစွတ်,"a,.sA sasu-ws,cesrtsreimAimrT""TTT9"
ပေး,ပuး
၌ တည်ရှိသည်။ ရွာနေရာကုတ်မှာ ၂၁၃၁၆၃ ဖြစ်သည်။ ၂၀၁၄ သန်းခေါင်စာ,"TTT""TTr=rve-.orTh,Pua,u,uscaxc-"
တွင် မျက်နှာပြင်တစ်ခုတည်းသာရှိသော်လည်း သိပ္ပံပညာ ဆက်တိုက်ယူလာခဲ့သော ကေသွယ်အတွက် သိပ္ပံနှင့် နီးနီးစပ်စပ် ဟူ၍ မူလတန်းကျောင်းတွင်,"...s.Lar.asLar-aro swos-us-rT-<=rer=TTT""T""TT"""
ညီ၊ လမ်းတော်ဖိုးတုတ် သည် တပည့်များအား,ည၊ လမ်းတော်ဖိုးတ့တ် သညံ တပည့များအား
ပေါက်,ပက်
ရှိ အကြောစိုင်မှန်သမျှ တင်းမာနေသည်။ သူ့အား အ,"နဲ့ m်So""ီoos orBicscaညဲ)၊ ecrmr s"
မှာငြိပါ ပါလိမ့်။,ဟာခြပါ ပါလိ်'
မတူ ချေ။,မn့ မေ့
ကာ အခြား,က အခြား
ကိုတင်ဦးက မြိုင်၏နာ,ကုefS:m Bta၏ls
မကောင်းရင် ဟိုကြလန်းသွားမှာ,<-B 1TETBe=
မိခေလ၏,မိဲေလအ
ခ,ခ
ပင်,ပင်
ကြောင့်ငါ့သမီးဝမ်းမှာလာမှီးသာပေါ့။ဖွားရက်ကလဆုတ်ဖွားရက်ထဲကျတော့ဆယ့်,"T""""TT-T-=rter:T-ate.sua==."
ရပ်ဝတ် အရပ်စားနှင့်။ ဒါက ဘာသဘော,aferS'TTm'S6s Ain aosaecon
ပိုက်ပြီး သမီး .... သမီးက,ဖဲ့ကဲပြီး သမီး ... သမီးက
ပန်ကောင်,ပံ့ကေဝင်
၊ ဝေဟင်ပေါ်ပျံ,"၊ ဃေဟင်ဂါ""ဲ"
"တာ လွယ်တာ မဟုတ်ဘူး"" နောက် ဒီအလုပ်လုပ်စားရင် ရှင် မသေ","က'TrST TTecr exesrcefmpyec.,"
အ,အ
ကြောင်း NTV ရုပ်သံက ထုတ်ပြန်ခဲ့သည်။ အောက်တိုဘာ ၂၃,"မ,e. sm1 sfaene wyagssec"" TTTTms .e"
၀(ခ) အရ နေအိမ်တွင် တားဆီးမိန့်ထုတ်ပြန်,"-ai os oeအိမ်တွင် တားဆီးမိဇ်ကဂ""*င်ဂီ"
ယှဉ်တွဲလျက် ရှိသည်။ စနစ်တကျစီစဉ်ပေါင်းစုထားသည့် အခြေခံဥပဒေ,ယ့ဥဲတွ့လျက် Tီ>ညီ။ စနေစဲတာကျခံစဉ်ပေါင်းုကား=၀ည့ အခြေမုဥပဒေ
ပါဘူး။ ကျောင်းထိုင်ဆရာတော်အဖြစ်ဖြင့် ဦးစိန္တာသည် စာပေပရိယတ္တိကို သင်ကြား,"ပါဘူး။ ကေ့P၆်-ကို့င်ဆရာတော်အဖြစ်ဖြိင် ဉီဂီန္ကသည် စာပေပရုံယတ့်ကို ""Pကြံား"
ဘယ်လို ခေါ်ကြမယ်မသိဘူး တိုက် လူဦးရေတိုးနှုန်းသည် ဝ.၉ ရာခိုင်နှုန်းဖြစ်သည်။ ခန္တီ (ပုလောက်မြို့နယ်ခွဲ) နယူတန်၏,"-.,A,s wrftsacZcs, sa cythrmrShohascg,oagewMRafPTeSr=0oerTPT5T56Aဤ"
သကဲ့သို့ ဖြစ်သွားလေသလား,s-as) B=etTrm=e:
၉ ဖြစ်သည်။ ၂၀၁၄ သန်းခေါင်စာရင်းအရ လွဲမွန်ကျေးရွာအုပ်စုတွင် ကျား ၁၅၃၁ ဦး၊ မ ၁၇၂၄ ဦး၊ လူဦးရေစုစုပေါင်း ၃၂၅,"ssacas,rs,uscstcsc=-snir=veswecP TT-ToTTT"""
အချင်း,အခငံ၊
မည်,မဉဲ
ညံစွာ အော်ဟစ်သြဘာ ပေးကြလေတော့၏။ ဟန်ဆန်းတောင် ရောက် ကတည်းက တစ်ကိုယ်တည်း ပျင်းရိနေခဲ့သော လ,"a-acucagc:LugarurorT.=sarAc=s orT""TPTTTT"""
ဟေး တဝါး,ဟေး တခါး
ဆောင်ခဲ့သည်။ ယွင်းချက်,sေzrfခioreZ5 =shgys
လား အဲ့ဒါဟာ ကျွန်တော့်,လာ၊ အဲ့SါmT Ta်တော့
ဖတ်ကြည့်လိုက်၏။ သူထိုနာမည်ကို ဖတ်နေမှန်းလည်း ထိုလူ,"ssasarP cotsart=T5 T"""
စေ့စပ်ကြောင်းလမ်းထားလျှင် သော်လည်း ထားရလိမ့်မည်။ သို့ဖြစ်နိုင်ပါမည်လား။ မမြင့်ဦး၏ မိဘ ဆွေမျိုးတွေက သဘောတူပါမည်,"Lwsc-.au.wucLar=-rco.swtrT=sirT""T""T"""
မှ ၁၉၉၁ ခုနှစ်၊ ဒီဇင်ဘာလ ၂ဝ ရက်နေ့တွင် ကြေ,မ Sgnr Tf> T+္:socu ၂or s-Aesrf s(Eဲ
မူမြို့နယ်,မဖွဲ့နယံ
ရေးလှ,မေေ့
မှ အီရတ်တွင် ဆဒမ်အားဖယ်ရှားရန် အီရတ်ကို ၂၀၀၃၌ တိုက်ခိုက်ခဲ့သည်။ ယင်းတိုက်ခိုက်မှုတွင် အမေရိကန်သမ္မတ ဂျော့ဘုရှ်၊ ဗြိတိသျှဝန်ကြီးချုပ်,"'T""'""'T'""'AoroT-'TTocror=rzc.secss"
ဖြစ်,ဖြစ်
ရိုင်၊ တွန်းဇံ,နဲ့စံ၊ တွန်?
အုပ်စု,အု့ံစု
မျှ အသုံးမဝင်။ လွမ်းချင်းစပ်နည်း ပထမဆုံး,မျှ အသုံးမ၁%% %a)>ဦးချင်းစဝံနည်း ပထမဆဲ့:
စု,t
ရတဲ့ ဘာသာရပ်မျိုး မဟုတ် ပါဘူး။ လင်္ကာတွေကို မဆန်းစစ်,"waorarshslt wups,Asgpr=rTTTTT=5"
ခွဲစိပ်,ခွနဲဒဲ
ဘဝ၌ပင် အခြေခံ ကျမ်းစာအဖြာဖြာတို့ကို သင်ကြားတတ်မြောက်သည်,oftr5 T>ST Taoresas(gykgseri့R =ePZShrocoagyacညg)
သာမဟုတ်၊ အသီးနှင့် အရွက်ရရန်အတွက်ပါ စိုက်ပျိုးကြသည်။ အသီးကို,"<TTTPmwtsseerTR0aye,gyaa-g"
အ,အ
အသံနှင့် ပြောရာတွင် အေး... ငါကလည်း ငါ့ကို တိုင်ပင်လို့ပြောသာပါ,TTTT==- ArrdRP-eusg.a
ခင်ဖြစ်သူ,stsရလ
မှ ထုတ်လုပ်သည့် Kung Fu Panda (ကွန်ဖူး ဝက်ဝံ) တွင် မျောက်ဆရာကြီးအဖြစ် အသံအပိုင်းမှ သရုပ်ဆောင်ခဲ့သည်။ ထိုဇာတ်ကားတွင် အခြား ထင်ရှားကျော်ကြားသော ရုပ်ရှင်သရုပ်ဆောင်များဖြစ်သည့် Jack Black (,"..Lauaougu,c,auc-rwks ocs,ascwroteoesoagsocaoedto Teroswat:TT=etIo ' TTTP5T=TT""TTTTTT"
ပြုံး,ပွဲံ၊
ခြားသစ်,ခြဲးသစံ
အ,အ
ကို အလယ်က ထက်ဝက်ခြမ်း,"ကု အလယိက အဏ် orgခံ,"
ထောက်ထိုင်ချ လိုက်,လောင်ဂလို်။ 9
ဘိ,အဲ
အိတ်ဆိုရင်လည်း စုတ်,အmmpwPrdဘဲ- စုတ
ထူထပ်မှု,ဆူပ်ဇ
ရန်သူ့တပ်မှူးတစ်ဦး၏,sseofarmfpwt
ပ,၂
ဗျ။ ကျွန်တော်တို့ တပ်တွင်းဆိုင် က ပစ္စည်းသိပ်စုံတာ,s့ raf T*Tီ: moBတgEiခit က oecီး:RီOgmy
ရှိသော SAC ကို,"နဲမ.ာ R%F """
မီး,"ဇ,"
မှန်ဘီလူးကို ပုံရိပ် လာရိုက်,မနaAegm HAီ =eနဲုm
ဆောင်,ဆောင်
ဒုက္ခနှင့်ရင်ဆိုင်တွေ့ကြုံနေရရှာသော အေမီက သူသည် ကူးနားပဲလေ့,LsAstshentaroapacr= erfT1TT5 wt:TT
နိုင်စွမ်းကို စံပြုထား,နူနေ့မr16ST
ထွင် ဖော်ထုတ်လာသည်။ အဆီးရီးယားနိုင်ငံ၏ လက်အောက်,".-lmtr=s owssrTTTT"""
။,။
ဟစ်ပိုဂိုဏ်းအုပ်၏လက်ထောက်အဖြစ် တာဝန်ယူပြီး ၅နှစ်အကြာ ဂိုဏ်းအုပ်ကွယ်လွန်သော် ရာထူးတိုး၍ ဟစ်,"L,agckusoalosas-oausgat mroP-eS,owasesာ PTT5TeeseSTersfT""Mီ1T"
သန်း,သနံ:
ကွဲ,ကွဲ
နွေးဓာတ်,နေးစာတံ
ဆောင်,ဆောင်
တိုက်မ အထက်ရှိ ပစ္စယာဆင့်များတွင် ပုံစံအမျိုးမျိုး အကွက်အမျိုးမျိုး ဖော်ထားသည့် စဉ့်သုတ်စိန်တန်းများဖြင့် တန်,"""T ""TT-' T T"" To:cs --rswwsa"
လူကို,လူကို
မဆန်သော အခြေအနေများရှိသည်။ ဤအသွင်အပြင်သည် ဝင်ငွေ,Lsar- msmcscsoe diT6IT
ကျယ်,ကျယဲ
နိုင်,နဲုဒံ
င့် ထွက်လာ,နဲ့ ထွ်က
။ အပြစ်,။ အပြစီ
ပေါင်းကို ခေါ်၍အရှင်တို့ ... သင်တို့သည် ငါမရှိသော်လည်း မပျင်းရိကြကုန်လင့်၊ ငါ ဆရာရသေ့ကြီးကိုဖူးမြောက်ပြီးလျှင် ဟိမဝန္တာသို့ ပြန်လာမည် ဟု,".uuwseu . utca rwrocs,.LsvorT T T==-PTT T-""T""T"""
။,၊
တယ်။ တဲ,တယ်။ တဲ
၂၀၁၄ သန်းခေါင်စာရင်းအရ မကျီးကုန်းကျေးရွာအုပ်စုတွင်,"၂o=, ဿsinfPhestsss wmdltrt5TTITRmHpmf"
"ဖောမီး (Anseriformes)"" အတွင်း ပါဝင်","မော၏ီး (TTmesur age, ပeဝံ"
မဟာပထဝီမြေကြီး။ ရှားစောင်းပြသာဒ်ပင်များ၊ ရောင်စုံအိမ်ပုံကလေးများ၊ လက်စလက်န သိပ်မ,"Lcoswsrp-spcavurTToeT""""""TT"""
တွေ,တေ့
နေအထိ အဖြစ်အပျက်များ,socSဲ mBSfPam်မgp့၊
လုံးပြူးသေနတ်ကို ခါးပါတ်,လggmarTRRAut
ပေါ်မှာ ငါ,ပေါမှာ ငါ
ထွန်း - ငါတော့ ဒီလိုဟိုးလေးတစ်,လွနဲး - ငါ၈ကာ ဒီလိုဟိုးလေးတစ်
လုပ်မဖြစ်။ နောက် ဆုံး ရထားသည် ခပ်စောစောကပင် ပါရီသို့ ထွက်,လုဝံမဖြ၏်= T၈က် ဆုံး ရယားသည့ ခစ်ဇဏာ*ာကပစ် ပါရုံယဲ့ လွက်
မိုင်,ခုငံ
အသင်း,အသင်း
ပိုက်,ခဲ့က်
မြက်ရင်း သွေး,"gAst: rS"""
လာ(ပြာ) သူသည် ဓားကို,aiJ-issထဲ mxကု
တင်ရမှာပဲ ထိပ်ထား ရေဝမ်းဆွဲသည်ကြီး ဘော်ဒါနိုဗာက ခပ်သုတ်သုတ် ဆက်လျှောက်လာရင်း ပြောလိုက်သည်။ ထိပ်ထားလေး တို့လို အပျိုတော်များ ဒီလိုကိစ္စတွေ မသိ,တာဝ်ရမာမဲ ကီဗိ ကား ရေပမါးဆွဲသယည့ကြီး ကတကဘီဒါဒိုဗတာကာ မပဲသည့တ်သုတ် အကီလျောက်လာရင်း ပောလိုကီဒငါည့။ ထိပဲါယားပေး တို့ကို Tri)ိ.တော်များ ဒီလဲ့ကိစ္စတေ့ YS3ိ
၁၂,၁၂့
သည်၊ မေထုန်လက်ဖျား၊ စမ္ပယ်နားလျက်,"ဃ် wcreTTte= %ydserar"""
လူ့စွမ်း,န့ခဲ၊
boththe,bointhe
ကြားနေရင်းပင် ကြုံ ရင်းကြုံသလို ပြင်ပ စာပေလောကရှိ ဝတ္ထုများ၊ မဂ္ဂ,ကြားနေsfTT ကြို၊ ရင်း(ကြုသလု့ 'F7 T=wလောကရှိ ဝတ္ဍnTT Y8
လောက်ကောင်းတဲ့ဆေး မရှိဘူး မောင်လေးရဲ့ အမြောက်အမြားတို့ကိုလည်း ဗက်ဗီလုံးမြို့တော်သို့ ဖမ်းဆီး ဘယ်လို,"...u.w,orTrwr=sT""T""TT""T""TT"
ပြု၍ ပထမသင်္ဂါယနာတင်,ဋမျှ usevtr=Tf=
တိုင်းပဲ ကြည့်,wioG၏
"မဏိပဲတဲ့"" တက်စသည် တညနေလုံး ကြီးမားသည့် မြေပုံချပ်ကြီးကို ကြည့်နေပြီးနောက် မိတ်ဆွေအမတ်တယောက်နှင့် သွား၍ ည",""""" ""T""T""T- T TTToesort-sz..w ss"
အချိန်,ခချဲနံ
ကျေးသီးမြို့နယ်၊ ဝမ်စပ်ကျေး,angsS0/BVAT' TeDကေ့၊
ထိုင်းအဆင့်ကိုမိခင်ဘာသာစကား (သို့) ဇာတိနီးပါးအဆင့်တွင်ကျွမ်းကျင်ကြသည်။ သူတို့,"TI္""""Tror=: T7=:TRuksckyiasirwsgug,.s"
ပုသိမ်မြို့သည် ၁၂ စ,"paakye် Ti"""
။ တစ်နေကုန် စားလိုက်၊ အိပ်လိုက်၊ အိမ်မှာ ဟို,"၊ m*=eTPTT7P%,stuga,AAyr- ဟု"
တော့မယ်။ ခင်ဗျားကို လာ,တော့မယ်P 9FTf:ကို လာ
နိုင်ချေ။ တနင်္ဂ,"နlea။ တA"""
"အင် သုံးစွဲနိုင်အားမှာ ၅၅,၅",aF si:RP=mgsg
တာ,တာ
အင်ဂျင်ကို အကန့်အသတ်ဖြင့် ခုတ်ရခြင်း၊ လွယ်လင့်တကူ အရေးပေါ်လုပ် ခတ်တက်က,"အofhnfTီ'TPT=ofigat srthiR907 estrvsocorg asospaufcen ecpscvas,s."
အချိန်တွေမှာ ငြိမ်းချမ်းသာယာတာကို ခံစားရတဲ့အချိန်တွေမှာ တစ်ခြား,TTTTTT-r=tIr-rtsss.aey
၇၉-,ဏg-
နှစ်,နှစ်
ပဲခူးတိုင်းဒေသကြီး (အနောက်)၊ ပြည်ခရိုင်၊ ပေါက်ခေါင်းမြို့နယ်၊ ကြူဝတ်ကျေးရွာအုပ်စု၌ တည်ရှိသည်။ ရွာနေရာကုတ်မှာ ၁,"၂,sasraocsityvouce-auysa2inR0.=PorRasaexgs,ect= Bi6RTPT=orsoesteA Tef1M75T16=eserTfT1T"
မင်းပြုတော်မူ၏။ သန်,မtiaecTefT sန
ဝံကြယ် မြေမှာ ခကြွေတဲ့ ခေတ် မဟုတ်ဘူး။ ပွမ်ပွမ်မြည်တဲ့,TPT7T ThShe acvtuwster wsqgန
ရေဖျန်း၍ ခရစ်ယာန်သာသနာသို့ မသွင်းခင် သေဆုံးသောကလေးများမှာလည်း ခရစ်ယာန် သေခြင်းမှ ပြန်၍ အသက်,"""""T"""" 'T T-=<=ro-as.s,awL"
မှာသန်းခေါင်ထက်နက်တာ မရှိပေမယ့် အပါယ် ငရဲကတော့,"<TPT""TTTt-ayseiweMfreiranay"
ဝန်,ခဲ
ကြောင်း,ခြစ်း
ဟု ဆု,. ဓ
တို့ တည်းခိုကြသည့် ဟိုတယ် များနှင့် အ,"TntTPST-ei.,t-.a.s.sts"
ပိုး,ဂဲ့
လွယ်,လွယ်
ရွရွနှုတ်ခမ်းဖြင့် သူ့ခေါင်းကို,"ag,rwRB SsAGseု"
တည်,ကည့်
သကြားနှင့် ဆန်ကို ပေါပေါ ဝယ်နေရသည့် အိမ်ရှင်မများက ဘုရားသိ,".gs,wkseckvS wsclsed M7TT=erP"
ထွန်းမောင်ကြီးက လှေကိစ္စ လုပ်စရာရှိတာတွေကို ပေါ့ပေါ့ပါးပါးပင်လုပ်သွားလေသည်။ လှေပိုင်ရှင်များက သူ၏တက်ကြွမှုကို သဘောကျနေကြလေသည်။ တိပိဋကဆရာ,သွေ့နံးမောဝ်ကြီးက ခလူ့ကဲ္ဆ လ့ံောရှိတာက့ကို ပေါ့ပေါ့ပါးပေး ပတ်လ့ဗိ်လာကားကလေသည်မ လှေ့စဲုဝ်ရှင်ရားက လ)၏ တာကံကြွ့မှုတကို သဘောကa့ဇန)ကြဝေပသည်မ တိပိခကအာ ရာ
ဟေ . . . ဟုတ်လား ငလျင်လှုပ်ခြင်းများ၏ အကျိုးဆက်များ/သက်ရောက်မှု,"T"" ""T-retoelRrer=T=rsa.suporcsrsras"
တို့,ဖို့
များထဲ,မားထ
င့်,ခဲ့
သည်။ ဤမျှလောက် အချိန်အတွင်း,..g.၊ 2lsertrt=T miismsh:
ပန်း,ပနံး
စိန် တို့,ခဲံ တုံ
ဆောင်မှု ပေးနိုင်ခဲ့,ဆောင4မ့ TTAN
ပြီးခဲ့တဲ့ အ,Qaw့ =
ဘု,ဘု့
အခင်ကို လိုသမျှဖွင့်,sAterဲ TPTie
မာသောကျောက်စာအထောက်အထားများမတွေ့ရှိရသေးပါ။) သာသနာ,"""""""TT-=-:aor-rerrs..a.."
အဝါကို လိုက်ပြီး ဆုံးဖြတ်တာ ဖြစ်ချင်,"s,arA eirf TtBsrfes Bitsef"
ဒယ်များ,ခယံများ
မှလာ၍ ဦးအောင်မြခိုင်အကြောင်း လာမေးနေခြင်း သည် ၄င်းအသတ်ခံရသောကိစ္စနှင့် ပတ်သက်၍,"TTTTTTof66 -TT1P0 sas,yauceieorosys.a.a"
မလား အောက်မေ့,မလား အောက်မေ့
ရွက်ပင်,နွံပင်
ဆက်သွယ်စုံ,ဆက်သွယ်စုံ
ကား,"လ,"
ပွဲကြီးနှင့် သာသနာနှစ် ၂၅၀၀ ပြည့် အထိမ်းအမှတ် အောင်ပွဲသဘင်ကြီးကို ၁၉၅၆ ခုနှစ် မေလ ၂၂ ရက်မှ,"ws..cs s.w=atr-TVv.TPTT"" 'T"
သောအားဖြင့် ထိုလွမ်းချင်းတို့တွင် တောတောင်ရေမြေ,s-moaiaR Trsksagtuwgy=TTTB
အများဆုံးဆေးကို အသက် ၂,အမားဆုံးောကိ အသင် ၂
များကို Tanai MMR001004017 Ta Ron တရုံ ဟူ၍ ဖြစ်လေ၏။ ကိုသန်းတင်တို့လူစု၊ အထက်တန်း ကျောင်းသား အတော်များများနှင့် မြန်မာဘာသာ ကျောင်းသားများ၊ အရပ်သူ အရပ်သား အချို့၏အ,"L-oracuဿ-.-ဘ-cswse-romr=recr=-=-=s= = ""=ow "" "" '""T""""T"""
အသစ်သစ်ဖြစ်သော အချစ်လွှာ မှာတမ်းတော်,mrmBTmssgprmases
တန်းမျှသာ သင်ကြားခွင့်ရခဲ့သော်လည်း အလုပ်နှင့် စကားပြောတတ်သူ၊ အချိန် လေး,ssagr widsa-sapswnt- mtiem=-PmTTTTT
လေ,လေ
၍,၍
ပြည့်နှစ်,ပြ့်ဲစ
ရာ,ရာ
တွင်,တွင်
တိထားနော် ကိုင်းကျိုးကျမယ် အခြွေအရံကလဲ ဒါလောက်ပဲ နည်း,တဲလားနော် ကိုင်းကျါ့ကျကမယဲ အခြွေအရဲကကဲ ဒါ=လာက်ပဲ နညံး
မွှေးနေသည်။ နေဦး,"မွေးနေသည်"" %4ီး:"
"က မင်းနဲ့ ပူးပေါင်းပေးမယ် "" ဆေပီယန်စ် -၂၄ တစ်နေ့တွင် ကိုဓာတ်သားက အင်း ဆရာတော်ဘုရားများကိုတော့ ဖူးမျှော်ပြီးပါပြီ၊ မင်းတို့ သဘင်ဂီတအဖွဲ့မှာကော ဘယ်သူတွေပါ","''T'""T'T'T''""<""Tas..A.."
ရမှ ပို၍ ဒေါသဖြစ်မိသည်။ ကိုဘခက်သည် သူ့ကို တမင်,".gcarB6ucs:terTP1TT"""
မျိုး,မျိုး
နောက်သို့,နm၏ံနဲ့
သူ သို့မဟုတ် ဩဇာတိက္ကမကြီးမားသူများ ပေါ်ထွက်လာပါက အခြားသူများအ,"၁t Aီက""T':6TrPRsxiypkcocsrer= Trertaorcac, sgasers"
ဝ,ဝ
ရ ရှီးလန်ဒမ်း,"မ ရှံးလန်းက်"""
မှု ကူးစက်ရော,မူ mtefT
ခြင်း,ခြင်း
။ ၁၉၆၈-,မဓေ့စိ၈-
လ,လ
ခဲ့သည်,နသည်
နှင့် ဒေါ်အောင်ဆန်းစုကြည်တို့,ysatserTTSR54
အမျိုးသမီးဘက်သို့ ခေါင်းညွှတ်,auျ)့.သမီး-က်္ဒိ့ aေtsega
နေရာ၌ နေရ သည့်,နေရာခ့ =aR =ည့
အောက်,အောက်
င့် ရောနေသော ရေဖြစ်လျှင် ဓမကရိုဏ် (ရေစစ်) ဖြင့် စစ်ပြီးမှ သောက်ရ၏။ သူ့အား ပြန်လည် မဖြေကြားခင် ဒေါ်ဥမ္မာသည် တံတွေးကို တစ်ချက် မျိုချလိုက်သည်။,"၊ A.scon cssa L.asv vrT0s oagy,-vr=rtrt or=Bici oei651TeT<e Sr=e'TTreh"
ခရိုင်၊ ဖားကန့်မြို့နယ်၊,"မရဲ့ဝံ၊ ဖာ""AZီAec၊"
ရှိသည်ဖြင့် အသုံးပြု,မဲးeညftf mrtity
သွားလျက်ကပင်,သွားလက်ကမ္
ကို သိသော,န့ Sံa
ရေး၊ အိမ်များရှိမိလ္လာစနစ်,asp. Sိမ်rAီepssစ
အကောင် နာမည်က ဘယ်သူကွ ကြိုင်သည် ပြုံး၍ ကျွန်တော့်ကို စိုက်ကြည့်သည်။,"""""TT""TestPTP%ss-akvsaua,"
ကျောက်ဆည်မြို့နယ်၊ ပန်းခွာကျေးရွာအုပ်စု၌ တည်ရှိသည်။ ရွာနေရာကုတ်မှာ ၁၉၀၄၄၉ ဖြစ်သည်။ ၂၀၁၄ သန်းခေါင်စာရင်းအရ,"Lawssusr-asos=msvor=r=Tr T""TTP-T""TT"""
စိတ်ဒဏ်ရာတွေရဲ့ ကြိုးကိုင်,"alcismispTRA1, Eီ'Rိုံ"
တေနှင့် ခေတ်မြန်မာမဂ္ဂဇင်း,မsနှ်Aarf်Sfmmgwt
၃၅၃ ဖြစ်သည်။ ၂၀၁၄ သန်းခေါင်စာရင်းအရ တောင်နီကျေးရွာအုပ်စုတွင် ကျား ၁၁၀,"PTIP""T1T5 =esef=TVoosu-peveisws-,.,"
ပို,ဖုံ
ပြန်,ပြနဲ
မင်းမြတ်,မင်းမြတ်
ရှိသည့် ရှင်း,န့သည့ =်
culturesorracesintheirfictionaluniverses.Namesortitlesof,FTTTTThernsarvatomrescz.arocr
လီနိုင်ငံသို့လည်း ပျံနှံ့,ဝဲနဲုငံငံသို့လညီး မဲ့နဲ
လှယ်အဖွဲ့ လန်ဒန်,s4isd mff
သစ်လေ,သခံခလ
င့်,ခ့
တစ်လုံးနှင့် ထိုင်နေ၏။ ဦးလေးသည်,တခံလုံးနှင် ကိုဂြီအ၏။ ဦးမေးသည်
လာသည် ဆိုတဲ့ ဇာတ်လမ်းကို ပြောမှာပါ,cosacA Tr5 mSsdavat scg.rrdါ
၍ ခုတင်ဘက်ကိုမခေါ်၊ ဆိုဖာရှိရာ,ag g<-terPTP=PT sierAior
ကြ,က
လူသားဖွံ့ဖြိုးမှု ညွှန်းကိန်း (ထိုင်း)ကိုအသုံးပြု၍လူ့ဖွံ့ဖြိုးတိုးတက်မှုဆိုင်ရာတိုး,"=mTMT9PT% vsvf=tBdhua,s.-s,ses"
။,။
ထူးခြားလှပေသည်,.့၊ခွဲးလstT=တဲ
ကြာမီပင် ညိုမှိုင်း၏ ပီသပြတ်သားသောအသံ ပေါ်လာ၏။ ၃,"၄,au,A chRuni BusgyaumrTTTThI"
၊ meropenem,၊ neropcnem
ထောင်သူလည်း,လောSspme)၊
လောက်ဖြစ်သည်။ သို့ရာတွင် အလွန်ကြီးမားသော နှုတ်ခမ်း,လောက်ခြ်္ဂဝင်၊ သို့ရာွ့ခဲ အေလွန်တြီT5 နုတ်ခပေ၊
ညီ,ညီ
၊ မ ၁,၊ မ ၁
ပြီ,ဗံ
သည် တိုက်ကွင်းထဲ ဝင်ရောက်၍ ပါ,sc့i rTf္TrS otspag a
တရှိန်ထိုးအောင်မြင်မှု နောက်ကွယ်မှာ အရေးပါတဲ့ တစ်ခုသော အင်အားတစ်ခုဟာ ပုန်းလျှိုးကွယ်,"""""""""""TrT""T:T-rw-o==rw.wsa"
စံဖြိုး,မြှုံး
အယူအဆကို ငြင်းပယ်ရလိမ့် မည်ဟု ထင်စရာရှိ၏။ သို့ရာတွင် ကိုပါနီကတ်၏ နိယာ,"က+""TTPTT=%+trm်oH.seysscssskg,"
မိမလား မသိဘူး၊ အန်တီ မီ,ခဲမလား မလီအ=း' အခဲ့တီ ခဲ
။ အခန်းလေး နှစ်ခန်းက တော့ သ,။ အခ်းtrPT ATErက တော့ ယ
တော့,mm
ကာ ထောက်ကာဖြ,ကာ ထောက်ကာဖြဲ
လွင့်,လူငံ့
မှာ ပိုမာကြောရ,"မှ (yမာmS"""
ယတ္တိသာသနာ့ဗိမာန်ကြီးတို့၊ သကျသီဟ၊ အိမ်တော်ရာ၊ မဟာမုနိနဲ့ သာသနာ့တက္ကသိုလ်တို့ ရွှေနန်းတော်ကျောင်းတို့လို အ,"<saါ""T""""ိSrPh: ersP=: TT= or,sa eoem=ms:Bsksg sscestenskues s"
မအေးပေး,မmေsေး
က,က
လွတ်တစ်ရွက်,aw၏RAf
ခင်ဗျားမှာ ထိုးဆေး ဘယ်လောက်ရှိလို့လဲ ချို့ရွှင်ချောင်းသည် မည်သို့မျှ မရှောင်တိမ်းနိုင်တော့ ။ လက်ဝါး,"1trT Tီ'T'T:AoecarRs1P1 Mafowrs.u,g,ugi.te=rsvtas,s,,. erdek"
၁၆၁၄ ခုနှစ် အိုဆာကာမြို့ သိမ်းပိုက်ရေး အတွက် ကန,wavsel fev=-.gasdmfTTTTa
မှ,မှ
လိုက်၏။ စုသည် ကြီးကြီးမေရင်ခွင်,နmAေါt enထ် ဆီဇီးမေsiat
င့် တွေ့ဆုံ၍ အ,န မလေ့မဲဒ *
မန်စက်,မနံစက်
သည်။ အတွေ့လေးရယ်မှ အိုအကြုံ (၁၉၉,"ac၏်္ TTTrscu stag,mgg"
ဘော်,ဘော်
ကုတ်မှာ ၂၁၉၈၆၂ ဖြစ်သည်။ ၂၀၁၄ သန်းခေါင်စာရင်းအရ မိုင်းဟွမ်ကျေးရွာအုပ်စုတွင် ကျား ၁၈၂၀ ဦး၊ မ ၁၇၅၇ ဦး၊ လူဦးရေ စုစုပေါင်း,"""""TTTTIr T TT=-sauert=hsr-ue.-ra.-=ess.usseca."
၂၁၁၅၀,၂၁၅ဝ
၀,ဝ
လေ,လေ
ခုရှိရိုခရိုင်၊ ခုရှိရိုတိုင်း၊ ခု,sgwiBt၊eMlPPI
ပြုအောင် ဆွဲဆောင်ခဲ့သည်ဟု ထင်၏။,"gra sr=TSBorcte mfP"""
ချက်ပြ,ရကံပြ
အမြင်ကို လိုက်နာသူများသည်,sger) PTR-seremsဆိ
စင်ပေါ်မှ ကျလာလျှင်တော့ အရိုးတခြား အသားတခြားဖြစ်ရန်သာ ရှိတော့သည်။ {{Db-test-notice-NPF}} အဘိုးကြီးက မိန်းမကြီးနှစ်ယောက်ကို ခပ်ကြမ်းကြမ်း တွန်းပစ်လိုက်ပြီး သူတို့နှစ်ယောက်ကို,".-..uwr.ra. rtI<=rT'T""TT"""
မှာ ၁၈၃၀၆၈ ဖြစ်သည်။ ၂၀၁၄ သန်းခေါင်စာရင်းအရ ဂုံမင်းကွင်းကျေးရွာအုပ်စုတွင် ကျား ၉၁၂ ဦး၊ မ ၁၀၈,"""ITTT""TTrTs=frTTmoscaeoersesy,ws,s.=a"
ကျရောက်နိုင်အောင် လည်းကောင်း၊ ပျောက်ကင်း ချမ်းသာစေရန်လည်းကောင်း အသုံးပြု၏။ အဆိုးဆုံးကကိုတိုးကြီးဖြစ်,"TerTTPTeEoort:torT 6SorecsaineierT osK2v cwsa,rtighgj"
ဗွီက ထုတ်လွှင့်တဲ့ ဓာတ်လှိုင်း တစ်ခုဟာ တစ်စက္ကန့်ကို,၊ assio =ast aterT TTTT
ဒီမိုကရက်တစ် သမ္မတနိုင်ငံ နှင့် မြောက်ရိုဒီးဇီးယားနိုင်ငံ (ဇမ်ဗီယာနိုင်ငံ),"T""TT""TTe=erT-=esaen"
ချုပ်ကြီး သူရ ဦးတင်,မျူခံကြီး သ၈ ဦးတင်
ခါ,al
"ဖြစ်သည်။ ""အခမ်းအနားမှာတုန်းက လူတွေက",၆၈oecI: TT5Te-peys-=- =sေg့m
မေရိကားက မက်ဆာချူးဆက် စက်မှုသိပ္ပံကို ဆက်တက်,ewsRီmrPT TTmoagsrS eက်မှာဒီမဲကို ဆrtdcse:
တွင်,ဆွံ
မြင်းစ,ခြံစ
လွှတ်တော်မှ ဖွဲ့စည်းပေးထားသည်,န့ယံတော်္ဗ (တ်=euscထoးသည့
ကားဘေးက,ကားဘေးက
ရွာအုပ်စုတွင် ကျား ၅၉၈၈ ဦး၊ မ ၅၆၅,satef =e: oe9 S -= 5h
သို့ ပြန်ရောက်သော် ရိုမန်တစ် ဟာသ Finding Mr. Destiny ၌ ပွဲဦးထွက်လာရာ ကိုရီးယား၌ ရုံပေါ်မှမဆင်းသော ကား ဖြစ်ခဲ့သည်။ နတ်ဆိုတာ မဂဓဘာသာမှ နာထသဒ္ဒါကို အ,"1 PT""TT-T' Tr TT T' T-ere 117Torw surs 6Tr=fec- av asrd wwsa. .. csw ;"
ရင်မ အားပြန်၍ လက်,asu sB18 Tr
နှောက် အသစ်,နောက် အစံ
သဘောထားကို သပိတ်ကော်မတီကို အကြောင်းကြားချင်လို့ပါ။ ကိုရင်က သပိတ်ကော်မတီဝင်ဆို၊ လုပ်ခ,"<or-T""T""T TီThemsimTI mCSP5VZsvsyawgAerTwm sswsz-ussg၊ eas"
ကာ၊,ကာ၊
န့်,နံ့
စုပေါင်း ဒေါ်လာ,စုပေါင်း ဂေါ်ကာ
သူ,သူ့
၀ဖြစ်စဉ်,ဝဖြစ်စဉ်
မြို့နယ်၊ ထင်ပါကျိုင်းကျေးရွာ,မြဲ့နယ်၊ တင်ဂါကါ့်းကျေးရွာ
တူတူရယ် ဘယ်တော့မှ,တူတူ့ရယ် ဘ်ခကာမ
ခဲ့ပြီး ဆက်လက်ချီတက်ကြ၏။ ဤသို့အားဖြင့် အီဂျစ်စစ်ကြောင်းမှာ အ,"၂g, srSdom်ReSonEyak gsaiarheSt TosedeSsrehre P"
"နေ့မသင့်။""","နေမသင်္ဂ"""
ရပြီး တညင် ကျောက်,၈B: တgTsmrm
၊ ဘုန်းကြီး .... ကျွန်တော် သဘောလဲ ခင်ဗျား သိရောပေါ့၊ အခု ကျွန်တော် လုပ်တာက,".,sps. .-wsacascorora ftr RseocAirTTT"""
ဖစ်ချင်ရင် အဲ,မဲatရE အဲ
ဏခဏ မေးသည်။ ကျောင်းဆင်းသောအခါ ကျော်စွာတို့သည် ပူနှိပ်တို့အိမ် ဘက်သို့ သွားရလေသည်။ ကယားလူမျိုးစုဒီမိုကရေစီပါတီ နှင့် လူမျိုးပေါင်းစုံဒီမိုကရေစီ,".- -awL.orrorauvwsr T'<=T "" ""'""T"""
လက်,လက်
အယ်လ်ဂျီးရီးယန်း,m4zSRfTf
စွမ်းတွေကို စက်ပစ္စည်းကိရိယာတွေက မြှ,၈reT TTsZvssuag= g
ညနေခင်း၌ အိမ်ဝိုင်းထဲ ဆိုင်,sssetai TPA:S Rf
ခုမြောက်အဆင့်တွင် ပါဝင်သည် တို,p-/gT==faf9isgမု
သည်။,သည့။
ဇစ်,af
ဘာလုပ်,ဘာလုပ်
လို လုပ်,လို လုပ်
လဲ,လဲ
ရာကုတ်,ရကုတ်
လဲ။ဒေါ်ဒေါ်က အသက်ကြီးပေမယ့် မျက်နှာကတော့ နုနုကလေး ရှိနေသေးလို့မို့ ဝတ်နိုင်ပါတယ် ဒေါ်ဒေါ်ရယ် လုရင်းလိုက်ရင်း စုတ်ပြဲ,"လဲမဒေါ်""ဒေါ်က"" အsက်ကြီးပေမယဲ့ မျက်စာက*က ခုခုကလေ၊ ရဲနေသေးဂလီခိ ဂဘ်နိုင်ပါတာယံ ခေါ်ဒေါ်ရမက် Pi7်းလိုက်ရခံး နတ်ံပြ"
ခရိုင်,anဲt
ပုန်း,ပနံ
မကြွားမိအောင် ဂရုစိုက်သော် လည်း စာအုပ်အကြောင်းနှင့် ပတ်သက်ပြီး စကားပြော ရလျှင် မျက်လုံးအရောင် မတောက်ဘဲ၊ အသံထက်မြက် မလာဘဲ မနေ,"a..wu.wr-ဘrwv. :T<=e=T""TT """""""
လည်း သူ,လည်း သူ့
ဟားရယ်၏။ 32. Lords of the Sunset. ဒါပေမယ့် ကျွန်တော်ဘာမှမပြောမိ...။ ဒီအတိုင်းလေးပဲ အသက်ကိုထိန်းရှူရင်း ဖုန်းကိုနားမှာကပ်ထားမိသည်။ သို့သော် အချိန်အ,".aca,ascs L-ck,wsasurws oarocsc-sc-ratrTBi64.soacstr=S TrT5wisarTT=T=rT*T*TTT"""
မည်,မညဲ
င့် အောက်ဘုံ,ဝံ အော်္ဘုံ
ပုံမှန် လက်ချာ သင်ခန်းစာများ,၂g =arte TsAee:
အ,အ
။,။
ပြီးနောက် ကားပြန်၍ ထွက်သွားသောအခါ ကားပေါ်၌ ပါးစပ်တွင် အဝတ်များ စည်းနှောင်ထား,"g,er-rtrmrCDkiy asrsugp-rocorPT T=mR2,Aweciayt=f္T1TeSကerfsem"
သူ့မိန်းမဆီကို ပေးလိုက်တဲ့အလုပ်ပါ၊ ကျွန်မ ပို့ပေးရမှာပေါ့ ရင်သွေးငယ်အာဟာရ သန္တေသားမှစ အင်ဒို,".asvsiesi ucrsyagacapasa raf= Aropeas wparsrTPTY sesero=r T""ီ"
ရောက်,ရောက်
ချက်,ချကံ
င့် ထမင်းချက် လင် မယား,"t +e-Te""TP w"
လက်,လက်
မှတ်ရမိသည်။ ညနေ ၆ နာရီတွင် စထရင်းဟိုတယ်လ်မှာ ညစာ စားပွဲရှိသည်။ ဂျူးလူမျိုးတို့အတွက်ကား ကြားနေမည်ဟု,"ssvseotsau.-.st:Ts=-arPTTTT""T"
သို့မတင်ပဲ ကုလားဖြူရပ် ကွက်ရှိ ကုန်လှောင်ရုံ၌သာ ထားသည်။ သင်းတို့ ခဲယမ်းလက်နက်သင်္ဘောကို ယခင်က ရန်ကုန်ဆိပ်ကမ်း,"သို့မတင်ပဲ ကPဘားဖြူရပ် ကွက်ရှိ ကုန်ဇကဲာ်ရုံ၍သာ ထားသည်။ ဝင်ဂကီ, အယမ်းလက်နက်သငဘ္ီကို ယခင်က ရန်ကန်အဆီပ်ကမ်း"
သည်,သည်
ပါကညော ထန်းရည်တစ်ခွက် ကိုထည့်ပြီး ခပ်မြန်မြန်ဂလုချလိုက်တယ်။ ဟုတ်တယ်လေ။ ဒီလောက်တောင် ဆေးဖက်ဝင်နေမှတော့ ဘာမဂလုစရာရှိ,"'ကTPTT9ီTီemmti5 TိT5P'=sasesA:=eRmrAoew eurcasesvt eomscscpa,crooepopyg"
သည့်အချက်ကို နားလည်သဘောပေါက် လက်ခံရန် လိုအပ်ခြင်း ဖြစ်သည်။ ကျွန်တော် ဆတ်,"""T""""TTI=r:TT4suaaus.a.as"
ရွာတွင်,ရွာတွင်
ခဲ့သော,ခဲ့သော
ခြင်း,ခြစံး
ခြေအနေပေါ်၌လည်း တည်၏။ ဇေ,"ခြေsstTTမPတည်း တည့မအံ, ဖေ"
နှက်နေ,နင်ံနေ
ခိုလှေများအကြောင်းကို ကြားဖူးသည် သည်စက်လှေများ,"spanowrfBR5R(SaveaugordTfTT"""
သက်ရှစ်ဆယ်လောက်ရှိတဲ့ ဘကြီးမိုးတောင် တောင်ပေါ်မှာ ရှိနေတာပဲ ချောင်းမမွေတော်စေတီတော် ဘုန်းကြီးက ဒကာမကြီးကို ဘာတောင်းဖို့ အကြံပေးခဲ့လဲ။ ဟို အဲ ဒေသကို,"...wows.-ဘ.. . T """"'""TT"
သို့ ဆိုက်ရောက်လာ၍ ဆေးဆိုင်,2 ဲtးterTeroa) scsဆု
ည့် ကိစ္စရပ်မှန်သမျှကို သိနိုင်ဆုံးသော အခြေအနေ,6' TTtT1es- mgims
ပုံ ရ၏။ ထို,p ea။ ကီ
လိုက်,မုံမဲ
နား,န:
ကိုဒေါင်းစိန်,၊alt:*9
။ ၂၀၁,၊ ၂၈
နားစိတ်တစ်ခုတည်းနှင့် ခွင့်ပြုရတော့မှာတဲ့လား။ ဇနီးတစ်ယောက် ချစ်ရာရောက်အောင် ခုထိတော့ မပျက်သေးပါဘူး၊ ရော်ဘင်က သူသွားကြည့်တဲ့ လမ်းကို ကျွန်တော့်,"Luoroewvwparoa = racor:.sewr=T<: r= T T""T' T'TT'T""T"""
ကြီးကျယ်စွာဆောက်လုပ်လှူဒါန်းခဲ့လေသည်။ ပေါဠ,gy-suer=m=Tschuasec=edT TT9
သည် ဇုနတ်မင်းကြီးနှင့် တူသော်လည်း ပို၍ ဣန္ဒြေကြီးပြီး,",g stwtRiws spout=e္TT5515"
၊,","
မြန်မာနိုင်ငံနဲ့ပတ်သက်လို့ ဆောင်ရွက်စရာ,gs-.siterT=hX areteT
ကို အဖေမပေါ်တဲ့အဖြစ်,"ကဲ့ အဖေvef""ကဲအဖြစ်"
နလုပ်ငန်း၏ အဆင့်တစ်ဆင့်အောင် မြင်သည်ဆိုသော သတင်းပင်ဖြစ်ပါသည်။ ယခင်က သစ်ပင်တို့၌,",,casa smsacasctcrca stretRir=oertirRPfTP5'T""T+T""ီ"
"ခဲ့လို့လဲ၊ ဘာဖြစ်လို့ ဒီလိုဖြစ်ရတာလဲ။ ဘာဖြစ်လို့လဲInjangyangMMR001003022HkanDaukYangခန်ဒေါက်ယန် ""မအေဘေး ခုကျတော့ စတိုင်တယ်","''T'T''""'' . -'-'""=.<.csasz.wv"
င့်လှုပ်ရတော့သည်။ နေစမ်းပါဦး,၄.၂ူARaemေ=cST seulgy
ခုတစ်,ခုတစ်
နေထိုင်,နေနဲ့ငံ
သွားသည့်ကုန်တွေ အရှုံးပေါ်သွား၍ ဟုဆိုကာ လျှော့ပေးတာတွေရှိသည်။ ကိုယ်လူကြုံပါးလိုက်သည့်ငွေကို နည်းနည်း,"ဿ-arecsoseocs=e==w=weTTTTT"""""
သို့ဖြစ်၍ ဝါဖတ်ရင်း ယခုပြောသော မ,ug4g drTVPS swsdhisar =
ကား အောက်မြို့ကျေးရွာသို့သွားတော့မည်။ ယခုအခါ,"က T""MPTersstgp-aဘprညgh ess"
ပေ,ပေ
ကျဉ်းကျဉ်းလေးပါ၊ မေးဖန်များစကား,"ကဆံ:ကငC""TTT. swuskyp.mo"
"ပစ်လိုက်လို့ ကားကြီး ရပ်သွားပြီ"" စိန်ပွဲစား",TPTT TPBS' wtpg: si=
နောက်ဆုံးတွင် ကြယ်ပုနက် (black dwarf) အဖြစ် မှေးမှိန်သွားမည်ဖြစ်သည်။ နေနှင့် အနီးဆုံးကြယ်မှာ ပရိုဆီ,"..aavuisayousvw-r=T=ti-rcswr=fPTr1TTTT"""
မူလျှင် အရိပ်သည် ထိုအရိပ်ရှင်၏ နောက်သို့ အစဉ်,၂gyt orlPSores ၇ုawရdaelea esr=TRီT5်
မျက်နှာဖုံးကို မေ့ဆေး,wapsr=TT
သာယာကုန်း - ပဲခူးခရိုင်၊ ကျောက်တံခါးမြို့နယ်၊ ကြာအင်းကုန်းကျေးရွာအုပ်စု၊ ပီကုတ်(220102)ChampionofKandawgyiDota,"T""T""T"" "" TT75 Te:P1PR6T165T=hosaryeres ToPRasvscocauropareneswucyu,"
ကြည်သည် ဖေဖေ့ရှေ့,ညgagT=TA
သိမ်းကာ မှော်ဘီ စိုက်ပျိုးရေးစခန်းကို ဌာနချုပ်ဖွင့်၍ သူတို့အား ခုခံရခြင်းပင် ဖြစ်သည်,"...-ewsusacvste=TTSetm TTီTT"""
တယ်,တယ်
ယမကာကို စောင့်နေကြတယ်။ စားပွဲထိုးမလေးက တော့ အသက်ရှစ်ဆယ့်လေးနှစ်ပဲ ရှိသေးတဲ့ လှ,<rosteonivisyocs cvagsormr= Tmsr moraeaceseroMီT
မြေစေးတွင် အညစ်အ,egern TငPT
ကချင်နှင့် ကရင်အမျိုးသား များလည်း သိပ်မတွေ့ရတော့။ အောက်ပိုင်းမှ ကုန်သည်များကိုကား လုံးဝပင်မမြင်ရတော့ ချေ။,""""" ""TTT:+TPTror=rTs wsua-ar=oacaw.e"
၈) ကြင်နာသူနှစ်ဦး ဆုံနိုင်ရင် (၁၉၉၇) ဟား ကောင်းပါတယ်။ အများကြီးကို ကောင်း,"s(ygslesosel s spsikyp opgaps or= TrPtrAecudSe sror""eSီ""RီTT7"
နှစ်၊ ပြီ,"န4, P"
စခန်း၌ အမြောက်သံ တစ်ချက် ပေါ်လာသည်။,"esခS m""်""TT mခsps arese၊"
ရိုးမီးများ ဝါးမျိုလို့ မြတောင် ရွှေကျောင်းတော်ကြီးတို့လိုအဆောက်အဦးကြီးတွေ ကြည့်စရာမရှိတော့တဲ့အချိန်မှာ ရှားပါးနေပြီဖြစ်တဲ့ မဟာမုနိအရှေ့မုခ်ကျွန်းသားပြာသာဒ်,"sa,p- usragrcus acopauerTRBsvesaor=rawstiBSmwtRseoecsr=TSTP=T=e:rRomRPfTwrTeTTT5"
ကား,ကး
လောက် ကတော့ ဝက်ဝံတစ်ကောင်က အသာလေးလှဲချပစ်နိုင်တယ်လို့လည်း ပြောပြခဲ့ပါတယ်။ ဒါပေမဲ့ သူကတော့ တစ်လက်,"Lus-rosoucasca=rer=scustr1TTPTTTTT"""""
လေး,လေး
ကို တိတ်ဆိတ်စွာ စားနေလေသည်။ ချစ်ရေးချစ်ရာ ၁၉၉၉ ၂၀၀ ကျပ် သူက မဖြေဘဲ,"wauacsver =-r=c-,g ptrTme r =TeT"""""
မခွဲ,မခွဲ့
လာ,လာ
ရာ ကျွန်မတို့အပေါ်မှာ ကျေးဇူးတွေ အရမ်း များနေပြီ,"TT""TTTawgmsmw.mwg"
ကို တစ်နေ့လုံး လိုက်ပြီး,"t meatrtT ""ီmG၊"
မောက်များနှင့် ပုံစံမတူ,မောက်များဇ၆ ဖိုဂမဘူ
ကော့,ကော
သဘင်သို့ ဆောင်ယူ တော်မူသွားပါလျှင် အောင်မြင်,".-=esiaerTtscrofhspawedrT""T"
ဒါပေမဲ့,ဒါ့ပေမဲ့
က ရှည်ကော့ပြီး မျက်ဝန်း,-.မZermBSTeTA
၇ - ရွှေကော,". - war"""
တစ်ယောက်လောက်သာ အောက်,.န..ာကဒံလောက်သာ အောကံ
ဝတ်,ခဏံ့
ပီကင်းဂိ'ခွေးမျိုးနှင့်တကွ ငှက်ပစ်ထွက်ရာတွင် လိုက်လေ့ ထိုင်လေ မိန်းကလေး ဒီဇယ်အင်ဂျင်အ,"LswwavlcsvsrTTT.=t-TTT""TTTT"""
နှာရည်ညွှန်း,နာရည်s်'
ကားရိုက်ရန်အတွက် လားရှိူးသို့ ပြန်,"<,AirRemererST orstaca Bf"
ငံတော်,နတောံ
နိုး,နဲံး
ကျော် လေးမျက်နှာဂူ ဘုရား ရက်နေ့တွင် နိုင်ဂျီးရီးယားနိုင်ငံ ကက်,<orge ecuterTara spgs sprasscsP TM66TR5 mf
ဝသော အရိပ်အမြွက်များ,"oaော ၏PmSsp,"
သဖြင့် စိတ်ပျက်စွာဖြင့် မာရ်နတ်ထွက်ခွါသွားရပုံကို ဟောတော်မူသည့်သုတ်။ အဘွားရော ... ဆေးရုံလိုက်သွားလား ရှေးခေတ်တရုတ်,"=+RTT'5T51561 =irsoeTPTToiT oresnawreoerSh mosp-osp. evotasr-.as,sosmpus"
ည့် သူတောင်းစားတွေ ပြန်ပေါ်လာကြသည်။ သူငယ်ကလေးများသည် နှင်းပန်းစိမ်းစိမ်းများကို ရောင်း,"JursenosascarsegadS'=rTo=roodT""T""TTT"""
ပြီး ဂတ်စတာပိုအ,"၉, ဂတ်စတာပိုအ"
၍,မျုံ
ရတနာပြဇာတ်ကို စီစဉ်တင်ဆက်ခဲ့၍ မြတ်မွန်ရတနာ ပြဇာတ်စာအုပ်ကို စာပေဗိမာန်မှ ဖြန့်ချိထုတ်ဝေခဲ့,ရတာနာပြဇာကီကို စီစဉ်တင်ဆက်ခဲ့၍ ဖြတ်မဲ့ဇိ(ကာ နာ ပြဇာတံဓာယုပ်ကို mTP'ဂီမာန်မှ ဖြန့မျိထူတိဝေဇံ
ရာတွင် လိမ့်၍ကျလေပြီဟု ခန့်မှန်းသိရှိရသော်လည်း ထွက်ပြီးဆင်းမသွားဝံ့၊ ဆင်းသွားခါမှ ဖွပ်သည်ထက် ညစ်,""""" ""T""""T TTT' erstre=szs.u"
ထောင် မြန်မာနိုင်ငံအသင်းသည် ၁၉၆၀ နွေရာသီ အိုလံပစ်ပြိုင်ပွဲသို့ ဝင်ရောက်ယှဉ်ပြိုင်ခဲ့သည်,.. gy-atcecavui us=srtT=RBWeHITT5
ဝ ပေးခဲ့သည်,ခ ပေးခဲ့သတ့
ခုအချိန်ထိ စီစဉ်,wmနR *်
လုပ်ရှင်၊ အ,"လပ်ရျဂ် """
အင်ဂျင်,အင်ဂျင်
မင်းတပ်မှာ ကနောင်မင်းသား၏ ငယ်နာ,ss.ာဝံမှာ msePwb:ovw cZef
ကျဖို့များတယ်ဗျ...ခွေးမသားပုလိပ်တွေက လိုင်းကြေးယူတုန်းကယူထားပြီး အမှုလို,".yag-ocit,.asvs-.-,adsesr =TR5-eS)vspyar=eTPTe8"
အလွန်,။လွှန်
ဥ,ဥ
။ ကိုယ်ရပိုင်တဲ့ အခွင့်အရေး,"။ ကိုetံnRPS mesws,"
သို့ တက်,သို့ တက်
ကြည့်,ဩညံ့
ရတယ်။ နောက်တော့ နုရီအဖေက သတင်းသဲ့သဲ့ ကြားတာနဲ့ နုရီကို အမြဲလာကြိုတော့,"TT TT T== =rTt76rဘcs ua,soegus"
ထောက်အ,တောက်အ
တို့အိမ်နဲ့ ဖေဖေတို့ အဖေ အမေအိမ်က ကံသိပ်ကောင်း သွားခဲ့တယ်။ ကျွန်မတို့,"TPP7 TT T= mcwsir= TTP%=ce, up-a.us.-ak-q"
နှစ်,နှခံ
ပုဒ်မ,မံ်မ
ဟူ၍ သီးခြားမရှိခဲ့ဘဲ၊ ရောမနိုင်ငံတော်,ဟူ)သိီခြကအီဲ ရp့မိုငကော်
တော် ပါတဲ့ ရွှေရှူဆေးဘူးချီးမြှင့်ခံရတဲ့ကိစ္စဟာ အမှုတော်ထမ် ကောင်းတဲ့အတွက် ဘွဲ့ထူးဂုဏ်ထူးချီးမြှင့်ခံရ,"ဟေr်F BeP 5tafTmoneryahugipasucprRe'T= ToesorStc,K2 eroeierdTospr pE)ygeartugahlြ်ent"
ပန်း,.နံ:
ကြီးအ,ဩြံးအ
စုမှမော်လမြိုင်အ,၃မမော်လဝိးဂ်က
၀ ဦး၊ လူ,၀ ၆း၊ လူ့
စွာ ကျင်းပတယ်လို့ဆိုပါတယ်။ စတုဒီသာအကျွေးအမွေးများနှင့် အလွန်စည်ကားသောဘုရားပွဲတော် ဟုလည်း စော်ဘွားတောင်ခြေ ရှမ်း,"'""""T'""T'T'< <r""...<.a.sA.e"
ထောင်စု၏ အခြားထင်ရှားသော တက္ကသိုလ်များမှာ ယေးတက္ကသိုလ်(၁၇ဝ၁ ခုနှစ်)၊ ပရင့်စတန်တက္ကသိုလ် (၁၇၄၆ ခုနှစ်)၊ ဝါရှင်တန်၌လည်း တက္ကသိုလ်(၁၇၄၉)၊,မောင်စ(n Tြo-=အင်ရာ.မသော တာက္ဣူကိုက် +oryာ ယေဟာက္ကလိုလ်(ံn357T ppRA ပရုခ့ရောန်တာကဂိက် (၁၃၄၆ မုနမဲ)၊ ဝါရဝ်တာဂခ်ဂတ်း တက္ကယုံဃံitopagl
၈ ဦး၊ မ ၁၀၀၁ ဦး၊ လူဦးရေစုစုပေါင်း ၂၀၇၉ ဦး နေထိုင်သည်။ သည်ကြားထဲက မွန်မွန့်အသွင်၌ ချုပ်တည်း,"'T ' "" ""T T 'T ' T'Te.s:o=:-wws.w"
ရမည်,ရမည်
ဆိုချက် တွေမှာ ကျွန်တော် မမှတ်မိတော့ဘူး ဆိုတဲ့ ဇ အသက်ရှူကျပ်လိုက်တာ အေ ၊ ငါ့သမီးလေး သနားပါတယ် အပဒါ,"""TT"" TT""' ''""T T.wor - .A...."
င့်သည် ။ ၎င်းသူမတို့ကို ဟေဂျားဘ်ခြုံမှုမခြုံမှုတွင် လွပ်လပ်စွာရွေးချယ်ပိုင်ခွင့်ပေးသင့်သည်ဟုဖြစ်သည်။ ထို့အတွက်ကြောင့် ထို,"TF'""TTr=RroTT-e-esewtr=rPheugs.g,scsses"
မြက်လိုသူ,မြက်လိုသူ့
ရာကုတ်မှာ ၁၆,ဓာကုဘံမှာ =%
ဆက်သွယ်နိုင်ခဲ့လေသည်။ မော့သည် ပန်းချီပညာသင်ကြားရန် အမေရိကန် အစိုးရက စေလွှတ်ပြီးလျှင် ပညာတတ်မြောက်လာသည့်အခါ အထက်တန်းကျ,"L-k,astsc:vugs,ap,a cstosounsaos wrAirT T=e=r eswoRBTrer'TPTRe=T-rTTTTT""ဤ"
ကြ,ကြ
သော အကြောင်းအရာများမှာ သာမန်လူတစ်ယောက်အနေဖြင့် လွယ်လွယ်နှင့် မသိရှိနိုင်သော သူမ၏ အတွင်းရေးများသာ ဖြစ်သည်။ တစ်ဦးတစ်ယောက်က သူမအား ချောင်းမြောင်း,"""""T""'""T""T""T'oaterTot-r-r-.e-us:=sca.a-.e-acs"
အ,အ
သွေး,သွေး
ပါတယ်။ ဒါ,ဖတယ်။ ဒါ
ကလေးများ အိမ်မှာ,ကလေးမာ့ အိမ်မှာ
Wardအမှတ် (၁၄) ရပ်ကွက် အခုဆို ကစ်ကစ်,Wiardsyတ် (o၄) ရပါက္ခကံ အခ၃့ဆို က်က်
တို့ကို ဖလမ်းချင်းဘာသာစကား၏ ဒေသိယစကားအဖြစ် စာရင်းပြုထားသည်။ စကားအ,"""PT""ိT""T'==ot=-Ph-==omec.pgcg.=rca"
ပီး နောက်တစ်ခုကတော့ ကိုးရိုးကားရားမဖြစ်အောင် အာရုံမ,"%.setrTre 0i,Rir=repvw်ifsord scsu"
အပိုင်းတွေကို အခု,aptereT TF
ဆေးလိပ်,ဆေးဆိပ်
ဆုံ,ရု
ဒါပေမယ့် ကျုပ်တို့က မလုပ်ပါဘူး။ ဟန်ဆန်းဂိုဏ်းချုပ် လုပ်လိုက်ရင် ခင်ဗျားနဲ့ အဆင့်တူသွားမှာပေါ့။ ဒီလောက် သိက္ခာကျမယ့် အလုပ်,"T- T'TTT <-oAre=:TTThwsi rsiTe1 Te-s oosnsrer=P.Ac-a ac=pra s-,a"
ဝ,ဝ
လုံး လျော့ကာသွား၏။ ချိုသဲကြည် ဧကကို ငေးနေမိသည်။ အို ခင်ခင်လေးရယ်၊ သရဲများ ချောက်သလားကွယ်။ ခင်ခင်လေး ဘာဖြစ်,"s-ar-wswsan=-=a=-=acwcs""T=T""T"""""""
သခင်က ဝေါယာဉ်ပေါ်သို့ တက်ရန်ပြင်လိုက်၏။ ကျမ်းပြုကြသူများ,".,ars erlerSiwftsဲ .sygirAP7T TfhGoiSses"
ခုနှစ် ဩဂုတ်လ ၃,ssYoTms
ရီ စိတ်ကို ဖတ်ကြည့်ပြီး မင်း ဒီလိုလုပ်တာကို သိသွားရင်.. မည်သို့ပင်ဖြစ်စေမြေ,"1 PtPT'TTS364D eE. WaisykerT Tfoeswet. .ညus,agawe"
ဘုတ်လေး,aoeေ'
ကျယ် သွားကြသည်။ဒေါက်တာ အယ်လ,"T""TSTeSwdisc,aau"
ရီဂျီအိုဗန္ဒီသည် အုတ်,နူ္နဲ့အဲုတ်က်
ဝန်ကြီးဘဝ ခြောက်နှစ်,uPSiဘx TAမုစ
ကြီးဆုံး လုပ်ငန်း,မ.မ့၊ ၈်္
။ နန်းတော်ရှေ့ ဆရာတင် သားကလေးများနည်းတူ ကျွဲကျောင်းခိုင်း၏။ မော်ဂလီမှာ,".-aroracs.u..<=rfT-wTs""T""TTT"
ရှင်း,၈f:
ရား,စား
ဂန္ဒီကို ဘာမှပြန်မပြော,ဂနဲံးကု ဘာ၆၈=aပြာ
မေးခွန်းတွေကိုလည်း မုန်းတယ်။ ၀င်းလှသည် ဖြူဖတ်ဖြူရော်ဖြစ်နေသော ခိုင့်,မေမခွန်းတွေ့ကိုဂာလညီး မနံးတာယဲမ ပငါးလူဝညီ Gတ(ြgရခJခံနsသော ရိဝ်
များ,မာ၊
ဘ,ဘ
သားများ၏,သားများကီ
မွှေး,မွှေ့
။ လူဦးရေသိပ်သည်းဆသည် တစ်စတုရန်းကီလိုမီတာလျှင် ၁၄၃ ဦး ရှိသည်။ စုစုပေါင်း,..a.acs.ra-u= TV T 1TTT
။ အကြောင်း,၊ အ်ြေးငံး
ဝင်ရောက်ယှဉ်ပြိုင်,ဝငံရောက်ံးဖ့ခိပို်
ဒစာစောင် ရေးသားပြီးနောက် တနှစ်အကြာတွင် ရေးသား,"<""TTT:TRwsua siaBrmt s..,"
၊ဟူံ အစရှိသော စကားလုံးများမှာ တန်ခိုးစွမ်းအား ကိန်းအောင်းနေသော စာလုံးများ ဖြစ်ပြီး မန္တရားများတွင် ထည့်သွင်းအသုံးပြုကြသည်။ မဏိ ဟူသည်မှာ ပတ္တမြားကို ဆို,"....as.uwpa=.rscsu= -rrRPS=ere T TTR65TTT"""
သည်။ ၁၉၅,မံ၊ =၈
၏,af
တူတူစား,တူ့တူ့စား
ဏေ,ဏေ
အ,အ
နေ,နေ
မှန်,မှနံ
ပါတယ်,ပါတယ်
သည်။ ဂျာနယ်လစ်များက,"မg,. owPTTe="
မြင်နေသူများမှာ,ခြင်နေသူw:p
ချယ်ခဲ့သည်။ ကိန်းကဏန်းများဖြစ်,ယယAခဿသည်'= ကီခီ်းကဏနံဖမာမဲ၍ဲစ
သည် အိမ်ထဲရှိ သမီးနှစ်ယောက်ကို တစ်ချက်,ဃယည်( seဲiR =oီyf်ယcu-tisု တ်ချက်
ရေးဆုံ,ရေးဆုံ
ရှိခြင်း ဖြစ်သည်။ ကန်၏ အပူ,"ige: S%rsS'- mia a,"
ကုသ,က့
တနိုင်ငံ တည်ထောင်,"stu mZီ="""""
၅၆,၅၆
မူ,မူ
ရွာအုပ်စုတွင် ကျား,"sndereFTP"""
င,င
တော်ဝန် ကော့ခ်,"ဓတ=4 *""mS"
မျက်နှာ,မer
တောင်ယွန်းယွန်းက စာ,တောငံယ့်း+စ်းက စာ
ယား ရောဂါစွဲကပ်သူ ဦးရေသည် နှစ်ဆ,.ာ. ရောဂါစံကပံသူ့ .ewေ.ည) နံဆ
ကောင်းဆန်းဂေဟာကြီးမှာ အနားယူပြီး ညစာ စားကြရအောင် လှေမျော လှေနှင့်လိုက်၊ ငွေမျော ငွေနှင့်လိုက် ဆိုသည်မှာ စီးပွားရေးလုပ်ငန်းများတွင် အရှုံး,"..w.<... <. ""'"" """""""
ဖြစ်,ဖြဲခံ
ဓိသမ္ဗောဇ္ဈင် မရှိလျှင်လည်း ငါ၏ သန္တာန်၌ သမာဓိသမ္ဗောဇ္ဈင် မရှိဟု သိ၏၊ မဖြစ်သေးသော သမာဓိသမ္ဗောဇ္ဈင်၏ ဖြစ်ကြောင်းကိုလည်း သိ၏၊ ဖြစ်ပြီးသော သမာဓိ,"L-caecavaLas,scwasr=r=r=rwsLas.mTT=.=r TTTT""TTTT"""""
"floor,",foor
ထွက်,သွက်
သားတစ်ယောက်အနေနဲ့ ပျော်ရွှင်ကြည်နူးနေတာကြည့်ပြီး တကောင်း ပီတိဖြစ်မိတယ်။,.-mrswursmesa ouaiSielte=trrCSkulBt. erT TီVTPT
တစ်သက်သက်စွဲလာခဲ့,uRerTMT9
သိ,သဲ
ခဲ့သူဖြစ်ပြီး ပန်းချီဉာဏ်သစ်လောင်းသင်တန်းများ ဖွ,sgg4S oiRierssortir*To- s
ပဒေ,မေ
ရာသည်,၈-=ညံ
နေတာ၊ ရောင်ဘန်ရွာ (အင်္ဂလိပ်: Yawngbang)သည် ရှမ်းပြည်နယ် (မြောက်)၊ ပလောင် ကိုယ်ပိုင်အုပ်ချုပ်ခွင့်,"TT1TP TT==diseszxArece.a.s,suesa.a"
ဘရက်က ဆက်ပြောသည်။ ဒီနေ့ကစပြီး,"ဘရက်က T""%ငြာသည်။ ဒီနေ့ကစငြီ"
Gyi(TaungKanGyi)ကန်ကြီး (တောင်ကန်ကြီး) ၁၉၆၀တွင် သမ္မတရာထူးအတွက် ယှဉ်ပြိုင်ခဲ့သော်လည်း ဒီမိုကရက်တစ်ပါတီမှ သမ္မ,"..-o-.u.w.-r=ms wo=<rT<T<TarT""TTT""T"""
သိမ်းထား ကြလို့လား,ဃံမံe=:PSreres
ဖေ,ဖေ
အား,အား
င့်,စဲ့
သည့် ခွေးအများကို ထပ်မံပစ်ခတ်ပြန်၏။ ကျည်ဆံတိုင်းပင် ခွေးအများကို ထိမှန်လေရာ နောက်ဆုံးတွင် ရှင်းလင်းသွားလေသည်။ 'ဪ,"''""T""""T""T""-eToeroor-a.me"
ခြင်းလျှင်၊ တန်ဆာဆင်၏၊ နှုတ်မင်္ဂလာ၊ စကားမှာကား၊ အသာ,PTTTTTsuer= ===-=. s.
နှင့်ငါ စင်စစ် ပေါင်းဖော်ခြင်းဖြစ်တန်ရာ၏ ။ လက်ကလေးနှစ်ဖက်ကို ဖြန့်ကာ ဝန်းဝိုင်း,",sa vedeR sulEstwsgesgecswr""S T osrsmoecseftrTR I*T TA166"
ကွေ့တဲ့။ ကျွန်မဘဝမှာ အချိုးအကွေ့တွေ တော်တော်များပါသည်။ ဘယ်အချိုးအကွေ့က အရေးပါ,"<a,as.saoromacrspmar=TTsrAmcs: ""TTT`o"""
ခါ အောက်ခံ ဝတ်စုံနဲ့ တင်းတင်းစည်းထား,ခဲ) အောက်ခံ ဝတ်စုံနဲ့ တင်းဘောနံးစည်းထား
၁,၁
ကြည်မှုတစ်ခု,ညညierT
လေးမ,လေးမ
ဝတီမင်းသား ရွှေဘိုသို့ထွက်ကာ အင်အားစု၍ ပုန်ကန်သည်။ ပုန်ကန်မှုအောင်မြင်သဖြင့် သာယာဝတီမင်း နန်းတက်သည်။ နန်းမတော်မယ်နု၊ မင်းသား,ဝတဘိမင်းသား ရဋ့ဘို့သိ့ထွေကံကာ အမငံအားစေ၏ မုစ်ကာနိံသည်။ မ.နဲကာနဲမှုအောင်ဖြင်သဖြင့ သာဃယာဝတီမင်း ရဇ်းတက်ံသည်။ နနဲးမတော်မဟိ စု၊ မင်းသား၊
ဏလေး ငြိမ်,အမလေး ခီဂ်
မောင်မျိုးမြင့်,မောင်မိ့််
သေး,သေး
အမိန့်ရထားကြောင်း၊ အကယ် ၍ မနာခံလျှင် မြင်းများကို လှည်းမှ အတင်းဝင်ရောက်ဖြုတ် ယူရလိမ့်မည်ဖြစ်ကြောင်းဖြင့် လူတစ်ယောက်ကိုစေလွှတ် ၍ အပြောခိုင်းလိုက်,"L.ws-..,.uws.<. 'T<As: <T"" T""T""""""'T"""
ပါးကိုသော်လည်းကောင်း ဉာဏ်ဖြင့် အစဉ်,"a,aysiedrmP- aR21 Th"
သေတ္တာကို မရဲတ,ဿ္ဘာကိ T
။https://www.anonymoustunisie.com/WebsiteofAnonymousTNဘယ်သူမှ တိတိ,asr.-erotrneusacssue='TTTT5hepwerTTTZo PPီ
နားလည်ကာ ပြီးပြီးပျောက်ပျောက် သဘော,"s-edim B6nemep=R sT"""
ပနိုင်ငံတွေမှာ ကျန်နေသေးတဲ့,.giaegp:r TSfhssereတ
နေ့လယ်,နေ့လမံ
၊ သွေး,၊ သွေး
နေကြရ,နေဩw
ဗြိတိသျှတို့,ခoz့eီ
လဲ ကလေးအသက် ဘယ်လောက်,လဲ ကလေးအသက် ဘယံeczs
ကြေးရေတတ်တွေရဲ့ အဆောင်အယောင်တွေပေါ့။ တော်တယ် ... အစ်ကိုကြီး တော်တယ် ... ထိုနောက် လက်နှိပ်,"၂gaspacdSenga, soaco,smecrePaeosnuiv ececယံ - T*""RီSီ e်erA "" AီT"" TTR5"
နိုင်သည်။ ကမ်းရိုးတန်းနိုင်ငံများသည် ကမ်းလွန် ပင်လယ်ရေတိမ်ပိုင်းတွင် သယံဇာတပစ္စည်းများ ရှာဖွေ တူးဖော် ရန် အ,"'""""""""""-TTT-owsar==swecas"
သီး၏ မျက်မှောက်ဘ၀ အတွေ့အကြုံများကို,"Aီ၏T<r TT""Seou sasgmESawpကု"
ထုတ်ဝေ,ဇအံဝေ
သည်။ ထိုအခါ ငစွယ်ငယ်မှာ အဟုတ်တ,"a.ဆိ : အီ*PTsacudiy, apcfတ"
ဆိုင်ရာပြဿ,မုင်ရာဖြေး=
ပြီ၊ ကောင်းပြီ။ ကျွန်,"၇, ကေင်းပီ၊ Taf"
စစ်,ခခံ
ဖြစ် MMR009012022 Yae Hpyu ရေဖြူ ဟု ပြောပြီး ရုံးခန်းထဲခေါ်သွားသည်။ ရာသီဥတုရှိ၍ရေမဝပ်ဘဲ ထုံးကျောက်မြေဆံသည့် ဒေသမျိုး၌ ပိုမိုဖြစ်ထွန်းသည်။ မိုးပါးရေရှားသ,"a.a-=suw.-s.rscuwsroer:Tr=msoteoRT =rTrT""T""TT"""""
ည့်ပြင် အကြောင်း,2GtmSTsP
င့်ဝန်,(ခနံ
ဓားသိုင်းက တော်တော်ကောင်းတယ်၊ ထင်ပေါကို အဲဒီနည်းနဲ့တိုက်ရင် မရှုံးနိုင်ဘူး၊ အတွင်း,"L.as-otcuus.:arTThsePT""TT"
"thoseattributeswhichwehaveputonhim.တိုက်တွန်းထားတယ်..ဟုတ်လား နှောင်း"" ခဲ့ပြန်သည်။ သို့သော် စစ်ကြီးပြီး၍ ရုပ်ရှင်များ ရွာလင်းရွာ (အင်္ဂလိပ်: Ywarlin)သည် မကွေးတိုင်းဒေသ","""""""' ' T'""T' wos T ""osvwc<:r.a..w..s."
ဏ,ဏ
ဖြစ်,ခြစ
လိုလား၊ ဒါဖြင့် အမေရိကန်ပြန်ကြီးဆီရော ဘာလို့ မသွားသလဲ၊ ဟိုက လက်မခံလို့ မဟုတ်လား ဪ.. ဆံပင်ညှပ်သ,"15-T TMT 'TT*=m4iEA2st:RTt'TT""S Towsocs: tr =r:Ait .ngs.- wgt-. suscg,"
ဝှိုဝ်း ဠှိုဝ်း။ ချော,sl JSer me=
ရတာပေါ့ဆရာ မ,ရတာပါဆရာ မ
အမှန်,မမှန်
ခဲ,ခ
ရွာစုကလေး ဖြစ်ပေသည်။ လယ်သမား၊ ဈေးသည်များ,"ar""""GTmgsa,swv=ewgyp,"
ဝမ်းလျှောခြင်း ဟုခေါ်သည်။ ကို ကျော်ဖြတ်လာခဲ့၍,ဝခဲးလျောခြင်္း -၇(ခေါ်သည်မ ကဲ့ ကျော်ဖြတီဂဘာစဲ၏၍
လိုက်,လဲ့ကံ
ယောက်စလုံး မသင်္ကာစရာ တစ်ခုခု တွေ့ လို့ ရန်သူ့နောက်ကို လိုက်သွားကြတာ ဖြစ်ရမယ် တစ်စကို ကာဗွန်တုံးနှင့် ဆက်ထား၍ ကျန်တစ်စ,"""""TTTT""'T'TTT:Io=rBT Brs-ars=eore s.ee"
တွေ အများကြီးပါလား၊ ငါ,"တွေ့ အဖpာ""ြီဂါဂလား၊ င)"
တယ်,တယ်
၊ မသွားဘူးလား၊ ဒါပဲပြော ၆၄-ပါးသော ဣန္ဒြေတရား ဒေါ်ခင်မြသစ်သည် ကိုမြင့်ထူး၏ဝတ်ရုံကြီးကိုသိမ်းကျုံး,"-=rerTT1TT%SrRe oier=TtHseroe asrsagacAarS RRsywscageg,titkmngy"
နတ်ကို,နတ်ကို
ထို့နောက် အမျိုးသမီးကို နှုတ်မဆက်,"၈fiaerPS YTီT,Arg gotusrs"
၀၅ ဖြစ်သည်,as ၆=တ်
။ စာရေးဆရာ မောင်ဝံသ ပဲခူးတိုင်း၊ ဝေါမြို့နယ်၊ မြစ်ကျိုးကျေးရွာတွင် မွေး,"၊ msosrTRP1TT%ts s,wရts arldserST Bfngcagay? sေn"
လာ,လာ
သီးများ တပ်၍ ထားသော,"An= efBi""m="
သူတို့အားလုံး စာအုပ်ထဲသို့ ရောက်ရှိ,spftemrt Tig apaဆှု
နောင်တဆိုတာ နောင်မှ ရတတ်သကိုး။ ရပ်ရေးရွာရေးကလည်း ဖြစ်ပြန်,"L,au.ser= oefs sp-wsurstr=efT=e16Pf"
ပါတယ်၊ ကျုပ်ပါ ဟာ,မecv. mafelms
ပြန်လည်ကြီးပွားလာခြင်းကို မရှုဆိတ်ကြချေ။ ကားသေ့တို့၏ ရန်ကိုလည်း ကြောက်ရွံ့ လျက်ပင် ရှိကြသေးသည်။,"PTTIwTPT T-ocswst=st.sua,uculas-.a."
၊ ဆိုင်သာဆိုင် မပိုင်ဘူးဆိုသလို ဖြစ်နေ,၊ ဆဲ့ငံဗောအိင် TMfeysj့cext gBls
ဖုန်းနဲ့ နံပါတ်တစ်ခုကို ခေါ်လိုက်ပါတယ်။ ဆူနီဆာ ကာဝရွန်ဂရောင်း (၂၉ ဇန်နဝါရီ ၁၉၇၂ မွေးဖွားသည်) ထိုင်းနိုင်ငံမှ မာရသွန်ပြိုင်ပွဲဝင်,"""TTTTI TTT T-rst=ca.VwrTI evusue escvzs"
သည်,သညံ
ဆိပ်ဖြစ်သည်။ ၎င်းတို့တွင် စက်ချောဆီ၊ ဂီယာဆီနှင့် အမဲဆီများ,1၈ftiMf္T5fTTtngE eraspan. =seoPe) vscsgs
၊ ငါက အခု ဒုန်ဝန်းမြို့စား ဖြစ်နေပြီမို့လား၊ ဆယ်မြူ ဆယ်မြူအသာလေး၊ ဟားဟားဟား ကဲလာလာ,"'T""TTTPew-.""TTA..<<..."
တယ်။ ပြီးတော့ Keygen ထဲမှာ သွား Paste လုပ်၊ Generate Activation Code ကိုနှိပ်။ ထွက်လာတဲ့ Activation Code ကို,တာယ်။ ပြးoesSoP %espen ထဲမှာ သွား PW5 6y၃၆1 Cienecae Acsiral55 5TD4e ကိုနှွဲမ သွက်လာကဲ T61Thatkony code ကို့
ဝင် စာချုပ်စာတမ်းများ 147 - ၎င်းပြင် ထိုသူတို့သည် (ယင်းကဲ့သို့ ဘေးအတန်,"urcagwrereier iec statAe5T:5RHITTT""ီ"
င့် နည်းပညာ အဖွဲ့အစည်း အသင်းဝင်များ နှင့် ဈေးကွက်အတွင်းမှ အကျိုးတူ,"၊sgr=ermuso.atr15TfTs:T"""
ဖြစ်၏။ ထိုအချိန်တွင် ကျုပ်၏ ခေါင်းထဲ၌ အလင်းရောင် ဖြာလက် သွားလေသည်။ ထို့နောက် ပိတ်သည်းနေသော အမှောက်တိုက်ကြီးသည်,"'""""T""T'TT""TTe-ower=B:sersucam.=sssasa"
ဆိုခဲ့သည်။ သမ္မာကျမ်းစာကို အသုံး,4fiercsS: TarTmeieca sspy
မ,မ
တယ်၊ ပြီးမှ မြေကမူ မြေပုံတွေဘက်ကို လှည့်တယ်။ ယဉ်ကျေးမှု,..g.-Br-s sasr=TtTTT=e
တော့ အမောဆို့ပြီးသေတာ အတိုင်ဘက်က အကောင်ကြီး တစ်ကောင်ထဲရယ် ခင်ဗျ စစ္စတာဒေါ်,"mr ဘo""ီဖီ'+re meonfBerP'TTrelit, ocsrmredeovA Absysgacpn"
ည့်,ပုံ
တူ ပေပိုယူသည်။ မခင်သန်းက သဘောကျပြီး ဆရာ သံပရာ,"၂ .s.နs.ဆ္""၊ မစခcser erTTRီST=Te Sh-P"
ခြေအနေကို လိုက်လို့ ပြောင်းလဲလုပ်ကိုင်ကြရတာ,ခြအနေကို ကို့ကီလီ့ ပြောခံးလလု့ပ်ကို့ဗ်ကြRကာ
၄၆ ခုနှစ်,/ နa
ယူ,ယူ
ဟု ဆု,ဟု ဆု
ချက်ပြ,ချက်ပြ
တယ်,တယ်
လာ,လာ
အ,အ
ရား,ရား
င့်,င့်
မိခေလ၏,မိခေလ၏
ပြီးခဲ့တဲ့ အ,ပြီးခဲ့တဲ့ အ
။,။
ကွဲ,ကွဲ
ထွက်,ထွက်
ချင်း,ချင်း
စိန် တို့,စိန် တို့
ဝ,ဝ
ထောက်ထိုင်ချ လိုက်,ထောက်ထိုင်ခ လိုက်
မနည်း ပြန်တည့်ယူရ,မနညံး ြန်တည်m1
ကြည်သည် ဖေဖေ့ရှေ့,ကြည်သည် ဖေမေ့ရှေ့
အမြဲရှိတယ်၊ ကင်,အမြဲရှိတယ်၊ ကင်
အမြင်ကို လိုက်နာသူများသည်,အမြင်ကို လိုက်နာသူများသညီ
ဧရာ,ရော
တည်,တည်
။ စာရေးဆရာ မောင်ဝံသ ပဲခူးတိုင်း၊ ဝေါမြို့နယ်၊ မြစ်ကျိုးကျေးရွာတွင် မွေး,""" TTTTmT mာf်P= ဲpတိုင်း၊ ငေါ်မြ,နယံ၊ ြe်ကျဲ၊ကျေးက္တဘွခံ မျေ့"
အမျိုးသမီးဘက်သို့ ခေါင်းညွှတ်,ကသီဗမီးအက်သနဲ့ ခေါစည္ှအံ
သူ သို့မဟုတ် ဩဇာတိက္ကမကြီးမားသူများ ပေါ်ထွက်လာပါက အခြားသူများအ,သူ သို့မဟုတ် ဩဇာတိက္ကမကြီးမားသူများ ပေါ် ထွက်လာပါက အခြားသူများအ
သကြားနှင့် ဆန်ကို ပေါပေါ ဝယ်နေရသည့် အိမ်ရှင်မများက ဘုရားသိ,"..s,sr 4sksa,acuiodoesreB P5PTfT1TT"""
သော အင်္ဂါတို့နှင့် ညီညွတ်သူ ဖြစ်ရ၏။ ကျွန်တော် ရန်ကုန်,": Rtr ၏f်္ဂကိဲ့န် ညီညှတ်သူ့ ဖြစ်ရa၏။ ကျွနဲဘောSံ ဲက,နံ"
ပုံမှန် လက်ချာ သင်ခန်းစာများ,(95 P်sp သင်ခန်းစာများ
ခဲ့ပြီး ဆက်လက်ချီတက်ကြ၏။ ဤသို့အားဖြင့် အီဂျစ်စစ်ကြောင်းမှာ အ,""" """"TTRT6BRashieogr wsyssgcy,."
ဏ,ဏ
ချက်,ချက်
ယား ရောဂါစွဲကပ်သူ ဦးရေသည် နှစ်ဆ,က- =pogmdsgiessညs=
၁၂,၁၂
၏။ ထိုအခါ မိုးရေခံသင်္ကန်းသည် ဆွေးမြေ့သည့်အခါ အဝတ်မဆီးဘဲ ကိုယ်ကို မိုးစွတ်,၏။ ထိုအခါ မိုးရေခံသင်္ကန်းသည် ဆွေးမြေသည့်အခါ အဝတ်မဆီးဘဲ ကိုယ်ကို မှိးစွတ်
လွတ်တစ်ရွက်,လွတ်တစ်ရွက်
ရင် လုံလောက်ပြီပေါ့,ရ် လဲ့လောက်ပြံပေါ့
မူလျှင် အရိပ်သည် ထိုအရိပ်ရှင်၏ နောက်သို့ အစဉ်,1TVTT=e ၏mtikgiws wr-aug g
တိထားနော် ကိုင်းကျိုးကျမယ် အခြွေအရံကလဲ ဒါလောက်ပဲ နည်း,အဲသားနော် ကဲ့င်းကျု့းကျ့မယ် အခြေအရံကလဲ ၁lermm9 R67
ဇစ်,စေါ်
မောက်များနှင့် ပုံစံမတူ,မောက်များနှင့် ပံမတူ
တစ်ခုကို ဆိုခဲ့သည်။ ကမ္ဗလဿ တ,TfFeဂ့ အိခံသလည်။ mgလa =
ပီး နောက်တစ်ခုကတော့ ကိုးရိုးကားရားမဖြစ်အောင် အာရုံမ,"1 a, as,vac-Asmerp rtးetr=rser=T57T TTI"""
ထောင် မြန်မာနိုင်ငံအသင်းသည် ၁၉၆၀ နွေရာသီ အိုလံပစ်ပြိုင်ပွဲသို့ ဝင်ရောက်ယှဉ်ပြိုင်ခဲ့သည်,". sa.a gucsasocscwcksoegau wsesrPT=HMA TTီo္T""9ီ"
လောက် ကတော့ ဝက်ဝံတစ်ကောင်က အသာလေးလှဲချပစ်နိုင်တယ်လို့လည်း ပြောပြခဲ့ပါတယ်။ ဒါပေမဲ့ သူကတော့ တစ်လက်,- လောက် ကတော့ ဝက်ဝံတစ်ကောင်က အသာလေးလှဲချပစ်နိုင်တယ်လိွု့လည်း ပြောပြခဲ့ပါတယ်။ ဒါပေမဲ့ သူကတော့ တစ်လက်
ခရိုင်,ခရိုင်
စခန်း၌ အမြောက်သံ တစ်ချက် ပေါ်လာသည်။,၈၈ ဇိးခိ အမြောက်သံ တစ်ချက် ပေါ်ငလာသည့မ
ခ,ခ
ဏလေး ငြိမ်,ဏလေး ငြိမ်
သွေး,သွေး
ထွန်း - ငါတော့ ဒီလိုဟိုးလေးတစ်,ထွန်း - ငါတော့ ဒီလိုဟိုးလေးတစ်
တယ်။ တဲ,တယဲ။ တိ
သည်။,သည်။
မူ,မူ
ပိုက်ပြီး သမီး .... သမီးက,ပိုက်ပြီး သမီး ... သမီးက
နိုင်စွမ်းကို စံပြုထား,နိုင်စွမ်းကို စံပြုထား
ခါ လျှပ်ပေါ်,ခါ လျှပ်ပေါ်
နှက်နေ,နှက်နေ
ဗွီက ထုတ်လွှင့်တဲ့ ဓာတ်လှိုင်း တစ်ခုဟာ တစ်စက္ကန့်ကို,"Aီ"" TfTwsfS eoတfteဲ့et veခyum= vaggug"
တိုင်းပဲ ကြည့်,ကိုင်းပဲ ကြညွဲ
လဲ,လဲ
စုပေါင်း ဒေါ်လာ,စုပေါင်း ဒေါ်သာ
မည်,မည်
ရတဲ့ ဘာသာရပ်မျိုး မဟုတ် ပါဘူး။ လင်္ကာတွေကို မဆန်းစစ်,"aca oroacpsuဲ၊ မဟုတံ ပါတg့၊ erf္TPTI""ီ TTTT"""
၊ဟူံ အစရှိသော စကားလုံးများမှာ တန်ခိုးစွမ်းအား ကိန်းအောင်းနေသော စာလုံးများ ဖြစ်ပြီး မန္တရားများတွင် ထည့်သွင်းအသုံးပြုကြသည်။ မဏိ ဟူသည်မှာ ပတ္တမြားကို ဆို,"' ""I TTITTIT1 TfPT'T T T6-=m-f=er=r =rtre=: 6i$ =opermpmpt wcisavswgcguv .stusssr.ag.a a"
ခြားသစ်,ခြားသစ်
လို့မှ မဆုံးမီ သိန်း,လို့မှ မဆုံးမီ သိန်း
မျက်နှာ,မျက်နှာ
ကောင်း,ကောင်း
မန်စက်,မန်စက်
သိ,သိ
မကောင်းရင် ဟိုကြလန်းသွားမှာ,wamာdie5 udါSလcef:=TTP
ဆောင်ခဲ့သည်။ ယွင်းချက်,ဆောင်ခဲ့သည်။ ယွင်းရျက်
လဲ သီတာ၊ အင်း . . .အေးမြတဲ့ သီတာပဲ ဖြစ်ရမှာပေါ့ ဟင့်အင်း၊ မဟုတ်သေးဘူး အစ်ကိုရယ်။ ဒါပေမဲ့ ဆက်ပြောလေ၊ ဆက်ပြောပါ။ ဆွန်ညာ နားလည်နိုင်မှာပါ။ အား,"... .w..w<-.<o.< : <T""""""TT"""
ရွာအုပ်စုတွင် ကျား,ရွာအုပ်စုတွင် ကျား
ည့် ကိစ္စရပ်မှန်သမျှကို သိနိုင်ဆုံးသော အခြေအနေ,"( ၂g .agsoyAuegrt Ziet-er"" TT50T"
သည်။ ယခု,သည်။ ယခု
အဖြစ်နှင့်,အဖြစ်နှင့်
ဖြ,ဖြ
ပုံ ရ၏။ ထို,ုံ ရ၏။ ထို
ယတ္တိသာသနာ့ဗိမာန်ကြီးတို့၊ သကျသီဟ၊ အိမ်တော်ရာ၊ မဟာမုနိနဲ့ သာသနာ့တက္ကသိုလ်တို့ ရွှေနန်းတော်ကျောင်းတို့လို အ,".a.wAuscsua L.usqo-: wscke= =m=sls =r=rTreTITTTTT"""
ဝင် စာချုပ်စာတမ်းများ 147 - ၎င်းပြင် ထိုသူတို့သည် (ယင်းကဲ့သို့ ဘေးအတန်,ဝင် စာချုပ်စာတမ်းများ (A7 - ၎င်းပြင် ထိုသူတို့သည် (ယင်းကဲ့သို့ ဘေးအတန်
မှာ ပိုမာကြောရ,= ပိုမာကြောရ
ခင်,ခင်
ရှိ။ ဟူ၍လည်းကောင်း၊ ဂိုဏ်းချုပ်ကြီးရဲ့ အကွက် သုံးကွက်ကတော့ တကယ်ကောင်းတာပဲ၊ ဒီကောင် ဒီအကွက် တွေကိုတော့ လိုက်ကစားနိုင်မှာ,"s.acsswvwsnsorausrs=T-TTTTTT""TTT"
ဂျိမ,ဂျိမ
လေ,လေ
ပွဲကြီးနှင့် သာသနာနှစ် ၂၅၀၀ ပြည့် အထိမ်းအမှတ် အောင်ပွဲသဘင်ကြီးကို ၁၉၅၆ ခုနှစ် မေလ ၂၂ ရက်မှ,"I TT1TT6:-6rT:Pial TrTherTertksotgyva uase,as...y,sas"
သူ့မိန်းမဆီကို ပေးလိုက်တဲ့အလုပ်ပါ၊ ကျွန်မ ပို့ပေးရမှာပေါ့ ရင်သွေးငယ်အာဟာရ သန္တေသားမှစ အင်ဒို,"' """"""""T""TTTITaf' Aeroreulwspsuawc-susgayaag"
ဆိုခဲ့သည်။ သမ္မာကျမ်းစာကို အသုံး,"""ီPTSh =မpာက့uါeာု့ sapy"
ဝမ်းလျှောခြင်း ဟုခေါ်သည်။ ကို ကျော်ဖြတ်လာခဲ့၍,"မခံ-လျှောခြင်း ဟူခေါ်သည်။ ကို ကျော်ဗြက်ကာ""Bဲ၏"
တစ်လုံးနှင့် ထိုင်နေ၏။ ဦးလေးသည်,TTfS%She5 ထိုင်နေ၏။ ဒီးဝလေးသည)
တစ်စိတ်တစ်ပိုင်းအနေဖြင့် သူမသည် တောင်အာဖရိကတွင် နယ်လ်ဆင်မင်,"T T**္*+-္'+oB6 nerose) er-das-sroa sAuaa,s"
boththe,boththe
ရပ်ဝတ် အရပ်စားနှင့်။ ဒါက ဘာသဘော,ရဝံဝတ် အရပိစားနှင့်။ ဒါက ဘာသဘော
ရင်မ အားပြန်၍ လက်,ရင်မ အားပြန်၍ လက်
ဝတီမင်းသား ရွှေဘိုသို့ထွက်ကာ အင်အားစု၍ ပုန်ကန်သည်။ ပုန်ကန်မှုအောင်မြင်သဖြင့် သာယာဝတီမင်း နန်းတက်သည်။ နန်းမတော်မယ်နု၊ မင်းသား,"pso,etu,o- agotuaiaprerc wstesorat uptosavညis usioAasasmoftfPtoi6 SererTr=T TPTEST PTT*""T*T"
ငယ်,ငယ်
င့် နည်းပညာ အဖွဲ့အစည်း အသင်းဝင်များ နှင့် ဈေးကွက်အတွင်းမှ အကျိုးတူ,"'TT""PT7eS: T-T:rfenssrgpoasa,Aas"
စိတ်ဒဏ်ရာတွေရဲ့ ကြိုးကိုင်,စိတ်ဒဏ်ရာတွေရဲ့ ကြိုးကိုင်
ဖြစ်,ဖြစ်
၀,ဝ
အမိန့်ရထားကြောင်း၊ အကယ် ၍ မနာခံလျှင် မြင်းများကို လှည်းမှ အတင်းဝင်ရောက်ဖြုတ် ယူရလိမ့်မည်ဖြစ်ကြောင်းဖြင့် လူတစ်ယောက်ကိုစေလွှတ် ၍ အပြောခိုင်းလိုက်,"Ls.as_ususocvwwrsvor=rsrT<TTT""T""T""T"""
ရွာအုပ်စုတွင် ကျား ၅၉၈၈ ဦး၊ မ ၅၆၅,ရွာအုပ်စုတွင် ကျား ၅၉၈၈ ဦး၊ မ ၅၆၉
ထားသီ,ထားသီ
စွာ ကျင်းပတယ်လို့ဆိုပါတယ်။ စတုဒီသာအကျွေးအမွေးများနှင့် အလွန်စည်ကားသောဘုရားပွဲတော် ဟုလည်း စော်ဘွားတောင်ခြေ ရှမ်း,"s pာ, rgeu,oc,ctsygse,acocs ecsyacoargaroawsnuprsad အmcyeAnchmoscoserwiome် TTeS T7TTTP1P"
ဓိသမ္ဗောဇ္ဈင် မရှိလျှင်လည်း ငါ၏ သန္တာန်၌ သမာဓိသမ္ဗောဇ္ဈင် မရှိဟု သိ၏၊ မဖြစ်သေးသော သမာဓိသမ္ဗောဇ္ဈင်၏ ဖြစ်ကြောင်းကိုလည်း သိ၏၊ ဖြစ်ပြီးသော သမာဓိ,"ဿ.ဿ.Lsuvevwuws-ru-rso.wrT<-""T""TTT"""""""""""""""""
။ အကြောင်း,။ အကြောင်း
အိတ်ဆိုရင်လည်း စုတ်,အါက်ဆဲ့ရင်လည်ံ၊ ၃ယံ
င့် အောက်ဘုံ,င့် အောက်ဘုံ့
ည့်,ည့်
အ,အ
"အင် သုံးစွဲနိုင်အားမှာ ၅၅,၅","အင သုးခွဲနဲုင်အားမှာ ၅,၁"
သောအားဖြင့် ထိုလွမ်းချင်းတို့တွင် တောတောင်ရေမြေ,သောအေားဖြင့် ထိုလွမိးချင်းတို့တွင် တောတောPီRt7S
ပါးကိုသော်လည်းကောင်း ဉာဏ်ဖြင့် အစဉ်,ပါးကိုသော်လည်းကောင်း ဉာဏ်ခဖြင့ အခဲ
"ဖြစ်သည်။ ""အခမ်းအနားမှာတုန်းက လူတွေက","ဖြစ်သည်။ ""အခမ်းအနားမှာတုန်းက လူတွေက"
ထူထပ်မှု,ထူထပ်မှု
တို့,တို့
ရေး မာရ,ရေး မာရ
ခြင်းလျှင်၊ တန်ဆာဆင်၏၊ နှုတ်မင်္ဂလာ၊ စကားမှာကား၊ အသာ,"agascasecosassiereo= TrTrTTT"""
ကိုတင်ဦးက မြိုင်၏နာ,ကီတင်ဦးက မြိုင်၏နာ
သည့် ခွေးအများကို ထပ်မံပစ်ခတ်ပြန်၏။ ကျည်ဆံတိုင်းပင် ခွေးအများကို ထိမှန်လေရာ နောက်ဆုံးတွင် ရှင်းလင်းသွားလေသည်။ 'ဪ,- T6S 1RီTPTPီT'SrmSeS TmacSeinfeir Tsprmepwr( wiysecer ertasagtyicagpoacrcacs မညနe
မှာသန်းခေါင်ထက်နက်တာ မရှိပေမယ့် အပါယ် ငရဲကတော့,"'TT5TPPTerfe= ရဲ့ပေယဲ oscAud csraa,"
လက်,လက်
ကျော်,ကျော်
။ ၂၀၁,။ ၂၀၁
ပေါင်းကို ခေါ်၍အရှင်တို့ ... သင်တို့သည် ငါမရှိသော်လည်း မပျင်းရိကြကုန်လင့်၊ ငါ ဆရာရသေ့ကြီးကိုဖူးမြောက်ပြီးလျှင် ဟိမဝန္တာသို့ ပြန်လာမည် ဟု,"' TT"""" ""TTTTTTRor+'rm=atcveswLssws,"
တောင်ယွန်းယွန်းက စာ,တောင်ယွန်းယန်းက Y
ရီ စိတ်ကို ဖတ်ကြည့်ပြီး မင်း ဒီလိုလုပ်တာကို သိသွားရင်.. မည်သို့ပင်ဖြစ်စေမြေ,"- ""ီ ""ီကီကိ ဂီ""္ဘဝါပီး ef: ဒီလိုလုပ်တာကို သိသွားရင.. မညဲ့သဲ့ခဲgခeaပြ"
ဆုံ,ဆုံ
ကုတ်မှာ ၂၁၉၈၆၂ ဖြစ်သည်။ ၂၀၁၄ သန်းခေါင်စာရင်းအရ မိုင်းဟွမ်ကျေးရွာအုပ်စုတွင် ကျား ၁၈၂၀ ဦး၊ မ ၁၇၅၇ ဦး၊ လူဦးရေ စုစုပေါင်း,"sw,suscuar.suacxr=ratrTor=tT TTTTT"
ည့် သူတောင်းစားတွေ ပြန်ပေါ်လာကြသည်။ သူငယ်ကလေးများသည် နှင်းပန်းစိမ်းစိမ်းများကို ရောင်း,"""T TTTTT61ThBSrodS: wcArooero,uasau,sakkap.g.a,"
င,င
ကျဖို့များတယ်ဗျ...ခွေးမသားပုလိပ်တွေက လိုင်းကြေးယူတုန်းကယူထားပြီး အမှုလို,ကျဖို့များတယ်ဗျ...ခွေးမသားပုလိပ်တွေက လိုင်းကြေးယူတုန်းကယူထားပြီး အမှုလို
ခဲ့သူဖြစ်ပြီး ပန်းချီဉာဏ်သစ်လောင်းသင်တန်းများ ဖွ,"T9၆*Bီ T5:1Aဆာ်သငခံလောetsdms.g, g"
လာ(ပြာ) သူသည် ဓားကို,ကာဃာ) သူ့သည် ဓားကဲ့
ကို သိသော,ကို သိသော
သော အကြောင်းအရာများမှာ သာမန်လူတစ်ယောက်အနေဖြင့် လွယ်လွယ်နှင့် မသိရှိနိုင်သော သူမ၏ အတွင်းရေးများသာ ဖြစ်သည်။ တစ်ဦးတစ်ယောက်က သူမအား ချောင်းမြောင်း,". u.o, asessanpwrar- ar,skagcrsuoctswityauRiynaytwrtiRtar= er=T=erSPreorTrTVPTeST TိPTT1TPTT5Tိ"
၅၆,၅၆
နှင့်ငါ စင်စစ် ပေါင်းဖော်ခြင်းဖြစ်တန်ရာ၏ ။ လက်ကလေးနှစ်ဖက်ကို ဖြန့်ကာ ဝန်းဝိုင်း,"1TT T77 TTTT969fmeeP r ertososvas sz .sg,"
မောင်မျိုးမြင့်,မောင်မျိုးမြင့်
တယ်၊ ပြီးမှ မြေကမူ မြေပုံတွေဘက်ကို လှည့်တယ်။ ယဉ်ကျေးမှု,"- တာယး ပဲးမှ ပြေကမ့ ပြေမဲ့တွေဘက်ကို လgည့်oh၊ repPT5i""6"
သို့ တက်,သို့ တက်
ဒါပေမယ့် ကျုပ်တို့က မလုပ်ပါဘူး။ ဟန်ဆန်းဂိုဏ်းချုပ် လုပ်လိုက်ရင် ခင်ဗျားနဲ့ အဆင့်တူသွားမှာပေါ့။ ဒီလောက် သိက္ခာကျမယ့် အလုပ်,"'""""""T""TTTTTTTTsI-TeTVrtorwmstwerstsapyas"
သင်္ဘော ၁ဝ စင်း၏ ဧရာ များကို ၁၈၇၁ ခု မတ်,TIecST= =o ၈်း၏ ရာ့ မျာကို့ ၁၈၇၁ ခ၃ မတ်
နှာရည်ညွှန်း,နာရည်ညွှန်း
သက်ရှစ်ဆယ်လောက်ရှိတဲ့ ဘကြီးမိုးတောင် တောင်ပေါ်မှာ ရှိနေတာပဲ ချောင်းမမွေတော်စေတီတော် ဘုန်းကြီးက ဒကာမကြီးကို ဘာတောင်းဖို့ အကြံပေးခဲ့လဲ။ ဟို အဲ ဒေသကို,"' ""TTT""T'TT""T'T'IT T T 'FT""TTrsoos..-.asssw.."
သူ,သူ
လူသားဖွံ့ဖြိုးမှု ညွှန်းကိန်း (ထိုင်း)ကိုအသုံးပြု၍လူ့ဖွံ့ဖြိုးတိုးတက်မှုဆိုင်ရာတိုး,"'TT""TT6TTF TfP-T=vdiawsa.cs,"
မာစကားပုံတစ်ခု ဖြစ်သည်,"TT""syတစံa HAsg)"
နဲ့,နဲ့
နှစ်,နှစ်
စားသောက်နေကြဟန်ရှိသည်။ ကျော မောင်,၊ TTTTTSP9Giဟန်ရျ)သည့။ m့p awe
ဦး,ဦး
"ပစ်လိုက်လို့ ကားကြီး ရပ်သွားပြီ"" စိန်ပွဲစား","ပခ်ံလိုက်လို့ ကားကြီး ရမ်သွားပြီ"" အိန်မဲ့"""
ကော့,ကော့
မကြွားမိအောင် ဂရုစိုက်သော် လည်း စာအုပ်အကြောင်းနှင့် ပတ်သက်ပြီး စကားပြော ရလျှင် မျက်လုံးအရောင် မတောက်ဘဲ၊ အသံထက်မြက် မလာဘဲ မနေ,""" TီT'T*T""T'TeS: TfTorhe1TSo orTorf0 . emcwkir eoap erakrsrsepra cosro:-acs, scstsoagsa sas cs"
ရွရွနှုတ်ခမ်းဖြင့် သူ့ခေါင်းကို,sqarehGြE် သူ့eAiciကဲ
မှ ၁၉၉၁ ခုနှစ်၊ ဒီဇင်ဘာလ ၂ဝ ရက်နေ့တွင် ကြေ,",.go sa Astsres ur YT=sTf္ T"
လောက်ဖြစ်သည်။ သို့ရာတွင် အလွန်ကြီးမားသော နှုတ်ခမ်း,"s ,.,agauceisjspef=mreaMPTTT""T"""
အများဆုံးဆေးကို အသက် ၂,"""meအဲ့ကအးကဲ့ အသက ၂"
သည် တိုက်ကွင်းထဲ ဝင်ရောက်၍ ပါ,သည် တိုက်ကွင်းထဲ ဝင်ရော်၍ မါ
ကား,ကား
ထင်,ထင်
ခြင်း,ခြင်း
စီး,စီး
။ ဆန်ကုန်သည်အဖြစ် အိမ်က ထွက်သွားရာက မယားတစ်ယောက်နဲ့ မူးစေ့အပေါက်ပဲ ပြန်ပါလာတဲ့ လူငယ်လေး။ သူ့အဖေက စောက်သုံးမကျရတဲ့အထဲ နောက်ထပ်,"Lဿuwesoecroror-rro:rwrဘT-:TrerT.T""""""T"""""""
တစ်ယောက်လောက်သာ အောက်,တစ်ယောက်လေကဲသာ ဃ..s
နိုင်ချေ။ တနင်္ဂ,နိုင်ချေ။ တနင်္ဂ
လာ,လာ
ကျယ် သွားကြသည်။ဒေါက်တာ အယ်လ,ကျယ် သွားကြသည်။ဒေါက်တာ အယ်လ
ဆက်သွယ်နိုင်ခဲ့လေသည်။ မော့သည် ပန်းချီပညာသင်ကြားရန် အမေရိကန် အစိုးရက စေလွှတ်ပြီးလျှင် ပညာတတ်မြောက်လာသည့်အခါ အထက်တန်းကျ,""" T""STTr္TTP္' T9တ T5%YerorhBSorm moPmS mohe= wsgpliEungeS uecosawyg-rtc-acgecs sco-tc,s.sg"
နေရာ ဆေးရုံမှ ကျန်းမာလာသည်,ssp acwy mfmT5်
လှယ်အဖွဲ့ လန်ဒန်,လှယ်အဖွဲ့ လန်ဒန်
ရှိဘူးထင်ပါတယ်..,ရှိဘူးထင်ပါတယ်..
"ဖောမီး (Anseriformes)"" အတွင်း ပါဝင်","ဖောခီး (-Articerifomies)"" အတွင်း ပါဝင်"
ပေ,ပေ
ဘဝ၌ပင် အခြေခံ ကျမ်းစာအဖြာဖြာတို့ကို သင်ကြားတတ်မြောက်သည်,""" T%T'TSTeftrontResetg sai(siarocag.sgs"
စစ်,ခစ်
"usingthe(required!)INSEEcodeandasubtemplate.Thefields""region""and""department""arenolongerused.ဝေါလစ်နှင့်ဖူကျူးနား 90 days စေတော်မူ","' """"""'I'I'""'"">ဘ<..ws...."
ဟစ်ပိုဂိုဏ်းအုပ်၏လက်ထောက်အဖြစ် တာဝန်ယူပြီး ၅နှစ်အကြာ ဂိုဏ်းအုပ်ကွယ်လွန်သော် ရာထူးတိုး၍ ဟစ်,"- "">ီWAီီ'T'PီTTTeorsSmof တာဝငနိးေပီ၊ pafarြs p)cfrn့ပဲကဣယံလွ့နံသေသံ ာဘူ.ဘဲ့g -e"
မွှေးနေသည်။ နေဦး,မွှေးနေသည်။ e၈sီ'
နေလို့ပါ ဗိုလ်ကြီး,နေလို့ပါ ရိုလ်ကြီ၊
လဲ။ဒေါ်ဒေါ်က အသက်ကြီးပေမယ့် မျက်နှာကတော့ နုနုကလေး ရှိနေသေးလို့မို့ ဝတ်နိုင်ပါတယ် ဒေါ်ဒေါ်ရယ် လုရင်းလိုက်ရင်း စုတ်ပြဲ,"' TTT T'TESRT51RfT5T9 65TPT51 Boesweoreiမဲ oeokgeuတာယ ပေraေရယ Osccpeaye, pcsg"
၊ ဝေဟင်ပေါ်ပျံ,၊ ဝေဟင်ပေါ်မဲ့
နားလည်ကာ ပြီးပြီးပျောက်ပျောက် သဘော,TTြသ်္က ပီးမီးဟောက်ပောက် သဘော
င့်လှုပ်ရတော့သည်။ နေစမ်းပါဦး,%%yဂ၇ုတော့သည်။ နေစခံးပါg:
နှင့် ဒေါ်အောင်ဆန်းစုကြည်တို့,နှင့် ဒေါ်အောင်ဆန်းစုကြည်တို့
လည်းကောင်း၊ မြေ,လည်းကောင်း၊ မြေ
နာ,နာ
ကို လက်ခံတဲ့စိတ်ဖြစ်တယ်။ အာရုံကို လမ်းဖွင့်ပေးတဲ့စိတ်နဲ့ အာရုံကို လက်ခံတဲ့စိတ် ဒီစိတ်နှစ်ခုကြားမှာ မြင်သိစိတ် ကြားသိစိတ် နံ,"' """""""""" ""TTTP""-ThI moT mrwev swswssrgusveacs,"
ရွက်ပင်,ရွက်ပင်
နေအထိ အဖြစ်အပျက်များ,Tsအကိ အဖြစ်အပျက်များ
နိုင်,နိုင်
ပြုနိုင်။ လက်သစ်,ပြုနှိုင်။ လက်သ်
အ,အ
ပန်ကောင်,မန်ကောစ်
အယ်လ်ဂျီးရီးယန်း,"""ဲက်ဇ်ုးရုးယန"
ရှိုနာလူမျိုးဖြစ်,ရှိုနာလူမျိုးဖြတ်
မြို့နယ်၊ ထန်းဘုန်းတောကျေးရွာအုပ်စု တံတားဦးရွာ (အင်္ဂလိပ်: Tadaru)သည် စစ်ကိုင်းတိုင်းဒေသကြီး၊ ရွှေဘိုခရိုင်၊ ဝက်လက်မြို့နယ်၊ ကျီးပင်ကန်ကျေးရွာအုပ်စု၌ တည်ရှိသည်။ ရွာ,"၊ RTTT5T55TT5TTPီ16 Tf'T51TVtoret=fRt:PBaouigh saxtwio,ectacrtayca,sq,uar-As-agsuckg uugugg."
သူတို့အားလုံး စာအုပ်ထဲသို့ ရောက်ရှိ,""" 99ီmtretး eosydscs2g ap-a"
သည် အိမ်ထဲရှိ သမီးနှစ်ယောက်ကို တစ်ချက်,"""TIိီ""*Rီ soTezriug sgs"
ထိုင်းအဆင့်ကိုမိခင်ဘာသာစကား (သို့) ဇာတိနီးပါးအဆင့်တွင်ကျွမ်းကျင်ကြသည်။ သူတို့,"s sp,mspuaialedocoremox (tsဲ) ဇos:dtrsmsemgporartra်C257T5ိ71TI""ီ"
ခြင်း,ခြင်း
ကွေ့တဲ့။ ကျွန်မဘဝမှာ အချိုးအကွေ့တွေ တော်တော်များပါသည်။ ဘယ်အချိုးအကွေ့က အရေးပါ,uassv sycroup oagreratsgseerterTre္ TTTTT5T1TTT
၊ ဘုန်းကြီး .... ကျွန်တော် သဘောလဲ ခင်ဗျား သိရောပေါ့၊ အခု ကျွန်တော် လုပ်တာက,။ ဘုန်းကြီး ... ကျွန်တော် သဘောလဲ ခင်ဗျား သီရောပေါ့၊ အခု ကျွန်တော် လုပ်တာက
လုံးပြူးသေနတ်ကို ခါးပါတ်,လုံးပြူသေနတ်ကို ခါးပါတ်
တော့,တော့
သာမဟုတ်၊ အသီးနှင့် အရွက်ရရန်အတွက်ပါ စိုက်ပျိုးကြသည်။ အသီးကို,". ..agat, sasyt mg-lsnlarTPATဖesI""တ္' T*""ီ"
ပါတယ်,ပါတယ်
ရွာတွင်,ရွာတွင်
ကားရိုက်ရန်အတွက် လားရှိူးသို့ ပြန်,"- myaiAanန့အလွက် လrးRီe""အီ ငဂီ"
ဘူးသော ဖခင်၏,ဘူးသော ဖခင်၏
ယက်နမ် နယ်ချဲ့,ယက်နမ် နယ်ချဲ
ဝတ်,ဝတ်
မှ,မှ
ခါ,ခါ
ခုရှိရိုခရိုင်၊ ခုရှိရိုတိုင်း၊ ခု,နုှရှမရဲ့E' မရဲရဲတိုံ၊ ခ
ရာကုတ်,ရာကုတ်
တန်းမျှသာ သင်ကြားခွင့်ရခဲ့သော်လည်း အလုပ်နှင့် စကားပြောတတ်သူ၊ အချိန် လေး,"LsauLusvstweostecd. mve!""TTT"
။ နန်းတော်ရှေ့ ဆရာတင် သားကလေးများနည်းတူ ကျွဲကျောင်းခိုင်း၏။ မော်ဂလီမှာ,"- ' P5TT7ts,mmf္ ကာormeesrgpနည်းတ့ ကျွဲကျ့ာငi.gasiev udr-.Ay"
သည်၊ မေထုန်လက်ဖျား၊ စမ္ပယ်နားလျက်,TEိ TTofS-mRaps၊ sgcls-ogoe
မှ ကိုယ်ကျင့်သိက္ခာ ဖြူစင်မှလည်း အခြားသူတို့ဘက်က ကိုယ်ကျင့်သိက္ခာ ဖြူစင်လာမည် ဖြစ်၏။ ထိုအခါ လောက၌ ဒု,မှ ကိုယ်ကျွ့်သိက္ခာ ဖြူစင်မှလည်း အခြားသူတို့ဘက်က ကိုယ်ကျွ့်သိက္ခာ ဖြူစင်လာမည် ဖြစ်၏။ ထို့အခါ လောက၌ ၃
ဗြိတိသျှတို့,ဗြိတီသျှတို့
တွေ,တွေ
ရတနာပြဇာတ်ကို စီစဉ်တင်ဆက်ခဲ့၍ မြတ်မွန်ရတနာ ပြဇာတ်စာအုပ်ကို စာပေဗိမာန်မှ ဖြန့်ချိထုတ်ဝေခဲ့,"socspacsu asa-uas.ua Gartpisre P=-Tr =်္TITTTT1PTTT"""
သန်း,သန်း
ဘုတ်လေး,ဘုတ်လေး
မှု ကူးစက်ရော,မှု ကူးစက်ရော
ဥ,ဥ
ပင်,ပင်
ရေး၊ အိမ်များရှိမိလ္လာစနစ်,နေး၊ RဲAyoi}Migynwf်
သို့မတင်ပဲ ကုလားဖြူရပ် ကွက်ရှိ ကုန်လှောင်ရုံ၌သာ ထားသည်။ သင်းတို့ ခဲယမ်းလက်နက်သင်္ဘောကို ယခင်က ရန်ကုန်ဆိပ်ကမ်း,"'TTTT""""""""TT' TTt=Ttos:rszs..wcua"
ပြီ၊ ကောင်းပြီ။ ကျွန်,ပြီ၊ ကောင်းပြီ။ ကျွန်
တော့ အမောဆို့ပြီးသေတာ အတိုင်ဘက်က အကောင်ကြီး တစ်ကောင်ထဲရယ် ခင်ဗျ စစ္စတာဒေါ်,- တတာ့ esaောအဲ့ဘြားသတာ အဟဝဲ့ငါဘက်က အဝကာင်ကြီ၊ တစ်စကာP်တdဲR TS5 TATTP7
"floor,",foor.
ကျော် လေးမျက်နှာဂူ ဘုရား ရက်နေ့တွင် နိုင်ဂျီးရီးယားနိုင်ငံ ကက်,- TTf sttersSRnp၃ အာ့ရား ရက်နေ့တွဝ် နဲုံ၍ေးရုးယားနဲ့c mrd
လူကို,လူကို
ခဲ့သော,ခဲ့သော
culturesorracesintheirfictionaluniverses.Namesortitlesof,1 TTTTTt:t1oPekiDeounausr-ecssw..
တယ်။ သူဇာလွင် ခေါင်းခါလိုက်တယ်။ သူ ခေါင်းခါပြနေတာကို မင်းခန့်ထူး မြင်ပါစေ။ မလာ,' TT>T S4ြTVY TPS:efါRီုကိကာမ်၊ ၀န့ ခေါင်းခါပနေတာကို့ မင်းမနဲ့လွး မွSulkaေc မcာs
လောက်ကောင်းတဲ့ဆေး မရှိဘူး မောင်လေးရဲ့ အမြောက်အမြားတို့ကိုလည်း ဗက်ဗီလုံးမြို့တော်သို့ ဖမ်းဆီး ဘယ်လို,လောက်ကောင်းတဲ့ဆေး မရှိဘူး မောင်လေးရဲ့ အမြောက်အမြားတို့ကိုလည်း ဗက်ဗီလုံးမြို့တော်သို့ ဖမ်းဆီး ဘယ်လို
ရှိ၏,ရှိ၏
အ,အ
မျက်နှာဖုံးကို မေ့ဆေး,မျက်နှာဖံ့ကို ဖေ့ဆေး
စ,စ
ပင်,ပင်
ဖြစ်၏။ ထိုအချိန်တွင် ကျုပ်၏ ခေါင်းထဲ၌ အလင်းရောင် ဖြာလက် သွားလေသည်။ ထို့နောက် ပိတ်သည်းနေသော အမှောက်တိုက်ကြီးသည်,"'T'""TT'TTI TTrTP-:T e-orct-svruavuLa..w..ussa"
က ရှည်ကော့ပြီး မျက်ဝန်း,က ရှည်ကော့ပြီး မျက်ဝန်း
စွမ်းတွေကို စက်ပစ္စည်းကိရိယာတွေက မြှ,"gecepgmု emuezdဲ""TTTPTီ"
။,။
ကျေးသီးမြို့နယ်၊ ဝမ်စပ်ကျေး,ကျေးသီးမြို့နယ်၊ ဝမ်စပ်ကျေး
ဖုန်းနဲ့ နံပါတ်တစ်ခုကို ခေါ်လိုက်ပါတယ်။ ဆူနီဆာ ကာဝရွန်ဂရောင်း (၂၉ ဇန်နဝါရီ ၁၉၇၂ မွေးဖွားသည်) ထိုင်းနိုင်ငံမှ မာရသွန်ပြိုင်ပွဲဝင်,"' T""T""T""TTTTTTTTT1TT+ef=eTLe=sst es,vwrca,wuev.sasgs"
သနဝိဇ္ဇော,သနဂ်ဇွော
စံဖြိုး,စံဖြိုံး
မအေးပေး,မအေးပေး
ကြောင်း,ကြောင်း
သုံးပြီး,သုံးပြီး
သည်,သည့်
နိုး,နိုး
ပြန်လည်ကြီးပွားလာခြင်းကို မရှုဆိတ်ကြချေ။ ကားသေ့တို့၏ ရန်ကိုလည်း ကြောက်ရွံ့ လျက်ပင် ရှိကြသေးသည်။,ပြန်လည်ကြီးပွားလာခြင်းကို မှရှုဆိတ်ကြချေ။ ကားသေ့တို့၏ ရန်ကိုလည်း ကြောက်ရွံ့ လျက်ပင် ရှိကြသေးသည်။
တို့ကို ဖလမ်းချင်းဘာသာစကား၏ ဒေသိယစကားအဖြစ် စာရင်းပြုထားသည်။ စကားအ,"'TT""TTTTT-Tmmomscangzagyss"
သည်။ ဂျာနယ်လစ်များက,TS51 ဂဂနယ်လစ်များက
မဟာပထဝီမြေကြီး။ ရှားစောင်းပြသာဒ်ပင်များ၊ ရောင်စုံအိမ်ပုံကလေးများ၊ လက်စလက်န သိပ်မ,: TT'TTီPCဒီ= m=moPGmroekpwnt sepdSaieumecuuypa: ormicurds stce
ခုနှစ်ရက်သားသမီးများနှင့် ပူးပေါင်းပြီး အထက်ဌာပနာ ထည့်သွင်း,"s sapracovs,aupasd arauEitီ' me=TeT1TTeSMP"
ခုမြောက်အဆင့်တွင် ပါဝင်သည် တို,"sg-SiwsedဲတR elsPS=S ""ီ"
လုပ်ရှင်၊ အ,လုပ်ရှင် အ
မူမြို့နယ်,မူမြို့နယ်
DaweiEducationDegreeCollege;,PRnelfEducationoegrescoiggs.
ပြီး တိုက်ခိုက်ကာ,ပြီး တိုက်ခိုက်ကာ
ဖြစ် MMR009012022 Yae Hpyu ရေဖြူ ဟု ပြောပြီး ရုံးခန်းထဲခေါ်သွားသည်။ ရာသီဥတုရှိ၍ရေမဝပ်ဘဲ ထုံးကျောက်မြေဆံသည့် ဒေသမျိုး၌ ပိုမိုဖြစ်ထွန်းသည်။ မိုးပါးရေရှားသ,"gatvw.s.a., ., wy,.uygaya,sbyi,aucsasawaronsA tp=RereaiRre=rfPT=tr=rhePTeT၏ီ1S3of*TIPTE1T51TPTိ"
ညီ,ညီ
သည်။ အုန်းဆီထုတ်သည်။ နာနတ်ပင်များကို အကြီးအကျယ် ဦးလေး ဦးလေးနဲ့ မခေါ်ပါနဲ့ဟ။ ငါ အဲဒီလောက်,"(asasswsuasvrsusec=i=smreHPTTT""TTTTT"
သို့ ဆိုက်ရောက်လာ၍ ဆေးဆိုင်,"သဘဲ့ အဲ့ကံရောကံလားဒါ *""""ီ္"
အ,အ
လာလမ်ပူသည် ဆီလန်ဂေါ ပြည်နယ်ထဲမှာ ရှိ၍ ထိုပြည်နယ်ကို အုပ်ချုပ်သော မလေးဘုရင်က ကွာလာလမ်ပူ,"< porcasysce ,sto,karnigycsprsaswy jikt n(Ssecocir spader mmere္P"" =s'TSh%"
ပုသိမ်မြို့သည် ၁၂ စ,ပူသိမ်မြို့သည် ၁၂ စ
မင်းပြုတော်မူ၏။ သန်,မbဖြဲ့ေ်မူ၏၊ ကf
သွားလျက်ကပင်,သွားလျက်ကပင်
လာသည် ဆိုတဲ့ ဇာတ်လမ်းကို ပြောမှာပါ,TTT+eS အိတဲ ဇာတီံလuမဲးrmဲ sg.rpua
သွားသည့်ကုန်တွေ အရှုံးပေါ်သွား၍ ဟုဆိုကာ လျှော့ပေးတာတွေရှိသည်။ ကိုယ်လူကြုံပါးလိုက်သည့်ငွေကို နည်းနည်း,"' TTT*""TT TTT""T TTT Tarmmmasucs: saga,uusan sa,a"
ကား အောက်မြို့ကျေးရွာသို့သွားတော့မည်။ ယခုအခါ,TT7 အာကmိမြိ ကmေa့ရာထဲ့သွားတော့မညံ။ ယနခုအခဲ
အင်ဂျင်,အင်ဂျင်
"thoseattributeswhichwehaveputonhim.တိုက်တွန်းထားတယ်..ဟုတ်လား နှောင်း"" ခဲ့ပြန်သည်။ သို့သော် စစ်ကြီးပြီး၍ ရုပ်ရှင်များ ရွာလင်းရွာ (အင်္ဂလိပ်: Ywarlin)သည် မကွေးတိုင်းဒေသ","' ' ""'""""""""''"" '=erဘ=omww.w.wL...."
ကာ၊,ကာ၊
ဆိုချက် တွေမှာ ကျွန်တော် မမှတ်မိတော့ဘူး ဆိုတဲ့ ဇ အသက်ရှူကျပ်လိုက်တာ အေ ၊ ငါ့သမီးလေး သနားပါတယ် အပဒါ,"1 ီ%e T TYtrT'=e'=P'mrthPfsoros eisSorosuriagmyoagsywcr ecs atvasuco. sec-uac,ယa,a,a"
တို့အိမ်နဲ့ ဖေဖေတို့ အဖေ အမေအိမ်က ကံသိပ်ကောင်း သွားခဲ့တယ်။ ကျွန်မတို့,"op;4kg vewdခg့ အeေ အမမေအဲမါကာ ကံသိပ်ကောငီး အyားBဲmo+*T Aီ*""ီ"
နိုင်သည်။ ကမ်းရိုးတန်းနိုင်ငံများသည် ကမ်းလွန် ပင်လယ်ရေတိမ်ပိုင်းတွင် သယံဇာတပစ္စည်းများ ရှာဖွေ တူးဖော် ရန် အ,"'""TTT""ITTV'""TTrswer.-.ws.w.s."
ဆုံး ဖြစ်၏။ ဤအခြေ,ဆုံး ဖြစ်၏။ ဤအခြေ
ဆီး,ဆီး
ခြေအနေကို လိုက်လို့ ပြောင်းလဲလုပ်ကိုင်ကြရတာ,ခြေအနေကို လိုက်လို့ ပြောင်းလဲလုပ်ကိုင်ကြရတာ
တွင်,တွင်
ပင် အထက်ရှိ ကျောက်လွှာတို့မှ မြင့်မားသော အပူချိန် နှင့် ဖိအားတို့ကြောင့် အသွင်ပြောင်းကျောက်အဖြစ် ပြောင်းလဲလာနိုင်သည်။ ခင်စိုးပိုင်နဲ့လား ရှိတယ်,"...A..w.uwsr a s = T""T""""T"
ရဲ့၊ မောင်အဝေး ကလာတာကို မြင်မြင်,"ချ, မောင်အဝေး ကလာတာကို ဖိဂဇိ်ဂ"
လွင့်,လွင့်
ပြုအောင် ဆွဲဆောင်ခဲ့သည်ဟု ထင်၏။,ပြူအောဝံ ဆွဲဆောင်ခဲ့သည်ဟု ထင်၏ီ။
"တာ လွယ်တာ မဟုတ်ဘူး"" နောက် ဒီအလုပ်လုပ်စားရင် ရှင် မသေ","ဘ= လွယံဘာ မဟု့တ်ဘူး"" နောက် ဒီအလုပ်လုပ်eား(၈၆ ၈P %PS5"
၈ ဦး၊ မ ၁၀၀၁ ဦး၊ လူဦးရေစုစုပေါင်း ၂၀၇၉ ဦး နေထိုင်သည်။ သည်ကြားထဲက မွန်မွန့်အသွင်၌ ချုပ်တည်း,""" "" B"" "" TT A mATeot-Wt:,empe sr sstasciv seivmarmwAyastg aaogs,"
အချိန်,အချိန်
ဝှိုဝ်း ဠှိုဝ်း။ ချော,ဒွဝ်း ၌ွပ်း aေp
မြို့နယ်၊ ထင်ပါကျိုင်းကျေးရွာ,ရွဲ နယ်၊ ထင်ပါကိ့င်း၊maRT
ချုပ်ကြီး သူရ ဦးတင်,ချုပ်ကြီး သူရု ဦးတင်
ပြန်ဆုတ်သွားခဲ့,မြန်ဆုတ်သွာခဲ့
အောက်,အောက်
မျောက်၏ဇနီးအား သိမ်းယူတာထားပါတော့၊ တိရစ္ဆာန်ကိုး၊ လူဘုရင်တွေက စစ်ရှုံးသူ၏ ဇနီးမယားကို သိမ်းပိုက်တာတော့ လွန်လွန်းသည်ဟု ကျွန်မ ယူဆသည်။ မိန်းမတွေခ,"' TTT""TTT*'TT5T TWwt1ATYrsoferer =PetrerR osecoeng alkugardeoerp, uykysacgsv -aec .sssgsy as,ass"
မေးခွန်းတွေကိုလည်း မုန်းတယ်။ ၀င်းလှသည် ဖြူဖတ်ဖြူရော်ဖြစ်နေသော ခိုင့်,မေ.ခွနံ:းတွေ့ကဲ့လည်း မန်းတယ်။ ပင်းလသည် ဖawဘSObefPBRR6T5T ဂီ
လ,လ
မြန်မာနိုင်ငံနဲ့ပတ်သက်လို့ ဆောင်ရွက်စရာ,ခြန်မာနိုင်ငံနဲ့ပတ်သက်လို့ ဆောင်ရုက်၈၈၇
၈) ကြင်နာသူနှစ်ဦး ဆုံနိုင်ရင် (၁၉၉၇) ဟား ကောင်းပါတယ်။ အများကြီးကို ကောင်း,"'T101T156161T515 Po I ms emods,ic.aA, aup,g,a sa,ey,"
သီး၏ မျက်မှောက်ဘ၀ အတွေ့အကြုံများကို,- ဒီး၏ sg်မောက်ဘဝ အတွေ့မကြုံများကဲ
ပ,ပ
ဖြစ်တယ်လို့ပဲပြောပါမယ် နန်းကိန္နရီသည် ကားကို ပါ,ဖြစ်တယ်လို့ပဲပြောပါမယ် နန်းကိန့္ရီသည် ကးကို Vါ
၁,၁
အယူအဆကို ငြင်းပယ်ရလိမ့် မည်ဟု ထင်စရာရှိ၏။ သို့ရာတွင် ကိုပါနီကတ်၏ နိယာ,"'""""""""TT""TTT+tIemrwAwnt,ass.."
န့်,န့်
လို လုပ်,လို လုပ်
ဟေ . . . ဟုတ်လား ငလျင်လှုပ်ခြင်းများ၏ အကျိုးဆက်များ/သက်ရောက်မှု,". . .wstr=:oayagABtwemmseီrmTer'TTT""T"
ထွန်းမောင်ကြီးက လှေကိစ္စ လုပ်စရာရှိတာတွေကို ပေါ့ပေါ့ပါးပါးပင်လုပ်သွားလေသည်။ လှေပိုင်ရှင်များက သူ၏တက်ကြွမှုကို သဘောကျနေကြလေသည်။ တိပိဋကဆရာ,"' """" T""T""TTT""TTTTT:eT=T=r:=roier= wausscaessay.."
မောင်,မောင်
ကုသ,ကုသ
၏,၏
၇ - ရွှေကော,၃ - ရွှေကေ
လူ့စွမ်း,လူ့စွမ်း
ရမှ ပို၍ ဒေါသဖြစ်မိသည်။ ကိုဘခက်သည် သူ့ကို တမင်,- 7P Mီal T5>ofPoညSa။ ကဲ့ာဂကေသပည် သူ့ဖg၊ ဘ.s
သည် ကချင်ပြည်နယ်၊ ပူ,သည် ကချင်ပြည်နယ်၊ ပူ
ညနေခင်း၌ အိမ်ဝိုင်းထဲ ဆိုင်,ETAf်ခဲ့ အိမံခဲ့ံးသ သဲ့
မလာသေး,မလာသေး
သစ်လေ,သစ်လေ
ဖြစ်,ဖြစ်
မှလာ၍ ဦးအောင်မြခိုင်အကြောင်း လာမေးနေခြင်း သည် ၄င်းအသတ်ခံရသောကိစ္စနှင့် ပတ်သက်၍,"- မာ-ချေ gvanc-angsulsargs,d, rowsijics sည S6rmo=AYse=mီsRS T""T""ဦဒီ"
ဓားသိုင်းက တော်တော်ကောင်းတယ်၊ ထင်ပေါကို အဲဒီနည်းနဲ့တိုက်ရင် မရှုံးနိုင်ဘူး၊ အတွင်း,""" TT""္T TPTPTPmPT=PM6 wfiutkssarcsyau, .ge"
တို့ တည်းခိုကြသည့် ဟိုတယ် များနှင့် အ,"amssAgadAirfuYT"""
၊,၊
ဒင်း ပွိုင့်တူးတူး သေနတ်သံကလေး ထွက်သွားသလို ...,"seံ: ွိင့တွေးတွား သေနတ်သဲကလေး ထွ့က်လွားလ""ကို ..."
မှတ်ရမိသည်။ ညနေ ၆ နာရီတွင် စထရင်းဟိုတယ်လ်မှာ ညစာ စားပွဲရှိသည်။ ဂျူးလူမျိုးတို့အတွက်ကား ကြားနေမည်ဟု,မှတ်ရမိသည်။ ညနေ ၆ နာရီတွင် စထရင်းဟိုတယ်လ်မှာ ညစာ စားပွဲရှိသည်။ ဂျူးလူမျိုးတို့အတွက်ကား ကြားနေမည်ဟု
ပြု၍ ပထမသင်္ဂါယနာတင်,ပ၏ ပထမသင်္ဂါယနာဘခံ
လိုက်,လိုက်
အချင်း,အချင်း
အသံနှင့် ပြောရာတွင် အေး... ငါကလည်း ငါ့ကို တိုင်ပင်လို့ပြောသာပါ,- အသံနှင့် ပြောရာထွင် အေး... ငါကလည်း ငါ့ကို တိုင်ပင်လို့ပြောသာပါ
။ အပြစ်,။ အပြစ်
တာဒေါ်မိုးသူပါလား၊ ကျွန်တော်တို့လမ်းထဲ မလာစဖူးလာတယ်၊ ဗန္ဓုလ ရုံမှာ,"-ocasta,a,awro =agkaerksiaesimB r=trT7TIT T"
၀ဖြစ်စဉ်,ဝဖြစ်စဉ်
င့်အတွက်ပါလာ,င့အတွက်ပါလာ
ပါတယ်ဗျာ သိပါတယ် လုပ်စရာမရှိတော့,"' TြT TPeမ လdဲမေpနgem,"
၌ တည်ရှိသည်။ ရွာနေရာကုတ်မှာ ၂၁၃၁၆၃ ဖြစ်သည်။ ၂၀၁၄ သန်းခေါင်စာ,"""""""""fီ'T=TsTr.mtatus,asasc"
နှောက် အသစ်,နှောက် အသစ်
၊ မ ၁,၊ မ ၁
တွင် မျက်နှာပြင်တစ်ခုတည်းသာရှိသော်လည်း သိပ္ပံပညာ ဆက်တိုက်ယူလာခဲ့သော ကေသွယ်အတွက် သိပ္ပံနှင့် နီးနီးစပ်စပ် ဟူ၍ မူလတန်းကျောင်းတွင်,"' ""'T0TTTP TTe TTPTer=r-= =rwaera wsr secc.arw.s"
ဆောင်,ဆောင်
ဝန်,ဝန်
ကျောက်ဆည်မြို့နယ်၊ ပန်းခွာကျေးရွာအုပ်စု၌ တည်ရှိသည်။ ရွာနေရာကုတ်မှာ ၁၉၀၄၄၉ ဖြစ်သည်။ ၂၀၁၄ သန်းခေါင်စာရင်းအရ,"..g,acagys,sr-pgaouegiuthe=r=rPrTetnefPT5T1TT""*TTT"""
သည်။ ၁၉၅,သည်။ ၁g၅
ပင်ကို,ပင်ကို
ရှိသည်ဖြင့် အသုံးပြု,ရှိသည်ဖြင့် အသုံးပြု
ဒယ်များ,ဒယ်များ
ဏေ,ဏဏေ
တို့,တို့
တွေ အများကြီးပါလား၊ ငါ,"မွ မနွားကြီးဂါီm"" ""ီ"
ဆောက်အအုံကို ခေါင်းမော့ကြည့်ကာ ချီးကျူးပြောဆိုနေသည်။ ဟာ ပ,"L..assa ekogsir= 6aerPrTTR T """
ဟေး တဝါး,ဟေး တဝါး
ပို,ပို
။https://www.anonymoustunisie.com/WebsiteofAnonymousTNဘယ်သူမှ တိတိ,"1 TTT77'T:TTT=rmoVumPvmes,omVtetsteoenorsrmovetrwcဘာယiauy al,t"
ဖစ်ချင်ရင် အဲ,ဖစ်ချင်ရင် အဲ
ဖေ,ဖေ
မိမလား မသိဘူး၊ အန်တီ မီ,ခဲမလား မသိဘူး၊ အန်တီ ီ
သည့်အချက်ကို နားလည်သဘောပေါက် လက်ခံရန် လိုအပ်ခြင်း ဖြစ်သည်။ ကျွန်တော် ဆတ်,- TcZSကonr'်ကီ' oာmဘည်၏soroeေါက် လက်ခေရ့၍ တဲ့မဝါခှsး ဂှစသည့ ကျွနမယေဝင ယခ
အ,အ
မြင်နေသူများမှာ,ခြင်နေသူများမှာ
တူတူရယ် ဘယ်တော့မှ,တူတူရယ် ဘယ်တော့မှ
ယူ,ယူ
များကို Tanai MMR001004017 Ta Ron တရုံ ဟူ၍ ဖြစ်လေ၏။ ကိုသန်းတင်တို့လူစု၊ အထက်တန်း ကျောင်းသား အတော်များများနှင့် မြန်မာဘာသာ ကျောင်းသားများ၊ အရပ်သူ အရပ်သား အချို့၏အ,များကို Tana1 M99001004017 Ta Ron တရုံ ဟူ၍ ဖြစ်လေ၏။ ကိုသန်းတင်တို့လူစု၊ အထက်တန်း ကျောင်းသား အတော်များများနှင့် မြန်မာဘာသာ ကျောင်းသားများ၊ အရပ်သူ အရပ်သား အချို့၏အ
မှ,မှ
ရေးလှ,ရေးလှ
ပြီး ဂတ်စတာပိုအ,ပီး ဂတ်စတာပိုအဇ
ခင်ဖြစ်သူ,ခင်ဖြစ်သူ
ပိုက်,ပိုက်
ရတာပေါ့ဆရာ မ,နုအာပေါ့ဆရာ =
"ခဲ့လို့လဲ၊ ဘာဖြစ်လို့ ဒီလိုဖြစ်ရတာလဲ။ ဘာဖြစ်လို့လဲInjangyangMMR001003022HkanDaukYangခန်ဒေါက်ယန် ""မအေဘေး ခုကျတော့ စတိုင်တယ်","L-sowso-sesaeဘoဘဘmm - < "" ""'"""""""
ငေးငိုင် ကြည့်ရှုတော်မူလာ,%e:ခိုင် ကြည့်ရုတေံမလော
အတိုင်းဖြစ်,အတိုင်းဖြစ်
Wardအမှတ် (၁၄) ရပ်ကွက် အခုဆို ကစ်ကစ်,"၊ waruaမyတာ (၁၄) ရ5mT T6R5 T""T"""
သည်,သည်
သည်။ ထိုအခါ ငစွယ်ငယ်မှာ အဟုတ်တ,"' TE်STTီ'T =tdsckyn wga,"
။ လူဦးရေသိပ်သည်းဆသည် တစ်စတုရန်းကီလိုမီတာလျှင် ၁၄၃ ဦး ရှိသည်။ စုစုပေါင်း,""" TTRီ TPTTE5STeTfP=oHP-Pifraetven a,sgsvgsaes"
ရ ရှီးလန်ဒမ်း,ရု ရှီးလန်ဒမ်း
ထို့နောက် အမျိုးသမီးကို နှုတ်မဆက်,""" ""ီTT =ml,csArgဲawse-e"
များ,များ
၍,၍
ဆက်သွယ်စုံ,ဆက်သွယ်စုံ
များမူကား ဘာမှန်းမသိရှာ,1TTi့း ဘာမှန်းမသိမှာ
။ ကိုယ်ရပိုင်တဲ့ အခွင့်အရေး,ကိုယ်ရပိုင်တဲ့ ma်efp
ရန်သူ့တပ်မှူးတစ်ဦး၏,NAမတပဲမgူးတeRံ:ce
မွှေး,မွှေး
ပေး,ပေး
အသစ်သစ်ဖြစ်သော အချစ်လွှာ မှာတမ်းတော်,"s ucus,kiyRscr= maftarTrT-TT"""
လုပ်မဖြစ်။ နောက် ဆုံး ရထားသည် ခပ်စောစောကပင် ပါရီသို့ ထွက်,"' Tf*""-S'T"" Y' omomcညS Adiecsesruar waag gs"
ပန်း,ပန်း
မီး,မီး
င့်,င့
လီနိုင်ငံသို့လည်း ပျံနှံ့,လီခိုင်ငံသို့လည်း ျံနဲ့
နောက်ဆုံးတွင် ကြယ်ပုနက် (black dwarf) အဖြစ် မှေးမှိန်သွားမည်ဖြစ်သည်။ နေနှင့် အနီးဆုံးကြယ်မှာ ပရိုဆီ,"sasorata,gt cZbyrd tsuvcv owsur suြse မေးခိုsးမှားcSBSforeST =eoB TီTPST7T""ီီ"
ကို တစ်နေ့လုံး လိုက်ပြီး,ကို တစ်နေ့လုံး လိုက်ပြီး
ဘာလုပ်,ဘာလုပ်
င့် ထွက်လာ,င့် ထွက်လာ
အင်ဂျင်ကို အကန့်အသတ်ဖြင့် ခုတ်ရခြင်း၊ လွယ်လင့်တကူ အရေးပေါ်လုပ် ခတ်တက်က,အင်ဂျင်ကို အကန့်အသတ်ဖြင့် ခုတ်ရခြင်း၊ လွယ်လင့်တကူ အရေးပေါ်လုပ် ခတ်တက်က
စုမှမော်လမြိုင်အ,စုမှမော်လမြိုင်အ
ပြည့်နှစ်,ပြည့်နှစ်
သိမ်းထား ကြလို့လား,သိမ်းထား ကြလို့လား
၊ ငါက အခု ဒုန်ဝန်းမြို့စား ဖြစ်နေပြီမို့လား၊ ဆယ်မြူ ဆယ်မြူအသာလေး၊ ဟားဟားဟား ကဲလာလာ,"..o,acunac:acwsto-rmosr=TRse==- ဘ""T"""
ရန်,ရန်
။ ကျွန်တော် ဆိုးခဲ့ ရမ်းခဲ့ တယ်။ ဘာမှအဆင့်မမီတဲ့ ရွာသာသာ,",mgsms w,မ ahန တoမdsး mommRmR51TTTT"
တွေကို တော်တော်ကျွမ်းကျင်,ရတေ့ကို တော်တော်ကျွမ်းကျင်
နား,နား
လား..,လား..
၍ ခုတင်ဘက်ကိုမခေါ်၊ ဆိုဖာရှိရာ,၂ ခုတင်ဘက်ကို့မခေါ် ဆို့ာမှိဘာ
ချို့,ချို
ဒစာစောင် ရေးသားပြီးနောက် တနှစ်အကြာတွင် ရေးသား,""" TT 7werTBesomS တmyZaugSisgs as,an,"
ထွင် ဖော်ထုတ်လာသည်။ အဆီးရီးယားနိုင်ငံ၏ လက်အောက်,ထွင် ဖော်ထုတ်လာသည်။ အဆီးရီးယားနိုင်ငံ၏ လက်အောက်
ကြည့်,ကြည့်
နောင်တဆိုတာ နောင်မှ ရတတ်သကိုး။ ရပ်ရေးရွာရေးကလည်း ဖြစ်ပြန်,"- နောင်ငာဆု့ာ နောင်မှ ရတ်သကို့။ p်eagporpmor်="" ပ်၆ဂ"
ပြထားတာဖြစ်ပြီး လမ်းညွှန်ချက်,ပြထားတာဖြစ်ပြီး လမ်းညန်အ{
ဦးဖြစ်လိမ့်မယ်ထင်တယ်။ ဝေဝေတို့,ဦးဖြစ်လိမ့်မယ်ထင်တယ်။ ဝေဝေတို့
တေနှင့် ခေတ်မြန်မာမဂ္ဂဇင်း,ns sdlikvwomhr
င့် ထမင်းချက် လင် မယား,"၃) လမင်းချက် လင် VT"""
နောက်သို့,နောက်သို့
၊ ရော့... ဦး,၊ ရေ့.. ဦး
မြက်ရင်း သွေး,မြက်ရင်း သွေး
သို့ဖြစ်၍ ဝါဖတ်ရင်း ယခုပြောသော မ,သို့ဖြစ်၍ ဝါဖတ်ရင်း ယခုပြောသော မ
ကလေးများ အိမ်မှာ,ကလေးများ အိက်က
ကြီးရှိ,ကြီးရှိ
သဖြင့် စိတ်ပျက်စွာဖြင့် မာရ်နတ်ထွက်ခွါသွားရပုံကို ဟောတော်မူသည့်သုတ်။ အဘွားရော ... ဆေးရုံလိုက်သွားလား ရှေးခေတ်တရုတ်,"Luasacs,opcsycosraspowpwprspsarmore=aiter-=sr=r-< TTT""T""'T"""
သေတ္တာကို မရဲတ,သေတ္တာကို မရဲက
ကြ,ကြ
ထောက်အ,ထောက်အ
ထောင်စု၏ အခြားထင်ရှားသော တက္ကသိုလ်များမှာ ယေးတက္ကသိုလ်(၁၇ဝ၁ ခုနှစ်)၊ ပရင့်စတန်တက္ကသိုလ် (၁၇၄၆ ခုနှစ်)၊ ဝါရှင်တန်၌လည်း တက္ကသိုလ်(၁၇၄၉)၊,"...au.wasur-_rwour=T=-<TTT'""T'TTTT"
ဟားရယ်၏။ 32. Lords of the Sunset. ဒါပေမယ့် ကျွန်တော်ဘာမှမပြောမိ...။ ဒီအတိုင်းလေးပဲ အသက်ကိုထိန်းရှူရင်း ဖုန်းကိုနားမှာကပ်ထားမိသည်။ သို့သော် အချိန်အ,"'  """" """""" ""T""T'T'T'T' 'TT~s.wwssa"
မြက်လိုသူ,ဖြက်လု့လူ
ဆောင်,ဆောင်
၍,၍
မတူ ချေ။,မတူ ချေ။
၄၆ ခုနှစ်,၄၆ ခုနှစ်
ခဲ,ခဲ
ဏခဏ မေးသည်။ ကျောင်းဆင်းသောအခါ ကျော်စွာတို့သည် ပူနှိပ်တို့အိမ် ဘက်သို့ သွားရလေသည်။ ကယားလူမျိုးစုဒီမိုကရေစီပါတီ နှင့် လူမျိုးပေါင်းစုံဒီမိုကရေစီ,"' "" "" """"""""T'""T'Tr+ဘwem-e=smesswcc."
ရောက်,ရောက်
အဝါကို လိုက်ပြီး ဆုံးဖြတ်တာ ဖြစ်ချင်,အဝါကို လိုက်ပြီး ဆုံးဖြတ်တာ ဖြစ်ချင်
ကျရောက်နိုင်အောင် လည်းကောင်း၊ ပျောက်ကင်း ချမ်းသာစေရန်လည်းကောင်း အသုံးပြု၏။ အဆိုးဆုံးကကိုတိုးကြီးဖြစ်,". sassavs wagrrcav oprsaoes Asr=sird=T'=TBT TTT""T""*"
ယောက်စလုံး မသင်္ကာစရာ တစ်ခုခု တွေ့ လို့ ရန်သူ့နောက်ကို လိုက်သွားကြတာ ဖြစ်ရမယ် တစ်စကို ကာဗွန်တုံးနှင့် ဆက်ထား၍ ကျန်တစ်စ,". ယ.-ovscer ocu-Asne, oswgs scg rg wpsaposomit,eiwmagntSe=PRe RP'=TRP=5ST=aR5P TT4176f*T"""
တာတွေကပါ အယ် လ်ခီဘီအာ့ဒိစ်,တာတွေ့ကပါ အယံ လံရီဘီအာဇ၈ဂ
ကာ အခြား,ကာ အခြား
မခွဲ,မခဲ့
၂၁၁၅၀,၂၁၁၅ဝ
။ ၁၉၆၈-,။ ၁၉၆၈-
ဂန္ဒီကို ဘာမှပြန်မပြော,"""နီကို့ ဘာမှပြမေပြော"
နေ့လယ်,နေ့လယ်
ရာတွင် လိမ့်၍ကျလေပြီဟု ခန့်မှန်းသိရှိရသော်လည်း ထွက်ပြီးဆင်းမသွားဝံ့၊ ဆင်းသွားခါမှ ဖွပ်သည်ထက် ညစ်,".,wug,.mg,kspestut=eTPT-tTTTTTTT"""
နေ,နေ
တော့မယ်။ ခင်ဗျားကို လာ,တော့မယ်။ ခင်ဗျားကို လာ
"anotherevent,butingeneralyou'reallowedtouse",anotherevent.butlngeneralyou'reallowedltouse
အချိန်တွေမှာ ငြိမ်းချမ်းသာယာတာကို ခံစားရတဲ့အချိန်တွေမှာ တစ်ခြား,. အ.ချေဲ့တေမာ တွါ.aykေ.သောယာတာကဲ့ ခစားရတဲအချ့မ်တလေ့မှာ တfHSr
ရှင်း,ရှင်း
ရာ,ရာ
ရာသည်,ရာသည်
ရပြီး တညင် ကျောက်,မျဒြး တညငံ mေ့f
ပါတယ်၊ ကျုပ်ပါ ဟာ,Aါမယ် ကျဂ်ဗါ က
လွှတ်တော်မှ ဖွဲ့စည်းပေးထားသည်,လွှတ်တော်မှ ဖဲ့စည်းမပေးထားသည်
ဝသော အရိပ်အမြွက်များ,ဝသော အရိပ်အမွက်စျား
အသင်း,အသင်း
။,။
ဖြတ်,ဖြတ်
၏။ မက္ကဆီကို ကို စပိန် ဖဲင်နီ သူ့ခန္ဓာကိုယ် အလှပျက်ယွင်းစပြုနေသည်,"s, spgsu -s adi AiA snpm်d mrterTsTPGtTTVeီ"
သက်ချမ်းသာရာ ရခဲ့ဖူးပါတယ်။,TSegpfsenp ရခဲ့ူပါတယ်ခ
မှာငြိပါ ပါလိမ့်။,မြီပါ ပါလိမ့်မ
တူတူစား,တူတူစား
လည်း သူ,လည်း သူ့
ဝ,ဝ
ကား,ကား
ပါကညော ထန်းရည်တစ်ခွက် ကိုထည့်ပြီး ခပ်မြန်မြန်ဂလုချလိုက်တယ်။ ဟုတ်တယ်လေ။ ဒီလောက်တောင် ဆေးဖက်ဝင်နေမှတော့ ဘာမဂလုစရာရှိ,"- Lausas, acks,srags.a ,suocgags swigsisAocywrgyAlcocs opcfecsAec= TerTserTP1T7T65T1T5Tီ"
ကြီးကျယ်စွာဆောက်လုပ်လှူဒါန်းခဲ့လေသည်။ ပေါဠ,"""Sဲးကျယဲခွာစဆောက်လု့ပ်လှခါမ်းခဲ၈ေ အည်၊ Y78"
ကိုဒေါင်းစိန်,ကို့ဒေါင်းစိန်
မျိုး,မျိုး
မင်းမြတ်,မင်းမြတ်
ရွာစုကလေး ဖြစ်ပေသည်။ လယ်သမား၊ ဈေးသည်များ,1TPTTF္T-rehT/sewnsgsgg
လေ,လေ
ကြ,ကြ
လာကြသည်။ စစ်ရထားပေါ်တွင်သာ အစဉ်အမြဲ တွေ့မြင်ခဲ့ရသော သူ,လာကြသည်။ စစ်ရထားပေါ်တွင်သာ အစဉ်အမြဲ တွေ့မြင်ခဲ့ရသော သူ
များ,များ
သည်။ အတွေ့လေးရယ်မှ အိုအကြုံ (၁၉၉,"<Zv ဘamgaewtယံy အဲ့အ"">၊ Tet"
ဘာပြောသည်ကို ဝေလငါးဂိုဏ်းမှ ကောင်းစွာ မကြားရချေ။ ကောင်းပါပြီ ဆရာ၊ ကျွန်မ,"Lagugsu-.sssamfe-fPT-=TTTTT"""
တိုက်မ အထက်ရှိ ပစ္စယာဆင့်များတွင် ပုံစံအမျိုးမျိုး အကွက်အမျိုးမျိုး ဖော်ထားသည့် စဉ့်သုတ်စိန်တန်းများဖြင့် တန်,တိုက်မ အမထက်ရှိ ပစ္စယာဆင့်များတွင် ပုံစံ၏မျိုးမျိုး တကွက်ခာမျိုးမျိုး ဖော်ထားသည် စဉ်သုတ်စိန်တန်းမျကားဖြင့် တန်
ပုဒ်မ,ပုဒ်မ
ဘိ,ဘိ
င့် တွေ့ဆုံ၍ အ,င် တွေ့ဆုံ၍ အ
ရင့်တပ်သားများက လိုက်လံတိုက်ခိုက်ရာ ကနီနော်ရ,1TFTTT%976pmgeeps mssa
၊ မသွားဘူးလား၊ ဒါပဲပြော ၆၄-ပါးသော ဣန္ဒြေတရား ဒေါ်ခင်မြသစ်သည် ကိုမြင့်ထူး၏ဝတ်ရုံကြီးကိုသိမ်းကျုံး,". , uegp-.ngroro- tuauCr ety-.ckisaws ဣwigespot eaedBmSamcf ကIS္=erT*""ကင်""ငဘီကီကီ""iါ"
"မဏိပဲတဲ့"" တက်စသည် တညနေလုံး ကြီးမားသည့် မြေပုံချပ်ကြီးကို ကြည့်နေပြီးနောက် မိတ်ဆွေအမတ်တယောက်နှင့် သွား၍ ည","' TT""TT51TITTPTia:rBieoh-oueuarunuruasucs....ss"
လုံး လျော့ကာသွား၏။ ချိုသဲကြည် ဧကကို ငေးနေမိသည်။ အို ခင်ခင်လေးရယ်၊ သရဲများ ချောက်သလားကွယ်။ ခင်ခင်လေး ဘာဖြစ်,'TTTiHPS TT:=rtrod:Wstoircrsacsec-t-tc.sass.Lgs
တာ,တာ
မ,မ
ဝန်ကြီးဘဝ ခြောက်နှစ်,ဝနံကြီးဘဝ ခြောကိဇုဂီ
မြေစေးတွင် အညစ်အ,မြေစေးတွင် အညစ်အ
ရက်လောက်လည်းရရော,နုဂ်လောက်လည်းရ၈
တယ်,တယ်
ကို လန်းဆတ် စေသည့် ဝိုင်,ကို လန်းဆတ် စေသည့် ပိုင်
ပိုင်ကြံပါ။ ဂျိုးဆက်စတိန်း,ပိုင်ကြပါ။ ဂျိုးဆက်စတိန်း
င့်သည် ။ ၎င်းသူမတို့ကို ဟေဂျားဘ်ခြုံမှုမခြုံမှုတွင် လွပ်လပ်စွာရွေးချယ်ပိုင်ခွင့်ပေးသင့်သည်ဟုဖြစ်သည်။ ထို့အတွက်ကြောင့် ထို,"'""""""TT""""TTTT+T-eSewwe.auesuscsasss"
ပနိုင်ငံတွေမှာ ကျန်နေသေးတဲ့,ပနိုင်ငံတွေမှာ ကျန်နေသေးတဲ့
မေရိကားက မက်ဆာချူးဆက် စက်မှုသိပ္ပံကို ဆက်တက်,".ar-r=- osumgerP=tsfMITT"""
ရာကုတ်မှာ ၁၆,ရာကုတ်မှာ ၁၆
လဲ ကလေးအသက် ဘယ်လောက်,ကဃဃ.သဏ် အဟိံလောက်
ကြီးအ,ကြီးအ
သာယာကုန်း - ပဲခူးခရိုင်၊ ကျောက်တံခါးမြို့နယ်၊ ကြာအင်းကုန်းကျေးရွာအုပ်စု၊ ပီကုတ်(220102)ChampionofKandawgyiDota,သာယာကုန်း - ပဲခူးခရိုင်၊ ကျောက်တံခဆါးမြို့ နယ် ကြာအင်းကုန်းကျေးရွာအုပ်စု၊ ပီကုတ် (22ဲ0102) Chamgp2onofKandawgoi0oC a
ခုတစ်,ခုတစ်
အုပ်စု,အှပ်စု
Gyi(TaungKanGyi)ကန်ကြီး (တောင်ကန်ကြီး) ၁၉၆၀တွင် သမ္မတရာထူးအတွက် ယှဉ်ပြိုင်ခဲ့သော်လည်း ဒီမိုကရက်တစ်ပါတီမှ သမ္မ,"....aw.ws .ruuws: or=. <r==ဘT""TTTTTTT""T"
စ,စ
ခုအချိန်ထိ စီစဉ်,ခုအချိန်ထဲ ီစဉ်
မှာ ၁၈၃၀၆၈ ဖြစ်သည်။ ၂၀၁၄ သန်းခေါင်စာရင်းအရ ဂုံမင်းကွင်းကျေးရွာအုပ်စုတွင် ကျား ၉၁၂ ဦး၊ မ ၁၀၈,",,.As,augsgv,rs uscestecebuen t-reTm=earfPTT1PT15TT"""
နှစ်,နှစ်
ရှိသော SAC ကို,ရှိသော SAC ကို
လဲခြင်းမှ ပင်လယ်ရေမျက်နှာပြင် အမြင့်,"""TPT Tိrsuleswrdkg6.agp"
ထုတ်ဝေ,ထုတ်ဝေ
တူ ပေပိုယူသည်။ မခင်သန်းက သဘောကျပြီး ဆရာ သံပရာ,pa-sugzsciswsskr seaေrmaBR' mf TT
နှစ်၊ ပြီ,နှစ် ပြီ
ပုန်း,ပုန်း
ထည့်သွင်းကာ၊ ခြေ-လက်ပြုလျက် အထပ်အထပ်ဖွင့်ဆိုထားသဖြင့် ကျယ်ဝန်းသော အ,". uaggoro, wg-rwgoara sceAemlaRf=m""S1 TT*TT"""
မြို့နယ်၊,မြို့နယ်၊
တော့်,တော့်
၊ သွေး,၊ သွေး
သီးများ တပ်၍ ထားသော,ဆီးများ တပ်၍ ထားလော
ထွက်လာသည့် ခိုးဝင်,ထွက်လာသည့်် ခို့ဂင်
နေရာ၌ နေရ သည့်,နခရဠ် နေရ သည့်
မလား အောက်မေ့,မလား အောက်ခမေ့
ကချင်နှင့် ကရင်အမျိုးသား များလည်း သိပ်မတွေ့ရတော့။ အောက်ပိုင်းမှ ကုန်သည်များကိုကား လုံးဝပင်မမြင်ရတော့ ချေ။,' TTT'T'TTTT61 Tramr= m:tBou =ucker-s-. sesw.s
ဘ,ဘ
ပိုး,ပိုး
တော် ပါတဲ့ ရွှေရှူဆေးဘူးချီးမြှင့်ခံရတဲ့ကိစ္စဟာ အမှုတော်ထမ် ကောင်းတဲ့အတွက် ဘွဲ့ထူးဂုဏ်ထူးချီးမြှင့်ခံရ,"<or,e ယoup cuyagawmsonguihiyicaeprAaguဟc: sogyတော်mS mrrdimr=eက် TaTsorST5TီuP"
ခွဲစိပ်,ခွဲစိပ်
ပေါက်,ပေါက်
ကြာမီပင် ညိုမှိုင်း၏ ပီသပြတ်သားသောအသံ ပေါ်လာ၏။ ၃,"'TTPPT""T+eBsheesmu, s,a,"
ဆိုးမှာ အ,ဆိုးမှာ အ
မြင်းစ,မြင်းစ
ခေါ်၍ တစ်ပြိုင်,ခေါ်၍ တစ်မြိုင်
ကြိမ်၊ ထိုနောင် ဘဝင်ဖြစ်ထိုက်သ၍ ဖြစ်၏ ။,"(၉မa, ယုမsာ၀ ဘoflireArTal f*"""""
၇၉-,၇၉-
အပိုင်းတွေကို အခု,အပိုင်းတွေကို အ၃ု
လမ်းမြို့ဖြစ်သည်,လမ်းမြိုဖြစ်သည်
ကားဘေးက,ကားဘေးက
ပါတယ်။ ဒါ,ပါတယ်။ ဒါ
လေး,လေး
ဟု ဆိုသည်။ သည်တော့ကျွန်မကပြန်ရောက်ရသည်။ မည်သည့်ခံစားချက်မျှလည်း ဖြစ်မလာ။,""" ""TT61 TETaPTTfBReorfsocgsr clscgso-aagga,ga.."
ဆောင်မှု ပေးနိုင်ခဲ့,"- ရောင်မှ, မေးနိုင်စဲ"
တွင်,တွင်
ပြီးနောက် ကားပြန်၍ ထွက်သွားသောအခါ ကားပေါ်၌ ပါးစပ်တွင် အဝတ်များ စည်းနှောင်ထား,"ag,s-a w,gkasarsup-os=rwcd mereri1PefTePTTTP5TT"""
မှာ ဒဏ်ရာပြင်းထန်သည် မှန်သော်လည်း ခေါင်းမထောင် နိုင်လောက်အောင်တော့ မဟုတ်သေးချေ။ ဦးခေါင်းမှာ ကြည်ကြည်လင်လင်ပင် ရှိနေ၏။ အခြေအနေအရပ်ရပ်ကို,မှာ ဒဏ်ရာပြင်းထန်သည် မန်သော်လည်း ခေါင်းမထောင် နိုင်လောက်အောင်တော့ မဟုတ်သေးချေ။ ဦးခေါင်းမှာ ကြည်ကြည်လင်လင်ပင် ရှိနေ၏။ အခြေအနေအရပ်ရပ်ကို
။,။
မဆန်သော အခြေအနေများရှိသည်။ ဤအသွင်အပြင်သည် ဝင်ငွေ,"""T""TTTS7twrASဲhcasstugtsguus"
ခြားလိုက်,ခြားလိုက်
အား,အား
တတ်လို့,တတ်လို့
ကာ ထောက်ကာဖြ,ကာ ထောက်ကာဖြ
တနိုင်ငံ တည်ထောင်,တနိုင်စံ ထည်ထောင်
ကောင်းဆန်းဂေဟာကြီးမှာ အနားယူပြီး ညစာ စားကြရအောင် လှေမျော လှေနှင့်လိုက်၊ ငွေမျော ငွေနှင့်လိုက် ဆိုသည်မှာ စီးပွားရေးလုပ်ငန်းများတွင် အရှုံး,". .a,a,a,k,a-.a,gp,- as.-.ags,asrer eoxgZasscrt seyewp= eysededosh.=ermr oasoHRPိ TTeE=T TPTTT57TT5TT7"
ပင် ပြင်ဆင်,ပင် ပြင်ဆင်
ဘယ်လို ခေါ်ကြမယ်မသိဘူး တိုက် လူဦးရေတိုးနှုန်းသည် ဝ.၉ ရာခိုင်နှုန်းဖြစ်သည်။ ခန္တီ (ပုလောက်မြို့နယ်ခွဲ) နယူတန်၏,- -acg uwiEMwcrtscltyeupitEougchwaetiaytoarESoe rRalRisfoeS5MီZnPT0oိRR60166TPီ
ခဲ့သည်,ခဲ့သည်
ယမကာကို စောင့်နေကြတယ်။ စားပွဲထိုးမလေးက တော့ အသက်ရှစ်ဆယ့်လေးနှစ်ပဲ ရှိသေးတဲ့ လှ,"' """"""T""TT""PTT TWiAm=termr er အarnayac-Ausaugp,asay"
ခိုလှေများအကြောင်းကို ကြားဖူးသည် သည်စက်လှေများ,1TTTTF္T56GSgpswutsgsssg.
ဖေဖျားရဲ့။ အံ,ဖေဖျားရဲ့။ အဲ
စု,စု
"က မင်းနဲ့ ပူးပေါင်းပေးမယ် "" ဆေပီယန်စ် -၂၄ တစ်နေ့တွင် ကိုဓာတ်သားက အင်း ဆရာတော်ဘုရားများကိုတော့ ဖူးမျှော်ပြီးပါပြီ၊ မင်းတို့ သဘင်ဂီတအဖွဲ့မှာကော ဘယ်သူတွေပါ","....... . .. = . < < "" """""""""
မှ အီရတ်တွင် ဆဒမ်အားဖယ်ရှားရန် အီရတ်ကို ၂၀၀၃၌ တိုက်ခိုက်ခဲ့သည်။ ယင်းတိုက်ခိုက်မှုတွင် အမေရိကန်သမ္မတ ဂျော့ဘုရှ်၊ ဗြိတိသျှဝန်ကြီးချုပ်,"., aLa, ssc-scsrsu eyrtrrw srsveres TRTeo' T""TTTTTT"""
ရေဖျန်း၍ ခရစ်ယာန်သာသနာသို့ မသွင်းခင် သေဆုံးသောကလေးများမှာလည်း ခရစ်ယာန် သေခြင်းမှ ပြန်၍ အသက်,"' ""T""""TTIMA7IT Trehr=r=rmpwrraeiog-s.gsyagyu.e"
ဇဂြိုဟ်သို့,ဇဂြိုဟ်သို့
မိုင်,မိုင်
င့် နဂါးဘုရင်,င့် နဂါးဘုရင်
နေထိုင်,နေထိုင်
။ အခန်းလေး နှစ်ခန်းက တော့ သ,။ အခနံးလေး နစံခံ်းက ၈ဘ T1
ကျင်းပခဲ့ပြီး န.ဝ.တ အစိုးရမှ ကျပ်သိန်း ၆၃,saag se sirt= TefT5 T
ရိုးမီးများ ဝါးမျိုလို့ မြတောင် ရွှေကျောင်းတော်ကြီးတို့လိုအဆောက်အဦးကြီးတွေ ကြည့်စရာမရှိတော့တဲ့အချိန်မှာ ရှားပါးနေပြီဖြစ်တဲ့ မဟာမုနိအရှေ့မုခ်ကျွန်းသားပြာသာဒ်,""" ""TT1 T1%1316PT515MTfTR5TPHPor=ret:ThoRhgster (RkejetovSeoposawaAer p-,Acwmygaus,A.ocysa,aua,g,s"
ဗျ။ ကျွန်တော်တို့ တပ်တွင်းဆိုင် က ပစ္စည်းသိပ်စုံတာ,မျွဲ ကျွန်တော်တို့ တပ်တွင်းဆိုင် က မရုရည်းလိမ်စံ့က
ထောင်သူလည်း,*msစ်သူလညံး
ဆိုင်ရာပြဿ,ဆိုင်ရာပြဿ
နွေးဓာတ်,နွေဓာတ်
အရ ငါးရှဉ့်ရိုးကျေးရွာအုပ်စုတွင် ကျား ၆၅၄ ဦး၊ မ ၇,Te% ငါးရုဋ်မိုးကျေးရွာအုပ်စုတွင် ကျား ၆g၅၄ ဦး၊ မ
ကို တိတ်ဆိတ်စွာ စားနေလေသည်။ ချစ်ရေးချစ်ရာ ၁၉၉၉ ၂၀၀ ကျပ် သူက မဖြေဘဲ,"ss.suckuwy. soroucs erer Ttt rTTT""ီ"""
ကို အလယ်က ထက်ဝက်ခြမ်း,ကို အလယ်က ထက်ဝက်ခြမ်း
ကြောင်း NTV ရုပ်သံက ထုတ်ပြန်ခဲ့သည်။ အောက်တိုဘာ ၂၃,- Aြr-d: wrv ရပါသဲက ထုတ်ပြန်ခဲ့သည့။ =aSeိm Je
မျှ အသုံးမဝင်။ လွမ်းချင်းစပ်နည်း ပထမဆုံး,၏ အလုံး။၆= ရမ်းချင်းစပ်နည် ပယမမုး
။ တစ်နေကုန် စားလိုက်၊ အိပ်လိုက်၊ အိမ်မှာ ဟို,""" TT*RT5f =-rrR.algews.န4yာ.g"
ရှိ အကြောစိုင်မှန်သမျှ တင်းမာနေသည်။ သူ့အား အ,ို အ+ကြာရိုင်မှန်သမျှ တင်းမာနေသည့။ သူ့အား အ
ပြီ,ပြီ
ပဒေ,ပဒေ
ထူးခြားလှပေသည်,ထူးခြားလှပေသညံ
သို့ ပြန်ရောက်သော် ရိုမန်တစ် ဟာသ Finding Mr. Destiny ၌ ပွဲဦးထွက်လာရာ ကိုရီးယား၌ ရုံပေါ်မှမဆင်းသော ကား ဖြစ်ခဲ့သည်။ နတ်ဆိုတာ မဂဓဘာသာမှ နာထသဒ္ဒါကို အ,သို့ ပြန်ရောက်သော် ရိမန်တစ် ဟာသ Fieuling Mr: 1icsitsy ၌ ပွဲဦးထွက်လာရာ ကိုရီးယား၌ ရုံပေါ်မှမဆင်းသော ကား ဖြစ်ခဲ့သည်။ နတ်ဆိုတာ မဂဘောသာမှ နာထသဒ္ဒါကို အ
ဘု,ဘု
တင်ရမှာပဲ ထိပ်ထား ရေဝမ်းဆွဲသည်ကြီး ဘော်ဒါနိုဗာက ခပ်သုတ်သုတ် ဆက်လျှောက်လာရင်း ပြောလိုက်သည်။ ထိပ်ထားလေး တို့လို အပျိုတော်များ ဒီလိုကိစ္စတွေ မသိ,တင်ရမှာပဲ ထိပ်ထား ရေဝမ်းဆွဲသည်ကြီး ဘော်ဒါနိုတက ခပ်သုတ်သုတ် ဆက်လျှောက်လာရင်း ပြောလိုက်သည်။ ထိပ်ထားလေး တို့လို အပျိုတော်များ ဒီလိုကိစ္စတွေ မသိ
၁၆၁၄ ခုနှစ် အိုဆာကာမြို့ သိမ်းပိုက်ရေး အတွက် ကန,- ၁၆၁၄ ခုနှစ် အိုဆာကာမြို့ သိမ်းိုက်ရေး အတွက် ကန
ရှိသည့် ရှင်း,ရှိသည့် ရင်း
ဝင်ရောက်ယှဉ်ပြိုင်,ဝင်ရောက်ယှဉ်ပြိုင်
အတွင်း မြန်မာပြည်အနှံမှ,အတွင်း မြန်မာပြည်အနုံမှ
၀၅ ဖြစ်သည်,၀၅ ဖြစ်သည်
မှန်,မှန်
အ,အ
ရာ ကျွန်မတို့အပေါ်မှာ ကျေးဇူးတွေ အရမ်း များနေပြီ,1 T TSfRိToS= =mgmgsag augi gpag
ကျိုး ဖြစ်စေခြင်းငှါ မစွမ်းနိုင်ခြင်း၊ ရုပ်အကျိုးတရားကို ဖြစ်စေတတ်သော,"- ""{sီ ၆၆၆ငE၅ sg၏ို်ခြ် ုပ်အကျို့တာရားကိ့ ြစ်မေတတံ်သော"
"caseof#switch,averagepagecounts)","caseofauswth,averapepagecouTts)"
စင်ပေါ်မှ ကျလာလျှင်တော့ အရိုးတခြား အသားတခြားဖြစ်ရန်သာ ရှိတော့သည်။ {{Db-test-notice-NPF}} အဘိုးကြီးက မိန်းမကြီးနှစ်ယောက်ကို ခပ်ကြမ်းကြမ်း တွန်းပစ်လိုက်ပြီး သူတို့နှစ်ယောက်ကို,"ယs.gွာ,ag.ayaur,ug,gs srocrpkatakygkongRacocs seor=r=r=r=i =rBs5'5R{RSMh္PrTPTIPT5P7TPိT*5T01963AီTT5ီ"
အကောင် နာမည်က ဘယ်သူကွ ကြိုင်သည် ပြုံး၍ ကျွန်တော့်ကို စိုက်ကြည့်သည်။,- '5T+> Roc်'Tr ဘroueapsy GE6SoeညE Da၍ ကျွန်မeော့enဲ့ ခဲrfြSညg)ဿည်
နေတာ၊ ရောင်ဘန်ရွာ (အင်္ဂလိပ်: Yawngbang)သည် ရှမ်းပြည်နယ် (မြောက်)၊ ပလောင် ကိုယ်ပိုင်အုပ်ချုပ်ခွင့်,".sa,agackg .otsas rureroswrseztseltBidrP7PT""T""TT*""T""T"""""
င့် ရောနေသော ရေဖြစ်လျှင် ဓမကရိုဏ် (ရေစစ်) ဖြင့် စစ်ပြီးမှ သောက်ရ၏။ သူ့အား ပြန်လည် မဖြေကြားခင် ဒေါ်ဥမ္မာသည် တံတွေးကို တစ်ချက် မျိုချလိုက်သည်။,...asusL-asacocorscspso=rtwr:we=(Brat=fPTTTTTTTTTT
၊ meropenem,( meropeher
မည်,မည်
စေ့စပ်ကြောင်းလမ်းထားလျှင် သော်လည်း ထားရလိမ့်မည်။ သို့ဖြစ်နိုင်ပါမည်လား။ မမြင့်ဦး၏ မိဘ ဆွေမျိုးတွေက သဘောတူပါမည်,စေ့စပ်ကြောင်းလမ်းထားလျှင် သော်လည်း ထားရလိမ့်မည်။ သို့ဖြစ်နိုင်ပါမည်လား။ မမြင့်ဦး၏ မိဘ ဆွေမျိုးတွေက သဘောတူပါမည်
ဝ ပေးခဲ့သည်,၁ ပေးခဲ့သည့
ပီကင်းဂိ'ခွေးမျိုးနှင့်တကွ ငှက်ပစ်ထွက်ရာတွင် လိုက်လေ့ ထိုင်လေ မိန်းကလေး ဒီဇယ်အင်ဂျင်အ,"uausuastusuacsseret1RT.TTT""TTTT"""
ဟူ၍ သီးခြားမရှိခဲ့ဘဲ၊ ရောမနိုင်ငံတော်,.gွ su/ghvwရဲ့Aဘဲr enenPT*
သည် ဇုနတ်မင်းကြီးနှင့် တူသော်လည်း ပို၍ ဣန္ဒြေကြီးပြီး,TES 6TR5ီ35Terweftucki Zaraaygsgy
ဒုက္ခနှင့်ရင်ဆိုင်တွေ့ကြုံနေရရှာသော အေမီက သူသည် ကူးနားပဲလေ့,"'TTTT4STor=er=r=rswai=ssgowu,"
၉ ဖြစ်သည်။ ၂၀၁၄ သန်းခေါင်စာရင်းအရ လွဲမွန်ကျေးရွာအုပ်စုတွင် ကျား ၁၅၃၁ ဦး၊ မ ၁၇၂၄ ဦး၊ လူဦးရေစုစုပေါင်း ၃၂၅,"sauwsws,uscocus.=suwseroerTe'=tT T""T TT""T""TT"
ဝံကြယ် မြေမှာ ခကြွေတဲ့ ခေတ် မဟုတ်ဘူး။ ပွမ်ပွမ်မြည်တဲ့,"ssu မgp <ga erT =orT="" wirRP"""
အ,အ
သားများ၏,သားများ၏
သားတစ်ယောက်အနေနဲ့ ပျော်ရွှင်ကြည်နူးနေတာကြည့်ပြီး တကောင်း ပီတိဖြစ်မိတယ်။,- L.wsas.-.wuousuakaMtsulsroetrtSadiGV TPTIPTT
အသိ,အသိ
နေကြရ,နေကြရ
ခုနှစ် ဩဂုတ်လ ၃,၃နှစ် ဩဂုတ်လ ခ
ည့်ပြင် အကြောင်း,ည့ပြင် အကြောင်း
လိုက်၏။ စုသည် ကြီးကြီးမေရင်ခွင်,လိုက်၏။ စုသည် ကြီးကြီးမေရင်ခွင်
ခန်းထဲမှ ဂျရတ်ကတ်ရှနာ ထွက်လာခဲ့လိုက်သည်။ မော,"1 Tီ% 1IeSmတ်S၏e ထုက်လာaeyrdaသgy u,"
ဖြေသည်။,၈ဖြသည်။
င့် အကြိမ်ကြိမ် တားမြစ်ကြသော်လည်း မိမိ အဆွေခင်ပွန်းကို စွန့်ပယ်ခြင်း မရှိလေ၏။ ဦးမြသန်းက ငြိမ်,င့် အကြိမ်ကြိမ် တားမြစ်ကြသော်လည်း မိမိ အဆွေခင်ပွန်းကို စွန့်ပယ်ခြင်း မရှိလေ၏။ ဦးမြသန်းက ဂြိမ်
ဒါပေမဲ့,ဒါပေမဲ့
ကြည်မှုတစ်ခု,ကြည်မှုတစ်ခု
ကြေးရေတတ်တွေရဲ့ အဆောင်အယောင်တွေပေါ့။ တော်တယ် ... အစ်ကိုကြီး တော်တယ် ... ထိုနောက် လက်နှိပ်,": ,gcs,tspoazrgs့ swamovascvsengပေ့။s erSovA.- r်'*ိီ ဂ်တာက် - ီP"" """""
သဘင်သို့ ဆောင်ယူ တော်မူသွားပါလျှင် အောင်မြင်,""" TTTTTPZte emSiyspsuaye mange"
၊ ဆိုင်သာဆိုင် မပိုင်ဘူးဆိုသလို ဖြစ်နေ,. ၊ ခဲ့ခံသာဆုဝံ မဖိုင်ဘူးဆို့လို ၆ိ
သေး,သေး
သည် သည်,သည် သည်
နားစိတ်တစ်ခုတည်းနှင့် ခွင့်ပြုရတော့မှာတဲ့လား။ ဇနီးတစ်ယောက် ချစ်ရာရောက်အောင် ခုထိတော့ မပျက်သေးပါဘူး၊ ရော်ဘင်က သူသွားကြည့်တဲ့ လမ်းကို ကျွန်တော့်,": uLuask,a,ogka augaopacouaorskorasuroa warest=mSesof oSerer rwrSTse=ePte= TPTT 9RS်SefT15T"
ရေးဆုံ,ရေးဆုံ
ငရှဉ့်ကျ မည်။ ကြိုးထိုးလျှင် သည်နှစ်ကောင်အနက် မည်သည့်အကောင်ကျကျ ကိုယ်က အနိုင်ရမည်။ ရာဇဝင်ဟောင်းများရဲ့ သင်္ချိုင်း ဘာလုပ်ရမည်နည်း။ ဒီနေရာက စောင့်လျှင် မ,"""Tီ""TT 9ီ'""ီ""0I TPE5T5T'T1PTeSTreSmo'mrtorere TSvA omAecs epocdeucediupos suwgs, =royawyညsgsu ausos,sacgyg ;"
တယ်။ ပြီးတော့ Keygen ထဲမှာ သွား Paste လုပ်၊ Generate Activation Code ကိုနှိပ်။ ထွက်လာတဲ့ Activation Code ကို,"cs, g,erp, eaygar= ယaမှာ သyာ၊e owste eလ,ပi onorate Aectioatien EoPr TီRr အTT5 TTTTT5TT""ီ"
ရီဂျီအိုဗန္ဒီသည် အုတ်,ရုနွှအဲ့နွိ့သည် အု်တ
တော်ဝန် ကော့ခ်,ကာ်ဝန် ကော့ခ်
နတ်ကို,နတ်ကို
ဘော်,ဘော်
ကြီးဆုံး လုပ်ငန်း,ကြီဆုံး လူဝ်ငနံ
မန်ကြီးက ဘာမျှ,မနံကြီးက ဘာမ္ှ
ကြီး,ကြီး
၀ ဦး၊ လူ,၀ ဦး၊ လူ
ပေါ်မှာ ငါ,ပေါ်မှာ ငါ
က,က
သဘောထားကို သပိတ်ကော်မတီကို အကြောင်းကြားချင်လို့ပါ။ ကိုရင်က သပိတ်ကော်မတီဝင်ဆို၊ လုပ်ခ,သဘောထားကို သပိတ်ကော်မတီကို အကြောင်းကြားချင်လို့ပါ။ ကိုရင်က သပိတ်ကော်မတီဝင်ဆို၊ လုပ်ခ
ပြန်,ပြန်
ဘရက်က ဆက်ပြောသည်။ ဒီနေ့ကစပြီး,ဘရက်က ဆက်ပြောသည်။ ဒီနေ့ကစပြီး
ဖတ်ကြည့်လိုက်၏။ သူထိုနာမည်ကို ဖတ်နေမှန်းလည်း ထိုလူ,. .agZgusassrdematSTိ T=eoTTeTT
ညံစွာ အော်ဟစ်သြဘာ ပေးကြလေတော့၏။ ဟန်ဆန်းတောင် ရောက် ကတည်းက တစ်ကိုယ်တည်း ပျင်းရိနေခဲ့သော လ,ညံစွာ အော်ဟစ်ဩဘာ ပေးကြလေတော့၏။ ဟန်ဆန်းတောင် ရောက် ကတည်းက တစ်ကိုယ်တည်း ပျင်းရိနေခဲ့သော လ
