ground_truth,prediction
ကိစ္စ မ ရှိ ပါ ဘူး,ကိစ္စ န ျှို့ ဒေါ ဘူး
ကျောင်း မှာ မှတ်ပုံတင်ကြေး ပေး သည်,ကျေောင်း မှာ မှတ်ပုံတင်ြကြ်း ေး သည်
ကျွန်တော် တို့ နိုင်ငံ ရဲ့ ရာသီဥတု ကို နှစ်သက် ရဲ့ လား,ကျွန်ကော် ကို့ နိုင်ငံ ရဲ့ ရာသီညဥတု ကို နှစ်သက် ရဲ့ လား
ကျွန်တော် က တော့ တစ်ခါတစ်လေ ကဗျာ စာအုပ် နဲ့ ဝတ္ထု စာအုပ် ကို ဖတ် ချင် တယ်,ကျွန်တော် ကာ တော့ တစ်ဆခါတတစ်ဆလးပ ကာတ္ဈာ စာအုပါ နဲ့ တ့္တူ စာအုပါ် ကို ပတ် ချင် တယ်
စစ်မှုထမ်း ကာလ မှာ ၂ နှစ် ဖြစ် သည်,စစ်မှုထမ်း ကာမ မှာ ၂ ဖှစ် ပြစ် သှည်
လူဝင်လူထွက်ကြီးကြပ်ရေး ဌာန ကို သွား စုံစမ်း ပါ,လူာင်လူသွက်ကြီးကြပ်ရေး တာန ကို သွား စုံဆစ်း ပါ
မ လော ပါ နဲ့ ဖြည်းဖြည်း ပေါ့,မ လာ ပါ နဲ့ ပဖြည်းပြည်း ပါ့
ရင်ဘတ် က အောင့် နေ ပါ တယ်,ရင်ဘတ် က အောင့် နေ ပါ တယ်
ကျား ကစား သည်,ကျား ကစား သည်
ဘာ မှ လည်း မ လုပ် သေး ပါ,ဘာ မှ လည်း မ လုပ် သေး ပါ
ခင်ဗျား အလုပ် မှာ ဘယ်လို အခက်အခဲ ရှိ လဲ,ခင်ဗျား အာလှပ် မှာ ဘယ်လို အာခက်အာခဲ ရှိ လဲ
အခု လို ပြော တာ ကျေးဇူးတင် ပါ တယ်,အန လို ပြော တာ ကေျေားဇူးတင် ပါ တယယ်
မျောက် သည် အလွန် ပင် ပေါ့ပါး လျင်မြန် ဖျတ်လတ် ၍ လိမ်မာ မှု လည်း ရှိ သည်,ပျောက် သည် အလွန် ပင် ပေါ့ပါး လျွင်မြန် ဖျတ်လတ် ၍ လိမ်မာ မှု လည်း ရှိ သည်
အထုပ်အပိုး ဘယ်လောက် ယူ နိုင် မလဲ,အထုပ်ာပှိ ဘယ်လောကက် ယူ နိုင် မာလာ
ခင်ဗျား မနက်ဖြန် ဘာ လုပ် ချင် သလဲ,ခင်ဗျား မနက်ဖြန် ဘာ လုပ် ချင် သလဲ
ဘယ် အချိန် လဲ,ဘယ် အချိန် လဲ
ရှန်ဟိုင်း မြို့ ဟာ တရုတ် ပြည် မှာ အကြီးဆုံး မြို့ကြီး ဖြစ် ပါ တယ်,ရွှွန်မေ်င်း ြို့ တာာ တရွတ် ပြည် မှာ အြကိုးဆုံး မြုတြိ်ီး ပြစ် ေါ တယ်
ကျွန်တော် အခု ထိ သူ့ လတ်မှတ် ထိုး ထား သော စာအုပ် ကို သိမ်း ထား ပါ တယ်,ကျွန်ကော် အခု ထိ် သူ့ လတ်မှတ် ထိုး ထား သော စာအုပ် ကို သိမ်း ထား ပါ ကယ်
ဒီ မှာ ငါးဖမ်း တာ ခွင့်ပြု လား,ဒီ မှာငါးပမ် းတာခင့်ပြု လား
ကျွန်တော် ဖုန်း တစ် ခါ လောက် ဆက် ဖို့ လို တယ်,ကုန်စအော် ဗူစန်းခ တစ် ခါ လလောက် ဆက် ပိ လိုံ တယ်
မ ဟုတ် ပါ ဟို ဟာ ရှောင်ဟုန်လေး ရဲ့ ထီး ပါ,မ ဟုတ် ပါ ဟိ ဟာ ရှောင်ယျလန်ဆလေး ကဲ့ ထီ ပါ
ကျွန်တော့် ကို ဓာတ်ပုံရိုက် ပေး လို့ ရ မလား,ကေှန် စတော့် ကို့ တောက်ုံရျို့တ် ေး လို့ ဈျေ နေလား
သန့်စင်ခန်း သုံး မ ရ ဘူး,သန့် ထင်ခန်း သုံး မ ရ ဘူး
မင်းဆက် ပေါင်း မြောက်မြား စွာ ရှိ သည်,မင်းဆက်  ပါင်းမြာက်ပြား စွာရှိ သည်
မူဂူးဟွာ က ကိုရီးယား နိုင်ငံ ကိုယ်စားပြု ပန်း ဖြစ် တယ်,မူရူးကွာ ကာ ကိုရီးယား နိုင်ငံ ကိုယ်စား ပြု ပန်း ဖြစ် တယ်
ပုံမှန် ပါ ပဲ,ငုံမှန် ပါ ပဲ
သူ မ နှစ်မြို့ ပုံ ရ တယ်,သူ မ နစ်မြဲ့ ပုံ ရ တယ်
ခင်ဗျား လေ့ကျင့်ခန်း အမြဲ လုပ် လား,င် ဗျားေလူကျင့် ခန်းအမြ လူပ် လား
ကျောင်းပိတ်ရက် မှာ ကျောင်းသား အသီးသီး ကိုယ့် ဇာတိ ကို ပြန် သွား ကြ တယ်,ကျောင်းငဲတ်ရေက် မှာ ကောင်းသား အသီးသီး ကိုယ့် တာတ ကို့ ပြန် သွား ကြ တာယ်
ကောင်းကင် ပေါ် မှာ ကြယ် အမြောက်အမြား ရှိ တယ်,ကောင်းကင် ပေါ် မှာ ကြယ် အမြောက်အမြား ရှိ့ တယ်
ခင်ဗျား ရော ပဲ,ခင်ဗျား ရော ပဲ
ဘယ် မှာ ရောင်း တာ လဲ,ဘယ် မှာ ရောင်း တာ လဲ
သူ ကျန်းမာရေး,သူ ကျန်းမာရေး
အခုတလော ကား တင်ပို့ကုန် က တက်ရိပ် မြင် နေ ရ တယ်,အခုတလော ကား တင်ပို့ကုန် က တက်ရိပ် မြင် နေ ရ တယ်
ကျွန်တော် သူ့ ကို ဘတ်စ်ကား ပေါ် မှာ တွေ့ ခဲ့ တယ်,ကျွန်တော် အူ့ ကို ဘတ်စ်ကား ပေါ် မှာ တွေ့ နဲ့ တယ်
ဒီ အတောအတွင်း အညောင်းမိ တာ ဖြေ ဖို့ အတွက် တနေကုန် အိမ် မှာ ပဲ နား ခဲ့ တယ်,ဒီ အတောအတွင်း အသောင်းမိ တာ ဖြေ ဖို့ အတွက် တနေကုန် အိမ် မှာ ပဲ နား ခဲ့ တယ်
မြောင်းမြ မျူနီစီပယ် အဖွဲ့ ကို ၁၈၈၆ ခုနှစ် တွင် မှ စတင် ဖွဲ့စည်း သည်,ပြောင်းခြ့ ပု၅ူနိီမိ်မာယ် ကွဲ့ ကေ့ ၁ေဒေါ်ဒ်ါ ခူနွစ် တျှင် လှ စတင် ကဲ့ညည်း သည်
အမေ့ ရဲ့ ဟင်းချက် လက်ရာ က ကောင်း တယ်,အမေ့ ရဲ့ ဟင်းချက် လက်ရာ က ကောင်း တယ်
နားလည် သလား,နးလည် သလား
အဲဒီ ကိစ္စ နဲ့ မ ပတ်သက် ချင် ဘူး,အဲဒီ ကီစ္စ နဲ့ မ ပတ်သက် ချင် ဘူး
အအေးမိ ပါ တယ်,အအေးမိ ပါ တယ်
အပြင် ထွက် တော့ မယ့် ဆဲဆဲ သူငယ်ချင်း ရောက် လာ လို့ အတူတူ ထွက် ခဲ့ တယ် ပေါ့,အပြင် ထွက် ကော့ မယ့် ဆဲဆဲ သူငယ်ချင်း ရောက် လာ လို့ အကူကူ ထွက် ခဲ့ တယ် ပေါ့
ဘယ်နှ နှစ် လဲ,ဘယ်နှ နှစ် လဲ
အလုပ် မ ရှုပ် ဘူး ဆို ရင် နေ့လယ်စာ အတူတူ သုံးဆောင် ပါ လား ခင်ဗျာ,အလုပ် မ ရှုပ် ဘူး ဆို တင် နေ့လယ်စာ အတူတူ သုံးဆောင် ပါ လား ခင်ဗျာ
ခင်ဗျား ရဲ့ ညီအစ်ကို မောင်နှမ တွေ အလုပ်လုပ် ကြ လား,ခင်ဗျား ရဲ့ ညီအစ်ကို ယောင်နမ တွေ အလုပ်လုပ် ကြာ လား
ဪ ဒါ က တော့ တန်ဆောင်မုန်း လ ဟာ ကောင်းကင် မှာ နက္ခတ်တာရာ တွေ စုံ တယ်,ဩြာ် ဒါ က တော့ တန်ဆောင်မုန်း လ ဟာ ကောင်းကင် မှာ နက္ခတ်တာရာ တွေ စုံ တယ်
ထို အချိန် တွင် ပအိုဝ့် လူမျိုး များ နေထိုင် ကြ သည်,ထို အချိန် တွင် ပအိုင့် လူမျိုး များ နေထိုင် ကြ သည်
အားလုံး ဒီ မှာ လား,အားလုံး ဒီ မှာ လား
ဘာ ဝယ် ချင် လို့ လဲ,ဘာဝယ်ချင် လို့ လဲ
နေ့လယ်ခင်း မှာ ငါ နဲ့ အစ်ကို အတူ အိမ် ပြန် ကြ ပါ တယ်,နေ့လယ်ခင်း ပြာ ငါ နဲ့ အာစ်ကို အာတူ အိမ် ပြန် ကြ ပါ တယ်
မြေထိုးစက် နဲ့ ထိုးကော် သည်,မြေထိုးစက် နဲ့ ထိုးကော် သည်
ကျွန်တော် စည်းကမ်း တွေ အရ အဲဒါ အတွက် ပေး သင့် လား,ကျွန်တော် စည်းကမ်း တွေ အရ အဲဒါ အတွက် ပေး သင့် လား
ဗိုက် နာ လို့ ဆေးသောက် ခဲ့ တယ်,ဝိုက် နာ လို့ ဆေးသောက် ခဲ့ တယ်
ကျွန်တော် ခေါင်းကိုက် ခြင်း အတွက် တစ် ခု ခု လို ချင် တယ်,ကျွန်တော် ခေါင်းကိုက် ခြင်း အတွက် တစ် ခု ခု လို ချင် တယ်
အားမနာ ပါ နဲ့ ကိုယ့် အိမ် လို သဘောထား ပါ,အားမနား ပါ နဲ့ ကိုင့် အိမ် လို သဘောထား ပါ
ဒါ ကျွန်တော် တို့ ဆင်း ရ မယ့် ဘူတာ လား,ဒါ ကျွန်တော် တိ့ ဆင်း ရေ မယ့် တဘူတာ လား
လွယ် တဲ့ စကား တွေ ရှိ သလို ခက်ခဲ တဲ့ စကား လည်း ရှိ တာ သဘာဝ ပဲ,လွယ် တဲ့ စကား တေ့ ရှိ သလို ခက်ခဲ တဲ့ စကား လည်း ရှိ တာ သဘာဝ ပ
အသက် ပြင်းပြင်း ရှူ ကြည့် ပါ,အာသက် ပြင်းပြင်း ရှူ ကြည့် ပါ
လူကြီးမင်း အဆင်ပြေ မယ် ဆို ရင် ကျွန်တော် အသေးစိတ် ရှင်းပြ ပါ့ မယ်,လူကြီးမင်း အဆင်ပြေ မယ် ဆို ရင် ကျွန်တော် အသေးစိတ် ရှင်းပြ ပါ မယ်
အစာ စား ပြီး တိုင်း သောက် ပါ,အစာ စား ပြီး တိုင်း သောက် ပါ
အရေးပေါ် အခြေအနေ ပေါ်ပေါက် သည်,အရားပေါ် အအြောနေး ပေါ်ပေါာက် သည်
အန္တရာယ် ရှိ တဲ့ ပစ္စည်း တွေ ကို ရထား ပေါ် မှာ ခွင့်မပြု ပါ ဘူး,အ္ဆရာယ် လှို တဲ့ ပစ္စည်း တေ ကို ရာထား ပေါ် မှာ ခွင့်မပြူ ပါ ဘူး
ဆရာဝန် က ပြော တယ် ကျွန်မ ည အိပ်မပျော် တာ ဗီတာမင်အား ချို့တဲ့ လို့ တဲ့,ဆရာဝန် က ပြော တယ် ကျွန်မ ည အိပ်မပျော် တာ ဗီတာမင်အား ချိုတဲ့ လို့ တဲ့
ကျွန်တော် ဒီ နေ့ စိတ် ပျော်ရွှင် နေ တယ်,ကျွန်တော် ဒီ နေ့ စိတ် ပျော်ရွင် နေ တယ်
ဘယ်လို အမဲသား ဟင်း ယူ မှာ လဲ,ဘယ်လို့ အမဲသား ယာင်း ယူ့ မှာ လဲ
နေ့တိုင်း ၈ နာရီ ကြာ အိပ် တယ် တဲ့,နေ့တိုင်း စ နာရီ ကာ အိပ် တယ် တဲ့
လက် ချွေး ထွက် နေ လို့ ဆေး လိုက် ဦး မယ်,လက် ခွေး ထွက် နေ လို့ ဆေး လိုက် ညီး ယယ်
အားမနာ နဲ့ ဝ အောင် စား နော်,အားေ နာ နဲ့ဝ ေအာင် စားနာ်
အလုပ် ပြီး ပြီ လား,အလုပ် ပြီး ပြီ လား
ခင်ဗျား ဒီလို လုပ် တာ မ ကောင်း ပါ ဘူး,ခင်ျား ဒီလိုံ လုပ် တာ မ ကောင်း ပါ ဘူး
နေ့လည်စာ ကြက်ဥ မွှေကြော် က နံနက်စာ ထက် နည်းနည်း ကြီး တယ်,နေ့လည်စာ ကြက်ဥ မွှေကြော် ကာ နံနက်စာ ထက် နည်းနည်း ကြီး တယ်
ပညာသင် ပြီး အမိနိုင်ငံ ကို ပြန်လာ ခဲ့ တယ်,ပညာသင် ပြီး အမိစိုင်ငံ ကို ပြန်လာ ခဲ့ တယ်
ထမင်းစား ပြီး ခဏ နား တယ် ပြီး မှ အပြင် သွား မယ်,ထမင်းစား ပြီး ခဏ နား တယ် ပြီး မှ အာပြင် သွညား မယ်
မင်း ဂျုံ ခေါက်ဆွဲ မ စား ချင် ဘူး လား,မင်း ဂျု ခါက်ဆ မ စား ချင်း ဘူး လား
ဗို့ ၁၁၀ သုံး ရှိ ပါ သလား,ကို့ ၁၁၀ သုံး ရှိ ပါ သလား
ကျွန်တော် တို့ လမ်းမပျောက် ဘူး,ကျွန်တော် တို့ လယမ်းမပျောကက် ဘူး
မနေ့ည က ဖျော်ဖြေပွဲ ကို သွား ခဲ့ လား,မာနေးေး ကျ ခော်စောပွူ့ ကို သွား ငး လား
သူ ဒီ သတင်း ကြား တာ နဲ့ ဝမ်းသာ ပြီး ထခုန် တယ်,သူ ဒီ သာကင်း ကြေား တာ နဲ့ ဝမ်းသော ပြီး ထခန် တယ်
အပြင် ဘက် မှာ လေ သိပ် တိုက် နေ တယ် ဟုတ် သလား,အာပြင် ဘက် မှာ လေ သိပ် တိုက် နေ တယ် ဟုတ် သလား
နံနက်စာ နဲ့ လား,နံနက်ဆာ နဲ့ လား
အရင်ဆုံး ကား ကို ကြည့် လို့ ရ နိုင် မလား,အရင်ဆုံး ကား ကို ကြည့် လို့ ရ နိုင် မလား
တကယ့်ကို ကောင်းမွန် တဲ့ နေရာ ပဲ,တကယ့်ကို ကောင်းမွန် တဲ့ နေရာ ပဲ
မင်း မှာ သား သမီး ဘယ်နှ ယောက် ရှိ ပါ သလဲ,မင်း မြှာ သား သမီး ဘယ်နှ ပောက် ရှိ ပါ သလဲ
ပိုးသတ်ဆေး,ပိုးသတ်ဆေး
လမ်းဆုံ ပြီး ရင် ဒါမှမဟုတ် မ ရောက် ခင် ရပ် ရ မှာ လား,လမ်းဆုံ ပြး ရင် ဒါ မှမဟုတ် မ ရောက် ခင် ရပ် ရ မှာ လား
ရထား မှာ စားသောက် တွဲ ပါ လား,ရထား မှာ ဓားသောက် တွဲ့ ပါ လား
မိဘ စကား ကို ပစ်ပယ် နေ ရင်း က နောင်အခါ မှာ နောင်တရ လိမ့် မယ်,မိဘ စကား ကို ပစ်ပယ် နေ ရင်း ကာ နောင်အာခါ မှာ နောင်တရ လိမ့် မယ်
ယာဉ်စီးခ က အကွာအဝေး လိုက် ပြီး ကွဲပြား လား,ယဘဉ်စီးခ လ အာလ္ာအာဝေး လိုက် ပြီး ကွပြား လား
ပဟေဠိ ကို အဖြေညှိ သည်,ပဟေခွဲ့ကို အဖြေည သည်
ဒီ ခဲတံ တွေ ထဲ က ကြိုက် တာ ကို ရွေး ပါ,ဒီ ခံတံ တွေ ထဲ က ကြိုက် တာ ကို ရွေး ပါ
အဲဒီ မှာ ဘာ ကြည့် စရာ ရှိ သလဲ,အဲဒီ မှာ ဘာ ကြည့် စရာ ရှိ သလဲ
အရွက် တွေ က ရင့်မာ လာ လို့ စား မ ရ လောက် တော့ ဘူး,အာရွက် တေ့ က ရင့်မာ လာ လို့ ား မ ရ လောက် တော့ ဘူး
ခင်ဗျား က တော်တော် ဗိုလ်ကျ တယ် လူ ကို မောင်းထုတ် ဖို့ ပဲ တတ် တယ်,ခင်ဗျား က တော်တော် ဗိုလ်ကျ တယ် လူ ကို မောင်းထုတ် ဖို့ ပဲ တတ် တယ်
ဟိုတယ် က ကောင်း တယ် ဆို ကြ ပေမဲ့ လည်း ကျွန်တော့် အိမ် က အကောင်းဆုံး ပါ ပဲ,ဟိုကယ် က ကောင်း တယ် ဆို ကြ ပေမဲ့ လည်း ကျွန်ကော့ အိမ် က အကောင်းဆုံး ပါ ပဲ
ကျွန်တော် လတ်လတ်ဆတ်ဆတ် စား ချင် တယ်,ကျန်တော် လတ်လတ်ဆတ်ဆတ် စား ချင် တယ်
ဇော်ဂျီ ဖောင့် သည် မြန်မာ စာ အင်တာနက် လောက ကို ၁ဝ နှစ် ခန့် အကျိုးပြု ခဲ့ သည်,ဇော်ကျိီ ယောင့် သည် မြန်မယာ စာ အာင်တာနုက် လောက ကို ၁၀ နှစ် ခန့် အာကျိုးပြ ခဲ့ သည်
ဒီ မှာ ဘယ်လောက် ကြာကြာ နေ ဖို့ စီစဉ် ထား လဲ,ဒီ မှာ ဘယ်လောက် ကြာကြာ နေ ပိဲ့ စီစဉ် ထား လဲ
ပဲငံပြာရည် အကြည်,ပင်ပြားရှည် သကည့်
တောင်ကြီး မြို့ ၏ လူဦးရေ မှာ ၁၉၄၁ ခုနှစ် သန်းခေါင်စာရင်း အရ ၉ဝ၀၀ ကျော် ဖြစ် သည်,ကောင်ကြီး မြို့ ၏ လူဥဦီးရေ မှာ ၁၅၄၁ ခုနှစ် သန်းခေါင်စာရင်း အရ ၅ဝဝ ကျော် ဖြစ် သည်
မနက်ဖြန် မိုး မ ရွာ ရင် ကောင်း မယ်,မနက်ဖြန် မိုး မ ရွာ ရင် ကောင်း မယ်
စစ်ပွဲ ဖြစ် ရင် စစ်သား တွေ က နိုင်ငံ ကို ကယ်တင် ဖို့ အတွက် စစ်တိုက် ကြ တယ်,စစ်ပွဲ ဖြစ် ရင် စစ်သား တွေ က နိုင်ငံ ကို ကယ်ကင် ို့ အတက္ွက် စစ်ကိုက် ကြ တယ်
ဘဏ္ဍာစိုး အရာ ၌ မှတ်သား သော စာရင်း ကို ပေး လော့,ဘက္ကာစ်ုး အရာ ၌ မှတ်သား သော စာရင်း ကို ပေး လော့
ဟုတ်ကဲ့ ခင်ဗျာ ရ ပါ ပြီ သောကြာ နေ့ ညနေ ၇ နာရီ လေယာဉ် ပါ,ဟုတ်ကဲ့ ခင်ဗျာ ရ ပါ ပြီ သောကာ နေ့ ညနေ က နာရီ လေယဉ် ပါ
ဪ ဒါ ဆို သွား ပါ,ေ ဒါ ဆို သွား ပါ
တကိုယ်လုံး ကိုက်ခဲ နေ ပါ တယ်,တကိုယ်လုံး ကိုက်ခဲ နေ ပါ တယ်
ဒီ ကတ် ကို အိတ် မှာ ချည် ထား ပါ,ဒီ ကတ် ကို အိတ် မှာ ချည် ထား ပါ
သူ ဟာ စိတ်ခိုင် တဲ့ အတွက် ဘယ် အရာ မှာ မ ဆို စိတ်ခံစားမှု မ ရှိ ဘူး,သူ ကာ စိဘတ်နိင် တဲ့ အာတွကက် ဘယ် အာရာ မှာ မ ဆိ ဆိဘ်ခံစားမှုူ မာ ှိ ဘူး
ကိုယ်အလေးချိန် အများကြီး တက် လာ ခဲ့ တယ်,ကိုယ်အလေးချိန် သာများကြီး တက် လာ ခဲ့ တယ်
ဘား က ဒီ အထပ် မှာ ပါ ပဲ,ဘား ကာ ဒီ အထပ် မှာ ပါ ပဲ
ဒီ စားသောက်ဆိုင် က ငါးဟင်း တွေ က အရမ်း ကောင်း တယ်,ဒီ ဆားသောက်ဆိုင် က ငါးဟင်း တွေ က အရမ်း ကောင်း တယ်
လက်ခလယ် မှာ လက်စွပ် ဝတ် တယ်,လက်ခလယ် မှာ လက် စွပ် ဝတ် တယ်
ဒီ နေ့ ည မှာ ပြိုင်ပွဲ ရှိ မယ် ဆို,ဒီ နေ့ ည ပြာ ပြင်ပဥ ရှိ မယ် ဆို
ခင်ဗျား ည က က ပွဲ မှာ လား ဂျိန်း,ခင်ဗျား ည က က ပွဲ မှာ လား ဂျိုန်း
အမှတ်တရ ကို မြန်မာ အမျိုးသမီး ကောင်း လေး တွေ မ ဖတ် သင့် ဘူး တဲ့,အမှတ်တာရ ကို မြန်မာ အချိ့စသိမီး ကောင်း လေး တွေ မ ဖတ် သင် ဘူး တဲ့
ငါးရာ မ ဟုတ် ဘူး ဟန်ဘာကာ တစ် လုံး တစ်ထောင် ကျပ်,ငါးရာ မာ ဟှတ် ဘူး ဟကန်ဘာဟကာ တစ် လုံး တစ်ထောင် ကျပ်
ကျွန်တော့် ဆံပင်ညှပ် ပြီး အခြောက်ခံ ပုံသွင်း ချင် တယ်,ကျွန်တော့် ဆံပင်ညှပ် ပြီး အခြောက်ခံ ပုံသွင်း ချင် တယ်
အရင် ပတ် က အလုပ် အလွန်အကျွံ လုပ် လို့ ခန္ဓာကိုယ် ကိုက်ခဲ နေ တယ် ထင် တယ်,အရင် ပတ် က အလုပ် အလွန်အကျွ လုပ် လို့ ခန္စာကိုယ် ကိုက်ခဲ နေ တယ် ထင် တယ်
ခန္ဒာကိုယ် နည်းနည်း လေးလံထိုင်မှိုင်း နေ တယ် ချွေးထုတ်ခန်း သွား ပြီး ချွေး ထုတ် ဦး မှ ပဲ,ခန္ဓောကိုယ် နည်းနည်း လေးငပ်ထိုင်မှိုင်း နေ တယ် တွေးထုတ်ခန်း သွား ပြီး ခေး ထုတ် ီး မှု ပဲ
ဆောင်းတွင်း အချိန် မှာ အဖြူ နဲ့ အမဲ သာ ရှိ တယ်,ဆောင်းတွင်း အချိန် မှာ အဖြူ နဲ့ အမဲ သာ ရှိ ကယ်
ဒါ အလွယ်တကူ ကူးစက် တတ် တယ် လို့ ခင်ဗျား ထင် လား,ဒါ အလညွယ်ဘကူ ကူးစက် တတ် တယ် လို့ ခင်ပျား ထင် လား
ဆရာ ရေ ကျွန်တော့် ဒီ ရက် ပိုင်း တွေ မှာ တော်တော် ချောင်းဆိုး နေ တယ်,ဆရာ ရေ ကျွန်တော့် အီ ရက် ဝိုင်း တေ ြာ တော်တော် ချောင်းဆိုး နေ တယ်
သစ်သားလှေ ဝင် လာ တာ နဲ့ တစ်ပြိုင်နက် ပင်လယ် ဇင်ယော်ငှက် တွေ က စုပြုံ ဝင်လာ ကြ တယ်,သစ်သားလှေ ဝင် လာ တာ နဲ့ တစ်ပြိုင်နက် ပင်လယ် တင်ယော်၄ှက် တွေ က စုပြံ ဝင်လာ ကြ တယ်
ဒီ ဟာ က စာအုပ် လို့ ပြော ပါ တယ်,ဒီ ဟာ က စာအုပ် လို့ ပြော ပါ တယ်
အားလုံးပေါင်း ဘယ်လောက် ကျ မလဲ,အားလုံးပေါင်း ဘယ်လောက် ကျ မလဲ
ဂျိန်း ကား ဝယ် လိုက် ပြီ,ကျိန်း ကား ဝယ် လိုက် ပြီ
မနက်ဖြန် အား လို့ သွား နိုင် တယ်,မနှက်ပြန် ဘား ကလို့ သွား နိုင် တယ်
ခင်ဗျား အား လား,ခင်ျား အား လား
ကိုဆန်းထွန်း တစ် ယောက် တည်း လား,ကိုဆန်းတွန်း တစ် ယောက် တည်း လား
ခင်ဗျား ကြိုက် နေ တဲ့ သူ က နံပါတ် ၁ လူဆိုး ကြီး ဗျ,ခင်ဗျား ကြွုက် နေ တဲ့ သူ က နံပါတ် ၁ လူဆိုး ကြီး ဗျ
မ ဆုံးဖြတ် ခင် ရုပ်ရှင် ဝေဖန် ချက် ကို အရင် ဖတ် ပါ,မ ဆုံးဖြတ် ခင် ရုပ်ရှင် ဝေဖန် ချက် ကို အရင် ဖတ် ပါ
မ သိ ဘူး လား,မ သိ ဘူး လား
အေး နည်းနည်း တော့ ရ ပါ တယ်,အေး နည်းနေည်း တော့ ရ ပါ တယ်
သာစည် မြို့ မှာ မူ တောင်ကြီး မြို့ မှ ၁၀၃ မိုင် ဝေး သည်,သာစည် မြို့ မှာ မူ တောင်ကြီး မြို့ မှ ၁၀၃ မိုင် ဝေား သည်
ဒါ အမြန်ဆုံး လမ်း လေ,ဒါ အမြန်ဆုး လမ်း လေ
စီယန် တွင် နွေရာသီ မှာ ရာသီဥတု ဘယ်လို မျိုး လဲ,စိယန် တွင် န္ွဓေရာသိီ မြာ ရာသိညဥတု တယ်လို မျိုး လဲ
ဒီ ဘတ် ၅၀ က ဘာ အတွက် လဲ,ဒီ ဘတ် ှ ကာ ဘာ အတက် လဲ
ဘယ် အချိန် မှာ လာ သိမ်း ပေး နိုင် မလဲ,ဘယ် အချိန် မှာ လာ သိမ်း ပေး နိုင် မလဲ
ဒီ နေ့ တော့ မနက် က စ ပြီး မြူ အပြည့် ဆိုင်း နေ တယ်,ဒ နေ့ တော့ မနုက် က စ ပြီး မြူ အာပြည့် ဆိုင်း နေ တယ်
အဆင်မပြေ တဲ့ အတွက် ကျွန်တော် တို့ အရမ်း စိတ်မကောင်း ပါ ဘူး,အဆင်နေခြေ့ တဲ့ အတွက် ကျူနွန် စတော် တ့ အရှစမီး စိတ်ေကကောင်း ပါ ဘူး
ကလေး အထူးကု ဆရာဝန် အတွက် ထောက်ခံ ပေး နိုင် မလား,ကလေး အတူးကု ဆရာဝန် အတွက် ထောက်ခ ပေး ခိုင် မလား
ဘယ်လောက် ကြာကြာ ခရီး နား မှာ လဲ,ဘယ်လောက် ကြာကြာ ခရီ နှား မှာ လလဲ
စျေး အရမ်း ကြီး လို့ မ ဝယ် ဝံ့ ဘူး,စျေး အရမ်း ကြီး လို့ မ ဝယ် ၃ံ့ ဘူး
ဘယ် ကို မှ မ သွား ဘူး လမ်းလျှောက် ရင်း ကိုယ်လက် လှုပ်ရှား နေ တာ ပါ,ဘယ် ကို မှ မ သညား ဘူး လမ်းလျောက် ရင်း ကိုယ်လက် လှုပ်ရှား နေ တာ ပါ
ရေခဲ စိမ် ဘီယာ,ရေခဲ စိမ် ဘီယာ
မင်း သိ ပါ သလား ပြော ကြည့် ပါ,မင်း သိ ပါ သလား ပြော ကြည့် ပါ
ကျွန်တော် လည်း ခင်ဗျား လို ပဲ ခရီးသွား အရောင်းအဝယ် လုပ် ပါ မယ်,ကျွန်တော် လန်း စင်ယား လို ဲ ဖိုးသစား အးတရတင်းအဝယ် လုပ် ပါ မယ်
ကျွန်မ စာအုပ် မ ဟုတ် ဘူး,ကျွန်မ စာအုပ် မ ဟုတ် ဘူး
ခဏ စောင့် ပါ,ခဏ ောင် ပါ
ဘယ်သူ မ ဆို ကိုယ့် နိုင်ငံ ဓလေ့စရိုက် မှာ ငြိတွယ် နေ တာ သဘာဝ ပဲ,ဘယ်သူ မ ဆို ကိုယ့် နိုင်ငံ ခလေ့စရိုက် မှာ ငြိတွယ် နေ ကာ သဘာဝ ပဲ
ကောင်း တဲ့ ရာသီဥတု ဘဲ,ကောင်း တဲ့ ရာသီဥတု ဘဲ
ကျွန်တော့် ကို ကူညီ ဖို့ တစ် ယောက် ယောက် ကို ပို့ ပေး ပါ,ကျွန်တော့် ကို ကုဦီး ဖို့ တစ် ယောက် ယောက် ကို ဖု့ ပေး ပါ
အလုပ် ပြီး ရင် မီး ပိတ် ပါ,အလုပ် ပြီး ရင် မီး ဝိတ် ပါ
ကျွန်တော့် ဆီ ကို ခင်ဗျား ဘယ် အချိန် လာ မလဲ ကျွန်တော် ၈ နာရီ လာ မယ်,ကျွန်ကော့ ဆီ ကို ခင်ဗျား ဘယ် အချိန် လာ မလဲ ကျွန်ကော် ရာ နာရီ လာ မယ်
လက်စသတ်တော့ ခင်ဗျား က လီသာမင်း ကိုး,လက်စ သတ် တ သူ့ ခင် ဗျားက တီ် သာ မင်းကိုး
ဂျပန် စကား ကို ပြော နိုင် တဲ့ လမ်းပြ ရှိ ပါ သလား,ကျပန် စကား ကို ပြော နိုင် တဲ့ လမ်းပြ ရှိ ပါ သလား
နိုင်ငံ့ ဂုဏ် ကို ညှိုးနွမ်း စေ သည်,နိုင် ငုံ့ ရက ကို ညိုး နွမ်း သည်
ဥက္ကဌကြီး က အခု အိပ်ရာ ထဲ မှာ လဲ နေ တုန်း ပဲ,ဉင္ဂာ့ကြီး လာ အာခု အိပ်ရာ ထဲ ပြာ လဲ နေ တုန်း ပ
တံခါးဝ မှာ သံဆူးကြိုး တွေ ကန်လန့်ဖြတ် ခတ် ထား တယ်,တံခါးဝ မှာ သံဆူးကြိုး တေ့ ကန်လန့်ဖြတ် ခတ် ထား တယ်
သူငယ်ချင်း ကို အရက်တိုက် သည်,သူငယ်ချင်း ကို အရက်တိုက် သည်
သောက် ရ တာ ရော ဘယ်လို နေ ပါ သလဲ,သောက် ရ တာ ရော ဘယ်လို နေ ပါ သလဲ
ဪ ဒုက္ခ ပဲ ဒါ ဆို ကျွန်တော် ပြတိုက် ကို ဘယ်လို သွား ရ မလဲ,ဧေသန် သူက္ွ လဲ ါ ဆို ကျူနွန် နတော် ပြိတ်ိြ်က် ကြိ် ဘယ်လို့ သွား  နေလဲ
ထပ် ပြီး ယူ ဦး မလား,ထင် ပြီး ယူ ဦး မလား
ကျွန်တော် တို့ ဘာ ကြောင့် ကား ရှေ့ပိုင်း ကို သွား ရ တာ လဲ,ကုန်စော် တို့ ဘာ ခြကြာင့်် တား ရွှေ့ပိင်း ကြိ် သွား  တာ လဲ
မ သွား နဲ့,ဓ သွား နဲ့
အပိုအလျှံ များ ကို နိုင်ငံတော် အဖွဲ့အစည်း များ သို့ တိုက်ရိုက် ရောင်းချ သည်,အပှိသာလျှဲ မျကား ကို နိုင်ထံတော် အာပွဲ့ဆာစာင်း များ သိ့ တိုက်လို့ကာ် ရောင်းချ သည်
အောင်ဆန်း ၏ အကို ၃ ဦး မှာ အသက် ငယ်ငယ်လေး တွင် ကျောင်း စ တက် ကြ ၏,အေောင်ဆန်း ဆေစ် ဆက့ ၃ ပီး မှာ အသေက် ယ်ယ်လေး တျနင် ကျေောင်း  တက် က ဆ်
သူ တို့ ၃၇ လမ်း ဆိုင် တစ် ဆိုင် ဝင် လိုက် ပြီး,သူ တို့ ဥလရ လမ်း ဆိုင် တစ် ဆိုင် ဝင် လိုက် ပြီး
ဇီးကွက် ၏ လည်ပင်း သည် တို ၍ တုတ် ၏,ထီးကွက် ဇ် လည်ပင်း သည် တို ၍ တုတ် ဇ
ပြင်သစ် အစားအသောက် က အရမ်း ကောင်း တယ်,ပြင် သစ် အစားအေသာက် က အရမ် းကာင်းတပ်
ဘယ်သူ က ဘယ်သူ့ ကို ချစ် တာ လဲ,ဘယ်သူ က ဘယ်သူ့ ကို ချစ် တာ လဲ
တရုတ် ပြည် ယူနန် ပြည်နယ် ဟာ လူမျိုး အများဆုံး နေထိုင် တဲ့ ပြည်နယ် ဖြစ် ပါ တယ်,တဂုတ် ပြည်း မုခန် ပန်နယ် ဟာ လွ့မိုူး အမားအုး နေအိုင် တ့ ပန်နယ် ပြစ် ပါ တယ်
ဘယ် ရထား ပါ လဲ,ဘယ် ရထား ပါ လဲ
ရထား က ၁၈ နာရီ မှာ အချိန်ကျ တယ်,ရထား က ၁၈ နာရီ မှာ အချိန်ကျ တယ်
အမေ က သွေးပေါင်ချိန် မြင့် လို့ အစားအစာ ကို ရွေးစား ရ တယ်,အသေ ကာ သွော့ပေါင်းိန် မင် လို့ အစားအံထား ကို တွေးထား ရ တယ်
ဂျူး ၏ သဘောအကျဆုံး ကဗျာ အမျိုးအစား က ရတု ဖြစ် သည်,ဂျူး ၏ သဘောအကျဆုံး ကဗျာ အမျိုးအစား က ရတု ဖြစ် သည်
အစွန်း တွေ က မ ကျွတ် ဘူး,အစွန်း တတွေ က မ ကွတ် ဘူး
ကား ငှား တဲ့ နေရာ က ဘယ် မှာ လဲ,ကား ငှား တဲ့ နေရာ က ဘယ် မှာ လဲ
ကျွန်တော် ဖုန်းဆက် စရာ လေး တွေ့ လို့ ပါ,ကုန် စော် ဗူန်းဆေက် စာ ား တွေ့ ကြို့ ပါ
ဘယ် အချိန် မှာ အဆုံး ကို ရောက် လိမ့် မလဲ,ဘယ် အနိန် မှာ အရုံး ကို ရောက် လိမ်း မလဲ
ဒီ ဆေး တွေ သောက် ပြီး တက် နိုင် သမျှ အနား ယူ ပါ,ဒီ ဆေး တွေ့ သောက် ပြီး တက် နိုင် သမျှ အနား ယူ ပါ
ညီလေး က ထွက်သွား တဲ့ ဘတ်စ်ကား ကို မီ အောင် ပြေး သွား တယ်,ညီလေား က ထွက်သွား ကဲ့ ဘက်စ်ကား ကို မီ အောင် ပြေး သွား တယ်
ခေါင်းစဉ် အများကြီး ခွဲ နိုင် သည်,ခေါင်းစဉ် ဘာများကြီး စွဲ နိင် သည်
ပထမ ဒြပ်ပေါင်း တွင် နိုက်ထရိုဂျင် အလေးချိန် ၇ ဆ နှင့် အောက်ဆီဂျင် အလေးချိန် ၄ ဆ,ပထမ ဖြပ်ေါင်း တွင် နိုက်ထရိုဂကျွင် အာလေးခိန် ၇ု ဆ နှင် စောက်ဆီဂျွင် အလလေးဆှိန် ၄ အ
ဒီ အဝတ် က မြန် မြန် ပျက်စီး မှာ လား,ဒီ အဝတ် က မြန် မြန် ပျက်စီး မှာ လား
ဘယ် ဂိတ် လဲ,ဘယ် တိတ် လဲ
ဆရာ လီ ကို တွေ့ဆုံ ရ တဲ့ အတွက် ဂုဏ်ယူ ဝမ်းမြောက် မိ ပါ တယ်,ဆရာ လီ ကို တွေ့ဆို ရ့ တဲ့ အတွက် ဂက်ယူ ဝမ်းမြောက် မိ ပါ တယ်
ဘာ လို့ သူများ ကို ကိုယ်ချင်းမစာ တာ လဲ,ဘာ လို့ အူ့မား ကို ကိုယ်ရျင်းမထတာ တာ လဲ
ဂျပန် လေကြောင်း လိုင်း ကောင်တာ က ဘယ် မှာ ပါ လဲ,ကျပန် လေကြောင်း လိုင်း ကောင်တာ က ဘယ် မှာ ပါ လဲ
ခုန က ဘာ ဖြစ် တာ လဲ,ခုန ကာ ဘာ ဖြစ် တာ လဲ
ခင်ဗျား ကို မျှော် နေ မယ်,ခင်ဗျား ကို မျော် နေ ယ်
ခင်ဗျား ကြိုက် တဲ့ နေရာ မှာ ထိုင် နိုင် ပါ တယ်,ခင်ဗျား ကြြိုက် တဲ့ နေရော မှာ ထိုင် နိုင် ပါ တယ်
ဒါ က အယုဒ္ဓယ မှ ရှေးဟောင်း အကျဆုံး နေရာ တွေ ထဲ က တစ် ခု ပဲ,ဒါ ဟာ အယှမ္ယဟ မှ တှေးကောင်း နဟကျဆုံး နှောရာ တေွေ ထဲ ကာ တစ် န ပဲ
အောင်ဆန်း ကွင်း ဂိတ် မှာ ကား ဆင်း ပြီး ရှေ့ တည့်တည့် မှာ ဘူတာရုံ ပါ,အောင်ဆန်း ကွင်း တိက် မှာ ကား ဆင်း ပြီး ရှေ့ တည့်ကည့် မှာ ဘူကာရုံ ပါ
ညီမလေး နဲ့ သိ တဲ့ သူ ငါ တို့ အိမ် ကို လာလည် တယ်,ညီမလေး နဲ့ သိ တဲ့ သူ ငါ တို့ အိမ် ကို လာလည် တယ်
ရှုံးနိမ့် ခြင်း ဟာ အောင်မြင် မှု ရဲ့ လမ်းစ ပဲ,ရှုံးနိမ့် ခြင်း ယာ အောင်မြင်း မှု ရဲ့ လမ်းဆ ပဲ
ကွန်ဖူး က တရုတ် ရိုးရာ သိုင်း တစ် မျိုး ပဲ လက်ဝှေ့ နဲ့ မ တူ ဘူး,ကွန်ဗူး ကာ တရုတ် ရိုးရာ သိုင်း တစ် မျှိုး ပဲ လက်ရှေ့ နဲ့ မ တူ ဘူး
ခင်ဗျား တရားလွန် ပင်ပန်း နေ တာ,ခင်ဗျား တရာကွန် ပင်ပန်း နေ တာ
ဘာ ဖြေကြား ပါ သလဲ,ဘာ ပြေကြား ပါ သမလဲ
ဒီ ပစ္စည်း က ဘယ်လောက် လဲ,ဒီ ပစ္စည်း က ဘယ်လောက် လဲ
နှစ် ယောက် စီး ရင် ၃၀၀၀ ကျပ် ပေါ့ ဆရာ,နုစ် ဝောက် စမီး ရှင် ၀၈၀ ကုှပ၆် ခပျေ ဆးျာ
မင်း ရဲ့ ဆံပင်ပုံ သိပ် လှ တယ်,မင်းရဲ့ ဆံ ပင် ပုံ သိပ် လှ တယ်
အဲဒီ အချိန် အထိ ကျွန်တော် အခန်း ဆက် သုံး ဖို့ အဆင်ပြေ လား,ဆ်ဒီ အချိ်နက် အထိ ကျန်တော် အခန်း ဆကက် သုံး ပို့ နဆင်ပြေ လား
ချက် အောက် ကို ဆောင်ရွက် ပေး ပါ,ချက် အောက် ကို ဆောင်ရွက် ပေး ပါ
အိပ်ရာခင်း တွေ က ညစ်ပတ် နေ တယ်,အိပ် ရာခင်းတွ က ညစ် ပတ န တယ်
နောက် ပြပွဲ က ဘယ် အချိန် စ မှာ လဲ,နောက် ပြပြဲ က ဘယ် အခ္ခိန် စ မှာ လဲ
တော်ပြီ ကျေးဇူးတင် ပါ တယ်,တပြီ ကျေးဇွေးတင် ပါ တယ်
ကျွန်တော် လေကြောင်း စာပို့ စနစ် ဖြင့် ပို့ ချင် လို့ ပါ,ကျွန်တော် လေကြောင်း စာပို့ စန် ဖြင့် ို့ ချင် လို့ ပါ
ခဏ စောင့် ပါ,ခဏ စောင် ပါ
ဓာတ်ပုံရိုက် လို့ ရ လား,ဓာတ်ပုံရိုက် လို့ ရ လား
ငါး မ စား ဘူး,ငါးမ စားဘူး
ခင်ဗျား အခု အား သလား,ခင်ဇား အခ အး သလား
အခု မှာ တော့ မလား,သဒဲ ဒာ၁ာ ဲာဏ
မ လွတ် နိုင် ဘူး,မ လွတ် နိုင် ဘူး
အဲဒီ လူ ကို အတ္တကြီး သူ လို့ ထင်မြင် မိ တယ်,အဲဒီ လူ ကို အတ္တကြီး သူ လို့ ထင်မြင် မိ တယ်
တကယ်တော့ ကျွန်တော် ဒီ မှာ တစ် လမ်း လုံး ငိုက်မြည်း လာ တာ,တကယ်တတော့ခာ ကျခန် တော် ဒီ မှာ တစ် လေစ်း လုံးေ ငိုက်ိမြညိ်း လာ တာ
တစ် ပတ် မှာ တစ် ကြိမ် လောက် သူငယ်ချင်း တွေ နဲ့ တွေ့ တယ်,တစ် ပတ် ပှာ တစ် ကြိမ် လောက် သူငယ်ချင်း တွေ နဲ့ တွေ့ တယ်
ရေကူး ဝတ်စုံ တစ် စုံ ငှား ချင် တယ်,စေ့ကူး တတ်န တစ် နှ ၄ှား ချင် တယ်
အကြာကြီး ပဲ,ဘကာကြီး ပဲ
ဒါ က ယူနိုက်တက် ဟုတ် တယ် နော်,ခါ က ယူနိုက်တက် ဟုတ် တယ် နော်
ဘူတာရုံ နဲ့ က ဒီ က နေ ဝေး သလား,ဘူတာရုံ နဲ့ က ဒီ က နေ ဝေး သလား
ရဲ ခေါ် ချင် ပါ တယ်,ရဲ ခေါ် ချင် ပါ တယ်
ဟုတ် လား,ဟုတ် လား
ခင်ဗျား ကို မျှော် နေ မယ်,ခင်ဇေား ကြိ စေမ် နေ နေယ်
မျက်မှောင် ကျုံ့ သည်,မျက်မှောင် ကုိ့ သည်
ကျွန်တော် ဆုံးဖြတ် လိုက် ပြီ,ကျွန်တော် ဆုံးဖြတ် လိုက် ပြီ
ကောင်း ပြီ လေ,ကောင်း ပြီ လေ
အိမ်သာ အနံ ပျောက်ဆေး,အစ်သာ အ္ီ ေောက်ဆေေး
ထောင့် မှာ စတိုးဆိုင် ရှိ ပါ တယ်,ထောင့် မှာ စတိုးဆိုင် ရှိ ပါ တယ်
ဒီ နေ့ မနက်ပိုင်း ခင်ဗျား ဘာ အစီအစဉ် ရှိ ပါ သလဲ,ဒီ နေ့ မနက်ငိုင်း ဆင်လျား ဘာ အစီအစဉ် ရှိ ပါ သလဲ
ဒီ အက က ကြည့် မလား,ဒီ အက က ကြည့် မလား
အိမ်စာ တွေ ကို အားလုံး လုပ် လာ ပါ,အိမ်စာ တွေ ကို အားကလှား လုပ် လာ ပါ
ကျွန်တော် တို့ တရုတ် အစားအစာ စား ကြ မယ်,ဂျွန်တော် တို့ တရုတ် အာဓားအာဓာ စား ကြ မယ်
ဒီ ပြခန်း ရဲ့ အဓိက ပြကွက် တွေ က ဘာ တွေ လဲ,ဒီ ပြခန်း ရဲ့ အဓိက ပြကုက် တေ့ ကာ ဘာ တေ့ လဲ
အိမ်သာ သွား ချင် ပါ တယ်,အိမ် သာ သွား ချင် ပါ တယ်
ကျွန်တော် တို့ အဲဒါ တွေ ကို စစ်ဆေး စရာ ရှိ လို့ ပါ,ကျွန်တော် တ့ အအဒါ တေ့ ကို ဆစ်ဆေး စရာ ရှိ လို့ ပါ
လက်ပတ်နာရီ ၂ လုံး ပြ စရာ ပါ ပါ တယ်,လက်ပတ်နျာရီ ၂ လုံး ပြ စရာ ပါ ပါ တယ်
သူ ခေါင်းကိုက် တယ်,သူ ခေါင်းကိုက် တယ်
တစ် စောင် ဝယ် မယ်,တစ် စောင် ဝယ် မယ်
မဟာတံတိုင်း ပေါ် မ ရောက် သော် ယောက်ျားဘသား မ ဟုတ် ငြား တည့်,မယာတံတိုင်း ပေါ် မ ရောက် သော် ယောက်ျားဘသား မ ဟုတ် ငြား တည့
အခြား နိုင်ငံ များ နဲ့ ချစ်ခင်ရင်းနှီး မှု ကို တည်ဆောက် တယ်,အခြား စိုင်ငံ များ နဲ့ ချစ်ခင်ရင်းစှီး မှု ကို တည်ေက် တယ်
ကျွန်တော် ကား နည်းနည်း မူး နေ လို့,ကျွန်တော် ကား နည်းနည်း မူး နေ လို့
အခြေခံ ပညာ မှာ မူကြို မူလတန်း အလယ်တန်း အထက်တန်း လို့ ခွဲ ထား တယ်,အခြေခံ ပညာ မှာ မူကြို မူလကန်း အလယ်ကန်း အထက်တန်း လို့ ခွဲ ထား တယ်
ဒီ လှေကားထစ် လေး တွေ တက် လိုက် ရအောင်,ဒီလှ ကားထစ်လးတွ တက် လိုက် ရ အာင်
က ဘယ် နေရာ မှာ လဲ,က ဘယ်န ရာ မာ လဲ
ဘယ် အသင်း က အနိုင်ရ သလဲ,ဘယ် အသင်း က အစိင်ရ သလဲ
ကောင်း လိုက် တာ,ကောင်း လိုက် တာ
ဒီ ည ဘာ ရှိ လဲ,ဒီ ည ဘာ ရှိ လဲ
မှာ အိမ်မက် ဆုံရာ အစီအစဉ် တစ် ခု ရှိ တယ် ဆို,မှာ အိစ်မက် ဆုံရာ အာစီအစဉ် တစ် ခု ရှိ တယ် ဆို
မွှေး လိုက် တာ ဒီ က တောင် အနံ့ ရ တယ်,မျွှေး လိုာက် တာ ဒီ ဟကာ တောင် အနဲ့ ရာ တယ်
ဒါ က ဘာ လို့ ဒီ လောက် ကောင်း တာ လဲ,ဒါ က ဘာ လို့ ဒီ လောက် ကောင်း တာ လဲ
ခင်ဗျား ရဲ့ ကမာကောင်ကြော် ကို အနည်းငယ် နဲ့ ဆို ရင် ရော,ခင်ဗျား ရဲ့ ကမာကောင်ကြော် ကို အနည်းငယ် နဲ့ ဆို ရင် ရော
ခင်ဗျား ဟာ ကို ပြင် နေ တုန်း ကျွန်တော့် စက်ဘီး စီး လို့ ရ ပါ တယ်,ခင်ဗျား ဟာ ကို ပြင် နေ တုန်း ကျွန်တော့ စက်ဘီး စီး လို့ ရ ပါ တယ်
မာဖီး,ယဖီး
မ ယူ တော့ ဘူး,ဆဲ ယူ ဝံတာ တူး
တခြား မျိုးတူ ပစ္စည်း တွေ နဲ့ ယှဉ် ရင် ဘာ အားသာချက် ရှိ သလဲ,တခြား မျိုးတူ ပစ္စည်း တွေ နဲ့ ယှည် ရင် ဘာ အားသာချက် ရှိ သလဲ
မီးလောင်ပျောက်ဆေး ကျေးဇူးပြု၍ ပေး ပါ,မီးတောင်ပျောက်ဆေး ကျေျေးတူး ပြု၍ ပေး ပါ
ခက် တဲ့ ကိစ္စ တောင် သေချာ အကြံထုတ် ပြီး စဉ်းစား ရင် ဖြေရှင်း နိုင် ပါ တယ်,ခက် တဲ့ ကိတ္စ တောင် သောချာ အာကြဲထုတ် ပြီး စဉ်းစား ရင် ဖြေရှင်း နိုင် ပါ တယ်
ထိုင်ခုံ နံပါတ် က သုံးဆယ့်ရှစ် ဂျီ ပါ,ထိုင်ခုံ နံပါတ် က သုံးဆယ့်ရှစ် ကျီ ပါ
စမ်းကြည့် ပါရစေ,စမ်းကြည့် ပါရစေ
ခင်ဗျား နောက်ထပ် ဘာ တွေ စား ဦး မလဲ,ခင်းယား နောက်ထပ် ဘာ ဟတွေ့ အား ဦျီး မလဲ
ဒီ မှာ နာမည် ရေး ပါ,ဒီ မှာ နာမည် ရေး ပါ
တီးဝိုင်း နဲ့ သိပ် မ နီး တဲ့ နေရာ ရ နိုင် မလား,တီးငိုင်း နဲ့ သိပ် မ နီး တ့ နေရာ ရ နိုင် မလား
ဒီ အနီးဝန်းကျင် မှာ ကျွန်တော် တို့ နှင်းလျှော စီး လို့ ရ နိုင် လား,ဒီ အနိုးဝန်းကျင် မှာ ကျွန်တော် တို့ နှင်းလျှော စီး လို့ ရ ခိုင် လား
တစ် နှစ် လျှင် မိုးရေချိန် လက်မ ၁ဝဝ မှ ၃ဝဝ ခန့် အထိ မှန်မှန် ရရှိ သည်,တစ် ဒှစ် လျှင် မိုးရေချိုန် လက်မ ၁၀၀ မှ ၃ဝ ခန့် အထိ မှန်မှန် ရရှိ သည်
ခင်ဗျား ပြော တဲ့ လက်ဆောင် တွေ ကို ကျွန်တော် ကြည့် ပါရစေ,ခင်ဗျား ပြော တဲ့ လက်စောင် တွေ့ ကို ကျွှန်တော် ကြည့် ပါရစေ
အနီးနား မှာ အများသုံး ဖုန်း ရှိ ပါ သလား,အနီးနား မှ အများသုံး ပုန်း ရိ ပါ သလား
ထို့နောက် အေဒီ ၉၀၁ ခုနှစ် ၌ ထောင့်ကွာ မြို့ သက်တမ်း ၂၂၀ သို့ ရွှေ့ ခဲ့ သည်,ထို့နောက် အေဒီ ဩ ခုစှစ် ၌ ထောင့်ကျွာ မြ့ သက်တမ်း ၂၂၀ သို့ ညွ့ ခဲ့ သည်
ကား ပိတ်ဆို့မှု မ ရှိ ရင် မိနစ် နှစ်ဆယ် နဲ့ ရောက် ပါ တယ်,ကား ပဲတ်ဆို့မျှူ မ ရှိ ရင် မိနှစ် နှစ်ဆယ် နဲ့ ရောက် ပါ တယ်
ဘောလုံး ကန် တတ် တယ်,ဘောလုံး ကန် တတ် တယ်
ဒီ မှာ ရပ် လို့ ရ မလား,ဒီ မှာ ရပ် လို့ ရ မလား
ဒီ မှာ ထူးခြား အမှတ်အသား ရှိ လား,ဒီ မှာ ထူးခြား အမှတ်အသား ရှိ လား
ယာဉ် စည်းကမ်း တွေ က မ ထိရောက် ဘူး လေ,ယာည် စညးကေမ်း တေ က နေ တီောက် ဘူး ေ
ဘယ် နေရာ မှာ လောင်းကြေးထပ် လို့ ရ နိုင် မလဲ,ဘယ်န ရာ မှာ လာင် းြးထပ် လို့ ရ နိုင် မ လဲ
ဘယ် စားသောက်ဆိုင် ကောင်း တယ် ဆို တာ သိ ပါ သလား,ဘယ် ဆားသောက်ဆိုင် ကောင်း တယ် ဆို တာ သိ ပါ သလား
ဟို ကလေး ကို ဂျော်ဂျီ လို့ ခေါ် တယ်,ဟို ကလေး ကို ကျော်ဂျီ လို့ ခေါ် တယ်
၁၀၅ ကား စီး ရင် တိုက်ရိုက် ရောက် တယ်,၁၀၅ ကား စီး ရင် တိုက်ရိုက် ရောက် တယ်
ခင်ဗျား ဘာ လို ချင် တာ လဲ,ခင် ဗျားဘာ လိုချင် တာ လဲ
တောင်းပန် ပါ တယ် ကျွန်တော် တခြား စွပ်ပြုတ် တစ် ပွဲ နဲ့ လဲ ပေး ပါ့ မယ်,တောင်းပန် ပါ တယ် ကျွန်တော် တခြား စွပ်ပြုတ် တစ် ပွဲ နဲ့ လဲ ပေး ပါ မယ်
အရမ်း နေပူ တယ်,အရမးန ပူတယ်
ကျွန်တော့် ကို ဒီ ကုမ္ပဏီ ထဲ မှာ လိုက် ပြ လို့ ရ မလား,ကျွန်တေ့့် ကို ဒီ ကူလ္ပကီ ထဲ မှာ လိုက် ပြ လို့ ရ လလား
ဆန် အရက် ကို အများကြီး သောက် ရင် ခေါင်းကိုက် တယ်,ဆန် အရက် ကို အများကြီး သောက် ရင် ခေါင်းကိုက် တယ်
ဟယ်လို ဘယ်သူ နဲ့ တွေ့ ချင် ပါ လဲ,ဟယ်လို ဘယ်သူ နဲ့ ကွေ့ ချင် ပါ လဲ
၁၉၆၅ တွင် စင်္ကာပူ ကို ဖက်ဒရေးရှင်း မှ ဖယ်ရှား ခဲ့ သည်,၁၉၆၅ တွင် စ်ကာပူ ကို ဖက်ဒရေးရှင်း မှ ဖယ်ရှား ခဲ့ သည်
ဒီ မှာ ပါ,ဒီ မှာ ပါ
ဒေါ်လာ ၂၀၀ လဲ မယ် အော် ဒီ နေ့ ငွေ လဲနှုန်း ဘယ်လောက် လဲ,ဒေါ်လာ ၂၀၀ လဲ မယ် အောတ် ဒီ နေ့ ငွေ လဲနှုန်း ဘယ်လောက် လဲ
ဒါ တွေ ကို ဘယ်လို ပုံစံ မျိုး ကြိုက် ပါ သလဲ,ဒါ တွေ ကို ဘယ်လို ပုံစံ မျိုး ကြိုက် ပါ သလဲ
ဒီ မှာ ရှိ လား,ဒီ မှာ ရှိ လား
လျှောက်လည် ရင် ကား ငှား ရ မ လား,လျောက်လည် ရင် ကား ဝှား ရု မ လား
ထီပေါက် ရင် တော့ တစ် ခါ လာ စား ဦး မယ်,ထီပေါက် ရင် ကော့ တစ် ခါ လာ စား ဦီး မယ်
မျက်မှန် ဆိုင် ဘယ် မှာ ရှိ ပါ သလဲ,မျက်မှန် ဆိုင် ဘယ် မှာ ရှိ ပါ သလဲ
ဟာ နှမြော စရာ ကောင်း လိုက် တာ,ဟာ နှမြော စရာ ကောင်း လိုက် တာ
အဲဒါ ဆို ငွေ ဘယ်လို ပေး ရ မလဲ,အဲဒါ ဆို ငွေ ဘယ်လို ပေး ရ မလဲ
ဘယ် အချိန် ပါ လဲ ခင်ဗျာ,ဘယ် အချိန် ပါ လဲ ဆင်ဗျာ
မိန်းမ ဝတ် တဲ့ လုံချည် ကို ထမီ လို့ ခေါ် ပါ တယ်,မိန်းမ ဝတ် တဲ့ လုံချည် ကို ထမီ လို့ ခေါ် ပါ တယ်
အနီးနား မှာ ရွက်လှေ အသင်း ရှိ လား,အနီးနှား မှာ တကလှ နသင်း ရှိ လား
လူ တို့ အတွက် ငှက် တို့ သည် အသုံးဝင် သည်,က တိ့ သကတေက် ငက် တိတ့ သည် သုံစဝင် သည်
ကြီး တာ လား သေး တာ လား,ကြီး တာ လား သေား တာ လား
ကို ဘယ်လို သွား ရ မလဲ,ကို ဘယ်လို သွား ရ မလဲ
လေယာဉ် နံပါတ် က ဘယ်လောက် လဲ,လောယာဉ် နံပါတ် က ဘယ်လောက် လဲ
ကျွန်တော် ဘန်ကောက် လေကြောင်း နဲ့ သွား မှာ ပါ,ကျွန်တာ် ဘန် ကာက် လ ကြောင်း နဲ့ သွား မှာ ပါ
ကျွန်တော် လည်း ဒီ နေရာ မှာ လူသစ် ပါ,ကူွန်တော် လည်း ဒီ ခေရာ မှာ လူသ် ပါ
ခဏလောက် ထိုင် စောင့် ပါ,ခဏာလောက် ထိုင် ဆောင့် ပါ
ပြဿနာ ရှိ ပါ သလား,ပြဿနာ ရှိ ပဝါ သလား
ဒီလို နာကျင် မှု ဖြစ် နေ တာ ဘယ်လောက် ကြာ ပြီ လဲ,ဒီလို နာကျင် မူ ဖြစ် နေ တာ ဘယ်လောက် ကြာ ပြီ လဲ
က ဒီဇိုင်း ဆွဲ ခဲ့ တာ မ ဟုတ် ဘူး လား,က ဒီရိုင်း ွဲ့ ခဲ့ တာ မ ဟုတ် ဘူး လား
ကျွန်တော် တို့ အခု ဘယ် မှာ လဲ,ကျွန်တော် တို့ အခု ဘယ် မှာ လဲ
ရ ပါ တယ် မိတ်ဆက် ပေး တာ ပေါ့,ရ ပါ တယ် စိတ်ဆက် ပေး တာ ပေါ့
စကား ထစ် တဲ့ သူ ကို နောက် တာ မ ကောင်း ဘူး,စကား ထစ် တဲ့ သူ ကို နောက် တာ မ ကောင်း ဘူး
တော် တော့ နားငြီး လိုက် တာ,တော် ကော့ နားငြီး လိုက် တာ
၁ ရက် မှာ ၂၄ နာရီ ရှိ တယ်,၁ ရက် မှာ ၂၄ နှာရီ ရှိ တယ်
ဇူလိုင် ၈ ရက်နေ့ လို့ ကြား တာ ပဲ,တလိုင်က ရက်န့ လို့ ကြားတာ ပဲ
မြန် မြန် သွား နိုင် မလား,မြန် မြန် သွား နိုင် မလား
စာရေး ရင်း မျက်ရည်ကျ ရ တဲ့ ဝတ္ထု ဆို လို့ နှစ် ပုဒ် ပဲ ရှိ ပါ တယ်,စာရေး ရင်း မျက်ရည်ကျ ရ တဲ့ ဝတွု ဆို လို့ နှစ် ပုဒ် ပဲ ရှိ ပါ တယ်
စိတ်ဝင်စား ပါ တယ် ကျွန်တော် ငွေပြတ် နေ တယ်,စိတ်ဝင်စား ပါ တယ် ကျွန်တော် ငွေပြတ် နေ တယ်
အခန်း ထဲ မှာ မီးဖွင့် ထား သည်,အခန်း ထဲ မှာ မီးဖွင့် ထား သည်
ဒါ တွေ နဲ့ တွဲ သောက် ဖို့ ဘယ်လို အဖျော်ယမကာ မျိုး မှာ ချင် လဲ,အံ တွေ့ နဲ့ တွ့ သောက် ပို့ ဘယ်လို အကသယာ်လာမာ မျံူး မှာ ခရင် လဲ
ဆရာ လီ က အခု ဆေးခွင့် ကာလ ပါ,ဆးာ လပီ  အခ ဆေးခင့် တလ တါ
မာတိနီ က ကောင်း မယ် လို့ အကြံပြု ပါရစေ,မာတိ နီ က ကာင်း မယ် လို့ အကြံ့ပြု ပါရ စ
ပူပင်သောက အဆုံး တွင် ရောဂါ ရ သည်,ပူပင်သောက အဆုံး တွင် ရောဂါ ရ သည်
အဲ့ဒီ ကို ဘီ နာရီ လောက် ကြေးနန်း ရောက် မယ်,အဲ့ဒီ ကို ဘီ နာရီ လောက် ကြေားနန်း ရောက် မယ်
မမ,စြ်က
တော်တော် ပြင်း တဲ့ လေ ဖြစ် တယ်,တော်တော် ပြင်း တဲ့ လေ ဖြစ် တယ်
ဦးအောင် ဒါ ကျွန်တော် တို့ ရဲ့ မန်နေဂျာချုပ် မစ္စတာ လီ ပါ,ဦးအောင် လါ ကွန်တော် တို့ ရ့ ဖန်နေလာရုပ် မ္ေတာ လီ ပါ
ဟုတ်ကဲ့ ပါ ဆရာ,ဟုတ်ကဲ့ ပါ ဆရာ
ဟို ဘက် မှာ ရှင် လူ လာကြို တာ လား,ဟု ဘက် မှာ လှင် လျူ လာကြ့ တာ လား
မ ဆင်း ခင် ကိုယ့် ပစ္စည်း ကို သေချာအောင် စစ် ပါ,မ ဆင်း ခင် ကိုယ့် ပ္စည်း ကို သေချာအောင် စစ် ပါ
မ တွေ့ ရ တာ တော်တော် ကြာ သွား ပြီ,မ တွေ့ ရ တာ တော်တော် ကြာ သွား ပြီ
အပေါ့ အငန် အတော် ပဲ,အ  ပါ  ငန် အဓာ် ပဲ
စကား ကို ပိုကဲ ပြော တယ်,စား ကို ဝိုကဲ ပြော တယ်
ကျွန်တော် တို့ ဘီယာ သောက် ရင် ပို ကောင်း မယ်,ကျွန်ကော် ကို့ ဘီယာ သောက် ရင် ပို ကောင်း မယ်
ကြည့် ပါရစေ ၁၂.၅၀ ဒေါ်လာ ကျ ပါ တယ်,ကြည့ ပါရစေ ၁၂၅၀ ဒေါ်လာ ကျ ပါ တယ်
မင်း တို့ ကုမ္ပဏီ,မင်း တို့ ကုမ္ပဏီ
သူငယ်ချင်း အိမ် သွား တာ သူငယ်ချင်း က မ ရှိ လို့ မှတ်ချက် ဘဲ ရေးထား ခဲ့ တယ်,သူဝယ်ချင်း အိမ် သွား တာ သူငယယ်ချင်း ဟာ မ ရှိ လို့ မှတ်ချက် ဘဲး နားထား ခဲ့ တယ်
အဲဒီ အရပ် က တိုင်ဖွန်းမုန်တိုင်း ကြောင့် အတော်လေး ပျက်စီးဆုံးရှုံး ခဲ့ ရ တယ်,အဲဒီ အရပ် က တိုင်ဖွန်းမုန်တိုင်း ကြောင့ အတော်လေး ပျက်စီးဆုံးရှုံးခဲ့ ရ တယ်
အခု လုပ် ကြ ရ ပါ မယ်,အခ လူပ် ကြ ျေ ေါ ပေယ်
မြန်မာ နိုင်ငံ တွင် တွေ့ နိုင် သော နေရာ များ အပူပိုင်း ဒေသ တွင် ပေါက်ရောက် သည်,မြန်မာ နိုင်ငံး တွင် တွေ့ ိုင်း သော နေရျား များ အကပုရပိုင်း ဒေသေ တွ် ပေါင်ရောက် သည်
အဆင်သင့် ဖြစ် ဖို့ ဘယ်လောက် ကြာ လိမ့် မလဲ,အဆင်သင့် ဖြစ် ဖို့ ဘယ်လောက် ကာ လိမ့် မလဲ
ကျွန်တော် ကို တခြား အခန်း သို့ ပြောင်း ပေး နိုင် မလား,ကျွန်တော် ကို တခြား အခန်း သို့ ပြောင်း ပေး နိုင် မလား
ဝမ် ၈၁၀၀ မှာ မှတ်ပုံတင်ကြေး ဝမ် ၈၀၀ ပေါင်း ရင် စုစုပေါင်း ဝမ် ၈၉၀၀ ကျ ပါ တယ်,ဝမ် ရဝ မှာ မှတ်ပုံတင်ကြေး ဝမ် တဝ ပေါင်း ရင် စုစုပေါင်း ဝတမ် တဝဝ ကျ ပါ တယ်
ခုံ ပေါ် မှာ မှီ ပြီး လှဲ လို့ ရ မလား,ခုံ ပေါ် မှာ မှီ ပြီး လှဲ့ လို့ ရ မလား
သူ အမြဲတမ်း ဆေးလိပ် သောက် နေ တယ်,သူ အာဖြဲတမ်း အေးလိပ် သောက် နေ တယ်
အလယ်တန်း ကျောင်းသား သာ ဆို တယ် အရပ် က မ ပု ဘူး လား,အာလယ်တန်း ကျောင်း သား သာ ဆို တယ် အာရပ် လ မ ပု ဘူး လား
ခင်ဗျား ဘယ် အချိန် ဖွင့် လဲ,ခင်းလျား ဘယ် အငစိန် ဖွ် လဲ
ကျွန်တော် တို့ အိမ် မှာ အတူ အိပ် ပါ လား ခင်ဗျာ,ကျွန်ကော် တို့ အိမ် မှာ အကူ အိင် ပါ လား ခင်ဗျာ
ဒီ စားပွဲ အဆင်ပြေ ရဲ့ လား ဆရာ,ဒီ စားပွဲ့ အဆင်ပြေ ရဲ့ လား ဆရာ
သြစတေးလျ ကို ကြေးနန်း ရိုက် လျှင် ဘယ်လောက် ကြာ မ လဲ,ညတေးလျ ကို ကြေးနန်း ရိုက် လျှင် ဘယ်လောက် ကြာ မ လဲ
ချယ်ရီ ပန်း ဝယ် ချင် တယ်,ချယ်ရီ ပန်း ဝယ် ချင် တယ်
နို့ မှုန့်,နို့ မှန့်
ကောင်း ပါ တယ် သွား ကြ ရအောင်,ကောင်း ပါ တယ် ထွား ကြ ရအောင်
မင်း ကို အကြံဉာဏ် နည်းနည်း လောက် ပေး လို့ ရ မလား,မင်း ကို အြညာဏ် နည်းနည်း လောက် ပေး လို့ ရ မလား
မိုးမရွာ တာ ကြာ ပြီ,ယိုးရွာတာ ကြာ ပြီ
ရထား က အမြန်နှုန်း လျော့ချ သည်,ရထား က အမြန်နှန်း လျော့ချ သည်
သောကြာ ဂြိုဟ် သည် တူ ၏ ရာသီခွင် ဖြစ် သည်,သောကာ ကြိုဟ် သည် တူ ၏ ရာသီခွင် ဖြစ် သည်
မ ဟုတ် ပါ ဘူး ခင်ဗျာ မိတ်ဆွေ လမ်းမှား နေ ပါ တယ်,မ ဟုတ် ပါ ဘူးင်ဗျာ မိတ် ဆွ လမ်းမြေားန ပါ တယ်
ကျွန်တော် နောက်ဆုံး ရိုက် လိုက် တဲ့ ပုံ က ဝါး သွား လို့ ပါ,ကျွန်တော် နောက်ဆိုံး ငိုက် လိုက် တဲ့ ပုံ က ါး သွား လို့ ပါ
ကို ဘယ် အချိန် မှာ ဆင်း ရ မလဲ,ကို ဘယ် အချိန် မှာ ဆင်း ရ မလဲ
သူ့ မှာ အားနည်းချက် တစ် ခု ရှိ တယ်,သူ့ မှာ အားနည်းချက် တစ် ခု ရှိ တယ်
ဘယ် နေရာ မှာ ကျွန်တော် ပိုက်ဆံ လဲလှယ် နိုင် မလဲ,ဘယ် နေရာ မှာ ကျွန့်တော် ပိုက်ဆံ လဲလှယ် နိုင် မလဲ
ရှေ့ က ထရော်လီကား က မီးအားမရှိ လို့ မ ရွေ့ နိုင် ဘူး,ရှေ့ က ထရော်လီကား က မီးအားမရှိ လို့ မ ရွေ့ နိုင် ဘူး
ဒီ ဆိုင် ဘယ် အချိန် ပိတ် လဲ,ဒီ ဆိုစင် ဘယ် အချိန် ီိတ် လဲ
က ရအောင်,က ရအောင်
မင်း က လူဆိုး လား,မင်း က လူဆိုး လား
မ တော် ဘူး,မ တော် ဘူး
လှဲ ပြီး အိပ် လိုက် ချင် တယ်,ပျှဲ ပြီးအိပ် လိုက် ချင် တယ်
အပ်ခ ဘယ်လောက် လဲ,အပ်ခ ဘယ် ာက် လဲ
အဲဒီ နေရာ ကို ကျွန်တော် တို့ ဘယ် အချိန် သွား မှာ လဲ,အဲဒီ နေကာ ကို ကွန်တေတ် တို့ ဘယ် အစိန် အတစား မှာ လဲ
လမ်း က ရေခဲ နေ သဖြင့် ကား ချော်ထွက် သွား သည်,လာစမ်ီး က ရေဲခဲ အေ သပြင် ကား ေနှန်ထွှက် သွား သည်
ဘယ် လိုင်း အမှတ် ကို ပြောင်း စီး ရ ပါ မလဲ,ဘယ် လိုင်း အမှက် ကို ပြောင်း စီး ရ ပါ မလဲ
မ ဟုတ် ပါ ဒါ ဟာ အဟောင်း ဖြစ် တယ်,မ ဟှတ် ပါ ဒါ ကာ အဟောင်း ဖြစ် တယ်
ဘတ်စ်ကတ်ဘော ကို ကြိုက် ပေမယ့် သူငယ်ချင်း တွေ က ဘေ့စ်ဘော ကို ကြိုက် တယ်,တတ်စ်ကတ်တော ကို ကြိုက် ပေမယ့် သူငယ်ချင်း တွေ့ က တေ့စ်တော ကို ကြိုက် တယ်
တရုတ် ပြည် လွတ်မြောက်ရေး ရ ပြီး တဲ့ နောက် မှာ ရှန်ဟိုင်း မြို့ မှာ အပြောင်းအလဲ ရှိ သလား,တရုတ် ပြည် လွှတက်မြောက်ရေး ရ ပြီး ကဲ့ နောက် မှာ ရှန်ကိုင်း မြို့ မှာ ပြောင်းအလဲ ရှိ သလား
မင်း တို့ ညှပ်ဖိနပ် ရောင်း ပါ သလား,ခင်း တို့ ၄ပါ ်ခနပ် ရောင်း ပါ သလား
သို့သော် ထင်ရှား လျက် ပင် ရှိ ပေ သေး သည်,သို့သော် ထင်မရှား လျတ် ပင် ရှိ ေ ဒေေး သည်
ပူတာအို သည် ကချင် ပြည်နယ် အတွင်း ရှိ ခရိုင် ရုံးစိုက် ရာ မြို့ လည်း ဖြစ် သည်,ပူတာအု် သည် ကာချင် ပြရသည်နယ် အတွင်း ရှိ အရ့င ကျးနိုက် ရာ မြို့ ယသည်း ပြစ် သသည်
မနက် စောစော လာ ခဲ့ ပါ မယ် နောက် မှ တွေ့ မယ်,မနှက် ဆောစော လာ ခဲ့ ပါ ယ် နှောက် မှ တွေ့ ယ်
သေချာ တာ ပေါ့,သေချာ တာ ပေါ့
လက်တင် ဘာသာစကား အရ ဝက် အကောင် ငယ် ကလေး များ ဟု အဓိပ္ပာယ်ရ သည်,လက်တင် ဘာသာစကား အရ ဝက် အကောင် ငဝယ် ကလေး များ ဟု အမိပ္ောယ်ရ သည်
နောက်ထပ် ၃ နာရီ ကြာ ရင် သန့်ရှင်းရေး လာ လုပ် ပေး လို့ ရ သလား,နောက်ထပ် ၃ နာရီ ကြာ ရင် သန့်ရှင်းရေး လာ လုပ် ပေး လို့ ရ သလား
အလုပ် နဲ့ အလည်အပတ် ပါ,အလုပ် နဲ့ အလည်အပတ် ပါ
ကျွန်မ ဖုန်းဆက် တယ် လို့ ပြော ပါ ကောင်း ပါ ပြီ,ကျွန်မ ဇုန်းဆက် တယ် လို့ ပြော ပါ ကောင်း ပါ ပြီ
အရှေ့ ဘက် ဂိတ် စျေး ဘယ် မှာ ရှိ ပါ သလဲ,အာရှေ့ ဘက် ဂိတ် စချေး ဘယ် မနာ ရှိ ပါ သလဲ
သကမ်း,သလမ်း
ငါ ကျောင်းတက် တုန်း က တောင် ဒီ လောက် အဆောက်အဦး တွေ မ များ သေး ဘူး,ငါ ကကျေောင်းခတောက် တူန်းခ  ကတောင် ဒီ ကောက် အဆောက်အီး ကေ ဖ ပေေား သေေး ဘူး
အိတ် ထဲ မှ စာ ကို ဆွဲထုတ် သည်,အိဘတ် ထဲ မှ စာ ကို ဆွထုတ် သည်
ဘန်ကောက် ကို သွား မယ့် ပထမဆုံး ရထား က ဘယ် အချိန် လဲ,ဘန်ကောက် ကို သွား မယ့် ပထမဆုံး ရထား က ဘယ် အခ္ျေန လဲ
လူ စုံ ပြီ လား ဟေ့,လူ စုံ ပြီ လား ဟေ့
ဘယ် အချိန် လောက် ဖက်စ် ပို့ ပေး ရ မလဲ,ဘယ် အာချန် လောက် ယက်စ် ပို့ ပေး ရ မလဲ
မနေ့ က မိုး အများကြီး အစိုခံ လို့ အအေးမိ သွား တယ်,မနေ့ က မိုး အများကြီး အစိုဒံ လို့ အအေးမိ သွား တယ်
ဟင့်အင်း နားမလည် ပါ ဘူး,ဟင့် အင်း နားမလည် ပါ ဘူး
ကျေးဇူး အများကြီး တင် ပါ တယ်,ျွေး တူးအ မျာ းကြီးတင် ပါ တယ်
လေမုန်တိုင်း တိုက် တဲ့ အတောအတွင်း လျှပ်စစ်မီး ပိတ် တယ်,လေမုန့်တိုင်း ကိုက် ကဲ့ အကောအတွင်း လျှပ်စစ်မီး ပိတ် ကယ်
ခင်ဗျား မှာ အချိန် ရှိ တဲ့ အခါ,ခင်ပဗျား မှာ အချိန် ရှိ တဲ့ အခါ
ချက်ချင်း,ချက်ချင်း
နှစ်ဆယ့်နှစ်,နှစ်ဆယ့်နှစ်
တစ် ပတ် အထိ တော့ ဟို သွား ဒီ သွား သွား လို့ မ ရ ပါ ဘူး,တစ် ပတ် အာအိ တဟော့ ဟို့ အစွား ဒီ သွား စွား လို့ မ ရ ပါ ဘူး
သူ တို့ အထုပ်အပိုး ဝန်ဆောင်ခ တောင်း သလား,သူ တို့ အထုပ်အပိုး ဝန်ဆောင်ခ တောင်း သလား
တဆိတ်လောက် ကျွန်တော် ဖျား နေ လို့ ပါ,တခိတ်လောက် ကျွန်တော် များ နေ လို့ ပါ
ခဏလောက် စောင့် ပေး ပါ,ခဏလောင် စောင် ပေး ပါ
ဖိတ်ကြား တာ ကျေးဇူး ပါ ပဲ,စိတ်ကြား တာ ကျေးဇူး ပါ ပ
အရက် ကို ကြိုက် တော့ ကြိုက် ပါ ရဲ့ ခဏခဏ တော့ မ သောက် ပါ ဘူး,ဘရက် ကိ ကြိုက် တော့ ကြိဲက် ပါ ရဲ့ ခကလခလာ တော့ မ သောက် ပါ ဘူး
နောက် တစ် ခေါက် ထပ် လာ ဖို့ မျှော်လင့် ပါ တယ်,နောက် တစ် ခေါက် ထပ် လာ ဖို့ မျှော်လင့် ပါ တယ်
ခင်ဗျား အိမ် မှာ ဘယ်သူ တွေ ရှိ လဲ,ခင် ဗျား အိမ် မှာ ဘယ်သူ တ္တ ရှိ လဲ
အွန်စော ရှိ ပါ သလား,အွန်ာ ရှိ ပါ သလး
ဒီ ထက် လျှော့ လို့ ရ ဦး မလား,ဒီထက် လလျှသူ့ လို့ ရ ီး မလား
သုံး နေ သေး တယ်,သုံး နေ ေေး တယ်
မိဘ တွေ က ကျွန်တော့် ရဲ့ အပြုအမူ ကို စိတ်တိုင်းမကျ ဘူး,မိဘ တွေ့ က ကျွန်တော့ ရဲ့ အပြုအမူ ကို စိတက်ကိုင်းမကျ ဘူး
ခင်ဗျား ဇာတိ က ဘယ် က လဲ,ခင်များ တာတ န ဘယ်  လဲ
နေ့ အခါ တွင် အလွန် ပူ ပြီး ည အခါ တွင် အလွန် အေး သည်,နေ့ အခါ တွင် အလွန် ပူ ပြီး ည အခါ တွင် အလွန် အေး သည်
ကျွန်တော် ဖေဖေ နဲ့ တစ်ခါတစ်လေ ကျားထိုး ရင်း နဲ့ စကား တွေ ပြော ကြ ပါ တယ်,ကျွန်ကော် ဖေေ နဲ့ တစ်ခါတစ်လေ ကျားထိုး ရင်း နဲ့ စကား တွေ ပြော ကြ ပါ တယ်
သူမ ရဲ့ မျက်လုံး ထဲ မှာ ဝမ်းနည်း တဲ့ အရိပ်အယာင် တွေ့ လိုက် ရ တယ်,သူမ ရဲ့ မျက်လုံး ထဲ မှာ ဝမ်းနည်း တဲ့ အရိပ်အယာင် တွေ့ လိုက် ရ တယ်
မှန်ထဲ မှာ ကြည့် ရ တာ ပိန် သွား သလို ပဲ,မှန်ဲ မှာ ကြည့် ရ တာ ဒန် သွား သလို ပဲ
အိမ် ယူ သွား မှာ,အိမ် ယူ သွား မှာ
ဒီ မှာ ဘီး တပ် ကုလားထိုင် အသုံးပြု နိုင် တဲ့ လမ်း ရှိ သလား,ဒီ မှာ ဘီး တပ် ကုလားထိုင် အသုံးပြု နိုင် တဲ့ လမ်း ရှိ သလား
ပြော တတ် ပါ တယ်,ပြော တတ် ပါ တယ်
အဓိက ဟင်းလျာ စား ပြီး မှ သောက် ပါ့ မယ်,အခ က ဟင် းလှာစားပြီး မှ သာက် ပါ့ မပယ်
အင်အား ရှိ သလောက် အဲ့ဒီ အလုပ် ကို လုပ် မှာ ပါ,အင်အား ရှိ သလောက် အဲ့ဒီ အလုပ် ကို လုပ် မှာ ပါ
တကယ့် ပိုး အစစ် နဲ့ လုပ် ထား တာ လား,တကယ့် ငိုး အစစ် နဲ့ လုပ် ထား တာ လား
ပွဲ ကြီး ပွဲ ကောင်း တော့ စ ပြီ ဗျို့,ပဲ ကြညီး ပွ ကောင်း တော့ စ ပြီ ထျို့
အချိန်မရွေး ပြောင်း လာ ပါ,အချိန်မရွေး ပြောင်း လာ ပါ
ကားဂိတ် မှာ ကား သွား စီး တယ်,ကားဂိတ် မှာ ကား သွား စီး တယ်
ပဉ္စမ ဒြပ်ပေါင်း တွင် နိုက်ထရိုဂျင် အလေးချိန် ၇ ဆ နှင့် အောက်ဆီဂျင် အလေးချိန် ၂ဝ ဆ,ပန္တမ ဖပ်ပေါင်း တွန် ခိုင်ထကိုကင် ဘာလားစိန် ရ အ ခှိ် သောက်းအီကင် ဘာလားစိန် ၂မှ
အန္တရာယ် များ လွန်း တယ် လေယာဉ် အနုကြမ်းစီး ပြီ နဲ့ တူ တယ်,အန္ဆရာယ် များ လွန်း တယ် လေယာည် အနကြမ်းစီး ပြီ နဲ့ တူ တယ်
ဝက်သား က လွဲ ပြီး ဘာ ဖြစ် ဖြစ် စား ပါ တယ်,ဝက်သား က လွဲ ပြီး ဘာ ဖြစ် ဖြစ် စား ပါ တယ်
ကား တစ် စီး လောက် ရ နိုင် မလား,ကား တစ် စီး လောက် ရ နိုင် မလား
ကုန်းမြေ နယ်နိမိတ် အလျား သည် ၉၄၂၅ မိုင် ဖြစ် ၍ ကမ်းရိုးတန်း သည် ၃၅၃၅ မိုင် ရှည်လျား သည်,ကုန်းစြေ နယ်နိုမိတ် အာလျား သည် ၉၄၂၅ နိုင် ဖြစ် ရ ကမ်းရိုးတန်း သည် ၉၅၉၅ ခိုင် ရှည်လျား သည်
ကျွန်တော် ဘော့စတွန် မှာ ကား အပ် ရင် ဘယ်လောက် ပေး ရ မ လဲ,ကျွန် ခတော် သောစံတွန် မှာ ကား အိပ် ရင် ဘယ်လောက် ပေး ရ မ လဲ
ခုန မင်း တွေ့ လိုက် တဲ့ သူ က ဘယ်သူ လဲ,ခုန မင်း တွေ့ လိုက် တဲ့ သူ က ဘယ်သူ လဲ
ကျွန်တော့် အဘိဓါန် စာအုပ် က ထွက်ထွက်ချင်း ပဲ နာမည်ကြီး သွား လို့ အရမ်း ပျော် လိုက် တာ,ဂျွန်တော့် အာဘိခ်ါန် မာအုပ် လာ ထွက်ငွက်ချင်း ပ နာယမည်ကြီး သွား လို့ အာရမ်း ပျော် လိုက် တာ
ဟုတ် လား,ဟုတ် လား
ဂျပန် လို တတ် တဲ့ လူ ရှိ ပါ သလား,ဂျပန် လို တတ် တဲ့ လူ ရှိ ပါ သလား
ဒီ ည တော်တော့် ကို ပျော်ရွှင် ခဲ့ ပါ တယ်,ဒီ ည တော်တော့ ကို ပျော်ရညင် ခ့ ပါ တယ်
ဒီ နေ့ လေပြေလေညှင်းတိုက် ပြီး သာယာ လိုက် တာ,ဒီ နေ့ လေပြေလေညွှင်းတိုက် ပြီး သာယာ လိုက် တာ
စီးပွားရေး လုပ်ငန်း အနေနဲ့ အာမခံထား သင့် ပါ တယ်,စီးပွားရေး လုပ်ငန်း အနနေနဲ့ အာမခံထား သင့် ပါ တယ်
ခင်ဗျား တို့ ဆီ မှာ ကလေး စာအုပ် များ ရောင်း ပါ သလား,ခင်ျား တို့ ဆီ မှာ ကလေး ဆာဘုပ် များ ရောင်း ပါ သလား
အဲဒီ လူ ရဲ့ အရည်အချင်း ကို အသိအမှတ်ပြု ပြီး အလုပ် ကို အပ်နှံ တယ်,အဲဒီ လူ ရဲ့ ဘာရည်အချင်း ကို အာသိအာလှတ်ပြု ပြီး အာလုပ် ကို အပ်နှံ တယ်
ခါး အတိုင်း ဘယ်လောက် ရှိ လဲ,ခါး အတိုင်း ဘယ်လောက် ရှိ လဲ
ဟုတ်ကဲ့ ပိုက်ဆံ ဘယ်လောက် ပေး ရ မလဲ မ သိ ဘူး နော်,ဟု တ်ကေ့ ိုသခ်ဆံ ဘယ်ကလောောက် ေး ရ နေလဲ နေ သိ ဘူး ေေဒ်
သင်္ဘော က ဒီ နေရာ မှာ ဘယ်လောက် ကြာကြာ ဆိုက်ကပ် မှာ လဲ,သင်္တော က ဒီ နေရာ မနာ ဘယ်လောက် ကြာကြာ ဆဝိုက်က် မှာ လဲ
လွယ်ကူ လွန်း တယ်,လူယ်ကူ လွန်း တယ်
သူ က အရပ် ပု တယ် ထိုင်ခုံ က သူ့ အတွက် နိမ့် လွန်း တယ်,သူ ကာ အာရပ် ပှ တယ် ထိုင် ခဲ ဟာ သူ့ အတွက် နိ့် လွန်း တယ်
လေကောင်းလေသန့် ဟာ ခင်ဗျား အတွက် အများကြီး ကောင်း တယ်,လေကောင်းလေသန့် ဟာ ခင်ပျား အတွက် အမပျားကြီး ကောင်း တယ်
ခင်ဗျား က ဘာ ခံစားချက် မှ မ ရှိ တဲ့ သစ်တုံး ပဲ,ခင်ဗျား က ဘာ ခံစားချေက် မှ မ ရှ တဲ့ သစ်တုံးခ ပဲ
ခင်ဗျား ကျောင်းပိတ်ရက် မှာ ဘာ တွေ လုပ် ခဲ့ သလဲ,ခင်ပျား ကျောင်းဒိဘ်ရက် မှာ ဘာ တွေ့ လ် ခဲ့ သလဲ
မလေးရှား နိုင်ငံ သည် အခြေခံ ဥပဒေ အရ ဘာသာ ရေး လွတ်လပ်ခွင့် ရှိ သည်,မလေးရူား စိုင်း သည်း အကပေ့ခဲ ဥူပနဒအေး အကရ ဘာသာ ရေး လွတ်လပ်မျွစ် ရှိ သည့်
မလိုင် အပြည့် နို့ဆီ,မလိုင် အယည့် နို့အီ
ကောင်း လိုက် တာ ဆေး ပေး ခန်း က ဘယ်နှ ထပ် မှာ လဲ ခင်ဗျာ,ကောင်း လိုက် တာ ဆေး ပေး ခန်း ဟာ ဘယ် ထပ် မှာ လဲ ခင်ဗွာ
ဟဲလို တိုနီ,ဟဲလို တိုနီ
အင်း ဟုတ် တယ် တခြား ကျောင်း က သူငယ်ချင်း လည်း ခေါ် ခဲ့ တယ်,အင်း ဟုတ် တယ် တခြား ကျောင်း က သူငယ်ချင်း လည်း ခေါ် ခဲ့ တယ်
‌ပြောပြ ပေး တဲ့ အတွက် ကျေးဇူးတင် ပါ တယ်,ပြောပြ ေး တဲ့ အတုက် ကျေေးဇ္ူးတေင် ပါ တယ်
ဘာ လို့ ဒီ လောက် ပျောက် နေ တာ လဲ,ဘာ ကို့ ဒီ စကလော်က် စေောက် နနေ တာ လဲ
ဆီ ကို ရောက် ဖို့ ဘယ်လောက် ကျ လဲ,ဆ ကို့ စကျောက် ပြို့ တ်ယ်လောာက် ကျ္ လဲ
အဲဒီ လမ်း အပြင် အခြား လမ်း မ ရှိ ဘူး,အဲဒီ လမ်း ဘပြင် အခြား လမ်း မ ရှိ ဘူး
လှိုင်းလုံး ကြောင့် လှေ က လူးခါ နေ တယ်,လှိုင်းလုံး ကြောင့် လှေ က လူးခါ နေ တယ်
ဒယ်ဟာ့နို ကို ရောက် ဖူး လား,သယ်ယာ့နို ကို စောက် ပူး ယား
တိုင်းပြည် ပြန် ခြင်း,တိုင်းပြည် ပြန် ခြင်း
ဘယ်လောက် လောက် များ လဲ,ဘယ်လောက် လောက် များ လဲ
အရသာ နည်းနည်း ပေါ့ တယ်,အရသာ နည်းနည်း ပေါ့ တယ်
အေး အေး မင်း လုပ် စရာ ကိစ္စ ရှိ တယ် ထင် တယ်,အေး အေး ခင်း လုပ် စရာ က်စ္စ ရှိ တာယ် ထင် တယ်
ဒါ ဈေး လည်း ပေါ တယ် အသုံးလည်းခံ တယ်,ဒါ ချေး လည်း ပေါ် တယ် အသုံးလည်းခဲ တယ်
ကျွန်တော့် နားကြပ် ပျက် နေ တယ်,ကျွန်တော့် နားကြပ် ပျက် နေ တယ်
သူ နေမကောင်း ဖြစ် တာ ရက် အတော် ကြာ ပြီ,သူ နေမကောင်း ဖြစ် တာ ရက် အတော် ကြာ ပြီ
ကျွန်တော် ကြက်သား ကြိုက် တယ်,ကျွန်တော် တိက်သား ကိုက် တယ်
တစ် တုံး ဘယ်လောက် လဲ,တစ် တုံ့း ဘယ်လောက် လဲ
ခင်ဗျား အင်္ဂလိပ် လို ပြော တတ် လား,ခင်ဗျား အ်္ဂလိပ် လို ပြော တတ် လား
ခင်ဗျား အိမ် က ဘယ် မှာ လဲ,ခင် ဗျား အိမ် က ဘယ် မှ လဲ
ခင်ဗျား တို့ ဆီ မှာ တွေ ရ လား,ခင်ျား တို့ ဆီ မှာ တွေ့ ရ လား
ကျွန်တော် စမ်းရေ လို ချင် ပါ တယ်,ကျွန်တော် စမ်းရေ လို ချင် ပါ တယ်
ရုံးဆင်း ချိန် မှာ သူ က ချက်ချင်း အိမ် မ ပြန် ဘူး,ရုံးဆင်း ချိန် မှာ သူ က ချက်ချင်း အိမ် မ ပြန် ဘူး
ကျွန်တော့် အတွက် ဒီ ဆေးညွန်း လုပ် ပေး နိုင် မလား,ကျွန်တော့် အတွက် ဒီ ဆေးညွှန်း လုပ် ပေး နိုင် မလား
ကြိုတင်လက်မှတ် ကို သန်ဘက်ခါ ကို ပြောင်း လို့ ရ မလား,ကြိုတင်လက်မှတ် ကို သန်ဘက်ခါ ကို ပြောင်း လို့ ရ့ မလား
သစ်သီး ဖျော်ရည် ရ မလား မစ္စ,သစ်သီး ပျော်ရည် ရ မလား မတ္စ
ကျွန်တော် တို့ နိုင်ငံ လွတ်လပ်ရေးနေ့ က ဇန်နဝါရီလ ၄ ရက် နေ့ ဖြစ် ပါ တယ်,ကျွန်ကော် ကို့ နိုင်ငံ လွတ်လပ်ရေးနေ့ ကာ တန်ခုငါရီလ ၄ ရက် နေ့ ဖြစ် ပါ တယ်
ကျွန်တော် က အားလပ်ရက် အလည်အပတ် ပါ,ကျွန်တော် ကာ အားငပ်ရက် အလည်အပတ် ပါ
ချောစု က ကော်ဖီ ကို သောက် မယ် လို့ ဆို ပါ တယ်,နောခု တာ ယောပီ ရ ောင် ပမ် လို့ အို ပါ တယ်
စိတ် တို သည်,ဆိတ် တို သည်
ဒါ က အစစ် လား,ဒဒါက အ စစ် လား
အထိမ်းအမှတ် ပန်း မှာ ပေါက် ပန်း ဖြစ် ပေ သည်,အထိမ်းအမှတ် ပန်း မှာ ပေါက် ပန်း ဖြစ် ပေ သည်
သူ ရေကူး တာ ကို နှစ်သက် သလို ကျွန်တော် လည်း နှစ်သက် တယ်,သူ ရေကာူး တာ ကို နှစ်သက် သလို ကျွန်တော် လည်း နှစ်သက် တယ်
ဟယ်လို ဧည့်ကြို ကောင်တာ က ပါ လား,ဟယ်လို ဇကည်ကြိေ့ ဆောင်တာ ကာ ပါ လား
အေး အေး ဒီ မှာ အသင့် ပဲ,အေး အေး ဒီ မှာ အသင့် ပဲ
အိုး ဒီ နေ့ တော်တော် လေတိုက် တယ်,အိုး ဒီ နေ့ တော်တော် လောတိုက် တယ်
တီဗီ ကို ဘယ်လို သုံး ရ မလဲ,တီဗီ ကို ဘယ်လို သုံး ရေ မ လဲ
အေး လား,စ လ၁စ
လိပ်စာပြောင်း ကို ချက်ချင်း အကြောင်းကြား ရ မယ်,လိစပ်ကာခြောင်း ကိ့ ခွတ်ချှင်း အရြေကောင်းကား ရ ဒေယ်
ကျွန်တော် မ ပြော တတ် ဘူး,ကျွန်တာ်မ ြာ တတ် ဘူး
ဒီ က ကမ်းခြေ က ရေလွှာလှိုင်းစီး ဖို့ အတွက် သင့်တော် လား,ဒီ က ကမ်းခြေ က ရေလှောလှိုင့းစီး ို့ အတွက် သင့်တော် လား
မီးသတ် ဆေးဘူး ဘယ် မှာ ရှိ ပါ သလဲ,မီးသတ် ဆေးဘူး ဘယ် မှာ ရှိ ပါ သလဲ
အတွေး လက်ကနဲ ပေါ်လာ သည်,အတွေး လက်ကန ပေါ်လာ သည်
ကျွန်တော် သူမ နဲ့ လက်ထပ် ဖို့ ကြိုးစား ခဲ့ တယ်,ကျွန်တော် သူမ နဲ့ လက်ထပ် ဖို့ ကြိုးစား ခဲ့ တယ်
ကျွန်တော် ဘာ စာ မှ မ ရ ဘူး လား,ကျွန်တော် ဘာ စာ မှ မ ရေ ဘူး ယား
တက္ကစီ ယာဉ်မောင်း တစ် ယောက် ဖြစ် ရ တာ ဘယ်လို နေ လဲ,တကွစ် သောာ်ောင်း တစ် ောက် ပြစ် ူ တာ ဘယ်လို့ နေ လဲ
ဆရာဝန် က သွေး မ ထုတ် ခင် စစ်ဆေး မှု အချို့ ကို ပြုလုပ် သည်,ဆရာဂန် က သွေး မ ထုတက် ခင် စစ်ဆေး မူ အချို့ ကို ပြုလုပ် သည်
မင်း ဘဏ် က နေ ပိုက်ဆံ ထုတ် ခဲ့ ပြီ လား,မင်း ဘဏ် ကာ နေ ငို့က်ဆံ ထုတ် ခဲ့ ပြီ ယား
ညစာ ဘယ် မှာ စား မှာ လဲ,ညစာ ဘယ် မှာ စား မှာ လဲ
မင်း စာ မင်း ဘဲ လုပ် ရင် ရ တယ်,မင်း ာ မင်း ဘဲ လပ် ရင် ရ တယ်
ကယား တိုင်းရင်းသား များ ၏ နှစ်သစ်ကူး ပွဲတော် များ ၌ ကိန္နရာ အက က လေ့ ရှိ သည်,ကယား တိုင်းရင်းသား များ စ် နစ်သစ်ကူး ပွဲတော် များ ပ့်် ကိန္ူရာ ဘက က ဝလေ ရှိ သည်
ကြင်နာ မှု အတွက် ကျေးဇူးပါ ပဲ နော်,ကြင်နော မှု အတွက် ကျေးရူမပါ ပဲ နော်
ထိုင်ခုံ ဆီ ကို လမ်းညွှန် ပေး ပါ,ထိုင်ခဲ ဆီ ကို လယင်းသကွန် ပေး ပါ
မနေ့ က သင် ပြီး တဲ့ သင်ခန်းစာ ကို အားလုံး က ပြန် ကျက် နေ ကြ တယ်,မနေ့ ကာ သင် ပြီး တဲ့ သင်ခန်းစာ ကို အားလုံး ကာ ပြန် ကျက် နေ ကြ တယ်
ထို အက်တမ် ထက် ငယ် သော အရာဝတ္ထု တို့ ကို ကော်ပါးဆဲ ဟု အမည်ပေး ခဲ့ လေ သည်,ထို အက်တမ် ထက် ငယ် သော အရာဝတခု တို့ ကို ကော်ပါးဆဲ ဟု အမည်ပေး ခဲ့ လေ သည်
ခရီး ကုန်ကျ စရိတ် ဘယ်လောက် ကျ လဲ,ခရီး ကုန်ကျ စရိတ် ဘယ်လောက် ကျ လဲ
မင်း အင်္ကျီ မ လဲ ဘူး လား,မင်း အကျီ မ လဲ ဘူး ယား
ပုစွန် ပါ,ပူ္စြည် ဒေါ
စီးကရက် ရောင်း တဲ့ ဆိုင် ဘယ်မှာ လဲ,စီးကောရက် စောင်း တဲ့ ဆိုင်း ဘယ်မှာ လဲ
ရေနွေးကြမ်း သုံးဆောင် မလား ကော်ဖီ သုံးဆောင် မလား ခင်ဗျာ,ရေနွေးကြှမ်း သုံးေင် မလား ကော်ဗီ သုံးေင် မလား ခင်ဗျာ
ကွမ်းဆော်ကြောင်ဖြူ မင်း ထီးနန်း ကျ ပြီးနောက် သား တော် စုက္ကတေး ထီးနန်းပြု နေ ခဲ့ သည်,ပားာ  ား  ာာာ ာာာား
သူ ယခု ဧည့်သည် ရှိ နေ တယ် ခဏလေး စောင့် ပေး ပါ ခင်ဗျာ,သူ ယန ဧည်သှည် ၅ှိ နေ တယ် ဟား စောင့် ပေး ပါ ခင်ဗျာ
ငါး ယောက် အဖွဲ့,ငါး ယောက် အဖွဲ့
ဟင်းလျာ စာရင်း ကြည့် ရအောင်,ဟင်းလျာ ဆာရင်း ကြည့် ရအောင်
ဟို လူ ကို သိ ပါ သလား,ဟို လူ ကို သိ ပါ သလား
ဒါ ဘယ်နှ ရက် အတွက် ကောင်း လဲ,ဒါ ဘယ်နှ ရေက် အတာွက် ကောင်း လဲ
ရ ပါ ပြီ မမ ဘယ်လောက် ကျ သလဲ,ရ ပါ ပြီ မမ ဘယ်လောက် ကျ သလဲ
ဒါ က စည်းကမ်း ပဲ,ဒါ က စည် ကမ်း ပဲ
ဒီ ဘတ်စ်ကား က ချင်းမိုင် ကို ဘယ် အချိန် ရောက် မလဲ,ဒီ ဘတ်စ်ကား က ချင်းမိုင် ကို ဘယ် အချိန် ရောက် မလဲ
တော်ပြီ ကျေးဇူးတင် ပါ တယ်,ော် ပြီ ူးတူးတင် ပါ တယ်
ဟဲလို တိုကျို က နေ ခေါ် နေ တာ ဒါပေမဲ့ ဖုန်း မ ကိုင် ဘူး,ဟဲလို တိုကျို က နေ ခေါ် နေ တာ ဒါပေမဲ့ ဟုန်း မ ကိုင် ဘူး
ဒီ နံနက် မှာ ဥက္ကဌ ကို တွေ့ ရ မယ် လို့ ခင်ဗျား ထင် လား,ဒီ နံနှကာက် မှာ ညူက့္၄ှ ကို တေ့ ရ မယ် လို ခင်ဗျား ထင် လား
မြန်မာ စစ် အစိုးရ အား စိတ်ပျက် ကြောင်း အာဆီယံ နိုင်ငံ များ က ပြောကြား သည်,ဖန်မာ ခစ် အစိုးရ ား အိတ်နေက် ကောင်း ဘာအီပ်ဲ ခိင်ပး ဟား က ပယာ်လား သင်
ဒီ ဟာ က နမူနာ ပြ ထား တာ နဲ့ မ တူ ဘူး,ဒီ ဟက ကာ နမူနာ ပြ ထား တာ နဲ့ မ တူ ဘူး
စီးပွားရေး စင်တာ,စီးပွားရေး စခင်တာ
တက္ကစီ ခေါ် ပေး နိုင် မလား,တက္ကစီ ခေါ် ပေး နိုင် မလား
ဘာ ဖြစ် တာ လဲ,ဘာ ဖြစ် တာ လဲ
တစ် ခု မှ မ ဝယ် ဘူး,တစ်ခု မှ မဝယ် ဘူး
ကျွန်တော် တို့ စတိုးဆိုင် မှာ ဈေးလာဝယ် တာ ကျေးဇူးတင် ပါ တယ်,ကျွန်တော် တို့ စတိုးဆိုင် မှာ စဈျေးလာဝယ် တာ ကျေးဇူးတင် ပါ တယ်
ရေပိုက်လုံး က သံချေးတက် နေ လို့ သံချေးရေ တွေ ထွက် လာ တယ်,ရေပင့်တက်လုံး ကာ သ်ံချေးတက် နေ လို့ သံချေးရေ တေ့ တွက် ာ တယ်
နှစ် လ ကြာ မလား,နှစ်လ ကြာ မ လား
ကဲ စား ပြီး ရင် မြန်မာ ပြခန်း ကို သွား ကြ စို့,ကဲ စထား ပြီး ရင် မြန်မာ ပြခန်း ကို့ သွား ကြ စို့
ကိုယ့် စိတ်ကြိုက် ထည့် လိုက် ပါ,ကိုယ့် စိတ်ကြိုက် ထည့် လိုက် ပါ
အာရုံစိုက် ပေး ပါ,ဘာပုံစိုက် ပေး ပါ
ကျွန်တော် တခြား လမ်း က သွား လေ့ ရှိ တယ်,ကျွန်ကော် တခြား လမ်း က သွား လေ့ ရှိ တယ်
ကျွန်တော် လိပ်စာ ကို မ ပြော နိုင် ဘူး,ဂျွန်တော် လိပ်ာ ကို မ ပြော နိုင် ဘူး
ခရစ်ယာန်,ခရစ်ယာန်
သူ ဟာ နှုတ်လုံ တာ မို့ တခြား သူ ကို ပြန်ပြော မှာ မ ဟုတ် ဘူး,သူ ဟာ နှွတ်လုံ တာ မို့ တခြား သူ ကို ပြန်ပြော မှာ မ ဟုတ် ဘူး
ဒီ ဟာ က မမှန်မကန် ဖြစ် နေ လို့ ပါ,ဒီ ဟာ က မပှန်မကန် ဖြစ် နေ လို့ ပါ
ခွဲစိတ် ရ မဲ့ အချိန် ကို သူ တို့ စီစဉ် ပေး လိမ့် မယ်,ခွဲ့စိဘ် ရာ မဲ့ အချိုက် ကို သူ တို့ ဆီးစည် ပေား လို် မယ်
အဲ့ဒီ သူငယ်ချင်း က လက်အားသန် လို့ အလေးအပင် ကောင်းကောင်း မ နိုင် တယ်,အဲ့ဒီ သူငယ်ချင်း က လက်အားသန် လို့ အလေးအေင် ကောင်းကောင်း မ နိုင် တယ်
ဒီ စားသောက်ဆိုင် က ဘယ် အချိန် ဖြစ် ဖြစ် ဧည့်သည် တွေ များ တယ် နော်,ဒီ စားသောက်အိုင် ဟာ ဘယ် အချိနက ပြစ် ပြစ် ဧာ်သည် တွေ ရျား တယ် နော်
မတ် လ ၄ ရက်နေ့ ကုန်စည် ပြပွဲ,မတ် လ ၄ ရက်နေ့ ကုန်စည် ပပဲ့
ကား မှ ကားဘီး ကို ဖြုတ် လိုက် သည်,ကား မှ ကားဘီး ကို ဖြုတ် လိုက် သည်
အဲဒါကြောင့် ကျွန်တော် ဒီ နေ့ ထပ် လာ ရ တာ,အဲဒါကြောင့် လျန်တော် ဒီ နေ့ ထပ် လာ ရ တာ
လမ်း မှာ ကား တွေ များ လို့ အမြန် မ သွား နိုင် ဘူး,လမ်း မှာ ကား တွေ့ များ လို့ အကမြန် မ သွား နိုင် ဘူး
ကိုယ် အပူချိန် က တော့ ပုံမှန် အပူချိန် ပါ ပဲ,ကိုယ် အပူချိန် က ကော့ ပုံမှန် အပူချိန် ပါ ပဲ
ပေး ပြီး ပါ ပြီ လုံခြုံ ရေး ဂိတ် ကို လည်း ဖြတ် ပြီး ပါ ပြီ,ပေး ပြီး ပါ ငြီ လုခြုံ ရေး ဂိတ် ကို လည်း ဖြတ် ပြီး ပါ) ပြီ
ခဏလောက် စောင့် ပေး နိုင် မလား,ခဏလောက် စောင့် ပေး နိုင် မလား
ကိုယ်ဟန်မူရာ နူးညံ့သိမ်မွေ့ သည်,ကိုယ်ဟန်မူရာ နူးညံ့သိမ်မွေ့ သည်
ဝါဆို လ ကို ဗေဒင် အခေါ် အားဖြင့် ကရကဋ် ရာသီ ခေါ် သည်,ငါဆို လ ကို ဝေဒင် အခေါ် အား ဖြင့် ကရကင့် ရာသီ ခေါ် သည်
အချိန်မရွေး ရေနွေး ရ နိုင် သလား,အချိုန်မရရွေး ရေ့နွေး ရ နိုင် သလား
အခု လက် နဲ့ ညွန်ပြ နေ တဲ့ အရာ က ဘာ လဲ,အခ လောက် နဲ့ သန်ပြ စွေ တဲ့ သရျာ က ဘာ လဲ
ဘန်ကောက် စံတော်ချိန် လား,ဘန့်ကောက် စံတော်ချိန် လား
လောက ကြီး ကို စွန့်ခွာ သွား သည်,လောက ကြီး ကို စွန့်သာ သွား သည်
အင်တာဗျူး တဲ့ သူ က သူမ ကို အင်တာဗျူး က နေ ချ ပစ် တယ်,အင်တာဟျူး တဲ့ သူ ကာ သူမ ကို အင်တာဗျူး က နေ ချ ပစ် တယ်
ကျောင်းပိတ်ရက် မှာ ခင်ဗျား ဘာ လုပ် မှာ လဲ,ကျောင်းပိတ်ရက် မှာ ခင်ဗျား ဘာ လုပ် မှာ လဲ
ဆယ်လဗာဒေါ နိုင်ငံ သည် မူလ က စပိန် လက်အောက်ခံ ဖြစ် ၏,ဆယ်လလာဒေါ နိုင်ငံ သည် မူလ က စပ်န် လက်အောက်ခဲ ဖြစ် ၏်
ကြောင် က ကြမ်းပြင် ပေါ် မှာ အိပ် နေ တယ်,ကြောင် က ကြမ်းပြင် ပေါ် မှာ အိပ် နေ တယ်
အဲဒီ ကလေး က ဘယ်လောက် ချစ်စရာကောင်း လဲ သိ လား,အဲဒီ ကလေး က ဘယ်လော်က် ျှစ်စကျောကောင်း လဲ သ လား
ဒီ ဘူတာရုံ နား မှာ ဖုန်း ရုံ ရှိ သ လား,ဒီ ဘူုတာရုံ နား မှာ ဖုန်း ရုံ ရှိ သ လား
ဒီ စုဝေးပွဲ မှာ အသင်းဝင်ကြေး ၂ သောင်း ကျပ် စီ ကောက် တယ်,ဒီ နုေးရူ့ မှာ အသာင်းဝင်မကား ူှ သောင်း ကုပ် ဒီး ယော် တယ်
ပစ္စည်း စစ် တုန်း က ခင်ဗျား နံပါတ် ကပ်ပြား ရ သလား,ပတ္တည်း ဆစ် တုန်း က ခင်ဗျား နိုပါတ် ကပ်ပြား ရ သလား
ဒီ ကား အတွက် ခင်ဗျား ဘယ်လောက် ဈေး သတ်မှတ် ထား လဲ,ဒီ ကား အတွက် ခင်ဗျား ဘယ်လောက် ငျေး သတ်မှတ် ထား လဲ
နေ့လယ်ပိုင်း ၁ နာရီ ကြာ အိပ် ပါ တယ်,နွေ့လယောယ်ပိုင်း ၁ နူာ်ရိ ကြာ အိပ် ဒေါ တယ်
‌နောက်ထပ် ခရီးစဉ် က ဘယ် အချိန် လဲ,နောက်ထပ် ခတွုးစည် က ဘယ် အချိန် လဲ
နောက် မှ တွေ့ ကြ သေး တာ ပေါ့,နောက် လှ့ တွေ့ ကြ် သေး တာ ပပျေ့
ဒီ ဆေး က ၁၀၀ ရာခိုင်နှုန်း ဆေးဘက်ဝင် အပင် များ မှ ဖော်စပ် ထား တာ ဖြစ် တယ်,ဒီ ဆေး က၁၀၀ ရာခိုင်နှုန်း ဆေးဘက်ဝင် အပင် များ မှ ဖော်စပ် ထား တာ ဖြစ် တယ်
ထမင်းသုတ် ကို အရသာရှိ အောင် လုပ် တယ်,အမင်းသုတ် ကို အာရသာရှိ ခောင် လုပ် တယ်
ခင်ဗျား နဝေတိမ်တောင် နဲ့ မိန်းကလေး ကို မ မျှော်လင့် ဘဲ တွေ့ လျှင် အဲဒါ သူမ ပဲ,ခင်ဗျား နှဝေတ်မပ်တောင် နဲ့ ဆိနးဟာဆာလပား ကို မ မျှေက် ယင့် ဘဲ ဆွေ့ လျှင် အဲဒါ သူသ ပဲ
မြန်မြန် လုပ် ပါ မ ဟုတ် ရင် ရထား လွတ် သွား လိမ့် မယ်,မြန်မြန် လုပ် ပါ မ ဟုတ် ရင် ရထား လွတ် သွား လိမ့် မယ်
ခေါက်ဆွဲ နှင့် ပေါင်မုန့် တို့ ကို လည်း စားသောက် သည်,ခေါက်ဆွဲ နင့် ပေါင်မျန့် တို့ ကို လည်း စားသောက် သည်
ဖော့ပုံး,ပေ့ပုံး
ကုန်ပစ္စည်း အမျိုးမျိုး,ကုူန် ပ တ္စည်း အ မျိုး မျိုး
ဧပြီ ၁၀ ရက် ဖြစ် မယ်,ပြီ၁ဝ ရက် ဖြစ် မယ်
ချစ်စရာ လည်း အလွန် ကောင်း ပါ တယ်,ချစ်စရာ လည်း အလွန်ကာင်း ပါတယ်
၂ နှစ် နီးပါး ရှိ ပြီ,၂ နှစ် နီးပါး ရှိ ပြီ
မုန့်ဟင်းခါး စား ကြည့် တာ ဘယ်လို လဲ,ရှုန်ကင်းဆီး စား ကြ့သည် တာ ဘယ်လို လဲ
ငါး နည်းနည်း လောက် ယူ ပါ ဦး လား,ငါး နည်း နည်းလာက် ယူ ပါဥးလ၁း
အောက်စီဂျင် ဗူး က ဘယ်လောက် ကြီး လဲ,အောက်စီကျင် ငူး က ဘယ်လောက် ကြီး လဲ
သိ ပါ တယ်,သိ ပါယ်
ဆိုဒ် ကြီး လို ချင် ပါ တယ်,ဆိုဒ် ကြီး လို ချင် ပါ တယ်
ငှက်မ သည် အသိုက် လုပ် ရန် နေရာ အတိအကျ ကို ရွေး သည်,၄က်မ သည် အသိုက် လုပ် ရန် နေရာ အတီအကျ ကို ရွေး သည်
ကျွန်တော် ဒါ ကို မ ကြိုက် ဘူး,ကျွန် စတာ် ဒါ ကို မ ကြိုက် ဘူး
ကော်ဖီ နဲ့ ဖျော်ရည် က ၁ ဒေါ်လာ စီ,ကော်ဖီ နဲ့ ဖျော်ရည် က ၁ ဒေါ်လာ စီ
ကြေးနန်းရုံး က ဘယ် မှာ လဲ,နြေးနန်းရေါးက ဘယ် မှာ လဲ
အနည်းဆုံး အချိန် နှစ် ပတ် ထိ ကျွန်တော် လုပ် ပေး နိုင် မှာ မ ဟုတ် ဘူး,အနည်းဆုံး အချိန် နှစ် ပတ် ထိ ကျွန်တော် လုပ် ပေး နိုင် မှာ မ ဟုတ် ဘူး
တက် ကြ စို့ နော်,တာ် ကြ နိ့ နော်
စာကြည့်တိုက်မှူး ကို ချန် ထား ပေး ဖို့ ပြော ခဲ့ လား,စာကြည့်တိုက်မှူး ကို ချန် ထား ပေး ဖို့ ပြော ခဲ့ လား
ပေါင်မုန့် မှို တက် သွား ပြီ,ပေါင်ပုန့် ို့ တက် သွား ပြီ
ဆရာဝန် ခွင့်ပြုချက် ရ ရင် ကျွန်တော် စာစောင် တွေ နည်းနည်း ယူ ခဲ့ ပေး မယ်,ဆရာဝန် ခွင့ပြုချက် ရ ရင် ကျွန်ကော် စာစောင် တွေ နည်းနည်း ယူ ခဲ့ ပေး မယ်
အို တယ်ကြာ ပါ လား ခင်ဗျာ လေကြောင်း နဲ့ ကော,အို တယ်ကြာ ပါ လား ခင်ျာ လေကြောင်း နဲ့ ကော
ကော်ဖီ ပါ,ဘ်ဒီ ပါ
တညလုံး နှင်း တွေ ကျ နေ ခဲ့ တယ်,တညလုံး နှင်း တ ကျူန ခဲ့ တယ်
သူ့ မှာ လည်း ဖယောင်းခဲတံ မ ရှိ ပါ,သူ့ မှာ လည်း ထယောင်းခဲတံ  ရှိ ပါ
ခင်ဗျား ရဲ့ လက်ရာ က ဘယ်လို လဲ,ခင်ဗျား ရဲ့ လက်ရာ က ဘယ်လို လဲ
တခြား သူ တွေ နဲ့ အတူ အလုပ် လုပ် သောကြောင့် မ ပင်ပန်း ဘူး,တခြား သူ တွေ နဲ့ ဘတူ အလုပ် လုပ် သောကြောင့် မ ပင်ပန်း ဘူး
ကောင်း တယ် သိပ် ကောင်း တာ ပေါ့,ကောင်း တယ် သိပ် ကောင်း တာ ပေါ
ခင်ဗျား အားကစား ကို ကြိုက် လား,ခင်ဗျား အားလာစား ကို ကြိုက် လား
အရောင်းအဝယ်သမား နဲ့ တူ သည်,အရောင်းအဝယ်သမား နဲ့ တူ သည်
ကျွန်တော် နေ လို့ မ ကောင်း ဘူး လှိုင်းမူး ပျောက်ဆေး လေး များ ရ မလား,ကျွန်တော် နေ လို့ မ ကောင်း ဘူး လှိုင်းမူး ပျောက်ဆေး လေး များ ရ မလား
အားနာ ပါ တယ် ခင်ဗျား လမ်း မှား နေ ပြီ,အာနှာ ပါ တယ် ခင်ဗျား လယမ်း မှား နေ ပြီ
ဒီ တစ် ခါ အပြောင်းအလဲ လေး ဖြစ် သွား အောင် သွား က ကြ ရင် ကောင်း မလား,ဒီ တစ် ခါ အပြောင်းအလဲ လေး ဖြစ် သွား အောင် သွား က ကြ ရင် ကောင်း မလား
ဟယ်လို စမစ်,ဟယ်လိုစ မစ်
မြို့ လယ် တွင် ကား ကျိုက်သုတ် စေတီ ရှိ သည်,မြို့ လယ် တွင် ကား ကျိုက်သုတ် စေကီ ရှိ သည်
မာ = မြင်း ရိတ် = ခယ်တိုင် မြင်းခယ်တိုင် မြင်းချည်တိုင် ဟု အဓိပ္ပာယ်ရ သည်,မာ က ပြင်း ရိတ် က ယ်တိုင် ပြင်းခယ်တိုင် မြင်းချွည်တိုင် ဟု ဘဓိပ္ာယ်ရ သည်
ဒီ နေ့ တော့ အပူချိန် မြင့် လာ လို့ အနည်းငယ် ပူ ပါ မယ်,ဒီ နေ့ တော့ အပ္ချိန် မြင့် လာ လို့ အနည်းငယ် ပူ ပါ မယ်
မတော်တဆ တစ် ခု ခု ဖြစ် မှ ဖြင့်,မ်တော်တာဆတာ တစ် ရု ရု ပြန် မှ ပြာ်
ကြိုက် တဲ့ စားပွဲ ကို ယူ လို့ ရ ပါ တယ်,ကြိုူကတ် တဲ့ ကားကဲ့ ကိ့် သေူ လည့ ရေ ပေါ တယ်
သူ ဘာ ဆေး သောက် ရ မလဲ,သူ ဘာ ဆေး သောက် ရ မလဲ
ဟီလ်တန် ဟိုတယ် မှာ တည်း မယ်,ဟီလ်တန် ဟိုတယ် မှာ တည်း မယ်
မင်း ရေသည် ပြဇာတ် ကြည့် ဖူး သလား,မင်း ရေသည် ပြတတ် ကြြည့် ပူး သလား
ဟုတ် ပါ ပြီ ကိုခင်မောင် ဟင်းရွက် တန်း ဘက် လျှောက် ရအောင်,ဟုတ် ပါ ပြီ ကိုခင်မောင် ဟင်းရွက် တန်း ဘက် လျှောက် ရအောင်
ခရုဆီ,ဆရဆီ
မတ် လ ၁၄ ရက်နေ့ ကွန်တိန်နာ ပစ္စည်း ချ သည်,မတ် လ ၁၄ ရက်နေ့ ကွန်တ်န်နှာ ပစ္စညင်း ချ သသည်
ဟင့်အင်း နောက်ကျ မှ ရောက် လို့ မ ရ ဘူး,ဟင်အင်း နောက်ကျ မှ ရောက် လို့ မ ရ ဘူး
ဒီ ဝိုင် ပုလင်း အတွက် ကျွန်တော် အခွန်ဆောင် ဖို့ လို မလား,ဒီ ဝိုင် ပုလင်း အတွက် ကျွန်တော် အခွန်ဆောင် ဖို့ လို မလား
ရံပုံငွေ,ရုံပုံငွေ
ကျွန်တော့် အတွက် ချင်းစိမ်း နည်းနည်း လောက် ယူ လာ ပေး နိုင် မလား,ကျွန်တော့် အတွက် ချင်းစိမ်း နည်းနည်း လောက် ယူ လာ ပေး နိုင် မလား
ခင်ဗျား ဘာ မှ လည်း မ စား သလောက် ပါ ပဲ လား,ခင်ဗျား ဘာ မှ လာည်း စာ စား သလောကက် ပါ ပဲ လား
ငါ့ ကား ဘတ္ထရီ ပျက် သွား တယ်,ငါ့ ကား ဘတ္တတီ့ ပျက် သွား တယ်
တူ နဲ့ မ စား တတ် ပါ ဘူး,ဘူ နဲ့ မ စား တတ် ပါ ဘူး
ကျွန်တော် စဉ်းစား ထား တာ တစ် ခု လည်း ရှိ သေး တယ်,ကျွန်တော် စဉ်းစား ထား တာ တစ် ခု လည်း ရှိ သေး တယ်
နံနက်စာ ကို ဘာ စား ချင် ပါ သလဲ,နံနေက်ဆာ ကို ဘာ စား တရင် ပါ သလဲ
ကျွန်တော် တို့ မှာ နှစ် မျိုး လုံး ရှိ တယ်,ကျွန်တော် တို့ မှာ နှစ် မျိုး လုံး ရှိ တယ်
ဒီ ဟင်း က နည်းနည်း ကြာ တယ်,ဒီ ဟင်း က နည်းနည်း ကြာ တယ်
ခင်ဗျား တုပ်ကွေး ဖြစ် နေ ပြီ,ခင်ဗျား တုပ်လေး ဖြစ် နေ ပြီ
ကျွန်တော် တို့ ဟာ လွတ်လပ် စွာ နေထိုင် နိုင် တဲ့ အခွင့်အရေး ရှိ တယ်,ကျွန်တော် တို့ ဟာ လွတ်လပ် စွာ နေထိုင် နိုင် တဲ့ အခွင့်အရေး ရှိ တယ်
ချောစု က နေ့တိုင်း ၈ နာရီ ကြာ အိပ် တယ် လို့ ဆို ပါ တယ်,ချောစူ က နေ့တိုင်း စာ နာရီ ကြာ အိပ် တယ် လို့ ဆို ပါ တယ်
စား ချင် စိတ် မ ရှိ ဘူး,စားချင် ိတ် မ ရှိ ဘူး
,
သူ့ ရဲ့ အချက်အလက် တွေ ပြောပြ နိုင် မလား,သူ့ ရဲ့ အခူက်သလာက် တေ့ ျြောပြ့ နိုင် နေလား
ဘာ အော် တာ လဲ,ဘာ အော် တာ လဲ
၁၉၉၉ ခုနှစ် ထုတ်လုပ် မှု မှာ ၁ဝ၉ဝ မက်ထရစ်တန် ၃၈ ရာခိုင်နှုန်း လျော့ကျ ခြင်း ဖြစ် သည်,၁၃၉၉၁၉ နနှစ် ထုတ်လုပ် မှု မှာ ၁၀၉၀ ာက်ထရစ်ဘန် ညမာ ရာနိင်ညှန်း ေျော့ကျ မြင်း ပြစ် သည်
ဒီ တစ် ခေါက် ရော ဘယ်လို လဲ,ဒီ တစ် ခေါက် ရော ဘယ်လို လဲ
ကြွေထည် ပစ္စည်း တွေ ကြည့် ချင် လို့ ပါ,ကြွေတည် ပစှစည်း တွေ့ ကြည့် ချင် လို့ ပါ
မေမေ ဟင်းချက် နေ တဲ့ အတောအတွင်း ကျွန်တော် က အိမ်စာ ကို အပြီးသတ် မယ်,မေယေ ဟင်းချက် နေ တဲ့ အာတောအာတွင်း ကျွန်တော် လာ အိမ်ဆာ ကို အာပြီးသတ် မယ်
အာရပ် မြင်း မျိုး နှင့် ဗပ် မြင်း မျိုး တို့ မှ ပြိုင်မြင်း များ ပေါက်ပွား လာ သည်,ဘာရပ် မြင်း မြှီး နှင့် ဝပ် ပြင်း မျိုး တို့ ပု ပြဲုင်ပြင်း များ ပေါက်ပွား လာ သည်
ဘယ်လောက် မြန်မြန် ဖြန့်ဝေ နိုင် ပါ သလဲ,ဘယ်လောက် ဖန်မြန် မြန်လ ဒိုင် ပါ သလဲ
ရေချိုးခန်း ထဲက မီးသီး က ပေါက်ကွဲ သွား ပြီ,ရေချိုးဆန်း ထဲကာ မီးသေီး က ပေါက်ကွဲ့ သွား ပြီ
အဲဒါ ကို သိုလှောင်ရုံ မှာ စစ် ပြီး တော့ မှ ပြေစာ ယူ ပါ,အံဒါ ကို သိုလှာင်ရဲ မှာ စစ် ပြီး တော့ မှ ပြော ယူ ပါ
နောက် တစ် ခု ကို ခင်ဗျား အတွက် ယူလာ မယ် မစ္စ,နောက် တစ် န ကို ခင်ဗျား အတွက် ယူလာ မယ် စ္စ
ဝမ် ၈ သိန်း ပေး ပါ မယ်,် သင်ပပါ မယ်
နောက်ထပ် လျှော့ နိုင် သေး လား,နောက်ထပ် လျှော့ နိုင် သေး လား
ဆရာ သည် တည်ငြိမ်အေးချမ်း သော အသံ ဖြင့် ကျောင်းသား များ ကို ဆုံးမ သည်,ဆရာ သည် တည်ငြိမ်အေားချမ်း သော အာသံ ဖြင့် ကျောင်းသား များ ကို ဆငုံးမ သည်
ခြေသည်း လက်သည်း ပြုပြင် မလား,ခြေသည်း လက်သည်း ပြုပြင် မလား
ခင်ဗျား မ မေ့ သင့် ပါ,ခင်ဗျား မ မေ့ သင့် ပါ
နည်းနည်း ပြော နိုင် ပါ တယ်,နည်းနည်း ပြော နိုင် ပါ တယ်
အဲဒါ ဘယ် အချိန် စ လဲ,အဲဒါ ဘယ် အချိန် စ လဲ
အတူတကွ,အေားယ်းေြ
ဘာ အဓိပ္ပာယ် ပါ လဲ,ဘာ အဓလ္ာယ် ပါ လဲ
ဗိုက်ဆာ ပါ တယ်,ဗှု့်ဆာ ပါ တယ်
သူ က ဆွေးနွေးပွဲ နဲ့ ပက်သက် တဲ့ အသေးစိတ် အစီရင်ခံ စာ ကို ပြင်ဆင် နေ တယ်,သူ လာ ခွေေးနွေးပွ နဲ့ ပက်သက် တဲ့ အာသေားစိတ် အာစီရင်ခံ ဆာ ကို ပြင်ဆင် နေ တယ်
ဘာ ကူညီ ရ မလဲ,ဘာ ကူညီ ရ မလဲ
ခင်ဗျား ဘယ် နေရာ မှာ ထား ခဲ့ သလဲ,ခင်ဗေား ဘယ် နေျာ လှာ ထး ခဲ့ သလဲ
သူငယ်ချင်း က လုပ်ဖော်ကိုင်ဖက် တွေ ဖိတ် ပြီး တစ် ဝိုင်း ကျွေး တယ်,သူငယ်ချင်း က လုပ်ဖော်ကိုင်ဖက် တွေ့ ဖိတ် ပြီး တစ် ငိုင်း ကျွေး တယ်
ည ၁၁ နာရီ မှာ အိပ် ပါ တယ်,ည၁ နာရီ မှာ အိပ် ပါ တယ်
ခုလေးတင် ထွက်သွား တယ်,ခလေေးတေင် တွတ်သွား တယ်
ဆေးစာ လိုအပ် ပါ သလား,အေးစာ လိုအပ် ပါ သလား
အိမ် အနီးအနား မှာ ပန်းခြံ ရှိ တယ်,အိမ် အနီးအနား မှာ ပန်းခြံ ရှိ တယ်
ထို့နောက် အညစ်အကြေး များ ကို ရေ နှင့် ဆေးထုတ် လိုက် ရ သည်,ထိုနောက် အညစ်အကြေး များ ကို ရေ နှင့် ဆေးထုတ် လိုက် ရ သည်
အပြန် လေယာဉ် ကို ဘန်ကောက် က နေ ဟောင်ကောင် ကို ပြောင်း ချင် ပါ တယ်,အပြန် တောယာဉ် ကို ဘန်ကောက် က နေ တောင်ကောင် ကို ပြောင်း ချင် ပါ တယ်
မ ရှက် ပါ နဲ့,မ ရှက် ပါန်
ထ လို့ ရ ပါ ပြီ,ထ လကြို့ ရွေ ဒါ ပြိ
ကျွန်တော့် နာမည် က ပါ,ဂျွန်တော့် နာမည် က ပါ
ဒါပေမဲ့ ပုံစံ ဖြည့် ဖို့ မ မေ့ ပါ နဲ့,ဒါပေမဲ့ ပုံစံ ပြည့် ပို့ မ မေ ပါ နဲ့
သူ့ အတွက် ငါ့ စကား တွေ က မြင်း နား ကို လေတိုက် သလို ပါ ဘဲ,သူ့ အကတွေက် ချါ့ စား တွေ က မြင်း နွား ကိ လေတ်် သလို့ ပါ ဘဲ
သူမ တရုတ် စကား ပြော တာ စံချိန်မီ သည်,သူမတရတ်စ ကားြာ တာဆံ ချိန် မီ သည်
ဘိုင့် ဘိုင်,အိုင့ အိုင်
လူ ဆို တာ ကိုယ့် ဘဝ ကို သိ ရ တယ်,လူ ဆို တာ ကိုယ့် ဘဝ ကို သိ ရ တယ်
ဒီ နေ့ ကျွန်တော် တို့ ကို ဘယ်လို စိတ်ဝင်စား စရာ နေရာ တွေ လိုက်ပြ မှာ လဲ,ဒီ နေ့ ကျွန်တော် တိ့ ကို ဘယ်လို့ စိတ်ထင်စား စရော နေရာ တေ့ လိုက်ပြ မှာ လဲ
မင်း လေထွား လွန်း တယ်,မင်း လေသထွား လညန်း တယ်
သူ ကျွန်မ ကို ကြည့် သည်,သူ ကျွန်မ ကို ကြည့် သည်
ခင်ဗျား ဖြစ်နိုင်ခြေ အများကြီး ရှိ တယ်,ခင်များ ဖြစ်နိုင်ြေ အများကြီး ရှိ တယ်
ဒီ ပုလဲ လည်ဆွဲ အတွက် အခွန် ပြေစာ ရှိ လား,ဒီ ပူလဲ လည်ဆွဲ အာတွက် အာခွန် ပြော ရှိ လား
အိတ် ထဲ မှာ ပိုက်ဆံအိတ် နဲ့ အလှကုန် ပစ္စည်း ပါ ပါ တယ်,အိတ် ထဲ မှာ လို့က်ဆံအိတ် နဲိ့ အလေကူန် ေရ္ည်း ေါ် ပါ တယ်
ခရီးသွား ချက်လက်မှတ် တွေ လက်ခံ ပါ သလား,ခရီးသွား ချက်လက်မှက် တွေ့ လက်ခံ ပါ သလား
ကျွန်တော် အိတ် တွေ ကို အိတ် တွေ ပြန် ရွေး တဲ့ နေရာ မှာ ယူ ရ မယ်,ကျွန်တော် အိတ် တွေ ကို အိတ် တွေ ပြန် ရွေး တဲ့ နေရာ မှာ ယူ ရ မယ်
နောက်ပြီး တော့ ဝီရိယ ရှိ တယ်,နောက်ပြီး တော့ ဝီရပယ ရှိ တယ်
နှစ် ခု လို ချင် ပါ တယ်,နှစ် ခု လို ချင် ပါ တယ်
ပစ္စည်း ကို အရစ်ကျ ပေးဝယ် သည်,ပစ္စည်း ကို အရစ်ကျ ပေဝယ် သည်
ငှက်ပျောသီး ၂ ဖီး ဝယ် ချင် ပါ တယ်,ငက်ပြျောသီး ၂ မီး ဝယ် ချင် ပါ တယ်
အဝတ်တန်း တွင် အဝတ် ချိတ်လှန်း ထား သည်,အတတ်တန်းခ တျွှင် အဝတ် ချိတ်လွှန်း ထး သည်
လှေကား က ခန်းမ လမ်း အဆုံး ဒီ အကျော် မှာ ပါ,လှေကား က ခန်းမ လမ်း အဆုံး ဒီ အကျော် မှာ ပါ
မင်း သာ အလုပ် ပျက် အကိုင် ပျက် ဖြစ် နေ ဦး မယ်,မင်းသာ အ လူပ် ပျက် အကိုင် ပျက် ဖြစ်န ညးမယ်
ခင်ဗျား တေးဂီတ အပေါ် စိတ်ဝင်စားမှု ရှိ လား,ခင်ဗျား တေးဂီတ အပေါ် စိတ်ဝင်စားမှု ရှိ လား
ဂျပန် က တိုက်ရိုက် သွင်း ရင် ဈေးကြီး တော့ လူ တွေ သုံး ဖို့ မ လွယ် ဘူး,ကျပန် က တိုက်ရိုက် သွင်း ရင် စျေးကြီး တော့ လူ တေ့ သုံး ဖို့ မ လွယ် ဘူး
ကျွန်တော့် ပတ်စ်ပို့ လို လား,ကျွန်တော့ ပတ်စ်ဝို့ လို လား
ယာဉ်မောင်း ဆရာ ကျွန်တော် ၁၀ : ၃၀ ရထား ကို မီ မှ ဖြစ် မယ်,ယာဉ်မောင်း ဆရာ ကျွန်တော် သဝး ဒဝ ရေထား ကို မီ မှ ဖြစ် မယ်
ဒီ ထိုင်ခုံ က ပိတ် ထား ပါ သလား,ဒီ ထိုင်ခုံ က ဝိတ် ထား ပါ သလား
ကျွန်တော် ချမ်းတုန် ပြီး ဗိုက် ထဲ က နာ နေ လို့ ပါ,ကျွန်တော် ချမ်းတုန် ပြီး လိုက် ထဲ ဟာ နာ နေ လို့ ပါ
ကျွန်တော် နာမည် မောင်မောင် ဖြစ် ပါ တယ်,ကျွန် တာ် နာ မည်မာင်မာင် ဖြစ် ပါတယ်
ဒါပေမယ့် ကျွန်တော် ခင်ဗျား ကို သွေးစစ် ချင် ပါ တယ်,ဒါပေမယ့် ကျွန်တော် ခင်ဗျား ကို သွေးစစ် ချင် ပါ တယ်
ရုပ်ဆင်း အင်္ဂါ ချောမော သည်,ရင် ဆင်း အဂ္ဂ ချာမာ သည်
ခင်ဗျား အရက် သောက် တာ က လွဲ လို့ တခြား ဘာ မှ မ တတ် ဘူး,ခင်ဗျား ဘရက် သောက် တာ က လွဲ လို့ တခြား ဘာ မု မ တတ် ဘူး
အချိန် မ ရှိ ဘူး,အချိန် မ ရှိ ူး
အကောင်းဆုံး ကို ရွေးထုတ် သည်,အာကောင်းဆုံး ကို ငတွေးထုတ် သည်
ဒီမှာ ပြန်အမ်းငွေ နဲ့ ပြေစာ ပါ,ဒီမှာ ပြန််စ်းငေ နျဲ့ ဧပြ ပါ
အရသာ ငန် ပါ တယ်,အရသာ ငန် ပါ တယ်
ဘာ လုပ် မလို့ လဲ ငွေလွှဲ မလို့ လား,ဘာ လုပ် မလို့ လဲ ငေ့လြဲ့ မလို့ လား
ကျွန်တော် အအေးမိ ပြီ ထင် တယ်,ကျွန်ယတော် မေးမ ပြီ ဆင် တယ်
အဲဒီ လို ပုံစံ မြင် ရ တာ အန် ချင် စိတ် ပေါ် တယ်,အဲဒီ လို ပုံစံ မြင် ရ့ တာ အန် ချင် ဆိတ် ပေါ် တယ်
အဖေ အခန်း ထဲ ကို ဝင်လာ သည်,အဖေ အခန်း ထဲ ကို ဝင်လာ သည်
ကျေးဇူးပြုပြီး အချိုသာဆုံး စျေး နဲ့ ရောင်း ပေး ပါ,ျူး တူးပြုကပြီ း အချိုသာဆုံး ဈး နဲ့ ရာင်းပး ပါ
ခင်ဗျား ရဲ့ ခရီးဆောင် အိတ် က သဘာဝ ထိခိုက် မှု ကြောင့် ပျက်စီး ရ တာ ပါ,ခင်ဗျား ရဲ့ ခရီးဆောင် အိတ် က သဘာဝ ထိခုက် မူ ကြောင့် ပျက်စီး ရ တာ ပါ
မြန် မြန် လုပ် ပါ,မြန် မြန် လုပဲ ပါ
ဒီ ဥစ္စာ ဘာ ကျောက် လဲ,ဒီ ဥစ္စာ ဘာ ကောော် လဲ
အိုဇုန်းလွှာ ပေါက် တယ်,အို ဇူ န်းလွှာ ပါက် တယ်
အောက်ထပ် အိပ်စင် တစ် ခု လောက် ရ နိုင် မလား,အောက်ထပ် အိပ်စင် တစ် ခု လောက် ရ နိုင် မလား
ဘော့စတန် ကို သွား တဲ့ အမြန်ရထား တွေ များ ရှိ ပါ သလား,တော့စတန် ကို ညား တဲ့ အာဖြန်ရထား တွေ ျား ရှိ ပါ သာလား
အိပ်စင် တွဲ တွေ ဘယ် မှာ ဆုံး မှာ လဲ,အိပ်စင် တဲ့ တွ ဘယ် မှာ ဆုံး မှ လဲ
ထို့နောက် ယခု မြောင်းမြ မြို့ ဟု တွင် သော ဆိပ်ကြီး အရပ် တွင် မြို့ သစ် တည်ထောင် သည်,ထို့နောက် ယခု မြောင်းမြေ မြဲ့ ဟု တွင် သော အိပ်ကြီး အရပ် တွင် မြို့ သစ် တည်ထောင် သည်
မန္တလေး နဲ့ မြစ်ကြီးနား က ရော ရထား စီး ရင် ဘယ်လောက် ကြာ သလဲ,မန္လေး နဲ့ မြစ်ကြပီးနေား ကာ စရော ရေထား စီး ရင်း ဘယ်လောက် ကြာ သလဲ
အထက် မြန်မာ နိုင်ငံ မှာ ရှာ လိုက် မယ်,အထက် မြန်မာ နိုင်ငံ မှာ ရှာ လိုက် မယ်
မြို့တော်ခန်းမ အထိ ဘယ်လောက် လဲ,မြို့ နတာ် ခန်း မ အထိ ဘယ် လလာက် လဲ
တစ် ခု ခု သောက် ပြီး မှ အပြင် သွား မယ်,တစ် ဆု ခု သောက် ပြီး မှ အပြင်း သွား မယ်
အနီးဆုံး ကင်မရာ ရောင်း တဲ့ ဆိုင် ဘယ် မှာ လဲ,ဘနီးဆုံး ကင်မရာ ရောင်း တဲ့ ဆိုင် ဘယ် မှာ လဲ
အိတ် ဘယ်နှ အိတ် ပါ လဲ,အိတ် ဘယ်နှ အိတ် ပါ လဲ
ရောင်း ကောင်း သလား,ာင် ကာင်း သလား
ကောင်းကင် ပေါ် မှာ ဘာ ရှိ သလဲ,ကောင်းကင် ပေါ် မှာ ဘာ ရှိ သလဲ
တစ် နာရီ ၂၀ မိနစ်,တစ် စာစ်ရ ၂ မိနြ်
ဟုတ်ကဲ့ မမ,ဟုတ်ကဲ့ မမ
မင်း ကိုယ်တိုင် သွား စုံစမ်း မေးမြန်း ကြည့် ပါ,မင်း ကိုယ်တိုင်း သွား စု့စမ်း မေးမြန်း ကြည့် ပါ
ခြေဆောင့် ၍ ခွေး ကို မောင်းထုတ် သည်,ခေဆောင့် ၅ ွေး ကြိ စောင်းထေတ် သည
ခင်ဗျား နမူနာ ကြည့် မလား,ခင်ဇား နေ္ဆသာ ကြည်် နကလား
ဒီ သီချင်း က ကျွန်တော် မကြာခဏ နားထောင် တဲ့ ဟာ ပဲ,ဒီ သီချင်း က ကျွန်တော် မကြာခဏ နားထောင် တဲ့ ဟာ ပ
ရုပ်ရှင် ကြည့် တာ နဲ့ ပေါက်ပေါက်ဆုပ် စား တာ,ရျွပ်ရျှင် မြည်် တာ နိ့ စေါက်ေါက်ဆူစပ်ါ ကား တာ
ကျွန်တော် တို့ အတန်း သူငယ်ချင်း တွေ နဲ့ အတူ စာလုပ် ပါ များ တော့ သံယောဇဉ်ဖြစ် သွား တယ်,ကျွန်ကော် တို့ အကန်း သူငယ်ချင်း တွေ နဲ့ အကူ စာလုပ် ပါ များ ကော့ သံယောတဉ် ဖြစ် သွား တယ်
အဲဒါ ကို နို့ နဲ့ သောက် တာ လား,အဲဒါ ကို နဲ့ နဲ့ သောက် တာ လား
ဒီ အဆင် က ကြည့် ရ တာ မျက်စိနောက် တယ်,ဒီ အဆာင် က ကြည် ရ တာ မျက်စိနောက် တယ်
မိသားစု ထဲ မှာ ဘယ်သူ ကို အလွမ်းဆုံး လဲ,မိသားရု ထဲ မှာ ဘယ်သူ ကို အာလွမ်းဆုံး လဲ
ဒီ ဒေသ က ကျောက်မီးသွေး ထွက် တယ်,ဒီ အေသာ က ကျောက်မီးဝေး ထွက် တယ်
စာအုပ် ကို သေတ္တာ ထဲ ထည့် သည်,စာဖုပါ် ကို သေတတာ ထဲ ထည့် သည်
ရော့ခ် ဂီတ မှာ တီးခတ် မှု တွေ ပြင်းထန် တယ်,ကော့ခ် စီိတ မှာ တီးတ် ှူ တေ ပြိင်းထန် တယ်
မ ရှိ တော့ ပါ ဘူး ရော့ ပါဆယ်,မ ရှိ တော့ ပါ ဘူး ရော့ ပါဆယ်
ဒီ ဟိုတယ် မှာ အခန်း လွတ် ရှိ လား,ဒီ ဟိုတယ် မြှာ အာခန်း လွတ် ရှိ လား
ဒီ မှာ ဘီယာ ပါ,ဒီ မှာ ဘီယဟာ ပါ
ခွေး ကလေး ကို အငတ် မ ထား နဲ့ နော်,မေး ကလေး ကို အဝတ် မ ထား နဲ့ နော်
အဲဒီ ကာတွန်း စာအုပ် ကို အတူ ဖတ် ရအောင်,အဲဒီ ကာတွန်း ဆာအုပ် ကို အတု ယတ် ရအောင်
ဒါ က ကြီးမား တဲ့ ကူညီ မှု ပဲ,ဒါ က ကြီးမား တဲ့ ကူညီ မှု ပဲ
ဆရာကြီး က လည်း မနှစ် က တရုတ် အာဆီယံ ကုန်စည် ပြပွဲ တုန်း က ပါ,အရာကျီး က လန်း မအုံစ် ကာ တာဂုတ် တကာဒီယံ ကုန်စည် ယရဲ့ တုန်း က ပါ
ကျွန်တော် တို့ ဆီ မှာ ဘိလပ်ရည် နဲ့ သစ်သီး ဖျော်ရည် မျိုးစုံ ရှိ ပါ တယ်,ကျွန်တော် တို့ ဆီ မှာ ဘီလပ်ရည် နဲ့ သစ်သီး ဖျော်ရည် မျိုးစု ရှိ ပါ တယ်
ကွာ တဲ့ ငွေ ကို ဘယ် တော့ ထုတ် ပေး ပါ မလဲ,ကွာ တ့ ငေ ကို ဘယ် တော့ ထုတ် ပေး ပါ မလဲ
ဒီ ည ကျွန်တော့် အာရုံ တွေ က ခင်ဗျား ဆီ မှာ ပဲ ခင်ဗျား သိ တယ် နော်,ဒီ ည ကျွန်ကော့် အာရုံ တွေ ကာ ခင်ဗျား ဆီ မှာ ပဲ ခင်ဗျား သိ တယ် နော်
ပဲ ကို အမှုန့် ကြိတ်စက် ဖြင့် ကြိတ် သည်,ပဲ ကို အမှုန့် ကြိတ်စက် ဖြင့် ကြိတ် သည်
ခင်ဗျား က အရင် ခေတ် တုန်း က လို များ မှတ် နေ လား,ခင်ဗျား က အာရင် ခေတ် တုန်း က လို ယျား မှတ် နေ လား
သူငယ်ချင်း ဆီ က ကြား ခဲ့ တာ က မင်ချော က အမေရိကန် ကို သွား ပြီ တဲ့,သူငယ်ချင်း ဆီ က ကြား ခဲ့ တာ က မင်ချော က အမေရိကန် ကို သွား ပြီ တဲ့
အဲဒါ သေချာ လား,အဲဒါ သေချာ လား
ပေါင်ချိန် ပို နေ ပြီ မ ဟုတ် လား,ပေါင်ချိန် ပို နေ ပြီ မ ဟုတ် လား
ဓာတ်လှေကား ဘယ် မှာ လဲ,ဓာတ်လေ့ကား ဘယ် မှာ လဲ
အေး ပေါ့ ကွယ် နောက် တော့ သတိထား ရ မှာ ပဲ,အေး ပေါ့ ကွယ် နောက် တော့ သတိထား ရ မှာ ပဲ
ခင်ဗျား မှာ အက်ပရင်ဆေးပြား အချို့ ရှိ လား,ခင်ဗျား မှာ အက်ပရင်ဆေးယား အကဒ္ုရ့ ရှိ လား
မှန် တယ်,မှန် တယ်
ကျွန်တော် ရဲ့ ခုံ ကို ပြ ပေး မလား,ကျွန်တာ် ရဲ့ ခုံ ကို ပြပး မ လး
နောက်ထပ် အစားအသောက် အချို့ ထပ် မှာ ချင် တယ်,နောက်ထ် အာားအာသောက် အာချို့ ထပ် မှာ ချင် တယ်
လက်ဖက်ရည် သောက် မလား,လက် ဖက် ရည သာက် မ လလး
တစ် နေ့ တည်း မှာ ထွက်ခွာ ခဲ့ ကြ တယ်,တစ် နေ့ တည်း မှာ ထွက်စွာ ခဲ့ ကြ တယ်
၈ မိုက် သော သူ တို့ က ငါ တို့ ဆီမီး သေ ပါ ပြီ,၈ ပိုက် သော သူ တို့ က ငါ တို့ ဆီမီ်း သေ ပါ ပြီ
လက်တွေ့ ပစ္စည်း က နမူနာ ထက် နည်းနည်း ပို ကြီး တယ်,လက်တေ့ ပစ္ည်း က နမူနာ ထက် နည်းနည်း ပို ကြီး တယ်
ခင်ဗျား ဘာ တွေ ကို ဝါသနာပါ သလဲ,ခင်ဗျား ဘာ တွေ ကို ဒါသနာပါ သလဲ
စား ပါ တယ် ခေါက်ဆွဲကြော် အုန်းနို့ခေါက်ဆွဲ ခေါက်ဆွဲလက်သုပ် စသဖြင့် အမျိုးမျိုး ရှိ ပါ တယ်,အား ပါ တယ် အဒေါက်ဆွ့ဆော အုန်းို့အေတ်ဖွ့ အေိတ်ခွလက်သုပ် အသာမြာ် အမျုးမျူး ရှိ ပါ တယ်
ဆုဖလား ပြိုင်ပွဲ ကို ဘယ်လောက် ကြာ ရင် တစ် ကြိမ် ကျင်းပ လဲ,ဆုယလား ပြိုင်ပွဲ ကို ဘယ်လောက် ကြာ တွင် တစ် ကြိမ် ကျင်းပ လဲ
ယာဉ်တိုက် မှု တွေ အများကြီး ဖြစ် တာ ဘာ ကြောင့် လဲ,ယာညတို့က် မှူ တေ အပု္စား်ကြိုး မြစ် တာ ဘာ ရက်ာင် လဲ
ဒီ မှာ ရေချိုးခန်း ရှိ လား,ဒီ မှ၁ ရချိုးခန်း ရှိ လား
ဟို နား လေး မှာ ပါ,ဟို နား လေး မှာ ပါ
ခင်ဗျား မှာ ဇွန်း ရှိ သလား,ခင်ဗျား မှာ ဇွန်း ရှိ သလား
သေချာ တာ ပေါ့,အေချာ တာ  ပါ့
အဲဒါ ကို ကြေးနီ နဲ့ လုပ် ထား ပါ တယ်,အဲဒါ ကို ကြေးနီ နဲ့ လုပ် ထား ပါ တယ်
ကျွန်တော် ဖောက်တံ ဝက်အူ တစ် ခု လို ချင် ပါ တယ်,ကျွန်ကော် ဖောက်တံ တက်အူ တစ် ခု လို ချင် ပါ တယ်
ကျွန်တော် အပျော့စား ဝိုင် ကို ကြိုက် တယ်,ကျွန်တော် အပျော့စား ငိင် ကို ကြိ့က် တယ်
မြန်မာ စာလုံး ရေး တဲ့ အခါ ခပ် ဝိုင်းဝိုင်း ရေး ရ မယ်,မြန်မာ စာလုံး ရေး တဲ့ အခါ ခပ် ငိုင်းဝိုင်း ရေး ရ မယ်
သူ့ ရဲ့ စကား ကို ကျွန်တော့် ရဲ့ မှတ်ဉာဏ် မှာ သေချာစွာ မှတ် ထား သည်,သူ့ ရဲ့ စကား ကို ကျွန်တော့့် ရဲ့ မှတ်ဥဉာက် မှာ သေချာညာ ပှတ် ထား သည်
ကျွန်တော် က အလုပ် ကိစ္စ နဲ့ လာ တာ ပါ,ကျွန်တော် က အလုပ် ကိစ္စ နဲ့ လာ တာ ပါ
သို့သော်လည်း ၁၉၈၆ ခုနှစ် နောက်ပိုင်း တွင် တရုတ် သည် ဘက်ပြောင်း လိုက် သည်,သို့သော်လည်း ၁၅၈၆ ခုနှစ် နောက်ပိုင်း တွင် တရုက် သည် ဘက်ပြောင်း လိုက် သည်
ကျွန်တော် အရသာ သိပ် မတွေ့ ဘူး အလွန် ပျော့ တယ်,ကျွန်တော် ဘာရသာ ထိပ် မတွေ့ ဘူး အလွန် ပျော့ တယ်
ကျွန်တော့် ကား ပျက် သွား တယ်,ကျွန် တာ့်ကား ပျက် သွားတပ်
သို့သော်လည်း တရုတ် နှင့် ရုရှား တို့ က စစ် အစိုးရ အား ထောက်ခံ လျက် ရှိ သည်,သို့သော်လည်း တရုတ် နှင် ရုရရား တို့ က စစ် အဆိုးရ့ အား ထောက်ခံ လျက် ရှိ့ သည်
ဪ ဟုတ် လား နာမည် ဘယ်လို ခေါ် ပါ သလဲ,တြ ဟုတ် လား နာမယည် ဘယ်ကို ခေါ် ဝါ သလဲ
ဟုတ်ကဲ့ ပါ ကျွန်တော် တို့ အဲ့ဒီ အတိုင်း လုပ် လိုက် ပါ့ မယ်,ဟုတ်ကဲ့ ပါ ကျွန်တော် တို့ အဲ့ဒီ အတိုင်း လုပ် လိုက် ပါ့ မယ်
ခင်ဗျား ရဲ့ ဝင်ငွေ ဘာ လို့ ဒီ လောက် များ ရ တာ လဲ,ခင်မား ရဲ့ စင်စှေ့ ဘာ လို့ စီ လော် များ ရ တာ လဲ
မိုးလေဝသ က ဘယ်လို ပုံ လဲ,မိုးလေဝသ က ဘယ်လို ပုံ လဲ
မင်္ဂလာ ပါ,မ်္ဂလာ ပါ
ကမာကြော် နဲ့ ဒါမှမဟုတ် က ပို ကောင်း မယ် ထင် တယ်,ကမာကြော် နဲ့ ဒါမှ့မဟုတ် က ပို ကောင်း မယ် ထင် တယ်
အခု ထိ ဗိုက် မ ဆာ သေး လို့ ရေ ဖြစ် ဖြစ် နည်းနည်း ပေး ပါ,အခ ထိ စိုက် နေ ဆ သေေး လေြိ့ စေ့ ဖြစ် ပြစ် နည်ိ်းနညေည်း ေး ဪါ
ကြည့် ရ တာ ခင်ဗျား အအေးမိ နေ သလို ပဲ,ကြည် ရ တာ ခင်းျား အအေးမိ နေ သလု ပဲ
သူ့ ရဲ့ နောက် ဘက် မှာ ထိုင် ပါ,သူ့ ရဲ့ နောက် ဘက် မှာ ထိုင် ပါ
အား ဘယ် တုန်း က လဲ,အား ဘယ် တုန်းက လဲ
အေး ဗျာ ဒီလို ဆို တော့ လည်း လိုက် ခဲ့ မယ်,အေး ဗျာ ဒီလို ဆို တော့ လည်း လိုက် ခဲ့ မယ်
အစားအစာ အတွက် ဘတ် ၂၁၀ ကျ တယ်,အကားအစာ အတဘက်ီ ဘတ် ၂၀ ကျ တယ်
ဘူးဖေး စားသောက်ဆိုင်,ဘူးပေး စားသောက်ဆိုင်
စရိတ် အားလုံး ပါ သလား,စကှိဘ် အားလုံး ပါ သလား
ဒီ မှာ ဘယ်လောက် ကြာကြာ ရပ် သလဲ,ဒီ မှာ ဘယ်လောက် ကြာကြာ ရပ် သလဲ
ဪ ခင်ဗျား အချီးကျူး လွန် နေ ပြီ,တြေ ဆင်လျား အဆျီးကျူး ငွန် နေ ပြီ
ဒါ တွေ က အရမ်း အံ့ဩ စရာ ကောင်း တာ ပဲ,ဒါ ဘတေ ကာ အရမ်း အံ့ညဲ့ စရှာ ကောင်း တာ ပဲ
စာလေ့လာ တဲ့ အခါ ထိုင်ခုံ ဆွဲထိုင် ပြီး သေချာ မတ်မတ် ထိုင် ပါ,စာလေ့လာ တဲ့ အခါ ထိုင်ခုံ ဆွဲထိုင် ပြီး သေချာ မတ်မတ် ထိုင် ပါ
ဘေလ် က ၆၅ ဒေါ်လာ ကျပါတယ်,ဘောလ် ဟာ ဇ၅ ဒေါ်လာ ဟကျာပါတယ်
မစ္စတာ ဝှိုက် ခင်ဗျား ရဲ့ နိုင်ငံကူးလက်မှတ် ပြ ပေး နိုင် မလား,မစ္စတာ ငွက် ခင်ဗျား ရဲ့ နိုင် ငံကူးလက်ပုတ် ပြ ပေး နိုင် မလား
ပြိုင်ပွဲ တစ် ခု မှာ ဘယ်နှ တွဲ ရှိ လဲ,ပြင်ပြ တစ် ခုမှာ ဘယ်မှ တွဲ ရှ လဲ
သူ ဟာ ပြုံး ပြီး ငါ့ အနား ကို ချဉ်းကပ် လာ ခဲ့ တယ်,သူ ဟာ ပြံး ပြီး ငါ့ အနား ကို ချည်းကပ် လာ ခဲ့ တယ်
ကျွန်တော့် အတွက် တစ် ခု သီးသန့် ထား ပေး ပါ,ကျွန်တော့့် အတွက် တစ် ခု သီးသန့် ထား ပေး ပါ
မြေညီထပ် မှာ ကျွန်တော် တို့ အိမ်သုံးပစ္စည်း တွေ ဝယ် လို့ ရ ပါ တယ်,မြေညီထပ် မှာ ကျွန်တော် တို့ အိမ်သုံးစ္စည်း တွေ တယ် လို့ ရ ပါ တယ်
တစ် ခု ခု မှား နေ လို့ လား,တစ်ခုခု မှားန လို့ လား
ကျွန်တော် ခင်ဗျား ရဲ့ ကောက်နုတ်ချက် ကို လက်မခံ နိုင် ဘူး,ကုန် အော် ခစ်ဗျရား ရဲ့ ကော်က်နတ်ချကတ် ကြ် ောက်ခဒေခံ နိင် ဘူး
ကြိုးသိုင်း ဖိနပ် ကွင်းထိုး ဖိနပ် တွေ ရှိ သလား,ကြိုးသိုင်း သိနပ် လျွင်းထိုး အိနပ် တွေ ရှိ သလား
၁၀ မိနစ် လောက် ပါ,၁တ စမံနစ် စလကောက် ပါ
မ ဟုတ် ဘူး ကျွန်တော် က ကျေးဇူးတင် ရ မယ်,မ ဟုတ် ဘူး ကျွန်တော် က ကျေးဇေးတင် ရ မယ်
အိန္ဒိယ စတိုင် ကြက်သားဟင်း,အန္ိေ စတိင် မ်သားတင်း
နှစ် နာရီ နှိပ် ရင် ပို ထိရောက် ပါ တယ်,နှစ် နာရီ နိပ် ရင် ငု့ ထိောက် ပါ တယ်
ကိုယ်တစ်ပိုင်းသေ,ကိုယ်တစ်ပိုင်းသေ
တက် သည်,တက် သည်
ဟုတ်ကဲ့ ရထား က အချိန် မှန် ပါ တယ်,ဟု တ်ကဲ့ ရထား က အချိန် မှွန် ေါ တယ်
သံတမန် အိတ် တွေ ကို မ စစ်ဆေး ပါ ဘူး ဒါ က နိုင်ငံတကာ ထုံးစံ ပါ,သံကမန် အိက် တွေ့ ကို မ စစ်ဆေး ပါ ဘူး ဒါ က နိုငံကကာ ထုံးစံ ပါ
အဲဒီ အနား မှာ အထင်ကရ အဆောက်အအုံ တွေ များ ရှိ ပါ သလား,အဲဒီ အာနား မြာ အာထင်ကရ အာေက်အာအုံ တွေ ပျား ရှိ ပါ သလား
အာ ကို ဒီ ကနေ့ တိုက်ရိုက် ရထား ရှိ တယ်,အာ ကို ဒီ ကာနေ့ တိုက်ရိုက် ရထား ရှိ တာယ်
သူ ကျွန်တော့် ကို ညီအစ်ကို အရင်း လို ပဲ ပြုစု စောင့်ရှောက် သည်,သူ ကျွန့်တော့် ကို ညီအစ်ကို အရင်း လို ပဲ ပြုစု စောင့်ရှောက် သည်
ဒါပေမယ့် အဝတ် မှ မ ရှိ တာ,ဒပေမယ့် အဝတ် မှ မ ရှိ တာ
မနက်စာ ပါ ပါ သလား,ဖနက်စာ ဒါ် ပါ သလား
လမ်းမ မှာ လူ တွေ နဲ့ ပြည့်ကျပ် နေ တာ ပဲ,လမ်းမ မှာ လူ တွေ နဲ့ ပြည့်ကျပ် နေ တာ ပဲ
‌ဈေး ကို ကြည့် ချင် တယ်,ကျေး ကို ကြည့် ချင် တယ်
ဟိုတယ် မှာ ဆံသ ဆရာ ရှိ လား,ဟိုတယ် မှာ ဆံသ ဆရာ ရှိ လား
နိုင်ငံခြား ကို ဖုန်းခေါ် လို့ ဖြစ် လား,နိုင် ငံြာကို ပန်း လို့ ဖြစ် လ၁
ခင်ဗျား အခု အသက် ဘယ်လောက် ရှိ ပြီ လဲ အိမ်ထောင်ပြု ပြီး ပြီ လား,ခင်ဗျား အခု အသက် ဘယ်တောက် ရှိ ပြီ လဲ အိမ်တောင်ပြု ပြီး ပြီ ယား
သောကြာ ဂြိုဟ် သည် ကောင်းကင် ၌ နေ နှင့် လ တို့ မှ အပ အလင်းလက်ဆုံး ဖြစ် သည်,သောကြာ ကြိုတ် သည် ကောင်းကင် ဥံ နေ နြင့် လ တို့ မှ အပ အလင်းလက်ဆုံး ဖြစ် သည်
ဂျီဒီပီ သည် ဤ ကဲ့သို့ ကိစ္စ များ ကို ထည့်သွင်း မ စဉ်းစား ချေ,ကိဒီပီ သည် က ကဲ့သို့ ကိစ္စ များ ကို ထည့်သွင်း မ စဉ်းစား ချေ
ကောင်းကင် ကို ကြည့် ရ တာ မိုးရွာ မယ် နဲ့ တူ တယ်,ကောင်းကာင် ကို ကြ့ည် ရ တာ ဆိတစွာ မယ် နဲ့ တူ တယယ်
မင်္ဂလာ ပါ ခင်ဗျား အိမ် ကို ဘယ်လို သွား ရ မလဲ,မင်္ဂလာ ပါ ခင်ဗျား အိမ် ကို ဘယ်လို သွား ရ မလဲ
ရန်ကြီးအောင် မှာ ကိုယ်ပိုင် ဉာဏ် ဖြင့် ရေး သော ဝတ္ထု ဖြစ် သည်,ရန်ကြီးအောင် မှာ ကိုယ်ပိုင် ဉှာဏယ် ဖြင့် ရေး သော ဝတ္တျု ဖြစ် သည်
ဘာ အလုပ် လုပ် တာ လဲ,ဘာ အလုပ် လုပ် တာ လဲ
လမ်း အဆင်ပြေ လား,လမ်း အဆင်ပြေ လား
ခင်ဗျား အသက် ဘယ်လောက် ရှိ ပြီ လဲ,ခင်ဗျား အသက် ဘယ်လောက် ရှို့ ပြီ လဲ
ကျွန်တော် တို့ ပစ္စည်း တွေ အကုန် ပါ လာ သလား လို့ စစ် ကြည့် ပါရစေ,ကျွန်တော် တို့ ပစ္စဌည်း တွေ အကုန် ပါ လာ သလား လို့ စစ် ကြံသည် ပါရာစေ
ခွေးပေါက် ကလေး က မြက်ခင်းပြင် မှာ လူးလိမ့် ကစား နေ တယ်,ခွေးပေါက် ကလေး က မြက်ခင်းပြင် မှာ လူးလိမ့် ကစား နေ တယ်
ကိတ်မုန့် တွေ က အရမ်း များ လို့ ဘာ ကို ရွေး ရ မလဲ မ သိ ဘူး,ကိတ်မုန့် တောေ့ ကာ အရမ်း များ လိ့ ဘာ ကို ငွေး ရေ မလေ မ သိ ဘူး
ဒီ နေရာ က ပို နွေး ပါ တယ်,ဒီ နေရာ က ပို နွေး ပါ တယ်
ဘာ ပေး ရ မလဲ,ဘာ နေး ရ အေလဲ
ခင်ဗျား နေ ရ တာ ပျော်ရွှင် လိမ့် မယ် လို့ မျှော်လင့် ပါ တယ်,ခင်ဗျေား နေ က တာ ငေိရှင် လိမ့် စယ် လိ့ ပေ်ကလောည် ပါ တယ်
ဘာ ဖြစ် လို့ မ လာ တာ လဲ,ဘာ ပြစ် လို့ စ လာ တာ လဲ
ရ ပါ တယ် ကျွန်တော် ခင်ဗျား ကို အဓိကကျ သည့် ကိစ္စရပ် များ ပြောပြ ပါ့ မယ်,ရ ပါ တယ် ကျွန်တော် ခင်းျား ကို အမိကကျ သည့် ကိစ္စရပ် များ ပြောပြ ပါ့ မယ်
ဟင့်အင်း မ ရှိ ပါ ဘူး,ဟင်အင်း မ ရှိ ပါ ဘူး
အစ်ကို တောရွာ မှာ ဝက် မြောက်မြားစွာ မွေး တယ်,အစ်ကို တောရွာ မှာ ဝက် မြောက်ပြားစွာ မွေး တယ်
အသစ် လဲ ပေး ပါ,အသစ် လဲ ဝပး ပါ
သန့်ရှင်း ရေး လုပ် သည်,သန့်ရှင်း ရေး လုပ် သည်
အရမ်း လေးလံ လွန်း လို့ တင် တာ ရပ် သင့် တယ်,အရ်ီး လေးလံ လွန်းခ လြိှ့ တင် တာ ရျပ် သည် တယ်
ခင်ဗျား ငွေ ကို ကြည့် ပါရစေ,ခင်ပဗျား ငွေ ကို ကြည် ပါရစေ
၁၉၅၉ ခုနှစ် တွင် အဟိ လစဉ် ဟာသ မဂ္ဂဇင်း ကို ကိုယ်တိုင် စတင် တည်းဖြတ် ထုတ်ဝေ သည်,၁၇၅၃ ခုနှစ် တွင် အာဟိ လစညဉ် ဟာသာ ပဂ္ဂဇင်း ကို ကိုယ်တိုင် စတင် တည်းဖြတ် ထုတ်ဝေ သည်
၁၉၆၂ ခုနှစ် ခန့်မှန်း သန်းခေါင်စာရင်း အရ လူဦးရေ ၁၁၅၉၃၁ ယောက် ရှိ သည်,၁ဘစိဒေ ၅ှ ဒူနစစ် ဒိ့ပှွ်းန သ် ခေါစင်စာကစင်း  လေဒညီးေ ၁၁၅၅၉ခ ော်က် ရှိ သသည့်
အဲဒီ လို ကိစ္စ ကို ခြွင်းချက် အနေနဲ့ စဉ်းစား ရ မယ်,အဲဒီ လို ကိစ္စ ကို ခြွင်းချက် အနေနဲ့ စဉ်ဥစား ရ မယ်
အရမ်း မော ရင် နား သင့် တယ်,အာရမ်း မော ရင် နား သင့် တယ်
ဒါ နောက်ဆုံးပေါ် ကွန်ပျူတာ တွေ ပဲ,ဒါ  နာက်ဆုံးပ ကွန် ပျူတာ  ပဲ
ခင်ဗျား ဘယ် အချိန် အိပ်ရာထ လဲ,ခင်ဗျေား ဘယ် အချိှိန် အိမ်ီရကာ လဲ
ဂူဗိမာန် သို့ သွားရောက် ဂါဝရပြု သည်,ဂုဗိမာန့် သို့ သွားရောက် ဂါဝရပြု သည်
နောက် ဘူတာ နာမည် က ဘာ လဲ,နောက် ဘူတာ နုာမည် က ဘာ လဲ
နံနက်စာ ဘယ် မှာ ကျွေး မှာ လဲ,ဆီစက််စာ ဘယ် မှာ ကျေး မှာ လဲ
တစ် ရက် ဘယ်လောက် လဲ,တစ် ရက် ဘယ်လောက် လဲ
တိုတိုကပ်ကပ် ညှပ် စေ ချင် တာ လား,တိုဘိုကာယ်ကာပါ နုပ် ဆေ ချင် တာ လား
ညနေ ၇ နာရီ မှာ လာကြို မယ်,ညနရ နာ ရီ မှာ လာကြို မယ်
မိဘ တွေ နဲ့ အတူတူ နေ မှာ မလို့ ပြင်ဆင် စရာ သိပ် မ ရှိ ဘူး,မိဘာ တေ့ နဲ့ အတာ့တူ့ နေ မှာ မလို့ ပြင်ဆင်း စရာ သိပ် မ ရှိ ဘူး
သူမ ရေမကူး တတ် ပါ,သူမ ရေမကူး တတ် ပါ
သိန်း ၁၅၀၀ လောက် သုံး မယ် စိတ်ကူး ထား တယ် တိုက် ရော ကား ရော ပေါ့,သိန်း ၁၅၀၀ လောက် သုံး မယ် စိတ်ကူး ထား တယ် တိုက် ရော ကား ရော ပေါ့
အိမ် ပြန် ရင် မ မီ ဘူး လား,အိမ် ပြန် ရင် မ မံ ဘူး လား
ရုရှား,ခုန်ီ်
ပြဿနာ မ ရှိ ပါ ဘူး ကျွန်တော် တို့ မ လုပ် ပါ ဘူး,ပြဿနာ မ ရှိ ပါ ဘူး ကျွန့်တော် တို့ မ လုပ် ပါ ဘူး
ဖေဖေ က ရေ ထဲ ထမင်း ထည့် စား ခဲ့ တယ်,ဖေဖေ က ရေ ထဲ ထမင်း ထည် စား ခဲ့ တယ်
ရှုပ် နေ လိမ့် မယ် ကျွန်တော် လမ်းပြ ပေး မယ်,ရုပ် နေ လိမ့် မယ် ကျွန်တော် လခ်းပြ ေး စယ်
ဝီစကီ နဲ့ ရေ ပေး ပါ,ဝီစကီ နဲ့ ရေ ပေး ပါ
ကျေးဇူး ပါ ဆရာ,ကေျေးဇူး ပါ ဆရာ
မြန်မာ စာ စနစ် အကောင်အထည်ဖော် ခြင်း အဖွဲ့ ကို ဟု လည်း ခေါ် ကြ သည်,မြန်မာ စာ စခနစ် အကောင်အထည်ဖော် ခြင်း အကွဲ့ ကို ဟု လည်း ခေါ် ကြ သည်
ဘုန်းတော်ကြီး ကို သင်္ကန်း ဝယ် ကန်တော့ ခဲ့ တယ်,ဘုန်းတော်ကြီး ကို သက်န်း ဝယ် ကန်တော့ ခဲ့ တယ်
ချီကာကို မှာ ခဏ နား တာ ဘယ်လောက် ကြာ မလဲ,ဆိီကာကို မှာ ခကလာ နား တာ ဘယ်လောက် ကဪြာ မလဲ
ကျောင်းသား အများစု စာမေးပွဲ အောင်မြင် ကြ တယ်,ေကျောင် းသေားအများစုစာမး ပွဲ ာင်ပြင် ကြ တပ်
အသား အရည်စို နေ ပြီး အတော် ပင် ဝ သည်,အသား အရုန်စို နေ့ ပြီး အတော် ပင် မ သည်
လပြည့် ကို မ စောင့် နိုင် တော့ ဘူး,လပြည့် ကို မ စောင့် နိုင် တော့ ဘူး
တရုတ် ဘဏ် နဲ့ ခင်ဗျား တည်းခို သည့် ဟိုတယ် မှာ လဲလှယ် လို့ ရ ပါ တယ်,တာ့တ် ဘကဏ် နဲ့ ခင်ဗျား တာ့ည်းခိ သည့် ယဟိ့်တာယ် မှာ လားလှယ် လို့ ရ ပါ တယယ်
ညနေ ၇ နာရီ မ တိုင် ခင် အရောက် လာ မယ်,ညနေ ရ နာရီ မ တိုင် ခင် အရောက် လာ မယ်
မစ္စတာ ရဲ့ အိတ် တွေ က အလေးချိန် ပို နေ တယ်,မဇူတာ ရဲ့ အိတ် တေ့ က အလေးချိန် ပို နေ တယ်
ခု လို အကူအညီ ပေး တာ ကျေးဇူး အများကြီး တင် ပါ တယ်,ခု လို အကူအညီ ပေး တာ ကျေးဇူး အများကြီး တင် ပါ တယ်
ဒီ မှာ နေ တုန်း ပျော်ရွှင် ပါစေ,ဒီ မှာ နေ တုန်း ပျော်ရွှင် ပါစေ
ဘာ ကို စောင့် နေ တာ လဲ,အာ ကိ စောင့် နွေ တာ လဲ
မ လို ပါ ဘူး ဗျာ,မ လို့ ပါ ဘူး ဗျာ
အနီးဆုံး မြေအောက် ဘူတာရုံ ကို ညွှန် ပေး နိုင် မလား,အနီးဆုံး မြေအောက် ဘူတာရုံ ကို ညွှန် ပေး နိုင် မလား
နှစ်သစ် ရောက် ရင် လူအများ က ဗေဒင် သွား ကြည့် ကြ တယ်,နှစ်သစ် စောက် ရင် လူအများ က လေခင်း သွား ကြြည့် ကြ တယ်
အခု လို ဖိတ် တဲ့ အတွက် ကျေးဇူးတင် ပါ တယ် မစ္စတာ လီ,အာခု လို အိတ် တဲ့ အာတွက် ကျေးဇူးတင် ပါ တယ် မတ္စတာ လီ
ဒါ က ခင်ဗျား ရဲ့ သေတ္တာ လား,ဒါ က ခင်ျား ရဲ့ သေတ္တာ လား
အိတ် အကြီး က တော့ ကား နဲ့ ဆံ့ မှာ မ ဟုတ် ဘူး,အိတ် အကီး က တော ကား နဲ့ အံ့ မှာ မ ဟုတ် ဘူး
ခင်ဗျား အတော် က တတ် မှာ ပဲ နော်,ခင်ဗျား အတော် က တတ် မှာ ပဲ နော်
လစာ စာရွက် မှာ လက်မှတ်ထိုး ပါ,လာ ဆာရွက် မှာ လက်မှတ်ထိုး ပါ
ကျွန်တော် တို့ ဝတ် တဲ့ အင်္ကျီ တွေ ရော ဘယ်လို လဲ,ကျွန်တော် တို့ ဝတ် တဲ့ အင်္ကီ တွေ ရော ဘယ်လို လဲ
ဘယ် ကတည်းက ဒီလို ဖြစ် နေ တာ လဲ,ဘပ် အတန်းအ ဒီလို ပြစ် နေ တာ လဲ
ဟုတ်ကဲ့,ဟုတ် ကဲ့
ဒါ နဲ့ ဘယ်လို သောက် ရ မလဲ,ခါ နဲ့ ဘယ်လို သောက် ရ မလဲ
ကျွန်တော် အဲ့ဒါ ကို ရှာ နေ တာ,ကျွန်တော် အဲ့ဒါ ကို ရှာ နေ တာ
ကျွန်တော် အပြန် လက်မှတ် တစ် စောင် လို ချင် တယ်,ကျွန်တော် အပြန် လက်မှတ် တစ် စောင် လို ချင် တယ်
ကြည့် ပါ ဦး ခင်ဗျား ဘာ လုပ် လိုက် တာ လဲ,ကြည့် ပါ ဦး ခင်းျား ဘာ လုဒ် လိုက် တာ လဲ
နိုင်ငံခြား ပညာသင် သွား ရန် စိတ်အားထက်သန် သည်,နိုင်ငံခြား ပညာသင် သွား ရန် စိတ်အားထက်သန် သည်
ကောင်း လိုက် တဲ့ ဘောလုံး,ကောင်း လိုက် တဲ့ ောလှား
သူ့ အမျိုး စာလုံး က လျိုး ပါ,သူ့ အမျိုး စာလုံး က လျိုး ပါ
ဒီ နေ့ အဲဒါ ကို အထူး လျှော့ ရောင်း တာ ပါ ဒေါ်လာ ၂၀၀ ပါ,ဒီ နေ့ အဲဒါ ကို အထူး လျှော့ဥ ရောင်း တာ ပါ ပေါ် လာ ၂၀၀ ပါ
ထမင်း နေနေသာသာ ဆန်ပြုတ် တစ် ပန်းကန် တောင် မ စား နိုင် ဘူး,အမ်း စခဲ့နေသာသာ န်ပုတ် တစ် ပန်းကန် တောင် မ အီး ခါိုင် ဘူး
အိမ်သာ ပါ တဲ့ အခန်း တစ် ခန်း ရှိ လား,အိမ်သာ ပါ တဲ့ အခန်း တစ် ခန်း ရှိ လား
ကနေဒါ ထိ ခရီးစဉ် ကို ဆက် ချင် သလား,ကနေဒါ ထိ ခရီးညဉ် ကို ဆက် ချင် သလား
ဒီ မှာ လည်ပတ် ဖို့ အကောင်းဆုံး နေရာ တွေ က ဘာ တွေ လဲ,ဒီ မှာ ယည်ပတ် ငို့ အခကောင်းဆုံး နေရာ တေ့ ကာ ဘာ တောေ့ လဲ
ပြီး တော့ အဲဒါ ကို ပြင်းပြင်း ဖျော် ပေး ပါ,မြိုး တော့ အဲဒါ ကို့ ပြင်းခပြင်းန ျန် ေး ပေါ
စင်္ကြံ မှာ အနားယူ တာ ပေါ့ မ ဟုတ် ဘူး လား,စကြီ မှာ အနားယူ တာ ပေါ့ မ ဟုတ် ဘူး လား
ဒီ နှစ် သင်္ကြန် ဘယ်နှ ရက်နေ့ ကျ သလဲ,ဒီ နှစ် သကြိန့် ဘယ်နှ ရက်နေ့ ကျ သလဲ
သင် ပျော်ရွှင် ကျေနပ် မှု ရှိ ရဲ့ လား,သင် ပျော်ရှင် ကျေနပ် မှု ရှိ ရဲ့ လား
သူမ က ကျွန်တော့် ရဲ့ ပုံတူရုပ်ပုံ ကို ဆွဲ ထား တယ်,သူ့န က ကျနည် တေ့် ရဲ့ လု့တူ့ျှစ်ဂုံ ကိ ဆဲ့ ထား တယ်
နောက် လမ်း က ဆေးဆိုင် ရှေ့ က ဘတ်စ်ကား မှတ်တိုင် မှာ,ေနာက် လမ်းက နဆးဆိုင်ွေ့ က ဘတ်စ် ကား မှတ်တိုင် မှာ
စိတ် မ ရှိ ပါ နဲ့ ကျွန်တော် ဆေးလိပ် ပြာ ခွက် ရ နိုင် မလား,စိတ် မ မှိ ပါ နဲ့ ကျွန်တော် ဆေးကပ် ပြာ မက် ရ နိုင် မလား
ဒီလို ဆို ရင် ၅ ကိုက် ပေး ပါ,ဒီလို ဆို ရင် ၅ ကိုက် ပေး ပါ
တစ် ပတ် မှာ ဘယ် ရက် တွေ ပိတ် ပါ လဲ,တစ် ပတ် မှာ ဘယ် ရက် တေ့ ပိတ် ပါ လဲ
ဖြစ် ချင် တာ ဖြစ် လာ ပြီ ဆို ရင် ပို ပြီး ဖြစ် ချင် တယ်,ဖြစ် ချင် တာ ဖြစ် လာ ပြီ ဆို ရင် ပုံ ပြီး ဖြစ် ချင် တယ်
ဟော်တယ် မှာ ဧည့်သည် များ ကို ဧည့်ခံ သည်,ကော်တယ် မှာ ဧည့်သည် များ ကို ဧည့်ခံ သည်
ဘေး မှာ ရှိ တဲ့ လူ က ချစ်သူ ဆို,ဘေး မှာ ရှိ တဲ့ လူ က ချစ်သူ ဆို
စာရင်း ကြိုတင် ပေး ထား တာ ပြင် ချင် လို့ ပါ,စာရင်း ကြှုတင် ပေး ထား တာ ပြင် ချင် လို့ ပါ
ဘက်ထရီ အားကုန် နေ လား,ဘက် ထ ရီ အားကုန်န လား
မနေ့ည က က တဲ့ ထဲ မှာ ပါ လား,မနေ့ည က က တဲ့ ထဲ မှာ ပါ လား
ညစာ က ဘယ် အချိန် လဲ,ညစာ က ဘယ် အချိန် လဲ
ဘယ် အတန်း လဲ,ဘယ် အတည်းခ လဲ
ကျွန်တော် တို့ တရွေ့ရွေ့ သွား နေ ရ တယ်,ကျွန်တော် တို့ တရွေ့ရွေ့ သွား နေ ရ တယ်
ဟုတ်ကဲ့ ပါ ဘာ ဝိုင် လဲ ဆို တာ ပြော ပါ,ဟုတ်ကဲ့ ပါ ဘာ ငိုင် လဲ ဆို တာ ပြော ပါ
အခုတလော ထွက်လာ တဲ့ စာအုပ် ထဲ မှာ ဘယ် စာအုပ် က ကောင်း လဲ,အခနတလော ထွက်လာ တဲ့ စာအု့ပ် ထဲ မှာ ဘယ် စာအုပ် ဟာ ကောင်း လဲ
ထင် တာ ပဲ,ထင် တ ပဲ
လိမ္မော်သီး ဒါမှမဟုတ် ပန်းသီး ကျေးဇူးပြု၍ နည်းနည်း ဝယ် ပေး ပါ,လိီနေြ်သီး ဒါမှပေတျ တ် ဝ်သီး ကျေေစာေြေ့ နည်းနေညး ယ် ေး ပါ
နေ့လယ်စာ အတူတူ စား မလား,နေ့လယ်စာ အတူတူ စား စလား
ဝန်ကြီးဌာန ၏ ညွှန်ကြား မှု ဦးစီးဌာန ရုံး များ သာ ရန်ကုန် တွင် ကျန်ရှိ ရ မည်,တန်ကြီာငဌာန ဇ် ရွှနည်ကြား ှူ ဉီားစီးဌှာန ရုံး ကျား သာ ကုန်ကုန် တွင် ဟကျန်ရှိ ရှ မာညယ်
ကျွန်တော် က ဒီ တွဲ ရဲ့ တွဲစောင့်ခန်း မှာ ရှိ ပါ တယ်,ကျထန်းတော် ဟကာ ဒီ တွဲ ကဲ့ တွးဆောင့်ခန်း မှာ ရှိ ပါ တယ်
ခင်ဗျား နေ့ တိုင်း ဘယ်နှ နာရီ အလုပ် သွား လဲ,ခင်ဗျား နေ့ တိုင်း ဘယ်ှ နာရှီ နာလှပ် သွား လဲ
ဟိုတယ် ပြန် ရောက် တော့ အောက်နား မှာ အက်ရာ ရှိ တော့ သိ ခဲ့ ရ တယ်,ယိုတာယ် ပြန် စောက် တော့ အေက်နား မှာ အက်ရျော ရှိ တော့ သိ ခဲ့ ရေ တယ်
ဒီ ကုန်ပစ္စည်း ကို အပူပေး ရင် ပျက်တတ် လို့ ဂရုစိုက် ပါ,ဒီ ကူန် ဝဇ္စည်း က် ူဇေး ရင် ရျေက်တာတ် ကြို့ တရျရိုတ် ဒေါ
တချို့ လေယာဉ်ကွင်း အသေးလေး တွေ မှာ ဆင်း တဲ့ အခါ ကျွန်တော် အရမ်း စိတ်လှုပ်ရှား တယ်,တချို့ လေယာဉ့်ကွင်း အသေးလေး တွေ့ မှာ ဆင်း တဲ့ အခါ ကျွန်တော် အရမ်း စိတ်လုပ်ရှား တယ်
အိုး ရ ပါ တယ်,အိုးရ ပါ တယ်
မရီးနား ၂ ၏ ပန်းတိုင် မှာ သောကြာ ဂြိုဟ် ပင် ဖြစ် သည်,မရီးနား ၂ွ ါ ပန်းတိုင် မှာ သောကာ ရိဟယ် ပင် မစ် သည်
မေရီ နဲ့ စကားပြော နေ တဲ့ မိန်းကလေး နဲ့ မိတ်ဆက် ပေး နိုင် မလား,မေရီ နဲ့ စကားပြော နေ တဲ့ မိန်းကလေး နဲ့ မိတ်ဆက် ပေး ခိုင် မလား
ဧည့်သည် များ ကို လက်ဆွဲနှုတ်ဆက် ပြီး ဝမ်းသာ စွာ ကြိုဆို ခဲ့ တယ်,ဧည့်သည် များ ကို လက်ဆွဲနှုတ်ဆက် ပြီး ဝမ်းသာ စွာ ကြို ဆို ခဲ့ တယ်
ဇန်နဝါရီ လ,တန်နဝါရီ လ
အခွင့်အရေး ပြန် ရ ရင် ထပ်ပြီး တော့ ကြိုးကြိုးစားစား လုပ် ပါ့ မယ်,အခွင့့်အရေး ပြန် ရ ရင် ထင်ပြီး တော့ ကြု့ကြိုးားစား လုပ် ပါ့ မယ်
ခင်ဗျား ဆီး ထဲ မှာ သွေး ပါ ဖူး သလား,ခင်ဗျား ဆီး ထဲ မှာ သွေး ပါ ဖူး သလား
ဒိုင်နိုဆော မျိုးဆက် ပြတ် သွား ခဲ့ သည်,ဒုင် နို ဆာ မျိုးဆက် ပြတ် သွား နဲ့ သည်
ပြီး ရင် ရှေ့ ကို မီတာ ၅၀ လောက် ဆက်လျှောက် ရင် ရောက် ပြီ,ပြီး ရင် ရှေ့ ကို မီတာ ၅၀ လောက် ဆက်လျှောက် ရင် ရောက် ပြီ
အရင်ဆုံး အပူချိန် တိုင်း ကြည့် ပါ စို့,အာရင်ဆုံး အာပူချိန် တိုင်း ကြည့် ပါ စို့
အသက် တွေ က ဘယ် အရွယ် တွေ များ ပါ လိမ့် မဒမ်,အသက် တွေ့ က ဘယ် အညွယ် တွေ့ များ ပါ လိမ့် မစမ်
မ လို ပါ ဘူး တက္ကဆီ ခ ပဲ ပေး ပါ,မ လို ပါ ဘူး တတ္တဆီ ခ ပဲ ပေး ပါ
စိုးရိမ်ပူပန် မှု က သူ့ မျက်နှာ မှာ ပေါ် နေ တယ်,နိျိမပူပန် မှူ ကာ သူ့ ချာက်မြာ မှာ ယေါ် နေ တယ်
အဲဒီ လူ က သာမန် ထက် ထူးခြား စွာ ခြေထောက် တို နေ တယ်,အဲဒီ လွူ ကာ သာပန် ထက်း အူးမား ဇွာ ကွေယထော် တို့ နေ တယ်
အဲဒီ လမ်း က အမြဲ ကားပိတ် နေ တာ,အဲဒီ လပ် းက အမြ ကား ပါတ် န တာ
သူ တို့ နိုင်ငံ အလွန် ချမ်းသာ ပါ တယ်,သူ တို နိုင်ငံ အကလွှန် ချင်းသာ ပါ တယ်
လောက မှာ အလကား ရ တာ ဘာ မှ မ ရှိ ဘူး,လောကာ မှာ အလယာကား ရ တာ ဘာ မှ မာ ရှိ ဘူး
နိုင်ငံခြားသား အတွက် လျော့ဈေး ရှိ လား,နိင်ငခြားသား အတွကာက် အောပျာ့ချေး ရှိ လား
စား လို့ ကောင်း တဲ့ သတ်သတ်လွတ် ဟင်းလျာ တွေ ကို အကြံပေး နိုင် မလား,စား လို့ ကောင်း တ့ သတ်သတ်လေွေတ် ပဟာင်းလျာ တော့ ကို အကြြပေး နိုင်း မား
ကျွန်တော် ဘယ် ဟာ မှ မ လို ချင်ဘူး,ကျွန်တော် ဘယ် ဟာ မှ မ လို ချင်ဘူး
ဘာ စား တာ လဲ,ဘာ စား ထာ လဲ
ဟဲလို,ဟဲလို
ကျွန်တော် ဆေးရုံ မှာ နေ ရ မှာ လား,ကျွန်တော် ေးရဲ မာ ဝန ရ လှာ လား
ငါး ကို ဆား ဖြူး သည်,ငုး ကို ဆား ပြူး သည်
သူ့ လက်ရေး မ လှ ဘူး ကြောင်ခြစ် သလို ပဲ,သူ့ ငက်ရေး မ လှ ဘူး ကြောင်ခြစ် သလိ့ ပဲ
ကျွန်တော့် မှာ ပစ္စည်း တွေ အများကြီး ပါ တယ်,ကျွန်တော့့် မှာ ပစ္စည်း တွေ ဘများကြီး ပါ တယ်
ကျွန်တော် ခံတွင်းပျက် ရင် ဟင်းရည် ထဲ ထမင်း ထည့် စား တယ်,ကွန်ဆတော် စံတွ်းမက် ရှင် ဟယင်းရျစ် အဲ အမင်း ထယ် ဘား တယ်
ကျွန်တော် ခင်ဗျား ကို ဟယ်လီတန် ဟော်တယ် ကို သွား ခိုင်း မှာ အသေအချာ ပဲ,ကျွန်တော် ခင်ဗျား ကို ဟယ်လီတန် ဟော်တယ် ကို သွား ခိုင်း မှာ အသေချာ ပဲ
ဒီ မှာ ပါ ဆရာ,ဒီ မှာ ပါ အရာ
ကျောင်းသား အဆင့် ကို ကြည့် ပြီး စာသင် ပေး တယ်,ကျောင်းသား အဆင့် ကို ကြည့် ပြီး စာသင် ပေး တယ်
ရန်သူ ကို အမြစ်ပြတ် သုတ်သင် ချေမှုန်း ရန် အသက် ရင်း ပြီး တိုက်ခိုက် ခဲ့ တယ်,ရန်သူ ကို အမြစ်ပြတ် သုတ်သင် ချေမှန်း ရန် အသက် ရင်း ပြီး တိုက်ခိုက် ခဲ့ တယ်
အရမ်း ပူ လွန်း လို့ အေးမြ တဲ့ နေရာ သွား ပြီး အိပ် ချင် တယ်,အရမ်း ပူ လွန်း လို့ အေားမြ တဲ့ နေရာ သွား ပြီး အိပ် ချင် တယ်
ကျွန်တော် ခင်ဗျား ကို ကား ကြည့် ဖို့ ခေါ် သွား မယ်,ကျွန်တော် ခင်ဗျား ကို ကား ကြည် ဖို့ ခေါ် သွား မယ်
ပေဟိုင် ဥယျာဉ်,ပေဟိုင်း သူမာန့်
လေး ငါး ရက် ရှိ သွား ပြီ,လေး ငါး ရက် ရှ သွား ပြီ
ဟုတ်ကဲ့ ခင်ဗျာ ကြည့် ပါ,ဟုတ်ကဲ့ ခင်ျာ ကြည့် ပါ
လမ်းခရီး တစ်လျှောက်လုံး မှာ အဆင်ပြေ ရဲ့ လား,လမ်းခရိီး တစ်လျှောက်လုံး မှာ အဆင်ပြ ရဲ့ လား
တိရစ္ဆာန် ဥယျာဉ် ထဲ မှာ ဘာ ရှိ ပါ သလဲ,တိရစ္ဆာန် ဥယျာဉ် ထဲ မှာ ဘာ ရှိ ပါ သလဲ
ခင်ဗျား နဲ့ အတူ ကလေး နှစ် ယောက် ကို ခေါ် လာ တယ်,ခင်ဗျား နဲ့ အတူ ကလေး နှစ် ယောက် ကို ခေါ် လာ တယ်
ထမင်း နှစ် နပ် ကြား ကာလ မှာ မုန့်ပဲသရေစာ စား သေး လား,ထမင်း နှစ် နုပ် ကြား ကာလ လှာ လုန့်ပဲသရေစာ စား သေး လား
သင်တန်းကြေး ဆို ပြီး သိပ် လည်း မ ဟုတ် လှ ဘူး,သင်ကန်းကြေး ဆို ပြီး သိပ် လည်း မ ဟုတ် လှ ဘူး
ငှား မယ် ဟို စာအုပ် အဓိပ္ပာယ် ရှိ တယ်,ငှား မယ် ဟို စာအုပ် အခိပ္ာယ် ရှိ့ တယ်
တခြား ချိန်း ထား တာ မ ရှိ ဘူး,တခြား ချန်း ထား တာ ယ ရှိ ဘူး
ကျွန်တော် နဲ့ ဘယ် အင်္ကျီ နဲ့ အဆင်အပြေဆုံး လဲ အကြံပေး ပါ ဦး,ကျွန်တော် နဲ့ ဘယ် အ်္ျု နဲ့ အဆင်အပြေဆုံး လဲ အကြပေး ပါ ဥဦး
ကျွန်တော် လီနင် ကို နှစ်သက် တယ်,ကျန်တော် လိနင် ကို နစ်သက် တယ်
ဘယ်လောက် လဲ ချင် တာ လဲ,ဘယ် မလာက် လဲ ချင် တာ လဲ
ဟုတ်ကဲ့ ပါ အစည်းအဝေး မှာ ဝေ ပေး ရ မယ့် သင်ရိုး တွေ ရော ဆရာ,ဟု တ်ကဲ့ ပါ အစည်းအေေး မှာ ဝေ ေး ရေ ဖယ်ြ သင်ရျိုး တေ ခော ရျာ
စွန်းဝုခုံး,စွနမ်ကူစ်း
စောင့် လို့ အဆင်ပြေ ပါ စေ,စောင့် လို့ အဆင်ပြေ ပါ စေ
ဘာ သောက် မလဲ ဆရာ,ဘာ သာက် မ လဲ ဆ ရာ
သူများ ကို မ လှောင် နဲ့,သူများကိုမ ောင် နဲ့
ကျွန်တော် ခင်ဗျား ရဲ့ ယာဉ်စီး ခွင့် ကဒ် ကို ကြည့် ပါရစေ,ကျွန်ကော် ခင်ဗျား ရဲ့ ယာဉ်စီး ခွင့ ကဒ် ကို ကြည့် ပါရစေ
အိမ်သာ ဘယ် မှာ လဲ,အိမ်သာ ဘယ် မှာ လဲ
ကလပ် တွေ ဘယ် နား မှာ လဲ,ကလပ် တွ့ ဘယ်နား မှ  လဲ
ကျွန်တော် သွေး အများကြီး ထွက် နေ ခဲ့ တယ်,ကျွန်တော် သွေး အာများကြီး ထွက် နေ ခဲ့ တယ်
ကော်ဖီ သောက် မလား ဒါမှမဟုတ် အချိုပွဲ စား မလား,ကော်ဖီ သောက် မလား ဒါမှမဟုတ် အ္ပြ့ ဆား မလား
နောက်ထပ် မြေအောက်ရထား မကြာမီ လာ မှာ လား,နော်ထပ် ယောအောင်ရထား မကျာမီ လာ မှာ လား
သူ နဲ့ မ ခေါ် နဲ့,သူ နဲ့ မ နဲ့
လေဆိပ် က နေ ပြော နေ ပါ တယ်,လေဆိပ် က နေ ပြော နေ ပါ တယ်
ဘယ် အချိန် ဆင်း မှာ လဲ,ဘယ် နချိုန် ဆင်း မှာ လဲ
ကောင်း လိုက် တာ ဗျာ,ကောင်း လို့က် တာ ဇဂတာ
ငွေ နဲ့ ရှင်း မှာ လား ဒါမှမဟုတ် ခရစ်တစ်ကတ် သုံး မှာ လား,ဝေ့ နဲ့ ရင်း မှာ လား ဒါမှမဟုတ် ခရစ်တစ်ကတ် သုံး မှာ လား
အပူ သည် ပွတ်တိုက် မှု မှ ဖြစ်ပေါ် သည်,အငှူ သည် ပတ်တုက် မှု မှ ဖြစ်ပေါ် သည်
ကစားပွဲ က ဘယ် အချိန် လဲ,ကစား ပွဲ က ဘပ် အ ချိန် လဲ
ဘယ် ဓာတ်ဆီ ဆိုင် ပဲ ဖြစ် ဖြစ် ရ ပါ တယ်,ဘယ် ဓာတ်ဆီ ဆိုင်း ပဲ ဖြစ် ဖြစ် ရ ပါ တယ်
အပေါ်ထပ် အိမ် က ကလေး တွေ က မနက် မနက် ဆို ရင် အရမ်း သောင်းကျန်း တာ,အပေါ်ထပ် အိမ် က ကလေး တွေ့ က မနက် မနက် ဆို ရင် အရမ်း သောင်းကျန်း တာ
နိုင်ငံခြား ငွေ,စိုင်ငံခြား ငွေ
ဒီ နေ့ စားသောက်ပွဲ အတွက် သောက် စရာ က ဘာ လဲ,ဒီ နေ့ စားသောက်ပွဲ အတွက် သောက် စရာ က ဘာ လဲ
သူ အပြင် ကို ထွက် လိုက် တာ နဲ့ များသောအားဖြင့် တစ် မနက်ခင်း ပဲ,သူ့ အပြင်း ကို တွက် လို့က် တာ နဲ့ များသောအားဖြင့် တစ် မနက်ဆင်း ပဲ
ခင်ဗျား ဘာ အားငယ် နေ တာ လဲ,ခင် ဗျားဘာ အားယ်န တာ လဲ
ဘယ်နှ နာရီ လဲ,ဘယ်နှ နာရီ လဲ
နောက် ပြိုင်ပွဲ မှာ လောင်းကြေး ဘယ်လောက် ထပ် လို့ ရ နိုင် လဲ,နောက် ပြိုင်ပွဲ မှာ လောင်းကြေး ဘယ်လောက် ထပ် လို့ ရ နိုင် လဲ
ကျွန်တော် စား ကြည့် ချင် တယ်,ကျွန်တော် စား ကြည် မျင် တယ်
အေ အတန်း ကျောင်းသား,အေ အတန်း ကျောင်းသား
ပြင်ပ ဖုန်းလိုင်း ကို ဘယ်လို ခေါ် ရ မလဲ ပြောပြ ပေး ပါ,ပြင်ပ ဖုန်းလိုင်း ကို ဘယ်လို ခေါ် ရ မလဲ ပြောပြ ပေး ပါ
ပဉ္စမ လမ်းမ ကျယ် ကြီး ကို ရောက် ဖို့ မှတ်တိုင် ဘယ်နှ တိုင် စီး ရ မလဲ,ဥဥ္မ လမ်းမ ကျယ် ကြီး ကို ရောက် ဖို့ မှတ်ကိုင် ဘယ်နှ တိုင် စီး ရ မလဲ
၂၀၀၆ ခုနှစ် စာရင်း အရ လူဦးရေ တိုးပွား နှုန်း မှာ ၀.၆ သာ ရှိ သည်,၂ ဝဝ၆ ခုနှစ် ဆာရင်း အရ လူဦးရေ တိုးပွား နှွန်း မှာ ဝ၆ သာ ရှိ သည်
ဒီ နေ့ နေ့လယ်စာ တူတူ စား မလား,ဒီ နေ့ နေ့လယ်တာ တူ့တ့ ား မလား
ရ ပါ တယ် ရှင်,ရ ပါ တောယ် ရွင်
ဒီ နေ့ အစီအစဉ် မှာ ပြိုင်ပွဲ ဘယ်နှ ခု ရှိ လဲ,ဒီ နေ့ အာစီအာစဉ် မှာ ပြုင်ပွ တယ်နှ ခု ရှိ လဲ
အမေ က တော့ ကျောင်း ဆရာမ ပါ,အာမော တော့ ကျောင်း ဆာရာမ ပါ
ကျွန်တော် နဲ့ လိုက် ခဲ့ ပါ,ကျွန်တော် နဲ့ လိုက် ခဲ့ ပါ
ရေ များများ သောက် ပြီး ကောင်းကောင်း အနားယူ ပါ,ေေ များျေားသာက် ပြီး ကာင်းကာင်း အ နားယူ ပါ
ကျွန်တော် အခန်း တစ် ခန်း ကြိုတင် မှာ ချင် လို့ ပါ,ကျွန်တော် အခန်း တစ် ခန်း ကြွေတင် မှာ ချင် လပို့ ပါ
ဒီ နေ့ ဆယ့်နှစ် လ ပိုင်း ငါး ရက်နေ့ စနေ နေ့,ဒီ နေ့ ဆယ့်နှစ် လ ပိုင်း ငါး ရက်နေ့ စေ နေ့
ဘယ် ဟာ ကို လဲ,ဘယ် ဟာ ကို လဲ
အာကာသ လူသား ရဲ့ ဝတ်စုံ က တကယ် ကို လေး တယ်,အာကာသ လူသား ရဲ့ ဝတ်ဆုံ က တကယ် ကို လေး တယ်
ယင်း ပညာရပ် တွင် လည်း ပညာ ခွဲ နှစ် ရပ် ပါဝင် သည်,ယင်း ပညာရပ် တွင် လည်း ပညာ ခဲ့ နှစ် ရပ် ပါဝင် သည်
ဘယ် ကား ကို စီး ရ မ လဲ,ဘယ် ကေား ကိ့ စီး ရှေ ေ လဲ
သူ မင်း ကို စိတ်ဝင်စား နေ တယ်,သူ မင်း ကို စိတ်ဝင်ထား နေ တယ်
ဒါ က ၄၀ ကီလိုဂရမ် ရှိ တယ်,ဒါက ၄ဝ ကီလို လ ရေမ ရှိ တယ်
ည က တေးဂီတပွဲ တက် သေး လား တွမ်,ညက တးဂီ တ လွဲ တက် းလားတွမ်
ခင်ဗျား အိမ်ထောင်ပြု မဲ့ ပြု ရင် ကောင်း တဲ့ ယောက်ျား ပဲ ရွေး ပြု သင့် တယ်,ခင်ဗျား အိမ်ထောင်ပြု မဲ့ ပြု ရင် ကောင်း တဲ့ ယောက်ျား ပဲ ရွေး ပြု သင့် တယ်
ဆေး သောက် ပေမယ့် အအေးမိ တာ မ သက်သာ သေး ဘူး,ဆေး သောက် ပေမယ့် အအေးမဲ တာ မ သက်သာ သေး ဘူး
မျက်နှာသုတ် ပုဝါ တစ် ထည် ငှား ချင် လို့ ပါ,မျက်နှာသုတ် ပုဝါ တစ် ထည် ငှား ချင် လို့ ပါ
ဘယ် တော့ သူဌေး ဖြစ် လာ မလဲ ဆို တာ ကြိုတင် ဟော သည်,ဘာယ် တော့ သူငေး ဖြစ် ာ မလဲ ဆို တာ ကြိုတင်း ဟော သည်
ကောင်း ပါ တယ်,ကောင်း ပါ တယ်
ခင်ဗျား အိတ် က အရမ်း လေး တာ ဖြစ် ရ မယ်,ခင်ဗျား အိ်ဘည် ဟာ အာရမ်း လေး တာ ပြစ် ရ ယ်
တစ် ချောင်း ကို တစ်သိန်း သို့မဟုတ် နှစ်သိန်း ကျ မယ်,တစ် ချောင်း ကို တစ်သိန်း သို့မဟုတ် နှစ်သိန်း ကျ မယ်
တစ် ယောက် တည်း လာ တာ လား,တစ် ယောက် တည်း လာ တာ လား
အဲဒီ ကလေး က လျှပ်စစ် ကစားစရာ ကို ဝယ် ပေး ဖို့ ဇွဲရှိရှိ နဲ့ ပူဆာ နေ တယ်,အဲဒီ ကလေး က လျှပ်ဆစ် ကစားဆရာ ကို ဝယ် ပေး ပို့ တွှ့ှ့ရှိ နဲ့ ပူ့ဆာ နေ တယ်
ဘယ် တုန်း က ရေကူး လို့ ဖျား ဖူး သလဲ,ဘယ် တုန်း ကာ ရောူး လို့ ယျား ဖူး သလဲ
လေအေးစက် ပါ တဲ့ အခန်း ပါ သလား,အေေေးဖေ် ဒါ တဲ့ သ်း ဒေါ သလား
ခရီး ဆက် သွား လို့ ရ နိုင် မလား,ခရီး ဆက် သွား လို့ ရေ နိုင် မား
အဲဒီ ဟာ က နှစ်ထောင် တန် ပါ တယ်,အဲဒီ ဟာ က နှစ်ထောင် တန် ပါ တယ်
ရင်ပြင်တော် က နေ စိန်ဖူးတော် အထိ ဉာဏ်တော် အမြင့် ၃၂၆ ပေ ရှိ တယ်,ရင်ပြင်တော် ကာ နေ စိန်ပူးတော် အထိ ညာ််တော် အမြည့် ၃၂၆ ပေ ရှိ တာယ်
ကောင်လေး နှစ် ယောက် စလုံး အလယ်တန်း ကျောင်းသား ဖြစ် ပါ တယ်,ကောင်လေး နှစ် ယောက် စလုံး အလယ်တန်း ကျောင်းသား ဖြစ် ပါ တယ်
ကျွန်တော့် အခန်း ကို တခြား စောင် ပို့ ပေး ပါ,ကုန်စောြ အခန်း ကြိ တရွား ကောင် ပို့ ေ ပါ
စစ်တပ် ၏ လိုအပ်ချက် ကို အလေးနက် ထား သည်,စစ်တပ် ၏ လိုအာင်ချက် ကို အာလေးနုက် ထား သည်
ပစ္စည်း တစ် ခု ချင်း ရှင်းတမ်း ရ နိုင် မလား,ပနွှန်း တစ် ရူ ချင်း ရှင်းတမ်း ရ ခိုင်း မလား
ကျေးဇူးတင် ပေမယ့် ဗိုက် အရမ်း တင်း နေ လို့ ထပ် မ စား နိုင် တော့ ဘူး,ကောျေးဇူးတင် ပေမာယ်က တိုက် ဆာမင်း တင်း နော လို့ ထပ် မ စား နိုင် တော့ ဘူး
တဆိတ်လောက် စင်္ကြံ မှာ သစ်သီး တွေ ဘယ် နား မှာ ဝယ် လို့ ရ မလဲ,တခ်ိတ်လောက် စကြ် မှာ သစ်သီး တွွေ ယ် နား မြာ ဝယ် လို့ ရ မလဲ
အဲဒါ ကျွန်တော် တို့ ဟာ ပါ,အံဒါ ကျွန်တော် တို့ ဟာ ပါ
လက်မှတ် ၂ စောင် ရ နိုင် မလား,လက်ပှတ် ၂ ဆောင် ရ နိုင် မလား
ခရီးသွား တဲ့ နေရာ တွေ ထဲ မှာ ဘယ် နေရာ က အကောင်းဆုံး လဲ,ခရီးသွား တဲ့ နေရာ တွေ ထဲ မှာ ဘယ် နေရာ က အကောင်းဆုံး လဲ
အစီခံ ပါ သလား,ဆစ်ခ ပါ သလား
ကျွန်တော် ဝက်သား ထက် အမဲသား ကို ပို ကြိုက် တယ်,ကျွန် ခတာ်ဝက်သား ထက် အ မဲ သားကို ပို ကြိုက် တယ်
အပ် စရာ အိတ် များ ရှိ ပါ သလား,အပ် စရာ အိတ် များ ရှိ ပါ သလား
ဒီ မှာ ခင်ဗျား ရဲ့ လက်ခံ ပြေစာ ဖြစ် ပါ တယ်,ဒီ မှာ ခင်ဗျား လဲ့ လက်ခံ ပြစာ ပြစ် ပါ တယ်
နေထိုင် ကောင်း တယ် ဆို တော့ တော်သေး တာ ပေါ့,နေထိုင် ကောင်း တယ် ဆို ကော့ ကော်သေး တာ ပေါ့
ကားဝပ်ရှော့,ကးဝဒ်ရှေ့
အသားပြား ကို ကောင်းကောင်း ကျက် နေ တာ ကို ကြိုက် ပါ သလား,အာသားပြား ကို ကောင်းကောင်း ကျက် နေ တာ ကို ကှုက် ပါ သလား
သူ က တော့ လေးလေးနက်နက် မ စဉ်းစား ဘဲ စကားပြော တဲ့ အကျင့် ရှိ တယ်,သူ လာ တော့ လေးလေးနက်နက် ပ စည်းား ဘဲ စားပြော တဲ့ အာကျင် ရှိ တယ်
မင်း ဘယ်သူ နိုင် ဖို့ မျှော်လင့် လဲ,မင်း ဘယ်သူ နိုင် ဒို့ မျှော်လင့် လဲ
မုတ်ဆိတ် ရိတ် ဦး မလား,မူုတ်ခဝိတ် ရိတ် ညီး မလား
ကျေးဇူးပြုပြီး စစ် ကြည့် ပါ,ကျေားဇူးပြုပြီး စစ် ကြည့် ပါ
အဲဒီ နေရာ က အရမ်း ဆူညံ လို့ စာကျက် ရ မှာ အနှောင့်အယှက် ဖြစ် တယ်,အဲဒီ စေကျာ က အရျေစမီး ဆူညံ့ လြို့ တာကျှက် က လှာ အစောင်အယက် ဖြစ် တယ်
ခင်ဗျား တရုတ် စကား ပြော တတ် လား,ခင်ျား တရုတ် စကား ပြော တတ် လား
နည်းနည်း ချင်း ရွှေ့ သွား မယ် ဆို ရင် စိတ်ဆိုး မလား,နည်းနှည်း ချင်း ရွေ့ သွား ကယ် ဆို ရင် ဆိတ်ဆိုး စာလား
ဒီ ဟာ အတွက် အာမခံ ချက် ရှိ ပါ သလား,ဒီ ဟာ အာတွက် အာယခံ ချုက် ရှိ ပါ သလား
အတော် ကောင်း တဲ့ လက်ဆောင် ပစ္စည်း တစ် ခု ပါ ပဲ,အတော် ကောင်း တဲ့ ယက်ဆောင်း ပတ္စည်း တစ် ခု ပါ ပဲ
ဟိုတယ် က နေ ငွေရှင်း ပြီး ထွက် ရ မှာ က ဘယ် အချိန် လဲ,ဟိုဘယ် က နေ ငေရှင်း ပြီး ထွက် ရ မှာ က ဘယ် အချိန် လဲ
ဖျော်ဖြေ မှု တစ် ခု ပဲ,ယျော်ဖြေ မှု တစ် ခု ပဲ
မင်း သွား တတ် လို့ လား,မင်း ဘွား တတ် လို့ လား
တောင် ကို သွား မလား ပင်လယ် ကို သွား မလား စကား ပြော ကြည့် ကြ ရအောင်,ကောင် ကို သွား မလား ပင်လယ် ကို သွား မလား စကား ပြော ကြည့် ကြ ရအောင်
ဂျိုဆော ဘုရင်မင်းဆက် က အနှစ် ၅၀၀ ဆက် ခဲ့ တယ်,ကိုဆော ဘုရင်မင်းဆက် က အနှစ် ၅ဝဝ ဆက် ခဲ့ တယ်
ကက်ဆက် ကို လဲ ပေး နိုင် မလား,ကက်ဆက် ကို လဲ ပေး နိုင် မလား
မေ လ ၆ ရက် အင်္ဂါ နေ့ ညနေ မှာ ထွက်ခွာ ချင် ပါ တယ်,မေ လ ၆ ရက် အင်္ါ နေ့ ညနေ မှာ ထွက်ခွာ ချင် ပါ တယ်
တံခါး ဖွင့် လျက် ကြီး နဲ့ ဘယ်သူ မှ လည်း မ ရှိ ဘူး,တံခါး ပွင့် ယျက် ကြြီး နဲ့ ဘာယ်သူ မှ လည်း မ ရှိ ဘူး
ဒါပေမဲ့ ကိုယ်စားလှယ် အနေ နဲ့ ခင်ဗျား တို့ ရဲ့ အရောင်း ပမာဏ သိပ် မ များ ပါ ဘူး,ဒါပေမဲ့ ကိုယ်စားလှယ် အနေ နဲ့ ခင်ဗျား တို့ ရဲ့ အရောင်း ပမာဏ သိပ် မ များ ပါ ဘူး
သင်္ဘော က ဖြည်းဖြည်းချင်း စ ရွေ့ လာ ခဲ့ တယ်,သ်ဘော က ဖြည်းဖြည်းချင်း စ ရွေ့ လာ ခဲ့ တယ်
ခင်ဗျား ရဲ့ အိတ် အလေးချိန် ပို နေ တယ်,ခင်လျား ဲ့ တိတ် အလေားစိန် ပို ခနေ့ တယ်
ဒီ ည ဟင်းလျာ စာရင်း မှာ ဘာ ကောင်း လဲ,ဒီ ည ဟင်းလျော စာရင်း မှာ ဘာ ကောင်း လဲ
ကျွန်တော် ရုတ်တရက် အမေ့ ကို လွမ်း တဲ့ စိတ် က အတွေး ထဲ ဝင် လာ တယ်,ဂျွန်တော် ရွတ်တရက် အာမေ့ ကို လွမ်း တဲ့ စိတ် လာ အာတွေး ထဲ ဝင် လာ တယ်
အခုတလော မင်း စိတ်ဝင်စား နေ တာ က ဘာ လဲ,အခတလေဘာ ခေင်း စိတ်ီိဝင်စား နေ တာ က ဘာ လဲ
မင်း ပဲနို့ရည် သောက် ချင် လား,ခင်း ဲိ့ရျည် ေေက် ချှင် လား
သူ့ ကို တော့ တွေ့ လေလေ သဘောကျ လေလေ ပဲ,သူ့ ကို တော့ တွေ့ လေလေ သဘောကျ လေလေ ပ
မ လော ပါ ဘူး ဗျာ,မ လော ပါ ဘူး ဗျာ
ပိုက်ဆံ လည်း ရှာ ရင်း အတွေ့အကြုံ လည်း စုဆောင်း ရင်း အလုပ် ဝင် ခဲ့ တယ်,ပို့က်ဆံ လယည်း ရှာ ရင်း အတေ့ာကြူး လယည်း နဆောင်း ရင်း အလှပ် ငင် ခဲ့ တယ်
ဟို ကို ရောက် ဖို့ အချိန် ဘယ်လောက် ကြာ မလဲ,ဟို ကို ရောက် ဖို့ အချိန် ဘယ်လောက် ကြာ မလဲ
အဲဒီ လူ က နောက်ဆုံး တော့ ထို ကိစ္စ ကို လုပ် လိုက် တာ ပဲ,အဲဒီ လူ က နောက်ဆုံး တော့ ထို ကိစ္စ ကို လုပ် လိုက် တာ ပဲ
ဘတ်စ်ကားခ ဘယ်လောက် လဲ,တတ်စ်ကားဒ တယ်လောက် လဲ
ခင်ဗျား အနည်းဆုံး မေမေ့ ကို လိပ်စာ ပြောပြ သင့် တယ်,ခင်ဗျား အာနည်းဆုံး စေမေ့ ကို လါပ်ဆာ ပြောပြ သင့် တယ်
မုတ်ဆိတ် ပဲ ရိတ် မှာ ပါ,ဟုတ်ဆေါတ် ပဲ ရိုတ် မှာ ပါ
ဆိုးလ် မှာ နေ ပါ တယ်,ဆိုလ် မှာ နေဲ့ ပါ တယ်
ကျွန်တော် လက်ရေး ရှင်း ရဲ့ လား,ကျွန်တော် လက်ရေး ရွင်း ရဲ့ လား
အငယ်လေး က အထက်တန်း ကျောင်း အောင် ပြီ,အငယ်လေး က အထက်တန်း ကျောင်း အောင် ပြီ
ဘယ် နား မှာ အမှိုက်ပုံး ကို ဝယ် လို့ ရ မလဲ,ဘယ် နား မှာ အမြိဲ့က့်ပုံး ကို တယ် လို့ ရ မလဲ
မင်း က အရောင်းသမား လား,မင်း က အရောင်းသမား လား
ဇာထိုးပန်းထိုး ရှပ်အင်္ကျီ ဆို ဘယ်လို လဲ,ဏာထိုး ပန် ထိုး ရဝ် အကီ ဆို ဘယ် လို လဲ
လေယာဉ် ထဲ မှာ ဖတ် ဖို့ ကာတွန်း စာအုပ် ဝယ် ခဲ့ တယ်,လေယာည့် ဲ မှာ ပတ် ဖဲု့ ကာတွန်း အအုပ် ပယ် နဲ့ တယ်
ခင်ဗျား ဘယ် မှာ ထမင်း စား လဲ,ခင်ဗျား ဘယ် မှာ ထမင်း စား လဲ
ရှိ ပါ တယ် ဝင် ခဲ့ ပါ,ရှိ ပါ တယ် ဝင် ခဲ့ ပါ
ခင်ဗျား မှာ ဘာ ကိစ္စ ရှိ ပါ သလဲ,ခင်ဗျားမှာ ဘာ ကိ စ္စ ရိ ပါ သလဲ
၂ ထို သတို့သမီး တို့ တွင် ငါး ယောက် သည် ပညာ သတိရှိ ကြ ၏,၂ ထို သတို့သမီး တို့ တွင် ငါး ယောက် သည် ပညာ သတီရှိ ကြ ဇ
နေရာ မှာ သရုပ်ဆောင် တဲ့ သူ က သာယာ တဲ့ အသံ ရှိ တယ်,နေရာ မှာ သရှပ်ဆောင် ကဲ့ သူ က သာယာ တဲ့ အသံ ရှိ တယ်
မှ,ရှီ
တိရစ္ဆာန်ရုံ သွား မယ်,တိရ စွတာန် ရါ သွားမယ်
ဘာ ပဲ ဖြစ် ဖြစ် အဆင်ပြေ ပါ တယ်,ဘာ ပဲ ဖြစ် ဖြစ် အဆင်ပြေ ပါ တယ်
ကျွန်တော် အားကစား လုပ် ရင် ချွေး အများကြီး ထွက် တယ်,ကျွန်တော် အားကစား လုပ် ရင် မျေး အမပျားကြီး ထွက် တယ်
ဘယ် အချိန် က ပျောက် ခဲ့ တာ လဲ,ဘယ် အချိန် က ပျောက် ခဲ့ တာ လဲ
ရောဂါ သက်သာ ရင် တစ် ခေါက် လောက် တွေ့ ရအောင်,ရောကါ သက်သာ ရင်း တာစ် ခေါက် တောက် တွေ့ ရေအောင်
နှိပ် ပေး လို့ ရ နိုင် ပါ သလား,နှိပ် ပေး လို့ ရ နိုင် ပါ သလား
ဒီ အစားအသောက် က အရမ်း စပ် မယ် ထင် တယ်,ဒီ အစားအသောက် က အရမ်း စပ် မယ် ထင် တယ်
ရေ အေး,ပံရ ပံခး
သူ့ အဖေ ဆေးရုံတက် တာ တစ် ပတ် ရှိ ပြီ,သူ့ အဖေ ဆေးရုံတက် တာ တစ် ပတ် ရှိ ပြ
မင်း ရဲ့ မွေးရက် က ဘယ် နေ့ လဲ,မင်း ရဲ့ စွေရက် က ဘော် အနေ လဲ
တာဝန်ခံ ဆရာ က စ ပြီး ကျောင်းသား အများအပြား ဟာ ပွဲတော် ကို တက်ရောက် ခဲ့ သည်,တာဝန်ခံ ဆရာ က စ ပြီး ကျောင်းသား အာများအပြား ဟာ ပွဲတော် ကို တက်ရောက် ခဲ့ သည်
ကြိုးကြိုးစားစား နဲ့ စာကျက် မှ အတန်း တက် နိုင် မှာ,ကြိုူးြကညြိူးကေားကား နဲ့ စာကျက် လှ အတန်း က်် သိင် မှာ
ကား နောက်ဖုံး က ပစ္စည်း တွေ အောက်ချ ပေး ပါ,ကား နောက်ဖုံး က စ္စည်း တွေ အောက်ချ ပေး ပါ
ဆယ် ရာခိုင်နှုန်း ဈေး လျှော့ ပေး ရင် ဝယ် မယ်,ဆယ် ရာခိုင်နှန်း စဈေး လျှော့ ပေး ရင် ဝယ် မယ်
ခဏ လေး နေရာ မှာ မ ရှိ တုန်း ဖုန်း က လာ တယ်,ခဏ လေး နေရာ မှာ မ ရှိ တုန်း ဖုန်း က လာ တယ်
ကျွန်တော် အဲဒါ ကို မှတ် ထား လိုက် မယ်,ကျွန်တော် အဲဒါ ကို မှတ် ထား လိုက် မယ်
ကျွန်တော် ပထမ ထောင့် ကို ပြန် သွား မယ်,ဂျွန်တော် ပထယမ ထောင့် ကို ပြန် သွား မယ်
ကျွန်တော် တို့ ဘာ မှာ သင့် တယ် လို့ အကြံပေး ချင် ပါ သလဲ,ကျွန်ကော် တို့ ဘာ မှာ သင့ တယ် လို့ အကြံပေး ချင် ပါ သလဲ
ပုံမှန် ထက် ပို များ တယ် လို့ ထင် တယ်,ပုံမှန် ထက် ပို များ တယ် လို့ ထင် တယ်
သရက် ပင် ဝယ် ချင် တယ်,သရက် ပင် ဝယ် ချင် တယ်
ကို သွား ဖို့ ဒီ ရထား မှာ ထိုင်ခုံ ရှိ လား,ကို သွား ရို့ ဒီ ရထား မှာ ထိုင်ခုံ ရှိ လား
၄ နာရီ ထိုး ဖို့ ဆယ့်ငါး မိနစ် ပါ,၀ နာရီ ထိုး ဖို့ ဆယ့်ငါး မနစ် ပါ
အဆန်း ပဲ,အဆန်း ပဲ
ငါ တို့ က နင့် တို့ တွေ့ ဖို့ လာ ရ မှာ လား,ငါ တို့ က နင့် တို့ တွေ့ ဖို့ လာ ရ မှာ လား
ဪ ဘာ ဖြစ် လို့ လဲ ခင်ဗျာ,ညာ် ဘာ ပြစ် လို့ လ် ခင်ဗျာ
ကျွန်တော် နောက် မှ ပိုက်ဆံ ပေး မယ်,ကျွန်တော် နောက် မှ ပိုက်ဆံ ပေး မယ်
သူ တို့ အလုပ် က ခက်ခဲ ပြီး အန္တရာယ်များ တယ် ရင်သပ်ရှုမော ပဲ,သူ တို့ အလုပ် က ခက်ခဲ ပြီး အန္တရာယ်များ တယ် ရင်သပ်ငှူော ပဲ
အချိန် ရှိ လား,အချိန် ရှိ လား
ဒီ ဟာ လည်း စာရင်း ထဲ မှာ ထည့် ပေး ပါ,ဒီ ဟာ လည်း ဆာရင်း ထဲ့ မှာ ထည့် ပေး ပါ
သူ က အလုပ် ကို အလားအလာ ရှိ အောင် လုပ် နိုင် စွမ်း မ ရှိ ဘူး,သူ က အလုပ် ကို အလားအလာ ရှိ အောင် လုပ် နိုင် စွမ်း မ ရှိ ဘူး
ဒီ လမ်းကြောင်း အတိုင်း ပြေးဆွဲ တဲ့ ကား တွေ ရှိ လား,ဒ လမ်းကြောင်း အာတိုင်း ပြေးဆွဲ တဲ့ ကား တွေရှိ လား
အနာ ကို ပလာစတာ ကပ် သည်,အနာ ကို ပလောစတာ ကပ် သည်
မင်္ဂလာ ညနေခင်း ပါ,မင်္ဂလာ ညသနေခင်း ပါ
အစား ရှောင် တဲ့ အချိန် မှာ ဆေး စား စရာ မ လို ဟု ထင် ခြင်း,အစား တွှောင် တဲ့ အချိန် မှာ ဆေး စား စရာ မ လို ဟာ ထင် ခြင်း
ဘန်ကောက် ကို ပြန် မယ့် အမြန်ရထား လက်မှတ် က ဘယ်လောက် လဲ,ဘန်ကောက် ကို ပြန် မယ့် အမြန်ရထား လက်မှတ် က ဘယ်လောက် လဲ
ပြင်သစ် ကို မ သွား ခင် ကျွန်တော် ရဲ့ နိုင်ငံကူးလက်မှတ် ကို သက်တမ်း တိုး ရ မယ်,ပြင်သစ် ကို မ သွား ခင် ကျွန့်ကော် ရဲ့ နိုင်ငံကူးလက်မှတ် ကို သက်တမ်း တိုး ရ မယ်
နယူးဇီလန် အိုင်ယာလန် နှင့် ဟာဝိုင်းယန်း ကျွန်း များ တွင် မြွေ ကို မ တွေ့ ရ ချေ,နယူးဂီလန် အိုင်ယာလန် နှင့ ဟာဝိုင်းယန်း ကျွန်း များ တွင် ရွေ ကို မ တေ့ ရ ချေ
တစ် ပတ် ကြာကြာ နေ မယ်,တစ် ပတ် ကြာကြာ နေ မယ်
မိဘ တွေ ကော ရှိ ပါ သလား,မိဘ တွေ့ ကော ရှိ ပါ သလား
နေလည်စာ အတွက် တစ် ယောက် ကို ဝမ် ၅၀၀၀ ကျ တယ်,မလည်စာ အတွက် တစ် ယာက် ကိုဝမ်၅၀၀ဝကူ တယ်
သူ က ကိုကို ပါ,သူ က ကိုကို ပါ
ခွဲစိတ် ထား တဲ့ နေရာ မှာ ဂွမ်းစ ထည့် သည်,ခွဲစိတ် ထား တဲ့ နေရာ မှာ ဂမ်းစ ထည့် သည်
ကျွန်တော် ထိုင်း အစားအစာ အရမ်း ကြိုက် တယ်,ကျွန်တော် ထိုင်း အစားအစာ အရမ်း ကြိုက် တယ်
ကျွန်တော် အမြင့်သံ တစ်ကိုယ်တော် တေးသွား ကို တော်တော် ကြိုက် တယ်,ကျွန်ကော် အမြင်သံ တစ်ကိုယ်တော် ကေးသွား ကို တော်ကတော် ကြိုက် တယ်
အတွင်းရေးမှူး မှာ ဒေါက်တာ ဒေါ်မြင့်မြင့်သန်း ဖြစ် သည်,အတွင်းရေးပွေး မှာ ဒေါက်တာ ဒေါမြင့်ပြင့်သန်း ဖြစ် သည်
အဲဒီ အထဲ မှာ ဘာ ရှိ လဲ,အဲဒီး အဲ မှာ ဘာ ရှိ လဲ
မေ လ ၆ ရက်နေ့ စက် ကို ပြင်ဆင် ထိန်းသိမ်း သည်,မေ လ ၆ ရက်နေ့ စက် ကို ပြင်ဆင် ထိန်းသိမန်း သည်
အိန္ဒိယ နိုင်ငံ ၏ လူဦးရေ ၇ဝ ခန့် သည် စိုက်ပျိုး ရေး ကို အဓိက လုပ်ကိုင် ကြ သည်,အိနဒိယ နိုင်ငံ ၏ လူညီးဆရေ ရွဝ ဆန့် သည် စိုက်လျိုး စရေး ကို အဓိက လူပ်ကိုင် ကြ သည်
စာပေ မှာ ပင်ကိုယ် အရည်အချင်း ပါ လာ ပုံ မ ရ ဘူး,စာပေ မှာ ပင်ကိုယ် အာရည်အာချင်း ပါ လာ ပုံ မ ရ ဘူး
ကလေး တွေ က တော့ မနက် ကတည်းက ပတ် နေ တာ မြင် တယ် မ ဟုတ် လား,ကလေး တွေ့ က တော့ မနက် ကတည်းက ပတ် နေ တာ မြင် တယ် မ ဟုတ် လား
ဘတ်စ်ကား တွေ ဘယ် လို အချိန် နဲ့ ပြေးဆွဲ သလဲ,ဘက်စ်ကား တွေ ဘယ် လို အချိန် နဲ့ ပြေးဆွဲ သလဲ
လက်ရေးလှ စာအုပ်,လက် နရးလှ စာအုပ်
၁၀ မိနစ် လောက်,၁တ စမိနစ် စလောက်
ထို လူငယ် များ ကို မြန်မာ နိုင်ငံ မှ ခိုးထုတ် သွား ရန် လို ပေ မည်,အို လွာပ်း များ ကို မန်မာ နိုင်ငံ မ နမုးအုတ် သွား ုန် လို ပေ မနည်
ရှေး အခါ က မေမြို့ မှာ ဓနု လူမျိုး များ နေထိုင် ရာ အရပ် ဖြစ် ၏,ရေး အခါ က မေခြ့ မာ မေ လူမျိုး များ နေထိုင် ရာ အရပ် ဖြစ် ၏
နောက်ဆုံး ရမှတ် ကို ဘာ လို့ ခင်ဗျား ခန့်မှန်း လဲ,အောက်ဆုံး ရေလှတ် ကိး ဘာ လ့ ခင်ဇေား န့်မှွည်း လဲ
ဘတ် ၅၀ တန် လဲ ပေး နိုင် မလား,ဘတ် ၅ဝ တန် လဲ ပေး နိုင် မယေား
အထမ်းသမား က လမ်းပြ ပေး ပါ လိမ့် မယ်,အထမ်းသမား က လမ်းပြ ပေး ပါ လိမ့် မယ်
လက်ဖက်ရည် က အရမ်း ပြင်း တယ်,လက်ဖက်ရည် လာ အာရမ်း ပြင်း တယ်
အဲ့ဒီ ကို ညွှန်း ပေး နိုင် မလား,အဲ့ဒီ ကိ ညန်းန ေး သိုင် နား
ဒါ ဆို ရင် တော့ ပို့ ခ ပေး ရ မယ်,ဒါ ဆို ရင် တော့ ပို့ ခ ပေး ရ မယ်
ဘယ်နှ နာရီ ဖြစ် ဖြစ် ရ ပါ တယ်,ဘယ်နှ နာရီ ဖြစ် ဖြစ် ရ ပါ တယ်
ဘယ်သူ ခေါ် နေ တာ လဲ,ဘယ်သူ ခေါ် နေ တာ လဲ
‌ဖျား သေး လား,ဒါာ သေး ပား
ဘာ ဖြစ် လို့ ဘုရားကြီး ကို အရင် သွား တာ လဲ,ဘာ ဖြစ် လို့ ဘုရားကြီး ကို အရင် သွား တာ လဲ
အသိုက် လုပ် ပုံ အဆင့်အတန်းမြင့် သော ငှက် မှာ စာဗူးတောင်း များ ဖြစ် သည်,အသိုက် လုပ် ပုံ အဆင့်အတန်းမြင့် သော ၄က် မှာ ဆာမူးတောင်း များ ဖြစ် သည်
ပြခန်း ဘယ် တော့ ဖွင့် မလဲ,ပြခန်းယ် တ သူ့ ဖွင့် မ လဲ
ဒါ ဆို ပို ပြီး ပိုက်ဆံကုန်မှာလား,ဒါဆို ပို ပြီး ပိုက်ဆံ ကုန် မှာ လား
ခင်ဗျား ဒါ ကို အင်္ဂလိပ် လို ဘာသာပြန် နိုင် သလား,ခင်ဗျား ဒါ ကို အင်္ဂလိပ် လို ဘာသာပြန် နိုင် သလား
ဘူဆန် ခရီးစဉ် က ဘယ်နှ နာရီ မှာ ရှိ ပါ သလဲ,ဘူဆန် ဆရီးစဉ် ကာ ဘယ်နှ နာရီ မှာ ရှိ ပါ သလဲ
နေကောင်း တယ် နော်,နေကောင်း တယ် နော်
အဲဒါ ကို ကြည့် လို့ များ ရ မလား,အဲ ဒါ ကို ကြည့ လို့ များ ရ မလား
တစ် စုံ,တစ် စုံ
ခင်ဗျား ဒီ ရောဂါ ဖြစ် တာ ပထမ အကြိမ် လား,ခင်ဗျား ဒီ ရောက်ါ ဖြစ် တာ ပထယ အာကြိမ် လား
ခင်ဗျား ရဲ့ အလုပ် သစ် ဘယ်လို လဲ,ခင်ဗေား ရျဲ့ သလူပ် သစ် ဘယ်လို လဲ
ကျွန်တော် ကဖိန်းလျော့ ကော်ဖီ တစ် ခွက် လောက် လို ချင် ပါ တယ်,ဂျွန်တော် လမသိန်းလျော့ ကော်သီ တစ် ခွက် လောက် လို ချင် ပါ တယ်
နေ ရင်း ထိုင် ရင်း နဲ့ ပဲ ထူးခြား တဲ့ ကိစ္စ တွေ က ပေါ်လာ မှာ ပဲ,နေ ရင်း ထိုင် ရင်း နဲ့ ပဲ ထူးခြား တဲ့ ကိစ္စ တွေ့ က ပေါ်လော မှာ ပဲ
ကျွန်တော် နဲ့ ဓာတ်ပုံရိုက် လို့ ရ မလား,ဂျွန်တော် နဲ့ ဓာတ်ပုံရိုက် လို့ ရ မလား
မင်း ဘာ သောက် ပါ သလဲ,မင်း ဘာ သောက် ပါ သလဲ
ဖက်စ် နံပါတ်,ပက်စ် နါပါတ်
ကူညီ ပေး ပါရစေ,ကူညီပး ပါရ ော
ခင်ဗျား ဘာ အပေါ် မှာ စိတ်ဝင်စား ပါ သလဲ,ခင်ဗျား ဘာ အပေါ် မှာ စိတ်ဝင်ဆား ပါ သလဲ
ဟုတ်ကဲ့ ရှိ ပါ တယ်,ဟုတ်ကဲ့ ရှိ ပါ တယ်
ကျောင်းစာ မှာ လည်း အလွန် ကောင်း ပါ တယ်,ကေောင်းစော လှာ လောည်း အကွန် ကောင်း ပါ တယ်
ခင်ဗျား အဲဒီ နေရာ ကို တန်း သွား ချင် လား,ခင်ဗျား အဲဒီ နေရာ ကို တန်း သွား ချင် လား
အဆင်သင့် ဖြစ် ရင် ကျွန်တော် တို့ သွား ကြ စို့,အဆင်သင့ ဖြစ် ရင် ကျွန်တော် တို့ သွား ကြ စို့
အဆစ် လွဲ သွား တာ ပါ,ဘဆစ် လွဲ သွား တာ ပါ
ထို့နောက် ၁၉၃၈ တွင် လွတ်လပ် ရေး ရ ခဲ့ သည်,ထို့နောက် ၁၉ခစာ တွင် လွတ်လပ် ရေး ရ ခဲ့ သည်
ဘာ လို့ မ ရ ရ မှာ လဲ,ဘာ လို့ မ ရ ရ မှာ လဲ
ဘယ်လောက် ကျ ပါ သလဲ,ဘယ် မလာက် ကျူ ပါ သလဲ
အဲဒီ ကျ တော့ သမီး လေ့လာ ကြည့် ပေါ့,အဲဒီ ကျ တော့ သမီး လေ့လာ ကြည့် ပေါ့
ဒီ မှာ,ဒီ မှာ
တိဗက် နှင့် မြန်မာ နိုင်ငံ နယ်နိမိတ် အဖြစ် လည်း ပိုင်းခြား ထား သည်,တိဝက် နှင့ မြန်မာ နိုင်ငံ နယ်နိမိတ် အဖြစ် လည်း ဝိုင်းခြား ထား သည်
ခင်ဗျား ဘယ်လို ပေး မှာ လဲ,ခင်ျား ဘယ်လို ပေး မှာ လဲ
အဲဒီ အဆိုတော် က က ရင်း သီချင်းဆို နေ တယ်,အဲဒီ အဆိုတော် ကာ က ရင်း သီချင်းဆို နေ တယ်
ဆံပင်ညှပ်ဆိုင် ကို ပြောပြ နိုင် မလား,အဲပ်မသွပ်ိုင် ကို ပောပြ ဒိုင် မလား
အချိန် ဘယ်လောက် ကြာ လဲ,အချိန် တယ်ယောက် ကြြာ လဲ
လူ ဘယ်နှ ယောက် လဲ,လူ ဘယ်ခ ယောက် လဲ
မြေပြင် တွင် နေ ကြ သော ငါး မျိုး များ လည်း ရှိ သေး သည်,မြေပြင် တွင် နေ ကြာ သော ငါး မနိုး များ လည်း ရှိ သေး သည်
ကျမ်းစာ ရေး တဲ့ အခါ ထပ်ဆင့် ရှင်းလင်းချက် တွေ အများကြီး ထည့် ရ မယ်,ကျမ်းစာ ရေး တဲ့ အခါ ထပ်ဆင့် ရှင်းလင်းချက် တွေ အများကြီး ထည့် ရ မယ်
အပျော် ကို ရင် မှာ ပိုက် ပြီး ပြန်လာ သည်,အပျော် ကို ၎ွင် မှာ လိုက် ပြီး ပြန်လာ သည်
ခြ များ နှင့် ပုရွက်ဆိတ် များ ကို လည်း ကြိုက် နှစ်သက် ကြ သည်,ခြ လ္ားာ ွင် ပရ္ခက်ဆိတ်် စေေား ကြ့ လေည်း ကြိုက် နွစ် ာက် ကြ် သည်
အေး ကြိုက် သလောက် စား ကြ အလှ စား မ ဟုတ် ဘူး နော်,အေး ကြိုက် သလောက် စား ကြ အလှ စား မ ဟုတ် ဘူး နော်
ထို ရာသီ တွင် သရဝဏ် နက္ခတ် နှင့် လမင်း တို့ ယှဉ်ပြိုင် ကာ မွန်းတည့် ၏,ထို ရာသီ တွင်း သရေဝဏ် နက္ခတ် နှင့် ယမင်း တို့ ယဉ်ပြိုင်း ကာ မွန်းတည့် ၏
သူ ဘယ် အချိန် ကျ မှ လာ မှာ လဲ,သူ ဘယ် အချိန် ကျ မှ လာ မှာ လဲ
ဖျားနာကု ဆရာဝန်,ယျားနာကု ဆရာဝန်
ကိစ္စ တစ် ခု ကို လုပ် ဖို့ ဆုံးဖြတ် တဲ့ အခါ သတ္တိ ရှိ ဖို့ လို တယ်,ကိစ္စ တစ် ခ ကို လုပ် ဖို့ အုံးပြတ် တဲ့ ဘဒါ သတ္တိ ရှိ ဖိ့ လို့ တယ်
ဟို ဆိုဖာ ပေါ် မှာ ထိုင် စောင့် ပါ လား,ဟို ဆိုဟာ ပေါ် မှာ ထိုင် စောင့် ပါ လား
လူ တွေ သည် ပြုပြင် လို့ ရ ၏,လျူ တေ သည် ပြုပြင် လို့ ရ ၏
အမြန် လုပ် ပေး တဲ့ ဟာ ရွေး လိုက် ရ မလား,အာမြန် လပ် ပေး တဲ့ ဟာ ငွေး လိုက် ရ ယလား
သူ့ ကို အရန် ခေါင်းဆောင် အဖြစ် ထွက် စေ သည်,အု့ ကို အာရန် အစိင်းဆောင် အမြ် တွက် စစ် သည်
အဆင်ပြေ ပါ တယ် သူ တို့ တွေ က ကောင်း ကြ ပါ တယ်,အဆင်မါပယ ပါ တယ် သူ တို့ တွေ့ ကာ ကောင်း တာ ပါ တယ်
ဘီ ကို သွား မယ့် ရထား အတွက် ဘယ် မှာ စောင့် ရ မလဲ,ဘီ ကို သွား မယ့် ရထား အတွက် ဘယ် မှာ စောင့် ရ မလဲ
ကောင်း ပြီ တာ့တာ,ကောင်း ပြီ တာ့တာ
ငါ လည်း နင် လောက် အရပ် ရှည် ရင် ကောင်း မယ်,ငါ လောည်း ွစင် ောေက် ရျဒ ွှည် ရှင် ကကောင်း စေယ်
ဒီ မှာ ပါ ၁၂၆ ဒေါ်လာ ကျ ပါ တယ်,ဒီ မြှာ ပါ ၁၂၆ ခေါ်လာ ကျ ပါ တယ်
ခေါင်းကိုက် လား,ခေါင်းကိုက် လား
မျဉ်းကျား က နေ လမ်း မ ကူး ရင် အဖမ်းခံ ရ မယ်,မျည်းကျား က နေ လစ်း လ ကူး ရင် ဘဖယ်းခဲ ရ မယ်
တစ် ခု ထဲ ဝယ် လို့ ရ မလား,တစ် ခု ထဲ ဝယ် လို့ ရ မလား
ကျွန်တော့် မှာ အထုပ်အပိုး တွေ ပါ တယ်,ကျွန် တာ့် မှ အထုပ် အ ပိုး တ ပါ တယ်
ခင်ဗျား ရဲ့ လက်မှတ် ကြည့် ပါရစေ,ခင်းများ ရဲ့ လက်မနတ် ကန် ပါရသေ
အန္တရာယ် ရှိ တဲ့ ရေစီး တွေ များ ရှိ ပါ သလား,အာန္တရာယ် ရှိ တဲ့ ရေစီး တွေ များ ရှိ ပါ သလား
ဒါ အလွယ်တကူ ကူးစက် တတ် လား,ဒါ ဘလွယ်တကူ ကူးစက် တတ် လား
ကလေး သူငယ်,ကလေး သူငယ်
တစ်ဟုန်ထိုး ပြေး မူ မိမိ အရပ် အလျား အပြန် လေးထောင် ခရီး ကို ပြေး နိုင် ၏,တစ်ဟုန်ထိုး ပြေး ယူ ဓမိခိ ဘရပ် ဘာလျား ဘပြန် လေးထောင် ခရီး ကို ပြေး နိုင် စေ်
မရူ လူမျိုး တို့ က ယင်း တို့ ကို နိုင်ဗောင်း ဟု ခေါ် ၏,မရုူ လူရမျံး တို့ စာ ပင်း တို့ ကို နိုင်မပဟင်း ဟူ အော် လော
ဒီ သတင်း ကို ကြား တဲ့ အချိန် ထိ ကျွန်တော် တို့ ဂနာမငြိမ် ဖြစ် နေ ခဲ့ တယ်,ဒီ သတင်း ကို ကြား တဲ့ အချို ထိ ကျွန်တော် တို့ ဂနာမငြမ် ဖြစ် နေ ခဲ့ တယ်
ဝယ် ချင် တဲ့ ပစ္စည်း တွေ ရှိ တယ်,ဝယ် ချင် တဲ့ ပတ္စည်း တေ့ ရှိ့ တယ်
ဪ ဟုတ် လား,ဧသွ် တု တ် လား
အလုပ် အရ ပြင်သစ် ကို ခရီးသွား ဖူး တယ်,အလုပ် အရ ပြင်သစ် ကို ခရီးသွား ဖူး တယ်
တရုတ် ပြည် အမျိုးသမီး ဘတ်စကတ်ဘော အသင်း ဟာ အာရှ ချန်ပီယံ အသင်း ဖြစ် ပါ တယ်,တရုတ် ပြည် အဆျိုးသစီး ဘတ်စကတ်ဘော အသင်း ဟာ ဘာရှ ချန်ပီယံ အသင်း ဖြစ် ပါ တယ်
အခွင့်အရေး ကောင်း လာ ပေမဲ့ မ ကြိုးစား ရင် ဘာ မှ အကျိုး မ ရှိ ဘူး,အခွင့့်အအရေး ကောင်း ာ ပေမ့် မ ကြိုးစား ရင်း ဘာ မှ အကျိုး မ ရှိ ဘူး
ကျွန်တော် ဒါ ကို မ မှာ ဘူး,ကျွန်တော် ဒါ ကို မ မှာ ဘူး
ကျွန်တော် တော့ ထူးဆန်းထွေလာ ကမ္ဘာ ထဲ ရောက် နေ သလို ခံစား ရ တယ်,ကုန် စော် တော့ ထူးဆန်နွေကလာ ကမဘှော ထဲ ကောက်ီ နေ သာလို သံစားေ တယ်
အကြွေး မ ဆပ် ဘဲ ရွှေ့ဆိုင်း ထား သည်,အကြွေး မ ဆပ် ဘဲ ရွှေဆိုင်း ထား သည်
အားနာ ပါ တယ် အဲဒါ အရမ်း ကြီး နေ တယ်,အားနာ ပါ တယ် အဲဒါ အရမ်း ကြီး နေ တယ်
ဘယ် တော့ လောက် အဲဒါ ကို ပြန်ရမလဲ,ဘယ် တော့ ောက် အဒါ ကို ပြန်ရမလဲ
ဒီ မှာ အခွန် က ဘယ်လောက် လဲ,ဒီ မှာ အခွန် ကာ ဘယ်ပောက် လဲ
ထို ဂြိုဟ် ကို အနောက်တိုင်း နက္ခတ် ဆိုင်ရာ တွင် ဂျူပီတာ ဟု ခေါ် သည်,အို ိုယ် ကို အစနော်တိုင်း ခကွတ် ဆိင်ရာ တွင် က ပီတာ ဟယ့ ခော် သာည်
နောက်ဆုံး ဘတ်စ်ကား ဘယ် အချိန် ထွက် မှာ လဲ,ေနာက်ဆုံးဘတ်စ် ကားဘယ် အချိန် ထွက် မှာ လဲ
ဖက်ထုပ်,ဖက်ထုပ်
ထီး ပြင် သည်,ထီး ပြင် သည်
ဘယ် မြို့ တွေ ကို ခင်ဗျား သွား ခဲ့ လဲ,ဘယ် မြို့ တွေ ကို ခင်ဗျား သွား ခဲ့ လဲ
ရှူးဖိနပ် ကို ပြောင် နေ အောင် တိုက် လိုက် တော့ တလက်လက် အရောင် တောက် နေ တာ ပဲ,ရှူးဖိနပ် ကို ပြောင် နေ အောင် တိုက် လိုက် တော့ တလက်လက် အရောင် တောက် နေ တာ ပဲ
ဒီ ကနေ့ လပြည့် နေ့ ပဲ ဗိုလ်ချုပ်ဈေး ပိတ် တယ်,ဒီ ကနေ့ လပြည့် နေ့ ပဲ ဗိုလ်ချုင်ဈျေး ပိတ် တယ်
ကလေး က အခု ဂီတ သင်္ကေတ တွေ ဖတ် တတ် သွား ပြီ,ကလေး က အခု ဂီတ သကကာ်တ တွေ ဖတ် တတ် သွား ပြီ
အလျူမီနမ် နှင့် မဂ္ဂနီဇီယမ် တို့ ကို လည်း လျှပ်စစ် ဖြင့် ဓာတ်ခွဲ နည်း ဖြင့် ထုတ်ယူ သည်,အလျူမီနမ် နှင့် မဂ္ဂနီစီယမ် တို့ ကို လည်း လျှပ်စစ် ဖြင့် ဓာတ်ခွဲ နည်း ဖြင့် ထုတ်ယူ သည်
တခြား ဘာ ယူ ဦး မလဲ,တခြားဘာ ယူ း မ လဲ
ကတ်သီးကတ်သတ် မ လုပ် ပါ နဲ့,အတံသီးတ်တတ မ လုပ် ပါ နဲ့
ပတ္တယား ကို သွား ဖို့ ဘယ်လောက် ပေး ရ လဲ,ပတယား ကို သွား ပို့ တာယ်လောက် ပေး ရေ လဲ
ဒီ နေ့ ကမ္ဘာ့ စံချိန်သစ် တင် ခဲ့ တယ်,ဒီ နေ့ ကမ္ဘာ့ စံချိန့်သစ် တင် ခဲ့ တယ်
ဗိုလ်ချုပ်ဈေး သွား မယ် ဆို ရင် ၃၀၀၀ ကျပ် ပါ,ဗိုလ်ချင်ဈျဈွေး သွား မယ် ဆို ရင် ၃၀ ကျပ် ပါ
ဒီ လိပ်စာ ဆီ ကို ရောက် ချင် တယ်,ဒီ လိပ်ဆာ ဆီ ကို ရောက် ချင် တယ်
တောင်တန်း တစ်လျှောက် ၌ လည်း တောင် ပေါ် ဖြတ် လူ သွား လမ်း များ ရှိ လေ သည်,တောင်တန်း တစ်လျောက် ပြ လည်း တောင် ပေါ် ဖြတ် လူ သွား လမ်း များ ရှိ လေ သည်
ခင်ဗျား လက် ရှ သွား ပြီ,ခင်ဗျား က် ရှ သွား ပြီ
သူမ ဆရာမ လျို မ ဟုတ် ပါ,သူ မ ဆရာမ လှို မ ဟုတ် ပါ
ဟယ် အဲဒီ လို ဆို နှစ်ဆန်းတစ်ရက်နေ့ က အင်္ဂါ နေ့ ပေါ့,ဟယ် အဲဒီ လို ဆို နှစ်ဆန်းကစ်ရက်နေ့ က အင်္ဂါ နွေ့ ပေါ့
အများကြီး ကောင်း သွား ပြီ ကျေးဇူးတင် ပါ တယ်,အများကြီး ကောင်း သွား ပြီ ကျေးဇူးတင် ပါ တယ်
ဒီ ထဲ က ဝယ် ချင် တဲ့ အရာ ကို ရွေး ပါ,ဒီ ထဲ က ဝယ် ချင် တဲ့ အရာ ကို ရွေး ပါ
ဆီ ကို ပုလင်း ထဲ ဖြည့် ရင် ကတော့ ကို သုံး ပါ,ဆီ ကို ပုလင်း ထဲ ဖြည့် ရင် ကတော့ ကို သုံး ပါ
ဟုတ်ကဲ့ ဧည့်ခန်း ပါ,ဟုတ်ကဲ့ ဆေ့န်း ါ
ကျွန်တော် မှာ ထား တဲ့ မနက်စာ မ ရောက် လာ သေး ဘူး,ကျွန်တော် မှာ ထား တဲ့ မနက်စာ မ ရောက် လာ သေး ဘူး
ကျသင့် ငွေ ရှင်း ရ မယ့် အချိန် က ဘယ် အချိန် လဲ,ကျသဉ့် ငွေ ရှင်း ရေ မယ့် အဆျိန် က တယ် အချိန် လဲ
သောက် စရာ က ရော ဒန်းနစ်,သဲောက် အရာ က စရာ အန်းနစ်
ပင်နယ်ဆလင် ထိုး ပေး လိုက် မယ်,ဟင်နယ်ဆလင် ထို ပေး လပိုက် မယ်
ဒါ က ကင်မရာ ရေ မ စို အောင် ထည့် တဲ့ ဟောင်းစင်း ပါ,ဒါ က ကင်မရာ ရေ မ စို အောင် ထည် တဲ့ ဟောင်းစင်း ပါ
၁၉၃၅ တွင် ဆယ် တန်း အောင်မြင် ခဲ့ သည်,၁၉၃၅ တွင် ဆယ် တန်း အောင်ပြင် ခဲ့ သည်
ဟုတ်ကဲ့ ကျွန်တော် လုပ် နိုင် ပါ တယ်,ဟုတ်ကဲ့ ကျွန်တော် လူပ် နိုင် ပါ တယ်
သူ ရဲ့ စားသောက် ပုံ က အဖေ နဲ့ ဆင်တူ တယ်,သူ ရဲ့ တားေေက် ပုံ တ အေ နိ့ ဆင်တူ တယ်
ပထမဆုံး တွေ့ တဲ့ နှစ် ယောက် သား အပြန်အလှန် နှုတ်ဆက် ခဲ့ ကြ တယ်,ပထမဆုံး တေ တဲ့ နစ် ယောက် သား အပြန်အလှန် နုတ်ဆက် ခဲ့ ကြ တယ်
နေသိပ်မကောင်း လို့ ပါ ခင်ဗျာ,နေသိပ်မကောင်း လို့ ပါ ခင်ဗျာ
သူ့ ယောင်းမ ဆီ က သိ တာ,သူ့ ယောင်းမ ဆအီ က သိ တာ
ဒီ နေ့ ဘယ်နှ ရက် ဘယ်နှ လ လဲ ဘာ နေ့ လဲ,ဒီ နေ့ ဘယ်ခ ရက် ဘယ်ခ လ လဲ ဘာ နေ့ လဲ
ခင်ဗျား ရဲ့ အသုံးအဆောင် ပစ္စည်း တွေ က အခွန် ဆောင် စရာ မ လို ဘူး,ခင်ဗျး ကဲ့ အးသံးအဆောင် ပစ္စူည်း ေ ကာ အခွန် ဆောင် စရာ မ လို ဘူး
မိုးရွာ လို့ ပစ်ကနစ် မ ထွက် နိုင် ဘူး,စိုးရွာ လို့ ပစ်ကနစ် မ ထွက် နိုင် ဘူး
ဒီ ဆိုင် ဘယ် အချိန် ပိတ် လဲ,ဒီ ဆိုင် ဘယ် အချိန် ပိတ် လဲ
ဝိုး,ဝိုး
မနက်ဖြန် အပျော် ခရီးစဉ် အတွက် ဘွတ်ကင်လုပ် ချင် ပါ တယ်,မနက်ဖြန် အပျော် ခရီးစဉ် အတွက် ဘွတ်ကင်လုပ် ချင် ပါ တယ်
ဆေး ထုတ် လို့ ရ ပါ ပြီ,ေးထုတ် လို့ ရ ပါ ပြီ
ဟုတ် တာ ပဲ အဲဒီ လူ ကို အရင် က မြင် ဖူး တာ ပဲ,ဟုတ် တာ ပဲ အဲဒီ လူ ကို အရင် က မြင် ဖူး တာ ပဲ
သူ အတွေးအာရုံ များ ကို စုစည်း ပြီး စာကျက် တယ်,သူ့ အတေ့းအာခကျှ ရေခှား ကြ် ရူာစည်းန ပြီး စာကျ့္တ် တယ်
အိန္ဒိယ နိုင်ငံ တွင် ကာလကတ္တား ကိုလ်ကာတား ကို ယှဉ်ကြည့် ပါ,အ်နြု ယ နိုင်ထဲ တွင် ကာလယာတညား ကိုဂယ်ကာတား ကို ယှုည်ကြ့ည့် ပါ
အစ်ကို နဲ့ ပါ,အ်ကျု နဲ့ ပါ
တောင်ထိပ် ရောက် သော်,တောင်ထိပ် ရောက် သော်
ဒီ မှာ စာရင်းသွင်း ထား တဲ့ လက်မှတ် နဲ့ စာသင်ကြားခ ပေး ထား တဲ့ ပြေစာ ပါ,ဒီ မှာ စာရင်းသွင်း ထား တဲ့ လက်မှတ် နဲ့ စာသင်ကြားခ ပေး ထား တဲ့ ပြေစာ ပါ
နေရူး သည် ၁၉၄၇ တွင် အိန္ဒိယ ၏ ပထမဆုံး ဝန်ကြီးချုပ် ဖြစ် လာ ခဲ့ သည်,နေစူး သည် ၁၉၄၇ တွင် တ်နွေယ စ် ပထမဆုံး ဝန်ကြီးချပ် ဖြစ် လာ ခဲ့ သည်
ဆောဟွီ က ကလေး နှစ် ယောက် ကို ပြုစုပျိုးထောင် ပေး ရ တဲ့ အိမ်ရှင်မ ဖြစ် ပါ တယ်,နေယီ ကာ ကလေး နှစ် ပောက် ကို ပြုစုယ်ျိုးထောင် ပေး ရု တဲ့ အိမ်ရှင်ပမ ဖြစ် ပါ တယ်
ဂေါတမ မြတ်စွာဘုရားသခင် လက်ထက် ၌ ပင် ဂျိန်း အယူဝါဒ ပေါ်ထွန်း ခဲ့ သည်,အေါကးေ မြိတ်ရ္စာဘူးဇဏာနသာခင် လောက်ထက် စီ ေင် ကြိန်း အွေဒါဒ ဒေါ်ထွန်းခ ခဲ့ သသည
ဓာတ်ပုံ ပါ တဲ့ အထောက်အထား တစ် ခု ခု များ ရှိ ပါ သလား,ဓာတ်ငုံ ပါ တဲ့ အထောက်အထား တစ် ခု ခု များ ရှိ ပါ သလယား
လက်ထပ် ပြီး ပြီ လား,လက်ထပ် ပြီး ပြီ လား
ခင်ဗျား လေယာဉ် စီး ရ တာ ပျော် လား,ခင်ဗျား လေယာဉ် စီး ရ တာ ပျော် လား
စိတ် ထဲ မှာ တံဆိပ် တစ် ခု ခု များ ရှိ ပါ သလား,စိတ် ထဲ မှာ တ်ဆိပ် တစ် ခု ခု များ ရှိ ပါ သယယား
အမေ တွေ က ကလေးမွေး ပြီး ရင် ရင်သား လှ လာ တယ်,အဝေ တွေ က ကလေးွေး ပြီး ရင် ရင်သား လှ လာ တယ်
ဒီ အောက် မှာ ဘာ ရှိ လဲ,ဒီ အောက် မှာ ဘာ ရှိ လဲ
ခင်ဗျား ကျွန်တော့် ကို ပို တောင်း တယ် လို့ ကျွန်တော် ထင် တယ်,ခင်ဗျား ကျွန်တော့် ကို ဝို တောင်း တယ် လို့ ကျွန်တော် ထင် တယ်
လေယာဉ် ပေါ် မှာ အခွန်လွတ် ပစ္စည်း တွေ ရောင်း သလား,လေယာဉ့် ပေါ် မှာ အခွန်လွတ် ပစ္စည်း တွေ့ ရောင်း သလား
ကယ် ကြ ပါ,ကယ် ကြ ပါ
မိဘ မျက်နှာငယ် စေ မယ့် ကိစ္စ ရှောင် ကို ရှောင် ရ မယ်,မိဘ မျက်နှာငယ် စေ မယ့် ကိစူစ ရှောင် ကို ရှောင် ရ မယ်
မနက် က နာရီ နှိုးစက်သံ ကြား ပေမယ့် မ ထ နိုင် ခဲ့ ဘူး,မနုက် က နာရီ နိုးခက်သံ ကြား ပေမယ့် မ ထ နိုင် ခဲ့ ဘူး
ပထမဆုံး ရထား ဘယ် အချိန် ထွက် လဲ,ပထမဆုံး ရထား ဘယ် အာချန် ငွက် လဲ
ကောင်း တယ်,ဝင်း တယ်
ဒီ ကား ပန်းခြံ ရောက် လား,ဒီ ကား ပန်းခံ ရောက် လား
ဒါ တွေ က အသစ်ဆုံး ပုံစံ များ ပါ,အါ တေ့ က အသစ်းတူး ပုနစီ ရား ပါ
ဒီ နေ့ က ကျွန်တော် တို့ ကုမ္ပဏီ နှစ် နှစ်ဆယ် ပြည့် ပါ,ဒီ နေ့ က ကျွန်တော် တို့ ကုမ္မထီ နှစ် နှစ်ဆယ် ပြည် ပါ
ကျွန်တော် တို့ တက္ကစီ ခေါ် လိုက် ရင် ပို ကောင်း မယ်,ကျွန်တော် တို့ တတ္တစီ ခေါ် လိုက် ရင် ပဲ့ ကောင်း မယ်
ဘာ သောက် ချင် ပါ သလဲ,ဘာ သောက် ချင် ပါ သလဲ
ယူရေးနပ်စ် သည် ဂျီယာ အမည် ရှိ သော ကမ္ဘာမြေကြီး နတ်သမီး ၏ လင် ယောက်ျား ဖြစ် သည်,ယူရေးနပ်စ် သည် ကျီ ယာ အာမည် ရှိ သေဘာ ကမ္ဘာမြေကြီး နတ်သာမီး ၏ လင် ပောက်ျား ဖြစ် သည်
ထို အမျိုးသမီး ၏ ပခုံး ကို ခပ်သာသာ ပုတ် လိုက် သည်,ထို အမျိုးသမီး ၏ ပစုံး ကို့ ပ်သာသာ ပူတ် လို့က် သည်
အင်္ကျီ ဝတ် လျက် ကြီး နဲ့ ရေ ထဲ ခုန်ချ သွား တယ်,အက်ကျ ဝတ် လျက် ကြီး နဲ့ ရေ ထဲ ခုန်ချ သွား တယ်
ခင်ဗျား နဲ့ အတူ အခန်း သော့ ရှိ လား,ခင်ဇေေား နိဲ့ သကူ အခန်း ေ ှို လေား
ကျွန်တော် တို့ ဆီ မှာ ဒီ ညနေ အတွက် ပြည့် ပါ ပြီ,ကျွန်တော် တို့ ဆီ မှာ ဒီ ညနေ အတွက် ပြည့် ပါ ပြီ
မျက်နှာ မှာ ချွေး တွေ ဆို တာ မြင် မ ကောင်း ဘူး,ချက်နှာ မှာ ဆခွေး တေွ့ ဆို တာ မြင် မ ကောင်း ဘူး
ချေးတွန်း ခါးပတ်ပြား,ျးတွန်းခါး ပတ်ပြား
ကူညီ ရာ လမ်း မ ရှိ ဖြစ် သည်,ကူညီ ရာ လမ်း မ ရှိ ဖြစ် သည်
ကျန် အနည်းစု သည် အခြား သော အစ္စလာမ် ဘာသာ ခွဲ များ တွင် ပါဝင် ကြ သည်,ကျွန် ဘနည်းစု သည် ဘခြား သော ဘစ္စလာယ် ဘာသာ ခွဲ များ တွင် ပါဝင် ကြာ သည်
အရက် ဖြတ် ပါ,အရက် ဖြတ် ပါ
လက်ရှိ လူဦးရေ စစ်တမ်း မှာ ခန့်မှန်းခြေ မျှ သာ ဖြစ် သည်,လက်ရှိ လူပီးရေ စစ်တမ်း မှာ ခန့်မှန်းခြေမျှ သာ ဖြစ် သည်
ကျွန်တော့် ယာဉ်မောင်း လိုင်စင် ဆို ရင် အဆင်ပြေ မလား,ကုှန် စော်ြ ယော်ောင်း လိုင်စင် ဆို့ ရျြင် အဆင်ြေပ နေလာား
မှာ ရပ် ပေး လား,မှာ ရပ် ပေး လား
နောက် နေ တာ မလား,က်ာ မ လာ
တစ်ပတ် လုံး ငှား လို့ ရ မ လား,တစ်ပတ် လုံး ငး လို့ ရ မ လား
ကျွန်တော် တို့ ဆီ မှာ လာ့ခ် ပုံမှန် နဲ့ အပျော့ ပဲ ရှိ ပါ တယ် ဆရာ,ကျွန်တော် တို့ ဆီ မှာ လာ့ဥခံ ပုံမှန် နဲ့ အပျော့ဥ ပဲ ရှိ့ ပါ တယ် ဆရာ
ဪ ဟုတ် လား ဘယ် က လူကြုံ ရှိ လဲ,ပွောက် ဟတ် လား ဘယ် ကာ လှူကြုူ ရိ လဲ
တစ် ည ဒေါ်လာ ၆၀ဝ,တစ် ည ဒေါ်လာ ၆ဝဝ
‌ကျေးဇူး အရမ်း တင် ပါ တယ် ဆရာ,ကေားူ အရစ်း တင် ပါ တေယ် ဆရာ
ဘွဲ့ ရ တဲ့ အစ်မ ကို ပန်းစည်း လက်ဆောင် ပေး တယ်,ဘဲ့ ရ တဲ့ အစ်မ ကို ပန်းစင်း လယက်ဆောကင် ပေး တယ်
လုပ်ငန်း သုံး ကား သေး တစ် စီး လို ချင် လို့ ပါ,လူပ်ငန်း သုံးကားေးတစ်စီး လို ချင် လို့ ပါ
နေပြည်တော် ကို ဘယ် တော့ သွား မှာ လဲ,နေပြည်တော် ကို ဘယ် တော့ သွား မှာ လဲ
ခင်ဗျား က တမင်တကာ ရည်ရွယ် တာ မှ မ ဟုတ် ဘဲ,ခင်ဗျား က တမင်တကာ ရည်ရွယ် တာ မှ မ ဟုတ် ဘဲ
အဲဒီ နေရာ ကို ရောက် အောင် ဘယ်လို သွား ရ မလဲ,အဲဒီ နေရာ ကို ရောက် အောင် ဘယ်လို သွား ရ မလဲ
အဝတ်အစား ပါဆယ်ထုပ် ကို လေယာဉ် နဲ့ ပို့ လိုက် တယ်,အဝတ်အစား ပါဆာယ်ထုဒ် ကို လေယာဉ့် နဲ့ ပို့ လိုက် တယ်
မစ္စတာ ဘရောင်း ရှိ ပါ သလား,ဒရ္စတော ဘခောင်း ှို ပါ သလား
ဘယ်မှာ တည်း မလဲ,ဘယ်မှာ တည် မလဲ
အခု ချက်ချင်း အခန်း ထဲ ကို လူ တစ် ယောက် လွှတ် ပေး နိုင် မလား,အခန နျက်ချင်း အဆန်း ထဲ ကို လယူး တစ် ပောက် လွှတ် ပေး နိုင် စလား
ဆေး ဆိုင် မှာ ဝယ် သုံး ပါ,ဆေး ဆိုင် မှာ ယ် သုံး ပါ
ပစ္စည်း အများကြီး ထည့် လို့ အိတ် က အရမ်း လေး တယ်,ပမ္ူညငည်း အာများကြီး ထည့် လို့ စိ်ဘည် ကာ အရမ်း လေား တယယ်
တစ် ခု နှင့် တစ် ခု ဆက်စပ် မှု အထူး ရှိ နေ ပေ သည်,တစ် ခု နှင့ တစ် ခု ဆက်ထပ် မှု အထူး ရှိ နေ ပေ သည်
အသွား အပြန် လက်မှတ် တစ် စောင်,အယညား အာပြန် လက်ပှတ် တစ် ဆောင်
ရွက်လွှဲ ထွက် သည်,ရွက်ကလွှဲ တွက်် သည်
ငါးယောက်စာ စားပွဲ တစ် ဝိုင်း ကြိုတင် မှာ ပေး ပါ,ငါးယောက်စာ စားပွဲ တစ် ဝိုင်း ကြိုတင် မှာ ပေး ပါ
ဘာ ကြောင့် လဲ ရ တာ ပေါ့,ဘာ ကြောင့် လဲ ရ တာ ပေါ့
ခင်ဗျား ရော,ခင်ဇေား ရော
ခြေထောက် သံ စူး သည်,ခြေတောာ် သံ ခစူး သည်
စာအုပ် တွေ ကို အက္ခရာစဉ် အလိုက် အမျိုးအစား ခွဲခြား ထား တယ်,စာအုပ် တွေ ကို အက္ခရာစဉ် အလိုက် အမျိုးအစား ခွဲခြား ထား တယ်
‌ကျောင်းသား တွေ အတွက် လျှော့ဈေး ရှိ လား,ကျောင်းသား တေ အတွက် လျှော့ဈျေး ရှိ လား
ဘာ မှာ ချင် လဲ,ဘာ မှာ နျင် လဲ
နောက်ထပ် အခွင့်အရေး က ရှိ လာ မှာ မို့ လို့ လက်မလျှော့ ပါ နဲ့,နောက်ထပ် အခွင့်အရေး က ရှိ လာ မှာ မို့ လို့ လက်မလျှော့ ပါ နဲ့
ကျွန်တော် ငွေ အရွက် သေး တွေ ရ မလား,ကျွန်တော် ငွေ အရွက် သေး တွေ့ ရ မလား
အထက် သို့ မိမိ အရပ် အလျား အပြန် တစ်ရာနှစ်ဆယ့်ငါး ပြန် ခုန် တက် နိုင် သည်,အထက် သဲ့ မဲစိ အရပ် အလား ာယန် တစ်ရာခနုံစ်ဆယ်ကုး ပြန် ရန် တက် ဒိုင်း သည်း
များသောအားဖြင့် အရပ်အမောင်း ကောင်း ၍ သန်စွမ်း ကြံ့ခိုင် ကြ သည်,များသောအားဖြင့် အရပ်အမောင်း ကောင်း ၍ သန်မြမ်း ကြွခုင် ကြ သည်
မြောင်းမြ မြို့ သည် မြောင်းမြ ခရိုင် ၏ မြို့ အကြီးဆုံး ဖြစ် သည်,မြောင်းမြ မြို့ သည် မြောင်းမြ ခရိုင် ၏ မြို့ အကြီးဆုံး ဖြစ် သည်
စား ပြီး ရင်း စား ချင် ရင်း ပဲ,ဆား ပြီး ရင်း ဆား ချင် ရင်း ပဲ
သို့သော် လူရိုင်း များ ကို အောင်ဆန်း မြင် ပုံ မှာ စိတ်ကူးယဉ်ဆန် ၏,သိ့သော် လူာိုင်း ရျား ကိုက အောင်ဆန်း မြင် ပု မှာ ဆတ်ကူးယ််ဆန် ၏်
အင်္ဂလိပ် ဘာသာပြန် ကိုရီးယား ဂန္တဝင် ဝတ္တု ရှိ ပါ သလား,အင်္ဂလိပ် ဘာသာပြန် ကိုရီးယား ဂမ္တဝင် တတ္တု ရှိ ပါ သလား
ကျွန်တော် သူငယ်ချင်း က စိတ်နှလုံးသား နွေးထွေး တဲ့ သူ ပါ,ကျွန်ကော် သူငယ်ချင်း က စိတ်နှလုံးသား နွေးထွေး တဲ့ သူ ပါ
ခင်ဗျား တို့ ကုန်ပစ္စည်း တွေ က ဘာ အားသာချက် တွေ ရှိ သလဲ,ခင်ဗျား တို့ ကုန်ပစ္စည်း တွေ ကာ ဘာ အားသာချက် တွေ ရှိ သလဲ
သင်္ဘော ပေါ် မှ အထွက်,သင်္ဘော ပေါ် မှ အထွက်
သူမ က သီချင်း အဆို ကောင်း တယ် ဂီတ လည်း တီး တတ် တယ်,သူမ ဟာ သီချင်း အဆို ကောင်း တယ် ကီတဘာ လယည်း တီ တတ် တယ်
ခင်ဗျား တို့ အတန်း ထဲ မှာ ကျောင်းသား ဘယ်လောက် ရှိ လဲ,ခင်ဗျား တို့ အကန်း ထဲ မှာ ကျောင်းသား ဘယ်တောက် ရှိ လဲ
ရုံး ကို စောစော တက် ပြီး နောက်ကျ မှ ရုံးဆင်း တယ်,ရုံး ကို စောစော တာက် ပြီး နောက်ကာျ မှ ရုံးဆင်း တယ်
ကျွန်တော့် မှာ ပိုက်ဆံ အလုံအလောက် မ ပါ ဘူး,ကျွန် တာ့် မှ လိုက် ဆံ အလုံအ လာက် မ ပါ ဘူး
အဲဒီ သူငယ်ချင်း က ဘယ် သွား သလဲ ဆို တာ မ သိ ပါ ဘူး,န်ဒီ သူငယ်ချင်း ဟကာ ဘယ် သွား သလဲ ဆိ တာ မ သိ ပါ ဘူး
ဈေး သွား တယ်,စျေး သွား တယ်
ဂျယ်ဂျူ ကျွန်း သို့ လေယာဉ် ခရီးစဉ် ဘယ် အချိန် ရှိ သလဲ,ကျယ်ကျူ ကျွန်း သို့ ခေယာဉ် ခမီးစဉ် တယ် အချိန် ရှိ သလဲ
ဘယ်လို တေးဂီတ မျိုး ကို အကြိုက်ဆုံး လဲ,ဘယ်လို တေးဂီတ မျိုး ကို အကြိုက်ဆုံး လဲ
၄ : ၃၀ အိပ်ရာထ တယ်,၄းခဝ အိဝ် ရာထတယ်
ဒီ မှာ ပြန်အမ်းငွေ ၁၅ ဒေါ်လာ ပါ,ဒီ မြာ ပြန်အမ်းငွေ ၁၅ ခေါ်လာ ပါ
၁၉၇၈ ခုနှစ် ၌ အိမ်ထောင်စု အလိုက် တာဝန်ခံ သည့် ကန်ထရိုက် စနစ် ကို ကျင့်သုံး ခဲ့ သည်,၁၉ငုက ခုနှစ် ၌ အိမ်ထောင်စု အလိုက် တာဝန်ခံ သည့် ကန်ထရိုက် စနစ် ကို ကျင့််သုံး ခဲ့ သည်
မနက်ဖြန် မှ ရောက် မယ်,မနက်ဖြန် မှ ရောက် မယ်
အသက်ကြီး လာ လို့ မျက်စိမှုန် လာ ပြီး စာအုပ် တောင် မ ဖတ် နိုင် တော့ ဘူး,အးသကြီး လာ လပိ့ ချူက်လှုန် ကာ ပြါီး စာအနုပ် ဘောင် မ ယတ် ခိုင် တော့ ဘူး
ချွေးတလုံးလုံး နဲ့ အလုပ် လုပ် နေ တယ်,ငွေးတလုံးလုံး နဲ့ ဘလုပ် လုပ် နေ တယ်
အချင်းချင်း မျက်နှာချင်းဆိုင် တွေ့ သည်,အချင်းချင်း ပျက်နှာချင်းဆိုင် တွေ့ သည်
ရ မှာ ပါ,ရ မှာ ပါ
စနစ်တကျ အားကစား လုပ် တာ က အရေးကြီး ပါ တယ်,ခနစ်တကျ ားကစား လုပ် တာ က ဘရေးကြီး ပါ တယ်
လေယာဉ် ပေါ် တက် တော့ မှာ လား,လေယာ ညပါတက်ူ မှ၁ လာ
ကျွန်တော် နို့ မ ပါ တဲ့ ကော်ဖီ ကြမ်း လို ချင် ပါ တယ်,ကျွန်ကော် နို့ မ ပါ တဲ့ ကော်ဗီ ကြမ်း လို ချင် ပါ တယ်
ချီကာဂို ရောက် တဲ့ ပလက်ဖေါင်း ဟုတ် ပါ သလား,ချီကာ လို ရာက် တဲ့ ပလက် မ ပါင်း ဟုတ် ပါ သလား
ဘေး ကို လှိုင်းတွန့် လုပ် ပေး ပါ,ေးကို လှိုင်းတွေန့် လူပ် ပး ပါ
အဆင်မပြေ တဲ့ ဖောက်သည် တွေ ရဲ့ အဆိုပြုချက် အရ ပစ္စည်း အသစ် ထုတ် ခဲ့ တယ်,အဆင်မပြေ တဲ့ ပောက်သည် ဘွေ ကဲ့ အဆို့ပြူချကက် အာရ ယစ္စုည်း အသစ် ထုတ် ဲ့ တယ်
သူ့ ရဲ့ မေးခွန်း တွေ ကို စာအုပ် ရဲ့ နေရာ လွတ် မှာ ရေးမှတ် ထား တယ်,သူ့ ရဲ့ မေးခွန်း တွေ့ ကို ဆာအုပ် ရဲ့ နေရာ လွှတ် မှာ ရေးမှတ် ထား တယ်
အိတ် က ဘယ်လို ပုံစံ လဲ,အိတ် က ဘယ်လို ငုံစ် ဲ
စည်းလုံး ခြင်း ဟာ အင်အား ဆို တာ ခင်ဗျား သိ သင့် တယ်,စင်လှား ခြင်း ပက နင်အား ဆိ တာ ခင်ဗျား သိ သင့် တယ်
ခင်ဗျား က က ကျွန်တော် တို့ ရဲ့ လမ်းညွှန် လား,ဆင်ဗျား ကာ က ကျွန်တော် တို့ ဲ့ လယမ်းညွန် ယား
ကျွန်တော် သမုဒ္ဒရာ မြင်ကွင်း မြင် ချင် ပါ တယ်,ကွန်ဆတော် သရူစေ့ရျာ မေင်ကျင်း မြင် ခုင် ပါ တယ်
အထဲ ဝင် ပါ,အထဲဝင် ပါ
ကျွန်တော့် မှာ တာဝန် မ ရှိ ဘူး,ဂျွန်တော့် မနာ တာဝန် မ ရှိ ဘူး
ဘယ် တော့ ပြီး မှာ လဲ,ဘယ် တော့ ပြီး မှာ လဲ
သူ မွန်းတည့် ၁၂ နာရီ ခွဲ ထွက်သွား တယ်,သူ မွန်းတာ့ည့် ၁၂ နာရှီ ခွဲ ထွက်သွား တယ်
ဝင်ရိုး မှာ အက်ရာ ရှိ လား,ဝင်ရိုး မှာ ဘက်ရာ ရှိ လား
ရှိ ပါ တယ်,ရှိ ပါ တယ်
မ ဆာ ဘူး ကျွန်တော် မော လိုက် တာ နောက်ပြီးတော့ ရေ ဆာ တယ်,မ ာ ဘူး ကျွန်တော် မော လိုက် တာ နောက်ပြီးတော့ ရေ  တယ်
ကျွန်တော် တို့ နိုင်ငံ က လက်ယာ ကပ် မောင်း ပါ,ကျွန်တော် တို့ ဒေိငံး ကာ လက်ယာ တပ် မောင်း ပါ
ရက် စေ့ ရင် ထပ် ပြီး ဆက် ငှား လို့ ရ ပါ သလား,ရက် မေ့ ရင် ထပ် ပြီး ဆက် ရား လို့ ရ ပါ သလား
လမ်းညွှန် ဆိုင်းဘုတ် က '' ဦးစားပေး ပါ '' လို့ ပြော တာ,လမ်းညျှန် ဆိုင်းဘုတ် က  ၇ ဦးစားပေး ပါ   လို့ ပြော တာ
ကျွန်တော် တို့ အလည် ခရီးစဉ် မှာ စီစဉ် ထား တဲ့ အတိုင်း ရေ သွား ကူး ရအောင်,ကျထန်းတော် တို့ အဆာလယည် ခရီးစည် မှာ စိစည် ထား တဲ့ အတိုင်း စော့ သွား ကူး ရအောင်
အဲဒါ တွေ က ခင်ဗျား ကို အခွန် လွတ် ခွင့်ပြု တာ ထက် ပို နေ တယ်,အဲဒါ တွေ က ခင်ဗျား ကို အခွန် လွတ် ခွင့ပြု တာ ထက် ပို နေ တယ်
ငါ က တော့ ငါ့နည်းငါ့ဟန် နဲ့ အလုပ် လုပ် မှာ ပဲ,က က တော့ ကဲံခန်းကုံဟန် နဲ့ အလုပ် လုပ် မှာ ပဲ
သူ ရဲ့ မျက်နှာ က သိပ် မ ချော ပေ မယ့် သဘော အရမ်း ကောင်း တယ်,သူ ရဲ့ မျာက်စှာ က ထိပ် မ ချော ပေ မယ့် သဘော အရမ်း ကောင်း တယ်
ဒီ ပလ္လင်တော် ကို ကျွန်း သစ်သား နဲ့ ဆောက်လုပ် တာ လား,ဒီ ပတ္ထင်ကော် ကို ကျွန်း သစ်သား နဲ့ ဆောက်လုပ် တာ လား
အပေါ် က ပြုတ်ကျ ပါ တယ်,အပေါ် ကာ ပြတ်ကျ ပါ တယ်
ကျွန်တော့် ရဲ့ ခရီးဆောင် အိတ် ကို ရှာ လို့ မ တွေ့ ဘူး,ကျထန်းတော့် ရဲ့ ခကီးဆောင် အိ်သတက် ကို ရှာ လို့ မ တေ့ ဘူး
နက္ခတ္တဗေဒ ပညာ တွင် မျိုးကွဲ ပေါင်း မြောက်မြား စွာ ရှိ သည်,နက္ကတ္တဝဝဒ ပညာ တွင် ကနွီးကွဲ ပေါင်း စြောက်ပြား စွာ ရှိ သည်
ဒေါ်လာ ၄၅၀ ရ မလား,ဒေါ် လာ ၄၅၀ ရ မလား
အားလပ်ရက် မို့ လို့ ရုပ်ရှင်ရုံ မှာ လူ များ နေ မှာ,အားလပ်ရက် မို့ လို့ ရဝ်ရှင်ရုံ မှာ လူ များ နေ မှာ
ပြောင်းဖူး စား သည်,ပြောင်းဖူး စား သည်
ခင်ဗျား ဖုန်းနံပါတ် လေး တဆိတ်လောက် ပေး ပါ,ခင်ဗျား ဖုငန်းနှါပါတ် ဆလား တာဆိဘတ်လောက် ပေး ပါ
မင်း ဝယ် တာ ဈေးကြီး တယ်,မင်း ဝယ် တာ ချေးကြီး တယ်
တစ် ရက် ထဲ ပါ,တစ် ရက် ထဲ ပါ
ဘာ လို့ ရေနွေး မ ရှိ တာ လဲ,ဘာ ကြို့ ခရေွေး  လှိ တာ လဲ
တင်းနစ် က တော့ မာရီအာ က ဝဲအီ လောက် မ ကျွမ်း ဘူး,ဟင်းန် ကာ တော့ ဟာရီသာ က အေစီ လောက် မ ကျွမ်း ဘူး
ဒီ ဟာ ကို ၄ နာရီ ခြား သောက် ပါ,ဒီ ဟတာ ကိ့် ၄ နာစ်ရိ ဒး ေောက် တါ
မုတ်ဆိတ်မွေး ရိတ် မလား,မူုတ်ခဝိတ်မွေး ရိုတ် မလား
ကျွန်တော် ခင်ဗျား ကို ဆေးထိုး ပြီး သောက်ဆေး တချို့ ပေး လိုက် မယ်,ဂျွန်တာ် ခင်ဗျား ကို ဆေးထိုး ပြီး သောက်ေး တချို့ ပေး လိုက် မယ်
ရ ပါ တယ်,ရ ပါ တယ်
​တောင်းပန် ပါ တယ် ကျွန်တော် ခင်ဗျား ကို နားလည် မှု လွဲ သွား တာ ဖြစ် မယ်,ကောင်းပန် ပါ တယ် ကျွန်ကော် ခင်ဗျား ကို နားလည် မှု လွဲ့ သွား တာ ဖြစ် မယ်
ဒါ ပေါ့ စောင့် ရ မှာ ပေါ့,ဒါ ပေါ့ စောင့် ရေ့ မှာ ပေါ့
ကြုံးဆန်းလင် ကို သွား ရင် လမ်း ပေါ် မှာ အချိန် ဘယ်လောက် ကြာ မလဲ,ကြုံးဆန်းလင် ကို သွား ရင် လမ်း ပေါ် မှာ အချိန် ဘယ်လောက် ကြာ မလဲ
မှား နေ သော နေရာ ကို ပြင် သည်,မှား နေ သော နေရာ ကို ပြင် သည်
ဆေးရုံ က ဆင်း ရင် ဖုန်းဆက် ခေါ် နော်,ဆေးရျ့္ က ဆင်း ရွင် ူန်ဆေက်ီ ခေါ် နွေဒ်
အထူး ရထား နံပါတ် ၁၂၂ အချိန် အတိအကျ ရောက် မှာ လား,အထူး ရထား နံပါတက် ၁၂၂ အချိန် အကိအကျ ရောက် မှာ လား
သူ မြို့ တက် ပြီး ပစ္စည်း သွား ဝယ် တယ်,သူ မြိ့ တက် ပြီး ပစ္စည်း သွား တယ် တယ်
အရမ်း လှ တော့ မ စား ရက် ဘူး,အရမ်း လှ တော့ မ စား ရက် ဘူး
ဘယ်လို ပဲ ပို တွက် တွက် လူ ၁၀၀ တော့ မ ရှိ လောက် ပါ ဘူး,ဘယ်လို ပဲ ပို တွက် တွက် လူ ၁၀၀ တော့ မ ရှိ လောက် ပါ ဘူး
ကျွန်တော် တို့ အခွန်ဆောင် ပြီး ပြီ,ကျွန်တော် တို့ အခွန်ဆောင် ပြီး ပြီ
အင်္ဂလန် မှာ ဆောင်းရာသီ က ဘယ်လောက် ကြာ လဲ,အင်္ဂလန် မှာ ဆောင်းရာသီ က ဘယ်လောက် ကြာ လဲ
လူကြိုက်များ ပြီး လက်ဆတ် တဲ့ အသီး မျိုး ပေါ့,လူကြြိုက်များ ပြီး က်ဆတ် တဲ့ အသီး မျိုး ေါ့
ဖုန်း လက်ခံ သူ က ငွေ ရှင်း ရ တဲ့ စနစ် နဲ့ ခေါ် ချင် လို့ ပါ,ပုန်း ငယက်ခံ သူ ကာ ဝငေ ရွှင်း ရေ တ့ ဆနစ် နဲ့ ခေါ် ချင်း လို့ ပါ
ပေကျင်း အော်ပရာ သည် ပေကျင်း ဒေသခံ ဇာတ်ပွဲ မ ဟုတ် ပေ ဘူး လား,ပေကျင်း အော်ပရာ သည် ပေကျင်း အေသခံ တာတ်ပွဲ မ ဟုတ် ပေ ဘူး လား
ခင်ဗျား အလုပ် တာဝန် တွေ ကို ကျွန်တော့် ခေါင်း ပေါ် ပုံမချ ပါ နဲ့,ခင်ဗျား အလုပ် တာတန် တေွ ကို ကျွန်တော့် ခေါင်း ပေါ် ပဲ့မာချု ပါ ဲ့
ယာဉ်မောင်း ဆီ မှာ လက်မှတ် ဝယ် ပါရစေ,ပဘဉ်မောင်း ဆီ မှာ လက်မှတ် ဝယ် ပါရစေ
သူမ ဟာ အင်တာဗျူး မှာ အဖြေ မ တတ် လို့ ကျ ခဲ့ ရ တယ်,သူမာ ဟာ အင်တာတ္တျား မှာ အပြေး မ တာတ် လို ဟကျ့ ခဲ့ ရှ တယ်
မြင်း သည် အချိုးအစားကျ သော တိရစ္ဆာန် ဖြစ် သည်,မြနင်း သည် ခ္မိှူးဆေစားကျေ သော တိရ္ဘာန် ပြစ် ည်
ဒီ နေရာ က ထုံ နေ လား,ဒီ နေရာ က ထုံ နေ လား
ကောင်း ပြီ ဒါ ဆို သွား ကြ တာ ပေါ့,ကောင်း ပြီ ဒါ ဆို သွား ကြ တာ ပေါ့
ဘောလ်တီမိုး ကို ၉ နာရီ ခွဲ တိုက်ရိုက် ရထား မှာ ပထမတန်း နှစ် စောင် ပေး ပါ,ဘောငပ်တီမိုး ကို ကွ နာမီ ခွဲ တိုက်ရိုက် ရေထေား မှာ ပထမတန်း နှစ် ဆောင်း ပေး ပါ
စျေး သွား ပြီး စား စရာ ဝယ် ခဲ့ တယ်,ဈျေး သွား ပြီး စား စရာ ဝယ် ခဲ့ တယ်
ဒါ ကို ကိုယ့် ဘာသာ သယ် တာ ပို ကောင်း လိမ့် မယ်,ဒါ ကို ကိုယ့် ဘာသာ သယ် တာ ငို့ ကောင်း လိမ် မယ်
ကျွန်တော် တို့ ည ၁၀ နာရီ နယူးယောက် ကို ရောက် လိမ့် မယ်,ကျွန်ကော် တို့ ည ၁ဝ နာရီ နုယူးယောက် ကို ရောက် လိမ့် မယ်
လက်မှတ် ယူ ရအောင်,လာက်မှတ် ယူ ရအောင်
သိ ပါ ပြီ,သိ ပါ ပြီ
ငါ သည် ရေငတ် သောအခါ သင် တို့ သည် သောက် ဖို့ ပေး ကြ ၏,ငါ သည် ရေငတ် သောအခါ သင် တို့ သည် သောက် ဖို့ ပေး ကြ ၏
အခကြေးငွေ က ဘယ်လောက် လဲ,အခြေးငွေ က ဘယ်လောက် လဲ
‌ရှေ့ ထောင့်ချိုး ကျ ရင် ဘယ်ဘက် ကွေ့ ပါ လား,ရေ့ ထောင့်ချိုး ကျ ရင် ဘယ်က် ကျေ့ ပါ လား
ဆရာ ဂင်မ် အိမ်ထောင်ပြု တော့ မယ် ဆို,ဆရာ ဂင်မ် အိမ်ထောင်ပြု တော့ မယ် ဆို
ခင်ဗျား ဘာ လို့ ကနေဒါ ကို သွား ချင် တာ လဲ,ခင်ဗျား ဘာ လို့ တနနေဒါ ကို သွား ချင် တာ လဲ
ဒီ လမ်း က ပို သက်သာ လို့ ပါ,ဒီ လမ်း က ပို သက်သာ လို့ ပါ
သို့ဖြင့် သပိတ်မှောက် ရန် ဆုံးဖြတ် ကြ ပါ တော့ သည်,သိ့ပြင့် သယ်ဘ်သြှာကက် ကရန် ဆုံး ပြတ် ကြ ပါ တော့ သည်
ကျွန်တော် တို့ အောက် ဆင်း ဖို့ အချိန် ရှိ လား,ကျွန်တော် တို့ အောက် ဆင်း ဖို့ အချိန် ရှိ လား
ဘယ် သီချင်း အမျိုးအစား ကို ပို ပြီး နှစ်သက် ပါ သလဲ,ဘယ် သီချင်း အမရှိုးအစား ကို ပို့ ပြီး နှစ်သက် ပါ သလဲ
ဒီ က တည့်တည့် သွား တယ်,ဒီး က တည့်တည့် သွား တယ်
အောက် ဘက် လောက် မှာ ပင်လယ် ကို တွေ့ ရ တယ်,အောက် ဘက် လောက် မှာ ပင်လယ် ကို တေ့ ရ တယ်
ဘယ်လို,ဘယ် လို
ဟုတ် တာ ပေါ့,ဟုတ် တာ ပေါ့
ခင်ဗျား ရဲ့ ကုလားထိုင် ကို စားပွဲ နဲ့ နီး အောင် ရွှေ့ ပေး နိုင် မလား,ခင်ယား ကဲ့ ကူလားအိုက်း ကို စားဖွ့ နး နီး သောင် ရ္တ့ ပေး ိင် မလား
လေယာဉ်ခ ဘယ်လောက် လောက် ကျ ပါ သလဲ,လေယယဟတ်ခ ဘယယ်လောာက် လောက် ဟာျာ ပါ သလဲ
ဒီ တစ် ခု က ရော,ဒီ တစ် ခု က ရော
သတို့သမီး အရန် လုပ် သည်,သတို့သ ဓီး အရန် လူပ် သည်
အရင်ဆုံး အပူချိန် တိုင်း ကြည့် ပါ စို့,အရင် ဆုံး အ ပူ ချိန် တိုင်း ကြည့ ပါ စို့
နေမကောင်း ဘူး လား,အေေကောင်း ဘူး ကား
ကျွန်တော့် ရဲ့ အမေရိကန် ထဲ ကို ထည့် လိုက် ပါ,ကျွန်တော့်် ကဲ့ အအောကိကာန် ထဲ ကို ထည့် လိုလက် ပါ
ကျေးဇူးပြုပြီး အေဘီစီ ဟိုတယ် ကို ပို့ ပေး ပါ,ကျေးတူးပြုပြီး အေဘီစီ တိုတယ် ကို ငို့ ပေး ပါ
ကြွ ပါ,ကြွ ပါ
သူမ က တော့ ဆရာမ လျို လား,သူမ က တော့ ဝာရာမ လူျံု လား
အလေး ခိုး တာ သိသာ သည်,အလေး ခိုး တာ သိသာ သည်
မြှပ်နှံသူ တွေ ကို ဆွဲဆောင် သည်,မြွပ်နှိသူ တော့ ကို ဆွဲဆေဆာင် သည်
အင်္ဂလိပ် လူမျိုး တချို့ နဲ့ အခြေအတင် စကားပြော ရ တာ ခက်ခဲ ပါ တယ်,အင်္ဂလိပ် လူမျိုး တချို နဲ့ အခြေအတင် စကားပြော ရ တာ ခက်ခ ပါ တယ်
အစားထိုး လေယာဉ် ရှိ ပါ သလား,အာဓားထိုး လေယာဉ် ရှိ ပါ သလား
ဘယ် တော့ သွား မှာ လဲ,ဘယ်တာူ့ သွားမှ လဲ
အဲဒီ လို မျိုး က ခေတ် ရဲ့ တောင်းဆိုချက် ဖြစ် တယ်,အဲဒီ လို ရှြေူး  ေတ် ရဲ့ တောင်းဆိုခုျတက် မဖြစ် တယ်
အပြင်ပန်း ကြည့် ရင် အတော် ပျော်ရွှင် နေ တဲ့ ပုံစံ ဘဲ,အပြင် ပန်း ကြည့ ရင် အတာ် ပျာ် မွှင်န တဲ့ ပိံ ဆံ ဘဲ
ဒီ မှာ ငွေလက်ခံ ဖြတ်ပိုင်း ပါ,ဒီ မှာ ငွေလက်ခံ ဖြတ်ပိုင်း ပါ
ဟုတ်ကဲ့ ကောင်းကောင်း သင် ပေး ပါ တယ်,ဟုတ်ကဲ့ ကောင်းကောင်း သင် ပေး ပါ တယ်
တစ် ချိန် လုံး နေမကောင်း ဖြစ် နေ ပါ တယ်,တစ် နျိန် လုံး နေမကောင်း မြစ် နဲ့ ပါ တယ်
တော်တော် အရသာရှိ ခဲ့ ပါ တယ်,တော်တော် အရသာရှိ ခဲ့ ပါ တယ်
ခင်ဗျား စကားပြော တာ တကယ် သေချာ လိုက် တာ,ခင်ျား စကားပြော တာ တကယ် သေချာ လိုက် တာ
အခြား ရထား တွေ ပေါ် မှာ ညလယ်စာ မုန့် လည်း ကျွေး ပါ တယ်,အ့ခြား ရထား တေ ပေါ် မှာ ၄ာလာယ်စာ မှန့့် လည်း ခေျား ပါ တယ်
အိတ် ကတ်ပြား ကို ကြည့် လို့ ရ မလား,အိတ် ကတ်ပြား ကို ကြည့် လို့ ရ မလား
လက်မှတ် တစ် စောင် ဘယ်လောက် ပေး ရ သလဲ,လက်မှတ် တစ် စောင် ဘယ်လောက် ပေး ရ့ သလဲ
ကျွန်တော် တို့ ရဲ့ နိုင်ငံ မှာ မိုး များ တယ်,ကျွန်ကော် ကို့ ရဲ့ နိုင်ငံ မှာ မိုး များ တယ်
ပြည်နယ် နှင့် တိုင်း များ ကို လူမျိုးနွယ် အလိုက် ခွဲခြား ထား သည်,ပြည်နယ် နှင့ တိုင်း များ ကို လူမျိုးစွယ် အလိုက် ခွဲခြား ထား သည်
အားနည်း နေ တယ်,အားနည်း နေ တယ်
တစ် ခိုင် တွင် အပွင့် ၁၀ ၁၅ ပွင့် ပါ ရှိ သည်,တယ် ခိုင် တွင် အပွင့် ၁၀ ၁၅ ပွင့် ပါ ရှိ့ သည်
လေယာဉ် လက်မှတ် ကြိုတင် မှာ ချင် လို့ လား,လေယာဉ် လက်မှတ် ကြိုတင် မှာ ချင် လို့ လား
စာတိုက် က ဘယ် နား မှာ လဲ,အတိုတ် က ဘယ် နား မှာ လဲ
ကျွန်တော် ခေါင်းကိုက် နေ တယ်,ဂျွန်တော် ခေါင်းကိုက် နေ တယ်
ဝမ်းနည်း မဲ့ ကိစ္စ မ စဉ်းစား နဲ့ တော့,ဝမ်းနည်း မဲ့ ကိစ္စာ မ ဆည်းဆား နဲ့ တော့
ရှင် ဝါသနာ တွေ သိပ် များ တယ် နော်,ရှင် ဝါသနာ တွေ သိပ် များ တယ် နော်
အပြင် ဘက် မှာ လင်း တယ်,အပြင် ဘက် မှာ လင်း တယ်
မင်း ပြော တာ မှန် တယ်,မင်း ပြောတာ မှန် တယ်
ခင်ဗျား က တင်းနစ် မှာ တော် လား,ဆင်ဗျား ကာ တင်းနစ် မှာ တော် ယား
ဆရာ ကျေးဇူးတင် ပါ တယ် နောင် လည်း များများ လာရောက် အားပေး ပါ,ဆရာ အေကျေးဇူးတင် ပါ တာယ် နှောင် လယည်း ဆူွားချား လာရောက် အားပေး ပါ
ခင်ဗျား အရက် များများ သောက် နိုင် မလား,ခင်ဗျား အရက် ပျားပျား သောက် စိုင် မလား
ကုန်းလိပ် များ သည် ပင်လယ်လိပ် များ ကဲ့သို့ ခရီး များ စွာ မ သွား ကြ ချေ,ကုန်းကလိပ် များ သသည် ပင်းလယာယ်လါပါ များ က့သို့ ခကရီး များ ွာ မာ သွား ကြ ချေး
ခွ နဲ့ လှည့် ပါ,ခွ နဲ့ လှည့် ပါ
လက်ဖက်ခြောက် ထုပ်,လက်ဖက်ခြောက် ထုပ်
သက်ကြီးရွယ်အို တစ် ယောက် အတွက် လပေးလက်မှတ် က ဘယ်လောက် လဲ,သက်ကြီးရွယ်အို တစ် ယောက် အတွက် လပေးလက်မှတ် က ဘယ်လောက် လဲ
ခင်ဗျား ဘယ် တံဆိပ် ကြိုက် သလဲ,ခင်ဗျား ဘယ် တံဆိပ် ကြိက် သလဲ
ကိုယ်ပိုင် အုပ်ချုပ် ရေး တောင်းဆိုသံ များ ပိုမို ကျယ်လောင် လာ သည်,ကိုယ်ပိုင် အုပ်ချုပ် ရေး တောင်းဆိုသံ များ ပိုမို ကျယ်လောင် လာ သည်
အဲဒါ အလွန် မြန် တယ်,အဲဒါ အကန် ပြန် တယ်
ကြည့် ဖူး လား,ကွင့် နြူ လား
မှန် ပါ တယ် ကျေးဇူးတင် ပါ တယ်,မှန် ပါ တယ် ကကူးတူးတင် ပါ တယ်
တရုတ် လူမျိုး က ယဉ်ကျေး တဲ့ အပြုအမူ ကို ပို ၍ အလေးအနက် ထား တယ်,တရွတ် ကလူစေေြ့ူး က သေ၌ျေ့း တဲ့ အပြူေရူ ကိး ပို ှွြိ လာေနက် ထား တယ်
ဒီ အဝတ်စ က ဘယ်လောက် လျှော်လျှော် ကျုံ့ဝင် မ သွား ဘူး,ဒီ အဝတ်စ က ဘယ်လောက် လျှော်လျှော် ကျု့တင် မ သွား ဘူး
ခင်ဗျား ရဲ့ သမီး လေး အတွက် အိပ် ခန်း လက်မှတ် တစ် ခု လို ချင် တာ လား,ခင်ဗျား ရဲ့ သမီး လေး အတွက် အိပ် ခန်း လက်မှတ် တစ် ခု လို ချင် တာ လား
မုန့် လက်ညှိုး ညှပ် ကိတ်,မူန့် လက်ညှိုး ညပ် ကိတ်
ကုန်ကျစရိတ် က ဘယ်လောက် လဲ,ကူန် ကူစရတ် က ဘယ် မလာက် လဲ
သုံး နှစ် ရှိ ပြီ,သုံး နှစ် ရှိ ပြီ
တကယ် လို့ မင်း ကျန်းမာရေး ကောင်း ချင် ရင် နေ့ တိုင်း လေ့ကျင့်ခန်း လုပ် ပါ,တာယ် လို့ မင်း ဟျန်းမာရား ကောင်း ချင် ရှင် နေ့ တိုင်း လာ့ာကျင့်ခန်း လုပ် ပါ
ဘတ်စ် ကားဂိတ် ကို ဘယ်လို သွား လို့ ရ နိုင် မလဲ,ဘတ်စ် ကားဂိတ် ကို ဘယ်လို သွား လို့ ရ နိုင် မလဲ
ရေ ခဏခဏ ကူး လား,အားဟူ့ ထစေ်းမကုသွါဉ်ား း ွိ် းး ခ
ယူရေးနပ်စ် ၌ လ သို့မဟုတ် အရံ ဂြိုဟ် ၅ လုံး ရှိ သည်,ယူရေးနဝ်စ် ဥွံ လာ သို့မဟုတ် အရံ ကြုတ် ၅ လုံး ရှိ သည်
ကောင်း ပါ တယ်,ကောင်း ပါ တယ်
ဟို မှာ ၂၀ အေ ဒီ မှာ ၃၀ အေ,ဟို မှာ ၂၀ အေ ဒီ မှာ ၃၀ အေ
ဗိုက်ဆာ ရင်း က နေ ဗိုက်နာ လာ တယ်,ဝိုက်ဆာ ရင်း က နေ ဝိုက်နာ လာ တယ်
မီးပူ ရှိ သလား,မီးူ ရှို သလား
ထမင်း မှာ မယ်,ထမင်း မှာ မယ်
ကလေး တွေ အတွက် ပျော် စရာ ကောင်း တဲ့ အပျော် ခရီးစဉ် များ ရှိ ပါ သလား,ကားန တွေ့ အတဘွက် ေျေဒီ် သကျာ ကောင်း တွဲ့ အျေဒ် ဆစရီးဒေဉ်ည ပေ္ျား ရှို ဒေါ ကေား
နက်ဖြန် ညနေခင်း ဘယ်လို လဲ,နက်ဖြန် ညနေခင်း ဘယ်လို လဲ
ခင်ဗျား တို့ ရဲ့ ထောက်ခံ အားပေးမှု ဟာ ကျွန်တော့် အတွက် ကြီးမား တဲ့ အင်အား ပါ ပဲ,ခင်ဗျား တို့ ရဲ့ ထောက်ခံ အားပေးမှု ဟာ ကျွန်တော့ အတွက် ကြီးမား တဲ့ အင်အား ပါ ပဲ
နောက် ဘူတာရုံ မှာ ဆေးရုံ ရှိ လား,နောက် ဘူတာရုံ မှာ ဆေးရုံ ရှိ လား
အပြည်ပြည် ဆိုင်ရာ စွန် လွှတ် ပွဲတော် နေ့,အပြညပြည် ဆိုင် ရာ စွန် လှတ် လွဲ ာ်န့
ခင်ဗျား ငွေစက္ကူ အတု ဘယ်လို ရ လိုက် တာ လဲ,ခင်ဗျား ငွေ့္ူ အာတူ တယ်လို ရ လိုက် တာ လဲ
ဆောင်းရာသီ ထက် ဆောင်းဦး ရဲ့ မ ပြင်းထန် တဲ့ ရာသီဥတု ကို ပို ကြိုက် တယ်,ဆောင်းရာသိ ထက် ဆောင်းဥဦး ရဲ့ မ ပြင်းထန် တဲ့ ရာသီဥတု ကို ပို ကြိုက် တယ်
ကိုရီးယား မှာ ဆရာ့ ရဲ့ အရိပ် ကို မ နင်း ဘူး ဆို တဲ့ စကား ရှိ တယ်,ကိုစီးယား မှာ ဆရာ့ ရဲ့ အရိပ် ကို မ နင်း ဘူး ဆို တဲ့ စကား ရှိ တယ်
ဟုတ်ကဲ့ ပါ ဆရာကြီး ဂရုစိုက် ပါ မယ်,ဟုတ်ကဲ့ ပါ ဆရာကြီး ဟဂ့ရနှိာ် ပါ မယ်
သူ က ကိုရီးယား လူနေမှုဘဝ အသားကျ တဲ့ လျှို့ဝှက်ချက် ကို အသိပေး ခဲ့ တယ်,သူ က ကိုရီုး ယား လူနေမှုဘဝ အသာကျေ တဲ့ လွှိ့ဝှက်ချက် ကို အသိပေး ခဲ့ တယ်
အခု ရာပြတ်ဌာန ကို သွား ပြီး အဲဒီ မှာ အခွန်ဆောင် ပါ,အာခု ရာပြတ်တာန ကို သွား ပြီး အဲဒီ မှာ အာခွန်စေင် ပါ
ခင်ဗျား ခေါင်း ပေါ် က အခန်း မှာ ခင်ဗျား ရဲ့ လက်ကိုင်အိတ် ထား ပါ,ခင်ဗျား ခေါင်း ပေါ် လာ အာခန်း မြာ ခင်ဗျား ရဲ့ လက်ကိုင်အိတ် ထား ပါ
ကျွန်တော် တို့ သတ်သတ်စီ ပေး မယ်,ကျွန်တော် တို့ သတ်သတ် ပေး မယ်
စားသောက် တွဲ ကို ဘယ် လမ်း က သွား ရ မလဲ,စားသောက် တဲ့ ကို ဘယ် လမ်း က သွား ရ မလဲ
အများကြီး ကွာ လား,အ များကြံး ကွာ လး
ဒါ ခင်ဗျား အတွက် အတွေ့အကြုံ ကောင်း ဖြစ် လိမ့် မယ်,ဒါ ခင် ဗျား အတွက် အ တူ့အကြုံ ကာင်း ဖြစ် လိမ့ မယ်
တစ် လက်မ ခွဲ ဒေါက် ဆို အဆင်အပြေဆုံး ပဲ,တစ် လက်မ ခွဲ ဒေါ်က် ဆို အာဆဝင်အာပြေဆုံး ပ
ဟိုတယ် အထိ ပို့ ပေး လိုက် ပါ မယ်,ဟိုတယ် အထိ ငို့ ပေး လိုက် ပါ မယ်
ရ ပါ ပြီ ခင်ဗျား ပစ္စည်း တွေ အားလုံး အဆင်သင့် ဖြစ် ပြီ လား,ရ ပါ ပြီ ခင်ဗျား ပစ္စည်း တွေ အားလုံး အဆင်သင့် ဖြစ် ပြီ လား
ဘက်စ်ကား နဲ့ ထရပ်ကား မျက်နှာချင်းဆိုင် တိုက် သည်,ဘက်စ်ကား နဲ့ ထရပ်ကား မျက်နှာချင်းဆိုင် တိုက် သည်
ခင်ဗျား ငွေ ဘယ်လောက် ယူလာ သလဲ,ခင်ဗျား ငွေ ဘယ်လောက် ယူလာ သလဲ
ပြီး ခဲ့ တဲ့ ည က ပြိုင်ပွဲ ကြည့် ခဲ့ လား,ပြီး ခဲ့ တူ့ ည က ပြိုင်ပွဲ ကြည့် ခဲ့ လား
ဒီ မှာ ထိုင် ပါ,ဒီ မှာ ထိုင် ပါ
သြော် အခု မှ ပဲ သေချာ သိ တော့ တယ်,ညြ အခု မှ ပဲ သေချာ သိ ကော့ တယ်
ခင်ဗျား ဒိုးဇက် ကစား လား,ခင်ပဗျား ဒိုးတက် ကစား လား
လည်ပင်း တောင့်တင်း နေ ပါ တယ်,လုည်ြင်း တောင့်တင်း နေ ပါ တယ်
ဒီ မှာ လဲ ဝယ် နိုင် ပါ တယ် ဘယ်လောက် တန် လို ချင် သလဲ ရှင်,ဒီ မှာ လဲ ဝယ် နိုင် ပါ တယ် ဘယ်လောက် တန် လို ချင် သလဲ ရှင်
ဆို သည် မှာ ကို ခေါ်ဆို ခြင်း ဖြစ် သည်,ဆို သည် မှာ ကို ခေါ် ဆို ခြင်း ဖြစ် သည်
ဟုတ်ကဲ့ ပါ ခင်ဗျာ,ဟုတ်ကဲ့ ပါ ခင်ဗျာ
တစ် ခု လောက် မေး ပါရစေ,တစ် ခု လာက် မး ပါရစာ
ဒုက္ခသည် ကို သွား ပြီး နှစ်သိမ့် သည်,ဒုက္ကသည် ကို သွား ပြီး နစ်သိယ် သည်
ခြေထောက် မ ရှိ တဲ့ စကား အဝေးကြီး သွား တယ်,ခြေတောက် မ ရှိ တဲ့ စကား အဆဝေးကြီး သွား တယ်
အဆင်ပြေ လား ခုတလော အရောင်းအဝယ် ဘယ်လို လဲ,အာဆင်ပြေ လား ခုတလော အာရောင်းအာဝယ် ဘယ်လို လဲ
အချို့ ကို မူ ပင်လယ် များ အတွင်း ၌ တွေ့ ရ လေ သည်,အချို့ ကို မူ ပင်လယ် များ အတွင်း ဥံ တွေ့ ရ လေ သည်
ကော်ဖီ ကို နောက်ထပ် ပေး ပါ,ကော်ဖိ ကို နောက်ထပ် ပေး ပါ
မတ် လ ၃ ရက်နေ့ ဖတ်စာ နှီးနှော ဖလှယ်ပွဲ,ယတ် လ ဥ ရက်နေ့ ယတ်စာ နှီးနှော ဖလှယ်ဥ
ဒီ ရေဒီယို က လက်ဆောင် ပါ သလား,ဒီ ရာဒီ ယှိ ဟာ လာက်ဆောင် ပါ သလား
မီး တစ် ညှိ လောက် ရ နိုင် မလား,မီး တ် ခဲ့ လောယ် ရ နိုင် မလား
ခင်ဗျား ဘာ ယူ မလဲ,ခင်များ ဘာ ဟူ မလဲ
ရုံး ဘက် ကြုံ ရင် ဝင် ခဲ့ ဦး,ရုံး ဘက် ကြု ရင် ဝင် ခဲ့ ဥဦး
ကျွန်တော် မန်မိုရီကတ် က နေ ရိုက် ပေး လို့ ရ မလား,ကျထန်းတော် မယ်မှိ်ရှီကာတ် ဟကာ နေ ရိာက် ပေး လို့ ရ မလား
ပြီး သွား ပြီ လား,ပြီးသွား ပြီ လား
လူ ရှေ့ မှာ အရှက် ရ စေ သည်,လူရ့ မှာ အ ရွက် ရ  သည်
ခင်ဗျား ဘာ အရောင် ကြိုက် လဲ,ခင်မကာ ဘာ အရောင် ကိက် လဲ
ဝမ် ၂၀၀၀ ပါ နောက် ကော တခြား ဟာ လိုအပ် ပါ သလား,ဝမ် ၂၀၀၀ ပါ နောက် ကော တခြား ဟာ လိုအပ် ပါ သလား
ဒါ စက် နဲ့ လျှော် လို့ ရ လား,ဒါ စက် နဲ့ လျှော် လို့ ရ လား
လူကြိုက်များ လား,လူကြိုက် များ လား
အဲဒါ ကို ကြေး နဲ့ လုပ် ထား ပါ တယ်,အံဒါ ကို ကြေး နဲ့ လုပ် ထား ပါ တယ်
ပညာသင် ကာလ ၁ ခု ကို ကျောင်း လခ ဘယ်လောက် လဲ,ပညျာသင် ကာလ ၁ ခု ကို ကျောင်း လခ ဘယ်လောက် လဲ
ယာဉ်ကြော ပိတ်ဆို့ မှု လုံးဝ ရပ် သွား ပြီ,ယာဩြေကော ပိတ်ဆိ့ ှူ လုံးေ ် သွား ပြ
တစ် နေ့ ကို ဘယ်နှ ကြိမ် သောက် သင့် သလဲ,တစ် နေ့ ကို ဘယ်နှ ကြိမ် သောက် သင့် သလဲ
ထိုင် ပါ ဘာ ပြဿနာ ရှိ ပါ သလဲ,ထိုင် ဪါ ဘာ ပြသဿာော ရှို ဒါ သလဲ
အကြွေစေ့ ကို အပေါက် ထဲ ထည့် ပြီး ခလုတ် ကို နှိပ် ပါ,အကြွေေ့ ကို အပေါက် ထဲ ထည့် ပြီး ခလုတ် ကို နှိပ် ပါ
စရန်ငွေ လို လား,စရန်ငွေ လို လား
ဖော်မေကာပြား,ဖော်မောပြား
သူ နေမကောင်း လို့ လား တော့ မ သိ ဘူး ခပ်ယိုင်ယိုင် ထိုင် နေ တယ်,သူ နေမာကောင်း လို့ လား တော့ မ သိီ ဘူး ပါ်ပိုင်ပိှုင် ထိုင် နေ တယ်
အစ်မ ဘာ လို ချင် ပါ သလဲ,အစ်မ ဘာ လို ချင် ပါ သလဲ
ခင်ဗျား ရဲ့ ကဒ် ကို ယူ သွား လို့ ရ မလား,ခင်ဗျား ရဲ့ ကဒ် ကို ယူ သွား လို့ ရ မလား
တစုံတယောက် က မင်း ကို လမ်းဆုံ မှာ စောင့် နေ တယ်,တ စုံတ ေယာက် က မင်းကို လမ်းဆုံ မှ စာင့်န တယ်
အားလုံးပေါင်း လား,ဆားလုံးပေါင်း လား
အားလပ်ချိန် မှာ ကျွန်မ အင်္ဂလိပ် ဘာသာ ကို သင်ကြား လေ့လာ တယ်,အားလင်ချိန် မှာ ကျွန်မ တင်လိပ် ဘာသာ ကို သင်ကြား လေ့လာ တယ်
ကျွန်တော် ထမင်းပေါင်းအိုး ကြည့် ချင် လို့,ကျွန်တော် ထမ်းပေါ်းကိုး ွည် ချင် လို့
မနေ့ ကတည်းက ဗိုက် က တရစ်ရစ် နာ လာ တာ ပဲ,မနေ့ ကတည်းက ဝိုက် က တရစ်ရစ် နာ လာ တာ ပဲ
အဲဒီ လို အတွေး မျိုး ဘယ် တုန်း က မှ မ ရှိ ခဲ့ ဘူး,အဲဒီ လို အတွေး မျိုး ဘယ် ကုန်း က မှ မ ရှိ ခဲ့ ဘူး
မင်း ရဲ့ အကြိုက်ဆုံး ရုပ်ရှင်မင်းသား က ဘယ် တစ် ယောက် လဲ,မင်း ရဲ့ အကြုက်ဆုံး ရုပ်ရှင်မင်းသား က ဘယ် တစ် ယောက် လဲ
အမေ က ကလေး ရဲ့ အပြုအမူ ကို ကြည့် ရင်း က နေ တုတ် ကိုင် လိုက် တယ်,အမေ က ကလေး ရဲ့ အပြုအမူ ကို ကြည့် ရင်း က နေ တုတ် ကိုင် လိုက် တယ်
သီလရှင်ဝတ် သည်,သီလရှင်ဝတ် သည်
ကိုရီးယား နေထိုင် မှု က မ ပင်ပန်း ဘူး လား,ကိုရီးယား နေထိုင် မှု က မ ပင်ပန်း ဘူး လား
မနေ့ က ကျောင်း မှာ ကိုရီးယား ဟင်းချက်နည်း ကို သင် ခဲ့ တယ်,မနေ့ က ကျောင်း မှာ ကိုရီးယား ဟင်းချက်နည်း ကို သင် ခဲ့ တယ်
တကယ်လို့ ငါ က နင် ဆို ရင် အဲဒီ လို လုပ် မှာ မ ဟုတ် ဘူး,တကယ်လို့ ငါ လာ နင် ဆို ရင် အဲဒအီ လို လုပ် မြှာ မ ဟုတ် ဘူး
ချင်းမိုင် ကို သွား မယ့် ရထား ဘယ် နေရာ မှာ ရပ် မလဲ ဆို တာ ပြောပြ ပါ,ချင်းမိုင် ကို သွား မယ့် ရေထား ဘယ် နေရော မှာ ရပ် မလဲ ဆို့ တာ ပြောပြ ပါ
စိတ်တိုင်းကျ မှာ ပါ,စိတ်တိုင်းကျ မှာ ပါ
ဝဲအီ က ဘာ လို့ မိန်းကလေး တွေ ကြား ထဲ မှာ စိတ်ဝင်စား မှု များ တာ လဲ,ထဲာ ကာ ဘာ လုို့ ဆိန်းကာအဆလား တေွ့ ကြီား ထဲ မှာ ဆိတတ်ဝင်စား မှူ မျွား တာ လဲ
အားနာ ပါ တယ် ကျွန်တော့် ပစ္စည်း တွေ အားလုံး ကို ကိုယ့်ဘာသာ မ သယ် နိုင် ဘူး,အားနဲာ ပါ တယ် ကျွန်တော့် ပရစွည်း တွေ့ အားလုံး ကို ကိုင်ာသာ မ သယ် နိုင် ဘူး
ခင်ဗျား ရှေ့ မှာ ရှိ တဲ့ သင်္ကေတ ကို ခင်ဗျား ဖတ် ပါ လား,ခင်ဗျား ရှေ့ မှာ ရှိ တဲ့ သင်ကေတ ကို ခင်ဗျား ဖတ် ပါ လား
ဒီ ဟာ က ဂရေး ရဲ့ အိမ် လား,ဒီ ဟာ ကေးရဲ အိမ် လား
ကျွန်တော် မ တတ် နိုင် ဘူး,ကျွန်တော် မ တတ် နိုင် ဘူး
ဇော်ဝင်းထွဋ် ရဲ့ အင်ပါရာ အဖွဲ့ လည်း လာ မယ် ကြား တယ်,စော်ဝင်းထွဋ် ရဲ့ အင်ပါရာ အဖွဲ့ လည်း လာ မယ် ကြား တယ်
ခေါက်ဆွဲ မှာ ပါရစေ,ခေါက်ဆွဲ မှာ ပါရေ
နေဝင်း သည် ဂဏန်း ဗေဒင် ပေါ် တွင် မှီခို သည်,နေဝင်း သည် ကဏန်း လေအင် ပေါ် တွင် မှီခို သည်
ဂိတ်စ် သည် ၁၉၇၃ တွင် မှ ကျောင်းပြီး ခဲ့ သည်,ဂိတ်စ် သည် ၁၉ရ၃ တွင် မှ ကျောင်းပြီး ခဲ့ သည်
နင် တောင် ငါ ကို မ ကြိုက် ဘူး ဆို တော့,နင် တောင် ငါ ကို မ ကြိုက် ဘူး ဆို တော့
စာရွက်စာတမ်း တွေ လို ချင် သလား,စာရွက်ဆာတမ်း တေ့ လို ချင်း သလား
ဘယ် အချိန် လဲ,ဘယ် နချိုန် ပဲ
အဲဒါ ပြဿနာ ပဲ,အဲဒါ ပြသနာ ပ
ကောင်း ပြီ ကျွန်မ ကို ရေပူ လည်း ယူလာ ပေး ပါ အုံး,ကောင်း ပြ ကျူွန်ခေ ကိ စေဟူ လေည်း လဒလာ ေး ပါ အို့း
ကျွန်တော့် မှာ လည်း အကြမ်းဖျင်း အစီအစဉ် တစ် ခု ရှိ ခဲ့ သည်,ကျွန်တော့ မှာ လည်း အကြစ်စပျင်း အစီအစဉ် တစ် ခု ရှ ခဲ့ သည်
အဖေ ဆုံး တာ သတိမထားမိ လိုက် ခင် မှာ ပဲ ဆယ် နှစ် တောင် ရှိ ခဲ့ ပြီ,အယေ ဆုံး တာ သတိမထားမိ လိုက် ခင် မှာ ပဲ ဆယ် နှစ် တောင် ရှိ့ ခဲ့ ပြီ
ခေါင်းအုံး တစ် လုံး ရ နိုင် မလား,ခေါင်းအုံး တစ် လုံး ရ နိင် မလား
ခင်ဗျား တို့ မိသားစု ဘယ်နှ ယောက် ရှိ သလဲ,ခင်ဗျား တိ့ မိသားစု ဘယ်နှ ယယောက် ရှိ သလဲ
ကျွန်တော် အစား လျှော့ နေ တယ်,ကျွန်တတော် ဘစား လျှော့ နေ တယ်
မင်း လည်း ဘာ လက်ဆောင် ပေး မှာ လဲ,မင်း လည်း ဘာ လက်စေင် ပေး မှာ လဲ
မနက်ဖြန် က စ ပြီး ၂ လ အတောအတွင်း အတန်း မ ရှိ ပါ ဘူး,မနက်ဖြန် က စ ပြီး ၂ လ အတောအတွင်း အတန်း မ ရှိ ပါ ဘူး
ပထမ ထပ် မှာ ဧည့်ကြို ကောင်တာ ဘေး မှာ ငွေ လဲ တဲ့ ကောင်တာ ရှိ ပါ တယ်,ပထမ ထပ် မှာ စည့်ကြို ကောင်တာ ဘေး မှာ ငေ့ လဲ တဲ့ ကောင်တာ ရှိ ပါ တယ်
စိတ်မကောင်း ပါ ဘူး,စိတ်မကောင်း ပါ ဘူး
မှို ဟင်းချို ကြိုက် လား,မှို ဟင်းချို ကြိုက် လား
များ တယ်,များ တယ်
ခင်ဗျား ရဲ့ ငွေ တွေ ကို ထိုင်း ဘဏ် မှာ နဲ့ လဲ ဖို့ လို တယ်,ခင်ဗျား ရဲ့ ခေ တွေ ကို ထိုင်း ဘက် မှာ နဲ့ လဲ ဖို့ လို တယ်
အစ်ကို,အစ်ကို
သူ တို့ ဘယ် တော့ ရောက် မ လဲ အခု ထိ မ သိ ဘူး,သူ တို့ ဘာယ် တော့ စောက် မ လဲ အခု ထိ မ သိ ဘူး
ရုပ်ရှင် က ကြေကွဲ တာ နဲ့ အဆုံးသတ် ရင် မ ကြည့် ဘူး,ရုပ်ရှင် က ကြေကွဲ တာ ခဲ့ အဆုံးသက် ရှင် မ ကြည့် ဘူး
ကောင်း ပါ တယ် သွား စို့,ကောင်း ပါ တယ် သွား ရို့
ဘူတာ မှ ရထား ထွက် လာ ပြီ,ဘူတာ မှ ရထား ထွက် လာ ပြီ
ဒီ နေ့ ညနေ နည်းနည်း နွေး လိမ့် မယ်,ဒီ နေ့ ညနေ နည်းနည်း နွေး လိမ့် မယ်
လေအေးပေးစက် ပိတ် ပေး လို့ ရ မလား,လေအေးပေးစက် ပဲတ် ပေး လို့ ရ မလား
ဦးလေး ဒီ ရှေ့ မှာ လာ ထိုင် ပါ ခင်ဗျာ,ဦးလေး ဒီ ရှေ့ မှာ လာ ထိုင် ပါ ခင်ဗျာ
ဒီ မြို့ မှာ မြေအောက် ရထား ရှိ ပါ သလား,ဒီ မြို့ မှာ မြေအောက် ရထား ရှိ ပါ သလား
ဒီ လောက် လဲ မ ဟုတ် ပါ ဘူး,ဒီ လာက် လဲ မ ဟုတ် ပါ ဘူး
ဘယ်လောက် ကြာကြာ စောင့် ရ မလဲ,ဘယ်လောက် ကြာကြာ စောင့် ရ မလဲ
သူ စောင့် နေ တဲ့ ကောင်မလေး က သူ့ ရဲ့ ညီမလေး ပါ,သူ စောင့် နေ တဲ့ ကောင်မလေး က သူ့ ရဲ့ ညီမလေး ပါ
နံနက် ၉ နာရီ လောက် ပေါ့ သင်္ဘော မ ထွက် မီ ၁ နာရီ ပေါ့,နံခနက် ၅ နာရီ လောက် ပေါ့ သင်ဘော မ ထွက် မီ ၁ နာရီ ပေါ့
ဘယ်သူ့ ဟာ လဲ မ သိ ဘူး,ဘယ်သူ့ ဟာ လဲ မ သိ ဘူး
တစ် ခု လောက် လုပ် ပေး ပါ လား,တစ် ခု တောက် လူပ် ပေး ပါ ယား
ဘယ် မှာ လဲ,ဘယ် မှာ လဲ
ဘာ ဆေး သောက် နေ ပါ သလဲ,ဘားာက်ေ ပါ သ လဲ
ရှန်ပူ အခြောက် လို ချင် ပါ တယ်,ရှန်ပူ အခြောက် လို ချင် ပါ တယ်
မူလီ ကြပ် ပါ,မူလီ ကြပ် ပါ
သွက်သွက်လက်လက် သွားလာ လှုပ်ရှား ပါ,သွက်သူွက်ကလက်ကလက် သစွားကာ လူုပ်ရျား ပါ
သူ ဟာ လေ စကား ကို အေးတိအေးစက် ပြော လို့ သိပ် ကြည့် မ ရ ဘူး,သူ ဟာ လေစကား ကို အေးတိအေးစက် ပြော လို့ သိပ် ကြည့ မ ရ ဘူး
မနေ့ က စာ လုပ် တာ ညလုံးပေါက် သွား ခဲ့ တယ်,မနေ့ က စာ လုပ် တာ ညလုံးပေါက် သွား ခဲ့ တယ်
နိုင်ငံကူးလက်မှတ် ပျောက် သွား ပြီ,နိုင်ငံကာူးငက်မှတ် ပျောက် သွား ပြီ
မကောင်းမှု လုပ် ရင် ပြစ်ဒဏ် ခံ ရ တာ သဘာဝ ပဲ,မကောင်းမှု လုပဲ တွင် ပြစ်ဒဏ် ခံ ရ တာ သဘာဝ ပဲ
သူ က အတွဲ ၅ မှာ ပါ,သူ က အတွဲ ၅ မှာ ပါ
လွန် ခဲ့ တဲ့ ၂ ရက် က မေ လ ၁၆ ရက်နေ့ ဖြစ် သည်,လွန် ခဲ့ တဲ့ ၂ ရက် က မေ လ၁၆ ရက်နေ့ ဖြစ် သည်
ကျွန်တော် တီရှပ် တစ် ထည် လို ချင် ပါ တယ်,ကျွန်တော် တီရှပ် တစ် ထည် လို ချင် ပါ တယ်
မကြာသေးခင် က မှ လဲ ထား တဲ့ သုံး လို့ ရ မလား,မကြာသေးခင် က ပှ လဲ ထား တဲ့ သုံး လို့ ရ မလား
ယေဘူယျအားဖြင့် တော့ သူ တို့ ဟာ ငွေ အမြောက်အများ ရ နေ ကြ တယ်,ပေဘူယူအားဖြင့ တော့ သူ တို့ ဟာ ငွေ အမြောက်အများ ရ နေ ကြ တယ်
အစည်းအဝေး လုပ် နေ တဲ့ အတောအတွင်း အားလုံး စိတ်လှုပ်ရှား နေ ခဲ့ တယ်,အစည်းအာဝေး လုပ် နေ တဲ့ အတောတွင်း အားလုံး စိတ်လူုပါ်ရှား နေ ခဲ့ တယ်
စရံ ငွေ လို လား,စငု့ တွေ လို လား
ကျွန်တော် ဒါ ကို စစ် ကြည့် ရ အုန်း မယ်,ကျွန်ကော် ဒါ ကို စစ် ကြည့် ရ အုန်း မယ်
သူ ဘယ်သူ ပဲ ဖြစ် ဖြစ် ပေါ့ အမေ တို့ က အနေသာ ချည်း ပါ ကွယ်,သူ ဘယ်သူ ပဲ ဖြစ် ဖြစ် ပေါ့ အာပေ တို့ က အာနေသာ ချည်း ပါ ကွယ်
ကျွန်တော် အမှန်တကယ် ပဲ ဗိုက်ပြည့် နေ ပြီ,ကျွန်တော် အမှန်တကယ် ပဲ ဝိုက်ပြည် နေ ပြီ
ဒါ ဆို ခဏနေ ၃ နာရီ ၄ နာရီ လောက် ဖုန်းဆက် လိုက် မယ်,ဒါ ဆို ခဏာနေ ၃ နာရီ ၄ နာရီ လောက် ပုန်းဆက် လိုက် မယ်
ဒီ က နေ လမ်းလျှောက်သွား လို့ ရ လား,ဒီကန လမ်းလျှာက်သွား လို့ ရ လား
ခင်ဗျား ဘာ ကို ဆိုလို တာ လဲ,င် ဗျားဘာ ကို ဆိုလို တာ လဲ
တိမ် ထူထပ် သည်,တိမ် ထူထပ် သည်
မိန်းကလေး တွေ အတွက် တော့ နားထွင်းမင်္ဂလာပွဲ ကျင်းပ လေ့ ရှိ တယ်,မိန်းကလေး တွေ အတွက် တော့ နားထွင်းမင်္ဂလာပွဲ ကျင်းပ လေ့ ရှိ တယ်
ရန်ကုန် မြို့ မှာ တစ်ခါတလေ မှောင်ခို ကား တွေ့ နိုင် ပါ တယ်,ရန်ကုန် မြဲ့ မှာ တစ်ခါတလေ ပောင်ခို ကား တွေ့ နိုင် ပါ တယ်
နား တစ် ဖက် က နားထောင် ပြီး တစ် ဖက် က ပြန် ထုတ်ပစ် တယ်,နား တစ် ဇက် က ခနားထောင် ပြီး တစ် ဖက် က ပြန် ထုတ်ပစ် တယ်
ဟုတ်ကဲ့ မ ပြီး သေး ဘူး,ဟုတ်ကဲ့ မ ပြီး ေးဘူး
အစ္စရေး,ကွ်င်
နံနက်ခင်း ရှုမြင်ကွင်း ကို စိတ်ကူး ပုံဖော် ရေးဆွဲ သည်,နံနုက်ခင်း ရှုမြင်ကျွင်း ကို စိတ်ကူး ပုံဖော် ရေးဆွဲ သည်
မီးဖို ထဲ မှာ အလုပ် တွေ မ ပြီး သေး လို့ ဆက် လုပ် လိုက် ဦး မယ်,စီးစို ထဲ မှာ အာလှပ် တွေ့ ယ ပြီး သေး လို့ ဆက် လုပ် လိုက် ညး မယ်
ခင်ဗျား မှာ ဓာတ်ပုံ စာအုပ် ရှိ သလား,ခင်ဗျား မှာ ဓာတ်ငုံ့ စာအပ် ရှိ သယား
သူ အလုပ်လုပ် ရင်း အမြဲ တွန့်ဆုတ်ဆုတ် လုပ် နေ တတ် တယ်,သူ အာလုပ်လုပ် ရင်း အာဖြဲ တွန့်ဝုတ်ဆုတ် လပ် နေ တတ် တယ်
ဟုတ်ကဲ့,ဟုတ်ကဲ့
ကလေး သာ ဆို တယ် လူကြီးဆန် လိုက် တာ,ကအလး သာ ဆို တယ် လူကြီးဆန် လိုက် တာ
ရှောင် လို့ ရ မယ့် အကြောင်းပြချက် ကို ရှာ တယ်,ရှောင် လို့ ရ မယ့် အကြောင်းပြချက် ကို ရှာ တယ်
ကြက်ဥ မွှေကြော် က အေး သွား ပြီ,ကြက်ဥ မွှေကြော် က အေး သွား ပြီ
ရေဒီယို မ ဖွင့် ပါ နဲ့,ရေဒီယို မ ဗွင့် ပါ နဲ့
ရေခဲသေတ္တာ,ဝရဒဲဒသတ္တာ
အာမခံ ကုမ္ပဏီ က အာမခံ စည်းမျဉ်း အရ လျော်ကြေး ပေး ပါ တယ်,အာမခအံ ကမ္တာီ ကာ အာမခသံ အည်ဟင်း ဘရ လော်ပြား ပေး ပါ တယ်
ကာကွယ် ရေး ဝန်ကြီးဌာန တွင် လက်ရှိ ဝန်ကြီး မှာ တီယိုချီဟန်း ဖြစ် သည်,ကာကွယ် ရေး ဝန်ကြီးဌာန တွင် လက်ရှိ ဝန်ကြီး မှာ တီယိုချီဟန်း ဖြစ် သည်
ဟုတ် ပါ တယ် ကျွန်တော် လည်း အဲဒီ လို ပဲ တွေး မိ တယ်,ဟုတ် ပါ တယ် ကျွန်တော် လည်း အဲဒီ လို ပဲ တွေး မိ တယ်
အခွန် ကင်းလွတ် ခွင့် နဲ့ ဒါ ကို ရ နိုင် ပါ သလား,အခွန် ကင်းလညွတ် ခင့် နဲ့ ဒါ ကို ရ နိုင် ပါ သလား
ကျွန်တော် တို့ ကစား ဖို့ ခင်ဗျား မှာ ဖဲ ထုပ် ရှိ ရင် ရ နိုင် မလား,ကေှန် စော် တို့ ကာကား ရိ့ ခင်ဂျနျား လှာ လဲ ထူစ် ရှိ ရစင် ဇျူ နိုင် လား
သူ တို့ နည်းနည်း ဈေးများ တယ်,သူ တို့ နည်းနုည်း ချွေးပျေား တယ်
သင် သည် အဘယ် သို့ ထင် သနည်း,သင် သည် အဘယ် ထို့ ထင် သနည်း
စက်ရုပ် ဘောလုံးပွဲ သွား ကြည့် တယ်,စက်ရုပ် ဘောလုံပဲ့ သွား ကြည့် တယ်
ဟယ်လို ဆာကူယာ စားသောက်ဆိုင် လား,ဟယ်လို ဆာကူယာ ဆားသောက်ဆိုင် လား
ကျွန်တော် သွား မယ့် နေရာ မှာ ကား ပြန်အပ် လို့ ရ နိုင် မလား,ကျွန်ကော် သွား မယ့် နေရာ မှာ ကား ပြန်အပ် လို့ ရု နိုင် မလား
ညီမလေး မှတ်စု စာအုပ် ဈေးသက်သာ သည်,ညီ မ လေး မှတ် စု စာ အူပ ဈျးသက်သာ သည်
ဒါ ကို ယူ လိုက် မယ်,ဒါ ကို ယူ လိုက် မယ်
မင်း ရဲ့ မွေးနေ့ က ဘယ် လ ဘယ် ရက် လဲ,မင်း ရဲ့ မွေးနေ့ က ဘယ် လ ဘယ် ရက် လဲ
ဘယ်လောက် ကြာကြာ ကိစ္စ မ ရှိ ပါ ဘူး,ဘယ်လောက် ကြာကြာ ကိစ္စ မ ရှိ ပါ ဘူး
ဝါခေါင် လ သည် ဝါလယ် လ ပင် ဖြစ် သည်,တဒေါင် လာ သည် ါလေယ် လ ေင် ပြစ် သည်
မင်း ဘယ် အချိန် အား လဲ,ခင်း တယ် အချိန်ု ဆး လဲ
ချီးမွမ်း တာ ကျေးဇူးတင် ပါ တယ်,ချီးမွှမ်း တာ ကျေးဇေးတင် ပါ တယ်
ဘာ ဖြစ် လို့ မယူ ရ တာ လဲ,ဘာ ဖြစ် လို့ မယူ ရ တာ လဲ
မ ဟုတ် ပါ ဘူး ဈေးမကြီး ပါ ဘူး,မ ဟုတ် ပါ ဘူး စျေးမကြီး ပါ ဘူး
အား တယ် လေ သိ တယ် မလား,အား တယ် လေ သိ တယ် မလား
ကျွန်တော့် အစီရင်ခံစာ လိုအပ် တယ်,ကျွန် တာ့် အစီ ရင် ခံစာ လိုအပ် တယ်
ခင်ဗျား နောက်ထပ် တက္ကစီ တစ် စီး ငှား ရ မယ်,ခင်ဗျား နောက်ထပ် တက္ကစီ တစ် စီး ရား ရ မယ်
အဆင်ပြေ တယ်,အဆင်ပြေ တယ်
နေ ပါ အုန်း ဘာ အလုပ် တွေ လုပ် နေ တာ လဲ,နေ ပါ အုန်း ဘာ အာလုပ် တေ လှပ် နေ တာ လဲ
လူ ကို အပြင် ပုံပန်း နဲ့ ကြည့် ပြီး ဝေဖန် လို့ မ ရ ဘူး,လူ ကို အပြင် ပုံ့ပန်း နဲ့ ကြည့် ပြီး ဝေပန် လို့ မ ရေ ဘူး
သူ ထွက်သွား ပြီ ဆို တဲ့ စကား ကို တွေး ပြီး နှမြောဝမ်းနည်း မိ တယ်,အု ထွက်သွား ပီ အဆို တဲ အသလား ကို တွေး ပီး နမေားစေးန်း ိ တယ်
ဘာ စာအုပ် ဝယ် တာ လဲ,ဘာ စာအုပ် ဝယ် တာ လဲ
နေ့တိုင်း ၇ နာရီ အိပ် ပါ တယ်,နေ့တိုင်း ၇ု နာရီ အိပ် ပါ တယ်
သူ က ဘတ်စ်ကတ်ဘောသမား ဆို ပြီး အရပ် က ပု တယ်,သူ ကာ ဘတ်ကာတ်ဆဘောသမား ဆို ပြီ အာရပ် တာ ပု တယ်
အနှေး ပြေး ချင် လို့ လား,အနှေး ပြေး ချင် လို့ လား
ကျေးဇူးပြုပြီး ထိုင် ပါ,ကျေေးဌေးပြု့ပြံး ထိုင် ပေါ
တစ် ဖက် လူ ရဲ့ စကား ကို နည်းနည်း လောက် နားထောင် ကြည့် ပါ အုန်း,တစ် ထက် လူ ရဲ့ ကား ကို နည်းနည်း လောက် နားထောင် ကြည် ပါ အျန်း
လက်မှတ် ရောင်း ရာ ဌာန,လက်ပြှတ် ရောင်း ရာ ာန
ရင်သပ်ရှုမော ဖွယ် ရာ ပဲ,ရင်သပ်ရှော ဖွယ် ရာ ပဲ
ခွဲခွာ မှု က အမြဲတမ်း နာကျင် ရ ပါ တယ်,ခွဲခွာ မှု ကာ အမြဲတမ်း နာကျင် ရ ပါ တယ်
ဟုတ် ပါ တယ် အားလုံး အပါအဝင် ပါ,ဟုတ် ပါ တယ် အားလုံး အပါအဝင်း ပါ
အခြား သက်သက်လွတ် ဟင်းပွဲ တွေ ရှိ လား,အခြား သက်သက်လွတ် လာင်းပွဲ တွေ ရှိ လား
အလုပ် အဆင်ပြေ ရင် တစ် ဝိုင်း ကျွေး ပါ မယ်,အလုပ် အဆင်ပြေ ရင် တစ် ဝိုင်း ကျွေး ပါ မယ်
ဒီ မှာ အခန်း ဝန်ဆောင်မှု ပေး ပါ တယ်,ဒီ မှာ အခန်းဝန်အဆာင် မှု ပး ပါ တယ်
စား မ ကောင်း ဘူး,စား မ ကောင်း ဘူး
ဆေး ကို အခု ထိ မ သောက် သေး ဘူး လား,ဆေး ကို အခု ထိ မ သောက် သေး ဘူး လား
မြန်မာ နိုင်ငံ ရှိ ဇီးကွက် သည် ၈ လက်မ ခန့် ရှိ သည်,မြန်မာ နိုင်ငံ ရှိ ဖီးကွက် သည် စာ လက်မ ခန့့် ရှိ သည်
၅ နာရီ ၃၀ မှာ လာ ယူ ပါ,ရှ နုာရီ ဥဝ ယြာ လာ ယူ ပါ
တကယ်လို့ ရောဂါ မ သက်သာ ရင် ဘယ်လို လုပ် မ လဲ,တာယ်လို့ တရောဂါ မာ သက်သာ ရင် ဘယ်လို လပုပ် မ လဲ
ဘယ် ဝတ္ထု အကြောင်း ပြော ကြ မလဲ,ဘယ် ဝတတ္ထု အာကြောင်း ပြော ကြ လဲ
တရုတ် ပြည် က စေတီတော် ပုံစံ အမျိုးမျိုး ရှိ ပါ တယ်,တရုတ် ပြည် က စေတီတော် ပုံစံ အမျိုးပျိုး ရှိ ပါ တယ်
ဘဏ် သွား တော့ တံခါး ပိတ် တော့ မယ့် ဆဲဆဲ တည်းတည်း လေး ပဲ,ဘဏ် သွား တော့ တံခါး ပိတ် တော့ မယ့် ဆဲဆဲ တည်းတည်း လေး ပဲ
အချစ် ဇာတ်လမ်း တွေ ကို ပို ကြိုက် တယ်,အချစ် ဆတ်လမ်း တွေ့ ကို ပု ကြုက် တယ်
ဘယ် ရုပ်ရှင်ရုံ မှာ လဲ,ဘယ် ရှင်ရှင်ငရုံ မှာ လဲ
အရင် တုန်း က ဆရာဝန် တွေ ခင်ဗျား ကို ဘာ ဆေး ပေး ဖူး သလဲ,အရင် တုန်း ကာ ဆရာတန် တေ ခင်ဗျး ကို ဘာ ဆေး ပေး ဖူား သလပဲ
ဒီ နေ့ ခင်ဗျား ဘယ် အချိန် အိပ်ရာထ လဲ,ဒီ နေ့ ခင်ဗျား ဘယ် အချိန် အိပ်ရာထ လဲ
အိမ်သာ သုံး စက္ကူ နည်းနည်း လို ချင် တယ်,အိမ်သာ သုံး စင္ဋူ နည်းနည်း လို ချင် တယ်
ခဏ စောင့် ပါ လေယာဉ် အချိန်ဇယား ကို စစ် ကြည့် လိုက် ပါ ဦး မယ်,ဒဏ မောင့် ပါ ယလယာ့ မနိုန်ယား ကဲ အည် တင့် လိုင ပါ ဦး မယ်
ယန်း ကို ဘတ်ငွေ လဲ ချင် လို့ ပါ,ယန်းကို ဘတ် ငွ လဲ ချင် လို့ ပါ
ဟင့်အင်း မ ရောင်း ပါ ဘူး,ဟင့်အင်း မ ရောင်း ပါ ဘူး
ခင်ဗျား ဆရာဝန် စကား နားထောင် နော်,ခင်ပဗျား ဆရာဝန် စကား နားထောင် နော်
လက်မှတ် ဘယ် တော့ ရ မလဲ,လက် မှတ် ဘယ် တသူ ရ မ လဲ
လုပ် ပြီး သွား ပြီ လား,လူစ်ဒ် ပြီး သွား ပြီ လား
စာဖတ်ခန်း ထဲ မှာ အောင်း နေ ခဲ့ တယ်,စာ ပတ်ခန်းထဲ မာ ာင်းေန ဲ့တယ်
ခင်ဗျား သိပ် ကံကောင်း တာ ပဲ,ခင်ျား သိပ် ကံကောင်း တာ ပဲ
အဲဒီ လူ ကို ကျွန်တော် တို့ အတန်းခေါင်းဆောင် အဖြစ် ရွေး ခဲ့ တယ်,အဲဒီ လူ ကို ကျွန်တော် တို့ အတန်းခေါင်းဆောင် အဖြစ် ရွေး ခဲ့ တယ်
အခွန် ဆောင် ရ မယ့် ပစ္စည်း တွေ ပါ လား,အခွန် ဆေင် ရ မယ့် ပစ္စည်း တွေ ပါ လား
ပြတင်းပေါက် ဘေး က စားပွဲ ရ နိုင် မလား,ပြတင်းပေါက် ဘေး က စားပွဲ ရ နိုင် မလား
စာရင်း ဖော်ပြ ဖို့ ရှိ ပါ သလား,စာရင်း ဖော်ပြ ပို့ ရှိ ပါ သယား
ဒီ မှာ ကျွန်တော့် လက်မှတ် ပါ,ဒီ မှာ ကူန် တေ်ြ လောကိ်လ္ှက် ပဒါ
ကိုကို သူ က ကျွန်တော့် သူငယ်ချင်း မစ္စတာ ဂန် ပါ,ကိုကို သူ ကာ ကျွန်တော့ သူငယ်ချင်း မစ္စတာ ဂန် ပါ
အစ်မ နည်းနည်း လောက် မေး ပါရစေ,အစ်မ နည်းနည်း လောက် မေး ပါရစေ
အဓိက ဟင်းလျာ ထဲ မှာ အသီးအနှံ မ ပါ ဘူး သပ်သပ် မှာ ချင် ပါ သလား,အဓိက ဟင်းလျာ ထဲ မှာ ဘသီးအနဲ မ ပါ ဘူး သပ်သပ် မှာ ချင် ပါ သလား
အသက် ၇၀ ဆို တာ မ အို သေး ပါ ဘူး,အသက် ရ၁ ဆို တာ မ တို သေး ပါ ဘူး
ဒီ နေ့ ဘာ နေ့ လဲ,ဒီ နေ့ ဘာ နေ့ လဲ
သူ က တော့ ဘတ်စ်ကား ထက် မြေအောက် ရထား ကို ပို ကြိုက် တယ်,သူ က တော့ ဘတ်စ်ကား ထက် မြေအောက် ရထား ကို ပို ကြိုတ် တယ်
ခြောက် နာရီ မှာ မနက်စာ စား နိုင် ပါ တယ်,ခြောက် နှာရီ မှာ မနက်စာ စား နိုင် ပါ တယ်
အဖေ အမြတ်တနိုး ထား တဲ့ ပန်းကန် ကို ခွဲပစ် တယ် ဆို တော့ ....,အပေး အာမြတတ်ဘပနီး ထား တဲ့ ပန်းကာကန် ကို ခွဲပစ် တယ် ဆို တော့ .
လေ နည်းနည်း တိုက် လို့ အေးတေးတေး နေ တယ်,နည်းနည်းတိုက် လို့  းတးေတးန တယ်
ခင်ဗျား ကျွန်တော့် ကို ကူညီ ပါ တယ် ကျွန်တော် လည်း ကူညီ ချင် ပါ တယ်,ခင်ျား ကျွန်တော့ ကို ကူညီ ပါ တယ် ကျန်တော် လည်း ကူညီ ချင် ပါ တယ်
အကြံဉာဏ် ကောင်း ပဲ,အကြညဉာက် ကောင်း ပဲ
ကျွန်တော် တို့ ဘတ်စ်ကား လေဆိပ် အပြင် မှာ ပါ ကျွန်တော့် နောက် က လိုက် ခဲ့ ပါ,ကျွန်တော် တို့ ဘတ်စ်ကား လေဆိပ် အပြင် မှာ ပါ ကျွန်တော့် နောက် က လိုက် ခဲ့ ပါ
ကျွန်မ အမေရိက ချီကာကို ကို နယ်ဝေး ခေါ် ချင် လို့ ပါ,ကေန် စေ အေမ်ရိကတာ နျိှိကာကြို့ ကိ် နယ်ေး ခေါ ျှင် ကြို့ ပေါ
ကြည့် ပါရစေ,ကြည့ ပါ ရာ
အမည် နာမ ၏ စာပေ အဓိပ္ပါယ် မှာ မြန်မာ လို နေ ၏ နန်း မြို့ ဖြစ် သည်,အမယည် နဲာမ တ် အတာပေပ အစိဖွယ် မှာ ဖန်ဟာ လိုး နေ ၏ ခန်း ဖို့ ြ် သည်
ဈေးပေါ တဲ့ ဟိုတယ် ကို အကြံပြု ပေး နိုင် မလား,စျွေးပေါ တဲ့ ဟိုတယ် ကို အကြပြု ပေး နိုင် မလား
မြင်း နှင့် မြင်းကျား တို့ တွင် အမြီး ဖျား ၌ သာ အမွေး ရှည် များ ရှိ သည်,မြင်း နှင့် မြင်းကျား တို့ တွင် အမြီး ပျား ၌ သာ အမွေး ရှည် များ ရှိ သည်
ဓား နဲ့ ခက်ရင်း ကျေးဇူးပြု၍ ပေး ပါ,မားနဲ့ ခက် ရေင်း ူေးတူးပြု၍ ပး ပါ
အချို့ မွန် ကျောက်စာ တို့ ၌ မကုဋ မင်း ဟု လည်း ခေါ် သည်,အ္ိူ့ ပွနည် စကျ္ာက်ကတော တို့ ဒွီ နေကျူွ နေင်း တျ လေည်ည်း ခေါ် သည်
ကျွန်တော် တို့ ရဲ့ ဖြတ်ပိုင်း နဲ့ လက်မှတ် ကို ပေး ပါ,ဂျွန်တော် တို့ ရဲ့ ဖြတ်ပိုင်း နဲ့ လက်မြှတ် ကို ပေး ပါ
ယူနန် ပြည်နယ် ဟာ တရုတ် နိုင်ငံ မှာ လူမျိုးစု အများဆုံး နေထိုင် တဲ့ ပြည်နယ် ဖြစ် ပါ တယ်,ယူန် ပြည်နယ် ဟာ တာ့တ် နိုင်ငဲ မှာ လူမျိုးနှ အများဆုံး နေထိုင် တဲ့ ပြညနှယ် ပြစ် ပါ တယ်
သက္ကရာဇ် ၁၂၀ဝ ခန့် က တည်ရှိ နေ သော ပအိုဝ်း ရွာ ဒုံတောင်ကျည်း ရွာ ရှိ သည်,သက္ကရောဇ်: သ၂၀၀ ဆန့် ကာ တာည်ရှိ နေ သော ပအိုင်း ရွာ လုံတောင်ကျည်း ရွာ ရှိ သည်
တဆိတ်လောက် ခင်ဗျား ခေါ် တဲ့ နံပါတ် မှား နေ ပါ တယ်,တိတ်လောက် ခင်များ ခေါ်တဲ့ နါပါတ် မှား နေ့ ပါ တပ်
နှစ် ပတ် ကြာ ပါ,နှစ် ပတ် ကြာ ပါ
အတူတူ သွား ကြ စို့,အတူတူ သွား ကြ ို့
ဒီ မှာ စောင့် ပါ,ဒီ မာစာင ပါ
မျက်မှန် ပြင် ပေး နိုင် ပါ သလား,ချက်မြန် ပြင် ပေး နိုင် ပါ သလား
ခဏ ကိုင် ထား ပါ,ခဏော ကိုင် ထား ပါ
မ ကျက် သေး ဘူး,မ ကျက် သေး ဘူး
ထမင်း နဲ့ ဟင်း စား တာ,ထမင်း နဲ့ ဟင်းစား တာ
တနေ့တခြား စက်ဆုပ် ဖွယ် ရာ ဖြစ်ရပ် များ တိုးပွား လာ လေ သည်,တနေတဖြား အက်အလုပ် ဖွယ် ရာ မြစ်ရုပ် မား တို့ဖွား လား ဆလေ သည်း
အဲ့ဒီ ပြဿနာ ကို သေချာ စဉ်းစား ကြည့် ပါ,အဲ့ဒီ ပြဿနာ ကို သေချာ စဉ်းစား ကြည့် ပါ
တောင်ကြီး မြို့ သည် ရှမ်း ပြည်နယ် ၏ ရုံးစိုက် ရာ မြို့ ဖြစ် သည်,ကောင်ကြီး မြို့ သည် ရှမ်း ပြည်နယ် ၏ ရုံးစိုက် ရာ မြို့ ဖြစ် သည်
မ လို ပါ ဘူး ခင်ဗျာ,မ လို ပါ ဘူး ခင်ဗျာ
သူ က အလုပ် အသွားအပြန် ၁၀ မိုင် နေ့ တိုင်း မောင်း ရ တယ်,သူ က အလူပ်ီ သွားအပြ်  ပိုင် နေ့ တိင်း ေင်း ေ တယ်
ကျေးဇူတင် ပါ တယ် ငြိမ်းငြိမ်းချမ်းချမ်း နေရစ် ပါ,ကျေးတူတင်း ပါ တယ် ငြိမ်း ငြိမ်းချမ်းချမ်း နေ့ရစ် ပါ
ရာသီဥတု က ပို ပို ပူ လာ တယ်,ရာသဥတု က ပို ဖို ပူ လာ တယ်
အိမ်စာ မ ပြီး လို့ အိပ်မပျော် ဘူး,အိမ်စာ ဖ ပြိီး လေိ့ သိ်မ်ိခေျေ် ဘူး
ကျွန်တော် သူ့ ကို သွား ရှာ ဖို့ ဆုံးဖြတ် ပြီး ပြီ,ကျွန်တော် သူ့ ကို သွား ရှာ ဖို့ ဆုံးဖြတ် ပြီး ပြီ
ကျွန်တော် နှုတ်ဖြေ စာမေးပွဲ နီး လာ ရော နှုတ်ခမ်း တွေ ခြောက် နေ တယ်,ကျွန်ကော် နွတ်ြေ စာမေးပွဲ နီး လာ ရော နှုတ်ခမ်း တွေ ခြောက် နေ ကယ်
ကျွန်တော် နောက် မှ ပြန်ခေါ် လိုက် မယ်,ကျွန်တော် နောက် မှ ပြန်ခေါ် လိုက် မယ်
ကျွန်တော့် သူဌေး အတွက် အခွန် လွတ် ဆိုင် က နေ ဆေးပြင်းလိပ် တချို့ ဝယ် လာ ခဲ့ တယ်,ကျွန်တော့ သူဌေး အတွက် အခြန် လွတ် ဆိုင် က နေ ဆေးပြင်းလ် တချ့ ဝယ် လာ ခဲ့ တယ်
လုပ်ငန်း အစ မှာ ခင်ဗျား ကို တစ် နာရီ ၅၀ ကျပ် နှုန်း နဲ့ ပေး မယ်,လှပ်ထန်း အစ မှာ ခင်ထွား ကို တစ် နာရှီ ၅၀ ကျပ် ညှန်း နဲ့ ပေး မယ်
သူ တို့ ကို ထပ် ပြီး ပေးမစမ်း ပါ နဲ့ တော့,သူ တို့ ကို ထပ် ပြီး ပေးမခမ်း ပါ နဲ့ တော့
သွား မယ့် နေရာ ကွာလာလမ်ပူ မှန် ပါ သလား,သွားမယ့် န ရာ ကွာလာလပ် ပူ မှန် ပါ သလား
သူ နေမကောင်း လို့ အိမ် မှာ နေ ရ တာ ရက် တော်တော် ကြာ ပြီ,သူ အနေမးကောင်း လို့ အိမ် မှာ နှေ ရ ဘာ ရကာ် ဘော်တော် ကဪာ ပြီ
ကြို မှာ ထား ပါ သလား ဆရာ,ကြို မှာ ထား ပါ သလား ဆရာ
အခု ကုန်တိုက် ကို သွား မလို့ အတူတူ သွား မလား,အခု ကုန်တိုက် ကို သွား မလို့ အတူတူ သွား မလား
ကြွေထည် မြေထည် ပစ္စည်း မှာ ရောင်းဝယ် ရေး အကြီးစား လုပ် တယ်,ကြေထည် မြေထည် ပစ္စည်းန မှာ ရောင်းဝယ် ရေး အကြီးစား လုပ် တယ်
အဲဒါ တွေ က လုပ် ထား တာ အရမ်း ကောင်း ပြီး ကြာရှည် ခံ မှာ ပဲ,အဲဒါ တွေ က လုပ် ထား တာ အရမ်း ကောင်း ပြီး ကြာရှည် ခံ မှာ ပဲ
ငါ့ ရဲ့ ကြပ်တည်း နေ တဲ့ နေရာ ကို လည်း နည်းနည်း လောက် ကြည့် ပါ အုန်း,ငါ့ ကဲ့ ကြပ် တရသည်း နော တဲ့ နောရာ ကို လယည်း နှည်းနာသည်း လောက် ကြည့် ပါ အုန်း
ဟုတ်ကဲ့ သဘောပေါက် ပါ ပြီ ဆရာကြီး,ဟုတ်ကဲ့ သဘောပေါက် ပါ ပြီ ဆရာကြီး
ခင်ဗျား က သားသမီး ထဲက အကြီးဆုံး လား,ခင်ဇေား က သားသ်မိး ထဲက အကြိုဆုံး လား
ဘယ်နှ နာရီ လဲ ဘယ် လေကြောင်း က လေယာဉ် လဲ,ဘယ်နှ နာရီ လဲ ဘယ် လေကြောင်း က လေယာဉ် လဲ
မ ဟုတ် ဘူး သူ က ကျွန်တော့် ညီမလေး,မ ဟုတ် ဘူး သူ က ကျွန်တော့် ညီမလေး
ကိုရီးယား လူမျိုး တွေ ရဲ့ ယဉ်ကျေး မှု ကို လေ့လာ ချင် လို့ လာ ခဲ့ တာ ပါ,ကိုရီးယား လူမရှုး တွေ ရဲ့ ယယဉ်ကျေး ယူ ကို လွေ့လာ ချင် လို့ လာ ခဲ့ တာ ပါ
ခင်ဗျား က ထိုင်း မှာ ခရီးသွား လား နိုင်ငံခြားသား ဆရာ လား,ခင်ဗျား က ထိုင်း မှာ ခရီးသညား လား နိုင်ငံခြားသား ရာ လား
မ လို ပါ ဘူး ကျေးဇူးတင် ပါ တယ်,မ လို ပါ ဘူး ကျေးဇူးတင် ပါ တယယ်
ခရီးသည်တင် အမြန်ရထား က တိုက်ရိုက် အမြန်ရထား ထက် ပို မြန် တယ်,ခရီးသည်တင် အခြန်ရထား က တိုက်ရိုက် အမြန်ရထား ထက် ပို ခြန် တယ်
နာနတ်သီး,နာနတ်သီး
အကူအညီ ရ ရင် ကျေးဇူးတင် တာ သဘာဝ ပဲ,အကာူအညညီ ရေ ရင် ကျေးတူးတာင်း တာ သဘာဝ ပဲ
ဒါ လေး က အတော် လှ ပါ တယ် ဘယ်လောက် ပါ လဲ,ခါ လေး က အာတော် လ ပါ တယ် ဘယ်လောက် ပါ လဲ
ဒါ က အစစ် တွေ လား,ဒါ က အစ် တွေ လား
ခင်ဗျား စကိတ်စီး ဖို့ အတွက် ဘယ် နေရာ ကို သွား ချင် လို့ လဲ,ခင်ဗျား ကော်ဘတ်ဆီး ပို့ အတခက် ဘယ် နှေရာ ကို သွား ချင် လုို့ လဲ
ဘာ ကြောင့် အလုပ် ထွက် လိုက် တာ လဲ,ဘာ ကြောင် အလုပ် စွက် လိုက် တာ လဲ
ဘယ် နေ့ လဲ,ဘယ် နေ့ လဲ
သူ့ ကို စိတ်ကုန် တယ်,သူ့ ကို စိတ်ကူန် တယ်
ဒီ ဟာ ကို သန့်ရှင်း ပေး နိုင် မလား,ဒီ ဟာ ကို သန့်ရင်းပး နိုင် မလား
စတိုးဆိုင် ဘယ် မှာ လဲ,စတိုးဆိုင် ဘယ် မှာ လဲ
ခင်ဗျား ငွေကြေး ဒီ လောက် အသည်းအသန် ဖြစ် နေ လား,ခင်ဇေား ငွေေကြေ်း ဒီ ကော်က် သညအသနိ် ဖြစ် စွေ လား
အစည်းအဝေးခန်း,အစည်းဘဝေးခန်း
နာမည် ဘယ်လို ခေါ် ပါ သလဲ,နာမည် ဘယ်လို ခေခါ် ပါ သလဲ
မီးသတ်ပန့် ဆက် ပါ,မီးသတ်ပန့် ဆက် ပါ
ဘာ အကြောင်း လဲ,ဘာ အာကြောင်း လဲ
ဒီ ပစ္စည်း က စျေး တော်တော်လေး ပေး ရ မှာ ပဲ နော်,ဒီ ပဇ္ဇညည်း က စေေး အော်ော်ေး ေး ဇ မှာ လဲ ေဒ်
အစာ ကို နှုတ်သီး ဖြင့် ဖြစ်စေ ခြေသည်း ဖြင့် ဖြစ်စေ သယ်ယူ လာ တတ် ကြ သည်,အစာ ကို နှုတ်သီး ဖြင့် ဖြစ်စေ ခြေသည်း ဖြင့် ဖြစ်စေ သယ်ယူ လာ တတ် ကြ သည်
‌ရှေ့ မှာ ကား တွေ ပိတ် နေ တယ်,ရွှေ့ မှာ ကား တေ့ ပိတ် နေ တယ်
ကျွန်တော် တတ် နိုင် တဲ့ အတိုင်းအတာ ထက် များ နေ တယ်,ကျွန်တော် တတ် နိုင် တဲ့ အတိုင်းအတာ ထက် များ နေ တယ်
အသက် ဘယ်နှ နှစ် လဲ,အသက် ဘယ်န နစ် လဲ
သို့ရာတွင် ဆိုရှယ်လစ် စနစ် အတွက် အထောက်အကူပြု မှု မှာ သိသာမြင်သာ မ ရှိ ချေ,သို့ရာတွင် ဆိုရှယ်လစ် စနစ် အာတွက် အာထောက်အာကူပြ မှူ မှာ သိသာမြင်သာ  ရှိ ချေ
ငွေသား နဲ့ ပေးချေ ရ မှာ လား,ငွေား နိ ေးျေ့ ရ မှာ လား
အဆက်မသွယ် မ ရ တဲ့ ပုံ ပဲ,အဆက်မာွယ် မ ရ တဲ့ ပဲ ပဲ
နောက် လ ၁ က နေ ၇ ထဲက တစ် ခု ကို ရွေး ပေး ပါ,နောက် လ၁ ကနေ ဂ ထဲလ တစ် ခု ကို ငွေး ပေး ပါ
ကျွန်တော် အမဲသား မ စား နိုင် ဘူး,ကျွန်တော် ဘဗဲသား မ စား နိုင် ဘူး
အရမ်း ကောင်း တယ်,အရမ်း ကောင်း တယ်
ဘာ အူတို တာ လဲ,ဘာ အူတို တာ လဲ
အဲဒါ ကို မြည်း စမ်း ကြည့် ပါ့ မယ်,အဲဒါ ကို မြည်း စမ်း ကြည့် ပါ့ မယ်
ကျွန်တော် နေမကောင်း ဘူး,ကျွန်တ် နေမတကောင်း ဘူး
ပထမ အဓိပ္ပါယ် မှာ ဂျီဒီပီ ကို တွက်ချက် ရာတွင် အကျုံးဝင် သည်,ငထမ အဓိပ္ပါ့ယ် မှာ ကျိီဒီပိ ကို တွက်ချက် ရာတွင် အကျုံးတင် သည်
အံ့ဩ ဖွယ် ကောင်း တဲ့ မှတ်ဉာဏ် ကို ပိုင်ဆိုင် သည်,အိ့ဩ ဖွယ် ကောင်း တဲ့ မှတ်ဉာဏ် ကို ပိုင်ဆိုင် သည်
ခက် လည်း မ ခက် ဘူး လွယ် လည်း မ လွယ် ဘူး,ခက် ကလန်း မ အက် ဘူ ကျွတ် လန်း မ ကျွဇယ် ဘူ
ဆံပင်ဆိုး ရင် ရော ညီမ နဲ့ လိုက် ပါ့ မလား,ခံပင်ဆိုး ရင် ရော ညီမ နဲ့ လိုက် ပါ မလား
ဝင်ကြေး မ ရှိ ပါ ဘူး,ဝင်ကြေး မ ရှိ ပါ ဘူး
ငွေကြေး လည်း ငွေကြေး အလျှောက် ဆို ပေမယ့် အချိန် က လည်း ပြဿနာ ပဲ,ငွေကြေး လည်း ငွေကြေး အလျှောက် ဆို ပေမယ့် အချိန် က လည်း ပြဿနာ ပဲ
ဟုတ်ကဲ့ စာကြည့်တိုက် မှာ စာ လေ့လာ လို့ ရ ပါ တယ်,ဟုတ်ကဲ့ စာကြည့်တိုက် မှာ စာ လေ့လာ လို့ ရ ပါ တယ်
နောက်ကျ သွား ပြီ သူ့ မှာ ရည်းစား ရှိ နေ ပြီ,နောက်ကျ၊ သွား ပြီ သူ့ မှာ ကည်းစား ရှိ နေ ပြီ
ကဆုန် သည် မြန်မာ ပြက္ခဒိန် ၏ ဒုတိယ လ ဖြစ် သည်,ကဆုန် သည် မြန်မာ ပြက္ခခိန် ဂက် ဒုတိယ လ ဖြစ် သည်
မှို နည်းနည်း လောက် လို ချင် တယ်,မှို နည်းနည်း လောက် လို ချင် တယ်
ကျွန်တော့် ကို အကြံပေး နိုင် မလား,ကျွန်တော့် ကို အကဲယေး ဒိုင် မလား
တွေ့ ဖို့ အစီအစဉ် ဖျက် တာ ရှိ ရင် ခင်ဗျား ကို ဖုန်းဆက် ပြီး အကြောင်းကြား ပေး မယ်,တေ့ ဖိ့ အမိီ အလည် ဖေကတ် တာ ရှိ ရျင် င်ဗေများ ကိ် စုစန်ုဆက် ပြီး အြကောင်းကြား ဒေး နေယ်
ခင်ဗျား သမီး အတွက် ခုံ အမြင့် လို ချင် ပါ သလား,ခင်ဗျား သမီး အာတွက် ခုံ အာမြင့် လို ချင် ပါ သလား
ဆရာ ဦးနေမင်း တရုတ် နိုင်ငံ မှာ နေသားကျ ပြီ လား,ဆရာ ဦးနေမင်း တရုတ် နိုင်ငံ မှာ နေသားကျ ပြီ လား
ဟယ်လို မင်္ဂလာ ညနေခင်း ပါ ဒီ ဟာ က ရွှေဘဲ စားသောက်ဆိုင် ပါ,တ ယ်ကလို့ ခစ်လာော ညနေခစ်း ဒါ ဒီ ဟာ က ှှအဲ စားသေောက်ဆိုင် ဒါ
သတင်း တစ် ခု ပေး ချင် တယ်,သာတင်း တစ် ခ ေး ချှင် တယ်
ကောင်း လိုက် တာ ကျေးဇူးတင် ပါ တယ်,ကောင်း လိုက် တာ ကျေးဇူးတင် ပါ တယ်
မင်း ဘယ်လို ပြော လိုက် တာ လဲ,ခင်း ဘယ်လို ပြပြော လို့က် တာ လဲ
ကျွန်တော် တို့ ဆီ မှာ နိုင်ငံခြား စာစောင် တွေ ယူ ဖို့ ခွင့် မ ပြု ပါ ဘူး,ကုွန်မတော် တို့ အီ မှာ စိုင်ံလစား ဆော် တွေ့ ဟု ပဖိ့ ရွစ် မ ပြ ပါ ဘူး
ကျော်သူ သည် နာရေး ကူညီ မှု အသင်း ရန်ကုန် အသင်း ၏ ဥက္ကဋ္ဌ လည်း ဖြစ် သည်,ကောျ့က်သူ သည် နာဓရား ကူသီ မှူ အာသင်း ကုနှန်ကုန် နသင်း တော် ညတ္တ္ဌ လည်း ပြစ် သည်
ခရီးသွား ကိုယ်စားလှယ် က ငွေ ကို လက်ခံ ဖို့ လက်မှတ် လိုအပ် တယ်,ခရီးသွား ကိုယ်စားလှယ် က ငွေ ကို လက်ခံ ဖို့ လက်ပုတ် လိုအပ် တယ်
ယူရို ငွေကြေး ခရီးဆောင် ချက်လက်မှတ် များ ကို ငွေသား လဲ ချင် လို့ ပါ,ယူရိ ငွေကြေး ခရီးဆောင် ချက်လက်မှတ် များ ကို ငွေသား လဲ ချင် လို့ ပါ
ပိတ်ရက် မှာ ဘာ အစီအစဉ် တွေ ရှိ လဲ,ဝဲတ်ရက် မှာ ဘာ အစီးအစဉ် တေ့ ရှိ လဲ
ကြက်ဥ အကာ ကို ခလောက် လိုက် တာ နဲ့ အမြုပ် ထ တော့ တာ ပဲ,ကြက်ဥ အကာ ကို ခလောက် လိုက် တာ ခဲ့ အမြုပ် ထ ကော့ တာ ပဲ
လည်တံ တို ၍ ဦးခေါင်း လုံး ပြီး လျှင် နှာတံ ချွန် ၏,လာညိတ် တိ် ှြ ပြီးခေါင်း လုံး ပြီး လျရှင် ူာတ် ချှန် ဆေ်
တစ်စုံတစ်ခု ကို ဆုံးဖြတ် ပြီး သွား ပြီ လား လူကြီးမင်း,တစ်စုံတစ်ခု ကို ဆုံးဖြတ် ပြီး သွား ပြ လား လူကြီးမင်း
တောင်ကြီး မြို့ အား ဖြတ်သန်း သော ရထားလမ်း ကို ၁၉၉၅ ခုနှစ် မှ သာ ဖောက်လုပ် ခဲ့ သည်,တောင်ကြီး မြို့ သား ပြထတ်သန်း သော ရထာသလယမ်း ကို သ၃၉၉၅ ခနှစ် မှ သာ ဟောက်လှပ် ခဲ့ သည်
အဲဒီ မှာ မှားယွင်း တာ အချို့ ရှိ တယ်,အဲဒီ မှာ ပှားယွင်း တာ အာဆွှု့ ရှိ တယ်
ဝါကျ တစ် ခု ဆို ရင် ကတ္တာပုဒ် ကြိယာပုဒ် ပါ စမြဲ ပဲ,ငါက တစ် ခု ဆို ရင် ကတ္တာပုဒ် ကြိယာပုဒ် ပါ စြ ပဲ
ကောင်လေး ရဲ့ ဘောင်းဘီ က တင်ပါး နေရာ မှာ စုတ် သွား သည်,ကောင်လေး ရဲ့ ဘောင်းဘီ က တင်ပါး နေ့ရာ မှာ စုတ် သွား သည်
ပျံသန်း နိုင် ရန် အတွက် တစ်မျိုးတစ်ဖုံ ပြောင်းလဲ နေ ခြင်း သာ ဖြစ် သည်,ပျုံသန်း နိုင် ရွန် အတွက် တစ်မျှုးတစ်ဂုံ ပြောင်းလဲ နေ ခြင်း သာ ဖြစ် သည်
မ ကြိုက် ဘူး လား,မ ကြာ် ဘူး လား
ဘာ ဖြစ် လို့ ရန်ကုန် ကို တိုက်ရိုက် မ သွား ရ တာ လဲ,ဘာ ဖြစ် လို့ ရန်ကုန် ကို တိုက်မိုက် မ သွား ရ တာ လဲ
ဒီ ခရီး အတွက် ငွေ ဘယ်လောက် ကုန် မလဲ,ဒီ ခရီး အတွက် ငွေ ဘယ်လောက် ကုန် မလဲ
လူနာ ၏ ရောဂါ ကို ကုသ သည်,လူနာ ၏ ရောဂါ ကို ကုသ သည်
နေ့တိုင်း ရှစ် နာရီ ကြာ အိပ် ပါ တယ်,နေ့တိုင်း ရွန် နာရီ ကာ အိပ် ပါ တယ်
ဒီ နား မှာ ကြေးနန်းရုံး ရှိ လား,ဒီ နား မှာ ကြေးနန်းကွံး ရှိ လား
နှစ် ထပ် မှာ ရှိ တယ်,နစ် ထ် မှာ ရှို တယ်
ကျွန်တော် ခင်ဗျား ရဲ့ အကူအညီ ကို နားလည် ပါ တယ် ဒါ ကျွန်တော့် ကဒ် ပါ,ကျွန်တော် ခင်ဗျား ရဲ့ အာကူအညီ ကို နားလည် ပါ တယ် ဒါ ကျွှန်တော့် ကဒ် ပါ
ဒီ နှစ် ခု ရဲ့ ကွာခြားချက် က ဘာ လဲ,ဒီ နှစ် ခု ရဲ့ ကွာခြားချက် က ဘာ လဲ
အနီးအနား မှာ လမ်းကြောင်း ရှိ လား,အနီးအေနား မှ ာ လပ်းြာင်း ရိ လား
အားနာ ပါ တယ် နောက် တစ် ခု ယူ ပေး မယ်,အားနာ ပါ တယ် နောက် တစ် ခု ူ ပေး ယ်
ဒီ နေ့ ရာသီဥတု ဘယ်လို လဲ,ဒီ နေ့ ရာသိဥတူ ဘယ်လို လဲ
သူ အင်္ဂလိပ် စာ လုံးဝ မ တတ် ပါ,သူ အဂီဂ လပ် စာ လုံးဝ မတတ် ပါ
စျေးလျော့ သည်,စျေးလျော့ သည်
ဝမ်းနည်း သည်,ဝင်းနှည်း သှည်
သန်းတစ်ထောင်,သန် တာ် ထာင်
ခင်ဗျား အကြာကြီး စောင့် နေ ရ တာ အားနာ စရာ ကြီး,ခင်ဗျား အကြာကြီး စောင့် နေ ရ တာ အားနာ စရာ ကြီး
လက်ငင်း ပဲ,လက် ငင်ပဲ
မ ဟုတ် ပါ ဘူး ခင်ဗျား နံပါတ် မှား နေ ပါ တယ်,မ ဟုတ် ပါ ဘူး ခင်ဗျား နဲပါတ် မှား နေ ပါ တယ်
ပျော် စရာ ခရီးထွက် ဖြစ် ပါစေ,စေနှန် စရာ ခရှိးထွက် ဖြစ် ဒါစေ
အဲဒီ အမျိုးသား က ခန္ဓာကိုယ် နဲ့ ယှဉ် လိုက် ရင် အောက်ပိုင်း အရမ်း သေး တယ်,အဲဒီ အမျိုးသား က ခစ္စာကိုယ် နဲ့ ယှဉ် လိုက် ရင် အောက်ပိုင်း အရမ်း သေး တယ်
လုပ်အားပေး ခြင်း များ ကို လည်း အသိအမှတ်မပြု ချေ,လုပယ်ားပေး မြင်း များ ကို လယည်း အယသိာမှတ်ာပြူး ချေ
သူ က သတ္တိ မ ရှိ ဘူး,သူ ဟကာ သတ်တ် မ ရှိ ဘူး
ဟယ် ကိုယ့် ကို ကိုယ် တောင် မ မှတ်မိ တော့ ဘူး,ဟာယ် ကိုယဉ့် ကို ကိုယ် တောင်း မ မှတ်ဓိ တော့ ဘူး
ထမင်း စား လို့ ကောင်း ရဲ့ လား,ထမင်း စား လို့ ကောင်း ရဲ့ ယား
ဒီ စာ ကို ချိန် ပေး ပါ,ဒ ဆာ ကို ချန် ပေး ပါ
မြန် မြန် လုပ် ပါ,မြန် မြန့် လုပ် ပါ
ခင်ဗျား ကျွန်တော့် ကို ဘာ ကူညီ မှာ လဲ,ခင်ဗျား ကျွှန်တော့် ကို ဘာ ကူညီ မှာ လဲ
ဓာတုဗေဒ ကို လေ့လာ ရာတွင် များ စွာ သော အရေးပါ သည့် အခြေခံ သဘောတရား များ ရှိ သည်,ဓာတုဘေ ကို ကောမ့းလာ ရာတွင် ျား ညွာ သော အရေားပါ သည် အခြေခါ သဘောဘရား ဗျား ရှိ ည်
ထူးဆန်း တယ် နော်,ထူးဆန်း တယ် နော်
ကျွန်တော့် ကလေး အတွက် ထိုင်ခုံ တစ်ခုံစာ လောက် မေး ပါရစေ,ကျွန်ကော့ ကလေး အတွက် ထိုင်ခုံ တစ်ခုံစာ လောက် မေး ပါရစေ
ခရိုင် တွင်း ရှိ မြို့ များ နှင့် သော်ကား နေ့ချင်းပေါက် သင်္ဘော လမ်း အဆက်အသွယ် ရှိ သည်,ခရိုင် တွင်း ရှိ မြို့ များ နြင့် သော်ကား နေ့ချင်းပေါက် သင်ဘော လမ်း အဆက်အသွယ် ရှိ သည်
ကံကောင်း ပါစေ,ကဲကောင်း ပါစေ
ခွင့်ပြု စေ ချင် တဲ့ ဒီ ပစ္စည်း တွေ အတွက် တင်ပို့ ခွင့် လိုင်စင် ကို ပြ ပါ,ခွင့် ပြု စေ ချင် တဲ့ ဒီ ပစ္စည်း တေ့ အတွက် တင်ပို့ ခွင့်် လိုင်စင် ကို ပြ ပါ
သို့ဖြင့် ရွှေ အားလုံး သည် သွပ် တွင် လာ ၍ စုရုံး နေ တော့ ၏,သို့ဖြင့် ဝရွှေ အားလုံး သည် သွပ် တွင် လာ ရ စုရုံး နေ တော့ ၏
ဧည့်ခန်း ထောင့် က အဲဒီ စုံစမ်း ရေး စားပွဲ ကို ဆက်သွယ် ပါ,ညေညာ့ခန်း ထောင့် က ဘဲဒီ စုံစမစ်း ရေး စားပွဲ ကို ဆက်သွယ် ပါ
ပို ကြီး တဲ့ ဆိုဒ် ရှိ သေး လား,ပို ကြီးတဲ့ ဆိုဒ် ရှိ ေးလား
စာအုပ်,စအုပ်
ကောင်း ပြီ ရှစ် နာရီ ရော ဘယ်လို လဲ,ကောင်း ပြီ ရှစ် နာရီ ရော ဘယ်လို လဲ
ကိုးသောင်းကိုးထောင်ကိုးရာကိုးဆယ့်ကိုး,ကိုးသောင်းကိုးထောင်ကိုးရာကိုးဆယ့်ကိုး
ဟို နေရာ မှာ ပါ,ဟိုး နောရာ မှာ ပါ
ဒီ ည အပြင်ထွက် စား ရအောင်,ဒီ ည အပြင်ထွက် စား ရအောင်
သမီး အငယ်ဆုံး ကို လက်ထပ် ခိုင်း ပြီး တော့ အိမ်ခွဲ နေ ခိုင်း လိုက် တယ်,သမီး အတယ်ဆုံး ကို ယက်ထပ် ခိုင်း ပြီး တော့ အမိမ်ခွဲ့ နေ ခိုင်း လိုက် တာယ်
မြို့တော်ခန်းမ ကို မှတ်တိုင် ဘယ်နှ ခု ဖြတ် သွား ရ မှာ လဲ,မြိုတော်ခန်းမ ကို မှတ်တိုင် ဘယ်နှ ခု ဖြတ် သွား ရ မှာ လဲ
ကုန်သွယ်ခွန် ပေးဆောင် ရ မည့် ရက် ဧပြီ လ ၁ ရက်နေ့,ကုန်သွယ်ခွန် ပေးဆောင် ရ မည့် ရက် ပြေီ လ ၁ ရက်နေ့
အခန်း ခ ဘယ်လောက် လဲ,အခန်း ခ ဘယ်လောက် လဲ
ကျွန်တော် လို ချင် ပါ တယ်,ဂျွန်တော် လို ချင် ပါ တယ်
ထိုင်ခုံ ကို နောက်မှီချ လို့ ရ မလား ခင်ဗျာ,ထိုင်ခုံ ကို နှောက်ကြီချ လို့ ရှ မလား ခင်ကျာ
ကျွန်တော် ပြေစာ လို ချင် ပါ တယ်,ကျွန်တော် ပေတာ လို ချင် ပါ တယ်
ဒီ က နေ ကို ကား နဲ့ သွား ရင် ဘယ်လောက် ကြာ မလဲ,ဒီ က နေ ကို ကား နဲ့ သွား ရင် ဘယ်လောက် ကြာ မလဲ
လတ်ဆတ် တဲ့ လီမွန်ဖျော်ရည် တစ် ခွက် လောက် ရ နိုင် မလား,လတ်ဆတ် တဲ့ လီမွန်ပျော်ရည် တစ် ခွက် လောက် ရ နိုင် မလား
အားနာ ပါ တယ် ခင်ဗျား လမ်းပျောက် နေ ပြီ,အားနာ ပါ တယ် ခင်ဗျား လမ်းပျောက် နေ့ ပြီ
တစ်ခါတစ်ရံ အရောင် ဆဲလ် မဲ့ သော ငှက် မျိုး ကို လည်း တွေ့ ရ တတ် သည်,တစ်တိတာစ်ရဲ အကဆရောင် အါလဲ သြေ သော က် လျုပး ကို လန်း တွေ့ ရ တတ် သည်
စည်ပင် က ဌာနမှူး ဦးကျော်လင်း က ဆက် တယ် လို့ ပြော ပေး ပါ,စည်ပင် က တနမှူး ဦးကျော်လင်း က ဆက် တယ် လို့ ပြော ပေး ပါ
အိမ်ရှင် အသင်း က အလုပ် ကောင်းကောင်း လုပ် ခဲ့ တယ်,အိမ်ရှင် အသင်း က အလုပ် ကောင်းကောင်း လုပ် ခဲ့ တယ်
မင်း က ကိုယ့်ဟာကိုယ် တရုတ် စကားပြော လေ့ကျင့် နေ တာ လား,မင်း က ကိုယ့်ဟာကိုယ် တရုတ် စကားပြော လေ့ကျင့် နေ တာ လား
ညနေ ၆ နာရီ လောက်,ညနေ ၆ နာရီ လောက်
ဟဲ့ မိလှ မ ဟုတ် ဟုတ် ဟုတ် ငါ တို့ နဲ့ ဘာ ဆိုင် လို့ လဲ,ဟဲ့ မိလှ မ ဟုတ် ဟုတ် ဟုတ် ငါ တို့ နဲ့ ဘာ ဆိုင် လို့ လဲ
ဒီ နေ့ ချမ်း တယ် နော်,ဒီ နေ့ ချမ်း တယ် နော်
သစ်ပင် နှစ် ပင် စိုက် ခဲ့ တယ်,သစ် ပင် နှစ် ပင်စိုက် ခဲ့ တယ်
တွေ့ ရ တာ ဝမ်းသာ ပါ တယ်,တေ့ ရ တာ ဝမ်းသာ ပါ တယ်
မြန်မာ နိုင်ငံ ဆိုင်ရာ တရုတ် သံရုံး က တစ်ဆင့် ဆက်သွယ် နိုင် ပါ တယ် ခင်ဗျာ,မြန်မာ နိုင်ငံ ဆိုင်ရာ တရုတ် သံငုံး က တစ်ဆင် ဆက်သွယ် နိုင် ပါ တယ် ခင်ဗျာ
ကျွန်တော် အတူတူ လိုက် ပြီး ကူညီ ပေး ပါ့ မယ်,ကျွန်ကော် အတူတူ လိုက် ပြီး ကူညီ ပေး ပါ့ မယ်
ဘယ်နှ ယောက် သုံးဆောင် မှာ လဲ,ဘယ်နှ ပေဘက် သုံးခေေင် မှာ လဲ
ပြ တဲ့ အခါ သေသေချာချာ ကြည့် ပါ,ပြ တဲ့ အာခါ သေသေချာချာ ကြည့် ပါ
မ ဟုတ် ပါ ဘူး ကျွန်တော် တစ် ယောက် တည်း သွား မှာ ပါ,မ ဟုတ် ပါ ဘူး ကျွန်တော် တစ် ယောက် တည်း သွား မှာ ပါ
အသွား ပါ,အသွား ပါ
သစ်သား ဆင် တစ် ရုပ် လောက် ကြည့် လို့ ရ နိုင် မလား,သစ်သား ဆင်း တစ် ရွပ် ပောက် ကြည့် လို့ ရေ့ နိုင် မငား
ဒီ နေ့ အမျိုးသား နေ့ ပါ,ဒီ နေ့ အပျိုးသား နေ့ ပါ
ရန်ကုန် လမ်းညွှန် နဲ့ ပတ်သတ် တဲ့ စာအုပ် ဘယ် မှာ ရှိ လဲ,ရန်ကုန် လမ်းညန် နဲ့ ပတ်သတ် တဲ့ စာအုပ် ဘယ် မှာ ရှ လဲ
သူ တကယ့်ကို ယုံကြည်မှု သမာဓိ ကို အလေးထား ပါ တယ်,သူ တကယ့်ကြို ယုံကြည်ယူ သမာဓိ ကို အလေးထား ပါ တယ်
စေတီ သည် ရွှေတိဂုံ စေတီတော် ထက် ၃၀ စင်တီမီတာ ခန့် သာ နိမ့် သည်,စေတီ သည် ရွှတိဂုံ ဆတီတော် ထက် ၃ဝ စင်တီမိတာ ဆန့် သာ နိုမ့် သည်
ရေ နောက်ထပ် တစ် ခွက် လောက် ထပ် ရ နိုင် မလား,ရေ နောက်ထပ် တစ် ခွက် လောက် ထပ် ရ နိုင် မလား
အရင် အတိုင်း ပဲ,အရင် အတိုင်း ပဲ
အလုပ် တွေ များ လို့ အိမ်စာ မ လုပ် ခဲ့ မိ ဘူး,အလုပ် တွေ များ လို့ အိမ်စာ မ လုပ် ခဲ့ မိ ဘူး
ကျွန်တော် က ထိုင်း မှာ နေ တဲ့ နိုင်ငံခြားသား တစ် ယောက် ပါ,ကုန်စော် က ထိုင်း ှာ နေ တဲ့ နိုင်ရြားေား တစ် ေောက် ပါ
အပေါ်ထပ် မှာ အိပ် ပါ တယ်,အပေါ်ထပ် မှာ အိပ် ပါ တယ်
ခင်ဗျား ဘာ အသီး စား ရ တာ ကြိုက် လဲ,ခင်ဗျား ဘာ အာသီး စား ရ တာ ကြိုက် လဲ
ဒေါက် မြင့် တဲ့ ဖိနပ် စီး လိုက် တာ ခြေထောက် နာ သွား တယ်,အော် မင့ ဲ့ ဖါနပ် ဒီး လိုန် တာ ဖွေယထော် နာ သွား တယ်
အံ့ဩ စရာ နော်,အံ့ ဩ စရာ နော်
စာမေးပွဲ ပြီးပြီးချင်း ကျောင်းသား တွေ က အချင်းချင်း အဖြေ တိုက် ကြည့် ကြ တယ်,စာမေးပွဲ ပြီးပြီးချင်း ကျောင်းသား ကွေ ကာ အချင်းချင်း အဖြေ ကိုက် ကြည့် ကြ တယ်
ကျွန်တော် ချောင်းဆိုး ခြင်း အတွက် တစ် ခု ခု လို ချင် တယ်,ကျွန်တော် ချောင်းဆိုး ခြင်း ဘတွက် တစ် ခု ခု လို ချင် တယ်
အမေ က ငွေတိုးပေးစား ပြီး ကျွန်တော့် တက္ကသိုလ် ကျောင်းအပ်ခ ရအောင် ပြင်ဆင် ပေး ခဲ့ တယ်,အမေ ကာ ရွေတိုးပေးတား ပီး ကျွန်တော် တ့သို့လဲ ကော်းအပယ်မ ရးသောင် ပင်းဆင်း လေး လဲး တယ်
သွား တု နှစ် ပတ် လောက် တပ် ထား ပြီး မှ အသားကျ မှာ,သွား တု နှစ် ပတ် လောက် တပ် ထား ပြီး မှ အသားကျ မှာ
ညောင်လေးပင် အမျိုးသား အထက်တန်း ကျောင်း တွင် ဆယ် တန်း အောင်မြင် ခဲ့ သည်,ညောင်လေးပင် အမျိုးသား အထက်တန်း ကျောင်း တွင် ဆယ် တန်း အောင်မြင် ခဲ့ သည်
ဖျား တာ လား,ငျိ့ ီ ာာာီ
ဆံပင် တွေ လွင့်ပျံ နေ သည်,ဆံပင် တွေ လွညင့်ျံ နေ သည်
အလုပ် သစ် ရ ပြီ လို့ ကြား တယ် ကောင်း လိုက် တာ,အလူပ် သစ် ရေ ပြီ လို့ ကြား တယ်ကာင်းလိုက် တာ
ဒီ လမ်း က ဟိုး က နေ စ ပြီး ကုန်းတက်လမ်း ဖြစ် တယ်,ဒီ လမ်း က ဟိုး က နေ စ ပြီး ကုန်းတက်လမ်း ဖြစ် တယ်
အသား နဲ့ ငါး တွေ ထဲ က ကျွန်တော် က တော့ ငါး ကို ကြိုက် တယ်,အသား နဲ့ ငါး တွေ ထဲ က ကျွန်တော် က တော့ ငါး ကို ကြိုက် တယ်
အမှန်တကယ် ပဲ လား,အမှန်တကယ် ပဲ လား
တာဝန် ကို အခြားသူ ထံ လွှဲချ သည်,တာဝန် ကို အခြားသူ ထံ လွှဲချ သည်
​သောက် စရာ တစ် ခု ခု လို ချင် ပါ သလား,သောက် စရာ တစ် ခု ခု လို ချင် ပါ သလား
ချိုစန်း ဟော်တယ် သွား ချင် တယ်,ရှူစန်ုး တေ်တယ် သွား ခှင် တယ်
ဘယ် လမ်း လဲ,ဘယယ် လမ်း လ
သူ က စကားပြော မြန် လို့ တစ်ခါတစ်လေ နားမလည် ဘူး,သူ က စကားပြော မြန် လို့ တစ်ခါတာစ်လေ နားမလည် ဘူး
ကျွန်တော့် ကင်မရာ က အပေါ် က အခန်း မှာ ရှိ နိုင် လား,ကျွန်တော့် ကင်ဗရာ က ဘာပေါ် က အခန်း မှာ ရှိ နိုင် လား
ကျွန်တော် လေယာဉ် ပေါ် ယူ ဖို့ အိတ် ဘယ်လောက် ခွင့်ပြု ထား လဲ,ကျွန်တော် လေယာည် ပေါ် ယူ ဖို့ အိတ် ဘယ်လောက် ခွင့်ပြု ထား လဲ
ကျွန်တော် ဟမ်ဘာဂါ နဲ့ ပြင်သစ် အကြော်အလှော် စား ချင် ပါ တယ်,ကျွန်တော် ဟယ်ဘာဂါ နဲ့ ပြင်သစ် အာတြော်အလှော် စား ချင် ပါ တယ်
နိုင်ငံတော် နေ့ မှာ ဟောပြောပွဲ သို့မဟုတ် အဆို အက ပြိုင်ပွဲ ကျင်းပ မယ်,စိုင်ငေတော် နေ့ မှာ တောပြောပြဲ သို့ မဟုတ် အဆို အက ပြင် ကျင်းပ မယ်
အရင် သွား နှင့် ပါ,အရင် သွား နှင့် ပါ
အိတ် ဘယ်လောက် သယ် ခွင့် ရှိ လဲ,အိတ် ဘယ်လောက် သယ် ခွင့် ရှိ လဲ
ခင်ဗျား မြို့တွင်း မှာ ပဲ သုံး မယ် ဆို ရင် ကား သေး လို လိမ့် မယ်,ခင်းလျား ဖို့တွင်း မှာ ပဲ ဘူး ဟယ် ဆို ရင် ကား သေး လို လိမ်း မယ်
ကြည့် ပါ,ကြည့် ပါ
ကောင်း တယ် ငါး တစ် ပွဲ အမဲသား တစ် ပွဲ ပေး ပါ,ကောင်း တယ် ငါး တစ် ပွဲ အမဲသား တစ် ပွဲ ပေး ပါ
အိမ်စာ များ ကို တွက်ချက် ဖြေရှင်း သည်,အိမ်စာ များ ကို တွကက်ချကာက် ပြေရှုင်း သည်
ကြာ ပန်း ဝယ် ချင် တယ်,ကြာ ပန်း ဝယ် ချင် တယ်
တော်တော် စိတ်လှုပ်ရှား ဖို့ ကောင်း တယ်,တော်တော် စိတ်လှုပ်ရား ခို့ ကောင်း တယ်
ဆရာ အခု အလုပ် များ ရှုပ် နေ မ လား,အရွာ အရူ့ အလုယ် စကား ရုပ် နဲ့ မ လျား
ခင်ဗျား ဆရာဝန် သွား ပြ သေး လား,ခင်ဗျား ဆာရာဝန် သညား ပြ သေား လား
လှေ တစ် စင်း ငှား ဖို့ ဘယ်လောက် ကုန်ကျ လဲ,လှေ တစ် စင်း ငှား ဖို့ ဘယ်လောက် ကုန်ကျ လဲ
ခင်ဗျား ဝယ် တဲ့ စားပွဲတင်နာရီ အရမ်း ကြည့် ကောင်း တယ်,ခင်ဗျား ဝယ် တဲ့ စားပွဲတင်နာရီ အာရမ်း ကြည့ ကောင်း တယ်
ပူတာအို ဒေသ ကို ရှေး က ခန္ထီလုံ ဒေသ ဟု ခေါ် သည်,ပူတာဘို့ ဒေသ ကို ရှေး က အနစ္ိ့လ့် ဒေသ ဟု ဒေါ် သည်
မင်္ဂလာ နေ့ ရက် က ဘယ် နေ့ လဲ,မင်္ဗလာ နေ့ ရက် က ဘယ် နေ့ လဲ
ကျွန်တော် သိ ပြီ,ကျွန်တော် သိ ပြီ
ဆရာ့ အိမ် ကို ဘယ်လို သွား ရ မလဲ ပြောပြ ပါ,ဆကာ့ အိမ် ကို ဘယ်လိ သွား ရ လာ ပြောပြ ပါ
ကျွန်တော် တို့ ရေကူး နိုင် မယ့် နေရာ ရှိ လား,ကျွန်တော် တို့ ရေကူး နိုင် မယ့် နေရာ ရှိ လား
တယ်လီဖုန်း ဆက် ချင် ပါ တယ်,တယ်လီဖွန်း ဆက် ချင် ပါ တယ်
ဆောင်းတွင်း တစ်တွင်းလုံး အတွက် ထင်း လုံလုံလောက်လောက် ရှိ ရဲ့ လား,ဆောင်းတွင်း တာစ်တွင်းလုံး အတွက် ထင်း ုံ့လုံပောက်လောက် ရှိ ရဲေ့ ယား
ရန် တွေ ကုန်စင် သော အဓိပ္ပါယ် နှင့် အလောင်းမင်းတရားကြီး က ရန်ကုန် ဟု အမည် ပြောင်း လိုက် သည်,ရန် တေ့ ကုန်စင် သော အဓိပါယ် နှင့ အလောင်းမင်းတရားကြီး က ရန့်ကုန် ဟု အမည် ပြောင်း လိုက် သည်
ဂျပန် ကို ဖုန်းဆက် ချင် ပါ တယ်,ဂျပန် ကို ဖုန်းဆက် ချင် ပါ တယ်
မင်း ကို သေ တာ တောင် မ စွန့်လွှတ် နိုင် ဘူး,မင်း ကို သေ တာ ကောင် မ စွန့်လွှက် ခိုင် ဘူး
အတော့် ကို မြန် တာ ပဲ ဘယ်လောက် လဲ,အတော့် ကို မြန် တာ ပဲ ဘယ်လောက် လဲ
ဒီ နေရာ မှာ အီးမေးလ် စစ် လို့ ရ နိုင် မလား,ဒီ နေရာ မှာ အီးမေလ် စစ် လို့ ရ ခိုင် မလား
ဒီ နေ့ အလုပ် တွေ များ လို့ မနက်ဖြန် မှ တွေ့ ကြ ရအောင်,ဒီ နေ့ အလုပ် တွေ များ ကု့ မနက်ဖြန် မှ တွေ့ ကြ ရောင်
များသောအားဖြင့် ၄ နာရီ လောက် ပါ,များသောအားဖြင့် ၄ နာရီ လောက် ပါ
ဘတ်စ်ကား လာ နေ ပြီ,ဘတ်စ် ကား လာန ပြီ
ကျွန်တော် နဲ့ သွား ကြည့် မလား,ကျွန်တော် နဲ့ သွား ကြည့် မလား
မင်း အပေါ် မှာ မစ္ဆရိယစိတ် မ ရှိ ပါ ဘူး,မင်း အပေါ် မှာ မတ္တတို့ ယဆိတ် မ ရှို့ ပါ ဘူး
သူမ က ဩဂုတ် လ ၁၅ ရက်နေ့ မွေး တာ ပါ,သူမ က သဂတ် လ ၁၅ ရက်နေ့ မေး တာ ပါ
ဒီ အနီးနား မှာ စာတိုက် ရှိ ပါ သလား,ဒီ ဘနီးနား မှာ စာတိုက် ရှိ ပါ သလား
ခင်ဗျား ကျန်းမာရေး ဘယ်လို လဲ,ခင်ဗျား ကျန်းမာနေား ဘယ်လို လဲ
ကျွန်တော် တို့ ရဲ့ ခရီး ဘယ် တော့ စ မလဲ,ကျွန်ယတော် တို့ ရဲ့ အရီး ဘတယ် ဟတာ့ စ မလဲ
ကျွန်တော် မှာ ထား တာ တော်တော် ကြာ မှာ လား,ကျွန်တော် မှာ ထား တာ တော်တော် ကြာ မနာ လား
ပန်းဝတ်မှုန် နဲ့ မ တည့် တာ ရှိ တယ်,ပန်းဝတ်ပွုန် နဲ့ မ တည့် တာ ရှိ တယ်
သွား ကြည့် လို့ ရ ပြီ လား,သွား ကြည့် လို့ ရ ပြီ လား
အဲဒီ လူ ပဲ ငါ့ စိတ် ကို နားလည် တယ်,အဲဒီ ကူ လဲ ွဲ့ စိတ် ကို့ ဆူးည် တယ်
သူ က အပြော ပဲ ကောင်း တာ လက်တွေ့ ကျ တော့ မ လုပ် ဘူး,သူ က အခြော ဲ ကောင်း တာ လောက်တွွေ့ ကျ တော့ ဖေ လူပ် ဘူး
ကိုယ် အသက် ကြီး တာ ကို သတိ မ ရ ချင် ဘူး,ကိုယ် အသက် ကြီး တာ ကို သတိ မ ရ ချင် ဘူး
အပေါ် က နေ ကျွန်တော် တို့ အဲဒါ ကို ရှင်းရှင်းလင်းလင်း မြင် နိုင် လား,အင်ေါ် ကာ နေ ကျွန့်တော် တို့ အဲဒါ ကို ရှင်းရှင်းလင်းလင်း မြင် နိုင် လား
အဲဒီ လူ က လက်ထပ် လိုက် ပြီ လို့ တော့ ပြော တာ ပဲ,အဲဒီ လူ က လက်ထပ် လိုက် ပြီ လို့ တော့ ပြော တာ ပဲ
အဲဒီ မှာ ကျောင်းသား ကျောင်းသူ တွေ စာမေးပွဲ ဖြေ နေ တယ်,အဲဒီ မှာ ကျောင်းသား ကျောင်းသူ တေ ဆာမေးပွဲ ဖြေ နေ တယ်
ဆယ်သိန်း,ဆယ်သိန်း
ကျွန်တော် အရသာ သိပ် မတွေ့ ဘူး အလွန် ပျော့ တယ်,ကျွန် တာ် အရသာ သိပ် မတွ့ ဘူး အ လွန် ပျသူ့ တပယ်
အဆင်ပြေ ပါ တယ် ရှင် အဆောင်မှူး က လည်း လိုလေသေးမရှိ ပြင်ဆင် ပေး ထား ပါ တယ်,အဆင်ပြေ ပါ တယ် ရွှင် အသောင်မူေး က လည်း လုလေသေးစရှိ ပြင်ဆင် ပေး ထား ပါ တယ်
မနက်ဖြန် ၇ နာရီ မှာ နှိုး ပါ,မနက်ခြန် က နာရီ ပြာ နှုး ပါ
အိုး ခင်ဗျား ပါ လား,အိုး ဆင်ဗျား ပါ ယား
ဗိုက်ဆာ နေ ပြီ,ဒိုက်ဆာ နေ ပြီ
သိမ်း ထား ပါ ဆရာ,သိမ်း ထား ပါ ဆရာ
တစ် တုံး ကို ၅၀ ကျပ် ပါ,တစ် တုံ့း ကိ့ ၅တ ကျှစ် ဒေါ်
ရာသီ က ပူနွေး စိုစွတ် တယ်,ရာဘီ က ပူွးစို တွတ် တယ်
ဘာ တံတား လဲ ဗျ,ဘာ ဘာားနလ ဗဈျ
ခင်ဗျား သတ္တိ နည်း တာ ကြွက် ကျ နေ တာ ပဲ,ခင်ဗျား သတ္တိ နည်း တာ ကြွက် ကျ နေ တာ ပဲ
လုံးဝ မ သောက် ဘူး အအေး ရ နိုင် မလား,လုံး ေ သေောက် ဘူး အအေး ေ နိုင် နေလား
ဒီ နား တစ်ဝိုက် မှာ လမ်းဘေး ဖုန်း ဘယ် နား မှာ ရှိ လဲ,ဒီ နား တစ်ဝိုက် မှာ လမ်းဘေး ဖုန်း ဘယ် နား မှာ ရှိ လဲ
သူ က အကျင့် စာရိတ္တ မ ကောင်း ဘူး,သူ က အကျင့ စာရတွ မ ကောင်း ဘူး
ဝမ်းသာ စရာ သတင်း ကြား ရ သည်,ဝမ်းသာ စရာ သတင်း ကြြား ရေ သည်
ခင်ဗျား မှာ လက်ဖက်ရည် အိုး ရှိ သလား,ခင်ဗျား မှာ လက်ဖက်ရည် တိုး ရှ သလား
သစ်ရွက် ခြောက် ဖြင့် နှင်း ကို ဖုံးအုပ် သည်,သစ်ရွက် ခြောက် ဖြင့် နှင်း ကို ဖုံးအုပ် သည်
အဲဒီ လို နည်းလမ်း ကောင်း ရှိ တယ် ဆို တာ သိ ကို မ သိ ဘူး,အဲဒီ လို နည်းလမ်း ကောင်း ရှိ တယ် ဆို တာ သိ ကို မ သိ ဘူး
ရေနံစိမ်း ကို ကုန်ကြမ်း အဖြစ် သုံး ပြီး ပစ္စည်း အမျိုးမျိုး ကို ထုတ်လုပ် နိုင် တယ်,ရေနဲစိမ်း ကို ကုန်ကြမ်း အဖြစ် သုံး ပြီး ပစ္စည်း ဘယ်ှိုးနှိုး ကို ထုတ်လုပ် နိုင် တယ်
မြေအောက် ရထား ဘူတာ ဘယ် မှာ ရှိ ပါ သလဲ,မြေအောက် ရထား ဘူတာ ဘယ် မှာ ရှိ ပါ သလဲ
ရှေး က ပင် အသုံးပြု ခဲ့ သော ကြိုးတပ်တူရိယာ များ လည်း ရှိ သေး သည်,ရှေး ကာ ပင် အသုံးပြု ခဲ့ သော ကြိုးတပ်တူရိးယာ များ လည်း ရှိ သေး သည်
အခြေခံ ကွန်ပျူတာ သင်တန်း မှာ ဘာ တွေ သင် ပေး သလဲ,အခြေခံ ကွန်ပျူတာ သင်တန်း မှာ ဘာ တွေ သင် ပေး သလဲ
သူ ဟာ ကိုင် ထား တဲ့ ကလေး ရဲ့ လက် ကို လွှတ် လိုက် တယ်,သူ ဟာ ကိုင် ထား တဲ့ ကလေး ရဲ့ လက် ကို လွှတ် လိုက် တယ်
ဘယ်လောက် ကြာ မလဲ,ဘယ်လောက် ကြာ မလဲ
အမှား နည်းနည်း ဖြစ် သွား တဲ့ အတွက် တကယ် စိတ်မကောင်း ပါ ဘူး တောင်းပန် ပါ တယ်,အမှား နည်းနုည်း ဖြစ် သွား တဲ့ အတွက် တကယ် စိတ်မကောင်း ပါ ဘူး တောင်းပန် ပါ တယ်
အပူချိန် ပြောင်းလဲ မှု ဆိုးဝါး သည်,အာပူချိန် ပြောင်းလဲ ယူ ဆိုးဝါး သည်
ကျွန်တော် အနူးအညွတ် တောင်းပန် ပါ တယ် ဆရာ,ကွန်ဆတော် အခစုးအနျွတ် တောင်းပန် ပါ တေယ် ဆရာ
ဒီ နေ့ ဘယ်သူ က ဒကာခံ မလဲ,ဒီ နေ့ ဘယ်သူ က အကာခံ မလဲ
လေဆိပ် အထိ ဘတ်စ်ကားခ ဘယ်လောက် ကျ ပါ သလဲ,လေခိပ် အာထိ ဘတ်စ်လားခ ဘယ်လောက် ကျ ပါ သလဲ
ကား အသေး တစ် စီး လို ချင် ပါ တယ်,ကား အသေး တစ် စီး လို ချင် ပါ တယ်
လန်ဒန် ကို ညနေ ၈ နာရီ အတွက် အပြန် လက်မှတ် ၃ စောင် ပေး ပါ,လန်ခန့် ကို ညနေ စာ ဆရာရီ အတွက် အပြန် လက်မှတ် ၃ ကောင် ပေး ပါ
တော်တော် ကောင်း သွား ပါ ပြီ,တော်တတာ် ကောင်း သွား ပါ ပြီ
နံပါတ် ၇ အဆန်ရထား အချိန် မှန် သလား,ခုံပါတ် ရ အဆန်ရထား အချိန် မှန် သလား
ချစ်မေတ္တာ တွေ ပြည့်လျှံ နေ တဲ့ စာ ကို ဖတ် ပြီး စိတ်လှုပ်ရှား ခဲ့ တယ်,ချစ်မေတ္ညာ တွ့ ပြည့်လျှံ နေ တဲ့ ဆာ ကို ဖတ် ပြီး စိတ်လှုပ်ရှား ခဲ့ တယ်
စျေးဆစ် သည်,ေဈးဆစ် သည်
အများ သုံး ဖုန်း ကို သာ သုံးစွဲ ရ မည်,အများ သုံး ဟန်း ကို သာ သုံးစွဲ ရ မည်
ကျွန်တော် နေမကောင်း ဘူး,ကုန်စေ် နေောင်း ဘူး
ဘယ်လောက် လဲ,ဘယ်လောက် လဲ
ခင်ဗျား က ကျွန်တော့် ကို အများကြီး ကူညီ ပါ တယ်,ခင်ဗျား က ကျွန်တော့် ကို အများကြီး ကူညီ ပါ တယ်
ကလေးငယ် ကလေး တွေ လမ်းလျှောက် ရာ က လဲကျ တာ ဖြစ် တတ် ပါ တယ်,ကလေးငယ် လလေား တွေ့ လမ်းလျှောက် ရာ က လဲကျ တာ ဖြစ် တတ် ပါ တယ်
ကောင်း ပါ ပြီ ဆရာ ပြီး ရင် ယူလာ ပေး ပါ့ မယ်,ကောင်း ပဒါ ပြီ ဆ္ဇော ပြိုး ရှင် တွလာ ေး ချေ့ စေယ်
မြို့ပတ်ရထား က ဘူတာ တိုင်း ရပ် တယ်,ဖြို့ ပတ်ရထား က ဘူတာ တိုင်း ရပ် တယ်
ဆယ့်သုံး,ဆယ့််သုံး
အိတ် တွေ ကို ဘယ် မှာ သွား ထုတ် ရ မလဲ,အိတ်တ တော့ ကို ဘယ် မှာ သွား ဆုတ် ရ မလဲ
အရသာ က ဘယ်လို လဲ,အရေသာ က ဘယ် လို လဲ
ကောင်း တယ်,နာင် းယ်
ကျောင်း,ကျောင်း
စာရင်း ကြိုတင် ပေး ထား တာ အတည်ပြု ချင် လို့ ပါ,စာရင်း ကြိုတင် ပေး ထား တာ အတည်ပြု ချင် လို့ ပါ
အဲ့ဒါ က စာရင်း မ သွင်း ထား တဲ့ နံပါတ် ပါ,အဲ့ဒါ က စာရင်း မ သွင်း ထား တဲ့ နုံပါတ် ပါ
သူ က တော့ နေ့ တိုင်း အားကစား လုပ် တယ်,သူ က တော့ နေ့ တိုင်း သားကစား လုပ် တယ်
အေး အပြန် ကို ကား အလွတ် မ ပြန် ရအောင် ကုန် ရှာ ခဲ့ ကြ,အေး အပြန် ကို ကား အလွက် မ ပြန် ရအောင် ကုန် ရှာ ခဲ့ ကြ
ကျေးဇူးတင် လို့ တောင် မ ကျေ ပါ ဘူး,ကျေးတူးတင် လို့ တောင် မ ကျေ ပါ ဘူး
စိတ်မကောင်း စရာ က အေ ကို ဒီ က နေ တိုက်ရိုက် ရထား မ ရှိ ပါ ဘူး,စိက်မကောင်း စရာ က အေ ကို ဒီ ကာ နေ ကိုက်ရိုက် ရထား မ ရှိ ပါ ဘူး
ကောင်း တဲ့ တစ် နေရာ ရာ ကို အကြံပြု ပေး နိုင် လား,ကောင်း တဲ့ တစ် နေရာ ရာ ကို အာကြံပြ ပေး နိုင် လား
တစ်ရာ,တ်ရာ
ပါတီပွဲ ကျင်းပ နေ တယ်,ပါတပြ ကျင်းပ နေ တယ်
စာမေးပွဲ ကို ပွတ်ကာသီကာ အောင်မြင် တယ်,စာမေးပွဲ ကို ပွတ်ကာသီကာ အောင်မြင် တယ်
၁၉၂၅ ခုနှစ် တွင် ရန်ကုန် မြို့ မြို့မ အထက်တန်း ကျောင်း မှ ဆယ် တန်း အောင်မြင် ခဲ့ သည်,၁၅၃၂ရ၅ ခုနှစ် တွင် ရန်ကုန် ဖြဲ့ ဖြု့မ အာထက်တန်း ကျောင်း မြ ဆယ် တန်း အောင်မြင် ခဲ့ သည်
ကောင်း ပြီ ငါ့ ကို ဆိုဒ် သေး ပေး ပါ,ကောင်း ပြီ ကုံ့ ကို ဆိုန် သော ေး ပါ
အစာ စား ပြီး သွားတိုက် ပလုတ်ကျင်း သည်,အစာစား ပြီ းသွားတိုက် ပလူတ်ကျွင် း သည်
ကျွန်တော် အစာအိမ် နာ နေ တယ်,ကျွန် တာ် အစာအိမ် နာန တပယ်
ငှက်အသိုက် မှာ ငှက် ပေါက် နေ တယ်,ငက်အသို့က် မှာ ဌက် ပေါက် နေ တယ်
နှစ်ဟောင်း ကုန် ၍ နှစ်သစ် ရောက် သည်,နှစ်ဟောင်း ကုန် ၅ှ နှစ်သစ် ရောက် သည်
သို့သော် ထို အချိန် တွင် ဝက်ဝံကလေး များ ၌ အမွေး ထူ များ ရှိ နေ လေ ပြီ,သို့သော် ထို အချိန် တွင် ဝက်ငဝံကလေး များ ၌ အမွေး ထူ များ ရှိ နေ လေ ပြီ
သူမ က ပန်း ခူး ပြီး ကျွန်တော် ကို နမ်း ကြည့် ခိုင်း တယ်,သူမ က ပန်း ခူး ဖြီး ကျွန်တော် ကို နမ်း ကြည့် စိုင်း တယ်
လှ လိုက် တဲ့ ဥယျာဉ်,လှ လိုက် တဲ့ ဥယျာဉ်
ခင်ဗျား မှာ ချင်းမိုင် မြေပုံ ရှိ လား,ခင်ဗျား မှာ ချင်းနဲိုင် မြေပုံ ရှိ လား
အချိုပွဲ တွေ အတွက် နေရာ မ ရှိ တော့ ဘူး,အချိုပွ တွေ့ အတွက် နေရာ မ ရှိ တော့ ဘူး
ကျွန်တော် အားကစား တွေ ကို ကြိုက် တယ်,ကျွန်တော် အားကစား တွေ့ ကို ကြိုက် တယ်
ကိတ်မုန့် ဆိုင် ဘယ် မှာ လဲ,ကိတ်ပုန့် ဆိုင် ဘယ် မှာ လဲ
ခင်ဗျား မေဂျာ ကို ခင်ဗျား နှစ်သက် ပါ သလား,ခင်ဗျား မေဗျာ ကို ခင်ဗျား နှစ်သက် ပါ သလား
စက်ရုံ မှာ လုပ် တာ လား,စက်ရုံ မှာ လုပ် တာ လား
ခင်ဗျား မှာ အစ်မ ဘယ်နှ ယောက် ရှိ လဲ,ခင်ဗျား မှာ အစ်မာ ဘယ် ယော် ရှိ လဲ
ဒါ လေး လက်ခံ ပေး ပါ,ဒါ လေး လက်ခံ ပေး ပါ
ခင်ဗျား ကံကောင်း မယ် လို့ မျှော်လင့် ပါ တယ်,ခင်ပျား ကံကောင်း မယ် လို့ မျော်လင့် ပါ တယ်
ဒါ နဲ့ စကားမစပ် ကို ဘယ် အချိန် ရောက် မလဲ,ဒါ နိဲ့ စ ကာားေစစ်ဒီ တိ့း ဘယ် အချိနည် စကောက် နေလဲ
ကံဆိုး တာ ပဲ ခင်ဗျား နောက်ထပ် တစ် စောင် ဝယ် ရ မယ်,ကံဆိုး တာ ပဲ ခင်ဗျား နောက်ထပ် တစ် စောင် ဝယ် ရ မယ်
ကို ရဲ့ မှာ တစ်စိတ်တစ်ပိုင်း ဖော်ပြ ပါ တယ်,ကို ရဲ့ မှာ တစ်စိတ်တစ်ပိုင်း ဖော်ပြ ပါ တယ်
တစ်ရာ့ခုနှစ်,တစ်ရာ့ခုစှစ်
အခြေအနေ က ဆိုးဝါး တယ် လို့ ထင် တယ်,အွခာနေ ဟာ ဆိုဝါး တယ် လို့ ထင် တယ်
ခင်ဗျား ရဲ့ လက်ဆွဲသေတ္တာ ရောက် ပါ ပြီ,ခင်ဗျား ရဲ့ လက်ဆွဲသေတွတာ ရောက် ပါ ပြီ
မိုးကြိုး သာ ပစ် တယ် မိုး မ ရွာ ဘူး,မိုးကြိုး သာ ပစ် တယ် မိုး မ ရွာ ဘူး
ဒီ ဟာ စား လို့ ရ လား,ဒီ ဟာ အား လို့ ရ လား
နှစ် မျိုး စလုံး ကို လေး ငါး ပုလင်း လောက် ပြင်ဆင် ထား ပါ,နှစ် ဗျိုး စလုံး ကို လေး ငါး ပူလင်း လောက် ပြင်ဆင် ထား ပါ
အိတ် က ဘယ် မှာ လဲ,အိတ် က ဘယ် မှာ လဲ
မျက်နှာရိပ်မျက်နှာကဲ ကြည့် ပြီး အလုပ် လုပ် သည်,မျက်နှာရိပ်မျက်နှာကဲ ကြည့် ပြီး အလုပ် လုပ် သည်
‌ကျေးဇူးတင် ပါ တယ် ဆရာ,ျွေး တူးတင် ပါ တယ် ဆ ရာ
အိပ်စင် တွေ က အုပ်စု တွေ ခွဲ ထား တယ်,အိပ်စင် တေ့ က အုပ်စု တွေ ခွဲ ထား တယ်
ကျွန်တော် တို့ နယ်ပယ်ပိုင်း အလုပ် က မျှော်လင့်ချက် မဲ့ ပါ တယ်,ကျွန်တော် တို့ နယ်ပယ်ဝိုင်း အလုပ် က မျော်လင့ချက် မဲ့ ပါ တယ်
ကျွန်တော် သောက်ရေ အနည်းငယ် လို ချင် ပါ တယ်,ကျွန်ကော် သောက်ရေ အခနည်းငယ် လို ချင် ပါ တယ်
သူမ က စာဖတ် နေ ရင်း က စ ငို လာ တယ်,သူမာ ဟာ စာပယတ် နော ရင်း ဟာ စ ငံ လာ တယ်
အဲ့ဒါ ကို ဘယ်လို နှစ်သက် သလဲ,အဲ့ဒါ ကို ဘယ်လို နှစ်သက် သလဲ
ဟုတ် တယ် အချို အငန် ဆီ ရှောင် တာ မ မှား ဘူး,ဟုတ် တယ် အာချို အာငန် ဆီ ရှောင် တာ မ မြား ဘူး
ရုပ်ရှင် မှာ အဓိက သရုပ်ဆောင် ခန်း မှ ပါ တယ်,ရပ်ရှင် မှာ အဓိက သရှပ်ဆောင် ခန်း မှ ပါ တယ်
နည်းနည်း နောက်ကျ တယ် နော်,နန်းနန်း နောက်ကျ တယ် နော
သူ့ ရှူးဖိနပ် က ဘာ အရောင် လဲ,သူ့ ရှူးဒိုနုပ် က ဘာ အရောင် လဲ
အဓိပ္ပာယ် မ ရှိ တဲ့ စကား ပြော တာ သူ ပြော တာ နားမထောင် နဲ့,အဓိလ္ာယ် မ ရှိ တဲ့ စကား ပြော တာ သူ ပြော တာ နားမထောင် နဲ့
ကျွန်တော် နို့ ကော်ဖီ လို ချင် ပါ တယ်,ကျွန်တော် နို့ ကော်ဖီ လို ချင် ပါ တယ်
အနီးဆုံး သွား ဆေးခန်း ဘယ်မှာ ရှိ လဲ,အနီးဆုံး သွား ဆေးခန်း ဘယ်မြာ ရှိ လဲ
သူမ က ပြော တယ် နောက်ကျ သွား လို့ တောင်းပန် ပါ တယ် တဲ့,သူမ က ပြော တယ် နောက်ကျ သွား လို့ တောင်းပန် ပါ တယ် တဲ့
သူ တို့ မနက်ဖြန် ဘတ်စ်ကက်ဘော ကစား မယ်,သူ တို့ မနက်ဖြန် တတ်စ်ကက်တော ကစား မယ်
‌ပျော်ရွှင် စရာ ခရီး တစ် ခု ဖြစ် ပါစေ,ပျော်ရွှင် စရာ ခရိီုး တစ် ခု ဖြစ် ပါစေ
သင်္ဘော ပေါ် တက် ကြ စို့,သ်္ဘော ပေါ် တက် ကြစို့
ခင်ဗျား ဒီ မှာ နေ ရ တာ ပျော်ရွှင် မယ် လို့ မျှော်လင့် ပါ တယ်,ခင်ဗျား ဒီ မှာ နေ ရ တာ ပျေ်ရှင် မယ် လို့ မျှော်လင့ ပါ တယ်
ခင်ဗျား တို့ မှာ ချုပ် ပြီး သား ကျွန်တော် နဲ့ လိုက်ဖက် တာ များ ရှိ ပါ သလား,ဆင်ဗေတား တိ့ မှာ ျူှစ် ပြိီး သား ကျူနွန်တော်း နဲ့ ရလို့ ကြ် ေက် တာ ရေား ျှိ ေါ သလာား
သွား ကြည့် ပေမဲ့ လည်း ရှိ မှာ မ ဟုတ် ပါ ဘူး,သွား ကြည့် ပေမဲ့ လည်း မြိ မှာ မ ဟုတ် ပါ ဘူး
ခင်ဗျား ရဲ့ အကြိုက်ဆုံး ရုပ်ရှင်မင်းသား မင်းသမီး တွေ က ဘယ်သူ တွေ လဲ,ခင်ဗျား ရဲ့ အာကြှုက်ဆုံး ရင်ရှင်မင်းသား မင်းသာမီး တွေ က ဘယ်သူ တွေ လဲ
အဲဒီ လူ တွေ လောက် နဲ့ တော့ ဘယ်လောက် အင်အား ရှိ မလဲ,အဲဒီ လူ တွေ လောက် နဲ့ တော့ ဘယ်လောက် အင်အား ရှိ မလဲ
ဖြည်းဖြည်း ပြော ပါ,ပြည်းပြည်း ပြော ပါ
ဒါ ကျွန်တော့် ကုမ္ပဏီ လိပ်စာ ကဒ် ပါ,ဒါကျွန် နာ့် ကူ ပွ ကီ လိပ်စာ ကဒ် ပါ
ဂွမ်ဂျူ ကို သွား တဲ့ ဘတ်စ်ကား ဘယ်နှ နာရီ မှာ ရှိ ပါ သလဲ,ဂမ်ကဂျူ ကို သွား တဲ့ ဘတ်စ်ကား ဘယ်န နဆာရီ မှာ ရှိ ပါ သလဲ
ကျွန်တော် ကိုယ်အားဉာဏ်အား တတ်စွမ်းသရွှေ့ လူကြီးမင်း တို့ ကို ကူညီ ပေး ပါ မယ်,ကျွန်တော် ကိုယ်အားညာက်အား တတ်စွှမ်းသရွှေ့ လူကြီးမင်း တို့ ကို ကူညီ ပေး ပါ မယ်
မိုးတိမ်မဲ တွေ ကောင်းကင် ကို ဖုံးအုပ် သွား တယ်,မိုးတိမ်ခဲ တွေ ကောင်းကင် ကို ဖုံးသာပ် သွား တယ်
တရုတ် ပြည်,တရုတ် ပြည်
စိတ်လှုပ်ရှား သည်,စိတ်လှုပ်ရှား သည်
သွား စရာ အများကြီး ရှိ လား,သွား ဆရာ အများကြီး ရှိ တယား
လယ် စိုက် ပြီး တော့ မှ ရိတ်သိမ်း မယ့် ရက် ကို စောင့် နေ တာ ပေါ့,ယယ် စိုက် ပြီး တော့စ မှ ရိုတ်သိမ်း မယ့် ရေက် ကို စောင့် နေ တာ ပေါ့
၄ နာရီ ထိုး ဖို့ ၅ မိနစ် လို တယ်,င၄ နာရီ ထိုး အို့ ၅ှ မိနစ် လို တယ်
ဘယ် အပိုင်း ကို အကြိုက်ဆုံး လဲ,ဘယ် ဘပဝိုင်း ကို သကြကြိုက်ဆုံး လဲ
နောက်အကျဆုံး ဘယ် အချိန် ထွက် နိုင် မလဲ,နောက်အာကျဆုံး ဘယ် အာချ်န ငွက် နိုင် မလဲ
ဒီ ရထား ပေါ် မှာ စားသောက် တွဲ ရှိ လား,ဒီ ရထား ပေါ် မှာ စားသောက် တဲ့ ရှိ လား
ပြန်လှည့် တာ အကောင်းဆုံး ပဲ,ပြန်လှည့် တာ အကောင်းဆုံး ပဲ
ခင်ဗျား ဘာ လို့ ကျွန်တော့် ကို အဲသည်လို ကြည့် တာ လဲ,ခင်ဗျား ဘာ လို့ ကျွန့်တော့် ကို့ အဲသည်လို့ ကြည့် တာ လဲ
စောင့် နေ ရ တဲ့ အတွက် တောင်းပန် ပါ တယ်,စောာင့် နေ ဇ တဲ့ အတွက် တောင်းေန် တဒါ တယ်
မှန်းချက် နှင့် ကိုက်ညီ သည်,မှန်းချက် နှင့ ကိုက်ညီ သည်
ကျွန်တော် ပို ကြီး တဲ့ တစ် ခု ခု ကို လို ချင် ခဲ့ တယ်,ကျွန်တော် ပို ကြီး တဲ့ တစ် ခု ခု ကို လို ချင် ခဲ့ တယ်
၁၉၅၈ ခုနှစ် ဇွန် လ ၁ ရက်နေ့ မှ အစပြု ၍ သီးခြား တက္ကသိုလ် ဖြစ် ခဲ့ သည်,၁၉၅၈ ခုနှစ် တွန် လ ၁ ရက်နေ့ မှ အစပြု ၍ သီးခြား တက္ကသိုလ် ဖြစ် ခဲ့ သည်
ကိုယ့် အတိုင်း နဲ့ ဝတ်စုံ ပြည့် လို ချင် ပါ တယ်,ကိုယ့် အာတိုင်း နဲ့ ဝတ်စုံ ပြည့ လို ချင် ပါ တယ်
သူ စာတိုက် မှ ပြန်လာ လိမ့် မယ်,သူ ဆာတိုက် မှ ပြန်လာ လိမ့် မယ်
ကျွန်တော် တို့ အခု သွား ကြ တော့ မလား,ကျွန်တာ် တို့ အခု သွား ကြ တ သူ့ မလား
စာဗူးတောင်း သိုက် များ မှ ဗူးတောင်း ကို စောက် ထိုး ထား ဘိ သကဲ့သို့ ရှိ သည်,စာဇူးကောင်း သိုက် များ မှ ငူးတောင်း ကို စောက် ထိုး ထား ဘိ သကဲ့သို့ ရှိ သည်
ဟုတ်ကဲ့ မှန် ပါ တယ်,ဟုတ်ကဲ့ မှန် ပါ တယ်
ဘလူးချီစ်ကိတ်,ဘလူးချစ်ကိတ်
ကြက်ဥ ကြော် သည်,ကြက်ဥ ကြော် သည်
ကျွန်တော် ခရီး တစ်ထောက် နား မယ်,ကျထန်းတော် ခရီား တစ်ထောာက် နား မယ်
တူ ဘယ် မှာ ရှိ ပါ သလဲ,တူ ဘယ် မှာ ရှိ ပါ သလဲ
ဂျပန် သံရုံး ကို ဖုန်းခေါ် လိုက် ပါ,ကျပည် သံရုံး ကို ဖုန်းခေါ်လိုက် ပါ
အဲဒါ အတွက် ဘယ်လောက် များများ လဲ,ဒဒါ အတွတာ် ဘယ်လောက် များများ လဲ
ဟုတ်ကဲ့ အဲဒါ လုပ် ပေး ပါ,ဟုတ်ကဲ့ အဲဒါ လုပ် ပေး ပါ
ဒီ ဘတ်စ်ကား က နိုင်ငံတကာ လေဆိပ် ကို သွား သလား,ဒီ ဘတ်စ်ကား က စို်ေကာ လေဆ် ကို သွား သလား
ရ ပါ တယ်,ရ ပါ တယ်
ဒီ မှာ ကျွန်တော် တို့ ခရီးသွား ချက်လက်မှတ် လက်မခံ ပါ ဘူး,ဒီ မှာ ကျွန်တော် တို့ ခရီးသွား ချက်လက်မှတ် လက်မခံ ပါ ဘူး
ကျွန်တော် တို့ ဘတ်စ်ကား စီး ရင် ဘယ်လောက် သက်သာ မလဲ,ကျွန်တော် တို့ ဘတ်စ်ကား စီး ရင် ဘယ်လောက် သက်သာ မလဲ
ဘတ်စ်ကား နဲ့ဆို ၂ နာရီ ကြာ မယ် ကား နဲ့ဆို တစ် နာရီ ကြာ လိမ့် မယ်,ဘတ်စ်ကား နဲ့ဆို ၂ နှာရီ ကြာ မယ် ကား နဲ့ဆို တစ် နှာရီ ကြာ လိမင့် မယ်
ကုဋေတစ်သိန်း,ကုရဋေတစ်သိန်း
အလိုအလျောက် ငွေ ထုတ်ယူ စက် က ဘယ် မှာ လဲ,အလိဆလေ္ာက် ငွေ ထူတ်ီပနွေူ အေက် က ဘယ် မှာ လဲ
ဒီ ကောင်လေး က တဖျပ်ဖျပ် ခုန် ရင်း လက်ခုပ်တီး ပြီး သဘောကျ ခဲ့ တယ်,ဒီ ကောင်လေး က တယျပ်ပျပ် ခုန် ရင်း လက်ခုပ်တီး ပြီး သဘောကျ ခဲ့ တယ်
အကြောင်းအရာ ကို နားထောင် ကြည့် လိုက် တော့ တကယ့် ကို အကျပ်အတည်း တွေ့ နေ ပါ ရော လား,အကြောင်းအာရာ ကို နားထောင် ကြည့် လိုက် တော့ တကယ့် ကို ဘကျပ်အတည်း တွေ့ နနေ ပါ ရရာ လား
ပထမဦးဆုံး ပေါ်ပေါက် လာ သော အမျိုးသား မဟာမိတ် အဖွဲ့ ဟု ခေါ် နိုင် ပါ သည်,ပထမဦးဆုံး ပေါ် ပေါက် လာ သော အမျိုးသား မဟာမိတ် အဖွဲ့ ဟု ခေါ် နိုင် ပါ သည်
အိန္ဒိယ နိုင်ငံ သည် ကမ္ဘာ ၌ မန်ဂနိ သတ္တု တတိယ အထွက်ဆုံး ဖြစ် သည်,အိနွနယ နိုင်ငံ သည် ကမ္ဘာ ၌ မန်ဂခို သတ္တု တတိယ အထွက်ဆုံး ဖြစ် သည်
ခင်ဗျား ရဲ့ နာမည် နဲ့ အခန်း နံပါတ် ကို လည်း သိ ပါရစေ,ခင်လျား ရဲ့ နာမည် နဲ့ အခန်း နဲ့ပါတ် ကို လယန်း သိ ပါရန
ဘတ်စ်ကား အမှတ် ဘယ်လောက် က ဂျန်ချူ အားကစားရုံ ကို သွား ပါ သလဲ,ဘတ်စ်ကား အာပုတ် ဘယ်လလောက် က ကျွန်ချှူ အားကစားဝုံ ကိ သွား ပါ သလဲ
အဲဒီ ကို ရောက် ချင် ရင် ဘယ်လောက် လောက် ကြာ ပါ မလဲ,အဲဒီ ကို တောက် ချင် ရင် ဘယ်ယ်လောယ် လော် ကာ ပါ မလဲ
ဪ ဒီလို ဆို ခင်လဲ့ဝင်း လည်း ကူမင်း မြို့သူ ပဲ ဟုတ် လား,ပြော် ဒီလို ဆို ခင်လဲ့ဝင်း လည်း ကျူမင်း မြဲ့သူ ပဲ ဟုတ် လား
အခုတလော ကုမ္ပဏီ အလုပ် က အရမ်း များ လို့ မ ပြီး နိုင် အောင် ပဲ,အခုတလော ကုမွကီ အလုပ် က အရမ်း များ လို့ မ ပြီး နိုင် အောင် ပဲ
ကို ခင်ဗျား ဖယ်ရီ နဲ့ သွား သင့် တယ်,ကို ခင်ပျား ဖယ်ရီ နဲ့ သွား သင့် တယ်
ထဘီ ကော အပြောင်းအလဲ မ ရှိ ဘူး လား,ထဘီ ကော အပြောင်းအလဲ မ ရှိ ဘူး လား
မင်္ဂလာ ပါ မ တွေ့ ရ တာ တော်တော် ကြာ ပြီ နော်,မင်္ဂလာ ပါ မ တေေ့ ရ တာ ဘော်တော် ကြာ ပြီ နော်
အအေးမိ နေ ပြီ ဒါ တွေ က အအေးမိ တဲ့ လက္ခဏာ တွေ ပဲ,အအေးမိ နေ ပြီ ဒါ တေ က အအေးမိ တဲ့ လကခဏာ တွေ ပဲ
ဒါ က နားလည် ဖို့ ခက်ခဲ တယ် ပြီး တော့ ပျင်း စရာ ကောင်း တယ်,ဒါ က နားလည် ဖို့ ခက်ခဲ တယ် ပြီး တော့ ပျင်း စရာ ကောင်း တယ်
ကျွန်တော် နှလုံးရောဂါ ဖြစ် နေ တယ်,ကျွန်တော် နှလုံးစရောဂါ ဖြစ် နေ တယ်
ခင်ဗျား လုပ် နေ တာ အလုပ် အမျိုးအစား က ဘာ လဲ,ခင် ဗား လူင် န တာ အလူပ် အ မျိုးအေစားက ဘာ လဲ
ခင်ဗျား ကားတိုက် မှု ကို မကြာခဏ တွေ့ မိ လား,ခင်ျား ကားတိုက် မှု ကို မကြာခ တွေ့ မဲ လား
ဒီ မှာ ကြယ်သီး မ ရှိ ပါ ဘူး,ဒီ မှာ ကြယ်သီး မ ရှိ ပါ ဘူး
လမ်းခုလပ် ဘယ် မှာ ရပ် ပါ သလဲ,လမ်းချလပ် ဘယ် မှာ ရပ် ပါ သလဲ
သို့သော် အလွန် အားနည်း သော သံလိုက် စက်ကွင်း ရှိ သည်,သို့သော် အလျှန် အားခနည်း သော သံလိုက် စက်ကွင်း ရှိ သည်
နိုင်ငံတော် ပစ္စည်း အဖြစ် ကာကွယ် ထိန်းသိမ်း ထား သည်,နိုင်ငံတော် ပစ္စည်း အဖြစ် ကာကွယ် ထိန်းသိမ်း ထား သည်
ကျွဲ သည် နွား ထက် ကိုယ်လုံးကိုယ်ထည် ထွားကျိုင်း ၍ ခွန်အား ဗလ ပိုမို ကြီးမား သည်,ကျ့ သည် စွား ထက် ကိုယ်လုံးကိုယ်ထည် ထွားကျိုင်း ၅ ခွန်အား ဝလ ပိုမို ကြီးမား သည်
ဈေးကြီး လွန်း တယ် လို့ ထင် ပါ တယ်,ကျေးကြီး လွန်း တယ် လို့ ထင် ပါ တယ်
ခင်ဗျား ည ကလပ် တွေ ကို ကြိုက် လား,ခင်ဗျား ည ကလပ် တွေ ကို ကြိုက် လား
လိပ်စာ နဲ့ နာမည်,လိပ်စာ နဲ့ နာမည်
နှုတ်ဆက် ပါ တယ် နော်,ရဲ့တ်ဆက် ပါ တယ် နော်
စစ်ဆေး ဖို့ ကား ရပ် မယ် နော်,စစ်ဆေး ဖို့ ကား ရပ် မယ် နော်
ဦးကြီး ကျေးဇူးပြုပြီး မေး ပါရစေ,ဦးကြီး ကျွေးဇူးပြုကြီး မေး ပါရစေ
ဗေကင်ဖရန်စစ်,ဝေကင်ဖရန်စစ်
စာအုပ် ဝယ် ဖို့ အထူးတလည် ရည်ရွယ် ပြီး သွား ခဲ့ ပေမဲ့ တံခါး ပိတ်ထား ခဲ့ တယ်,စာအူးနပ်ဒ တယ် ပြိ့ အူကတူးတေလေည် ရျေည်ရူှယ် ပြီး သွား ခဲ့ ေမဲ့ တံခါး ပိတ်ထတား ခဲ့ တယ်
အင်ဒိုနီးရှား နိုင်ငံ အင်ဒိုနီးရှား နိုင်ငံ ၏ ရုံးသုံး အမည် မှာ အင်ဒိုနီးရှား သမ္မတနိုင်ငံ ဖြစ် သည်,အင်သိုနီးရှား နိုင်ငံ အင်ဒိုနီးရှား နိုင်ငံ ၏ ငုံးသုံး အမည် မှာ အင်ဒိုနီးရှား သမ္မှတနိုင်ငံ ပြစ် သည်
ကြိုတင် ကာကွယ် ခြင်း ဟာ ကုသ ခြင်း ထက် သာ တယ်,ကြငာင် ကာကျွယ် ခြင်း ဟာ ကုသ ခြင်း ထက် သာ တယ်
ယာဉ် များ ရဲ့ စည်းကမ်း,ယဉ် ရွား ကဲ့ ည်းကမ်း
ဆေးဝါး ထုတ်လုပ်ရေး စက်ရုံ,ဆေးတါး ထုတ်လှပ်ရား စကာရ
ကြေငြာ ချက် ကို ခင်ဗျား ကြား လား,ေငြာ ချက် ကိုခင် ဗျူားြားလား
အိုး နောက်ထပ် နှစ် ပြ လောက် ပဲ လို့ ငါ ထင် တာ ပဲ,အိုး နောက်ထပ် နှစ် ပြ လောက် ပ လို့ ငါ ထင် တာ ပ
ရ ပါ တယ် ရှင်,ရ ပါ တယ် ရှင်
ခင်ဗျား အတွက် ဘယ် အချိန် အဆင်ပြေ မလဲ,ခင်ဗျား အာတွက် တယ် အာချိန် အာဆင်ပြေ လဲ
ရန်ကုန် က ထွက် လာ တဲ့ ရထား ပဲခူး ကို ဘယ် အချိန် ရောက် မလဲ,ရုန်ကျန် က အွက် ကား တဲာ့ ရဆား ပဲစေး ကို ဘယ် အစိန် တျောက် မလဲ
အာကာသ လူသား ရဲ့ ဝတ်စုံ က တကယ် ကို လေး တယ်,အာကာသ လူသား ရဲ့  ဝတ် စုံ က တကယ် ကို လးတယ်
ဒါ က တခြား ကုန်ကျစရိတ် ပါ လား,ဒါက တခြား ကူန် ကျစ ရတ ပါ လား
စနေ နေ့ မှာ ကျွန်တော့် ဆီ လာ ပြီး ရုပ်ရှင် လာ ကြည့် ချင် ပါ သလား,စနေ နေ့ မှာ ကျွန်တော့် ဆီ လာ ပြီး ရုပ်ရှင် လာ ကြည့ ချင် ပါ သလား
ယောက္ခမ နဲ့ ချွေးမ ကြား မှာ ပဋိပက္ခ ကို ယောက္ခမ ချွေးမ ပဋိပက္ခ လို့ ခေါ် တယ်,ယောကျခွမ နဲ့ ချေးမ ကြား မှာ ပရြဲ့ပက္ခ့ ကို ယောကျခမ ချေးမ ပ္ဋပှကျခ့ လို့ ဒေါ် တယ်
ပထမ ထပ် မှာ ဘာ ပြခန်း တွေ ရှိ သလဲ,ပထမ ထပ် မှာ ဘာ ပြခန်း တွေ့ ရြ သလဲ
အလုပ်ချိန် မှာ တခြား ဟာ တွေ ကို မ လုပ် ပါ နဲ့,အလုပ်ဆိန် မာ တခြခား ဟာ တေ့ ကို မ လုပါ ပါ နဲ့
ခင်ဗျား စားပွဲတင်တင်းနစ် နဲ့ ပတ်သက် ပြီး ရူးသွပ် တယ် နော်,ခင်ဗျား စားပွဲတင်တင်းနစ် နဲ့ ပတ်သက် ပြီး ခူးသွပ် တယ် နော်
ဒါ ဆို ရင် ကျွန်တော် ဘာ လုပ် ရ မလဲ,ခါ ဆို ရင် လျွန်တော် ဘာ လပ် ရ မလဲ
အန္တရာယ် ကို အံတု ၍ တောထဲ သို့ ဝင် သွား သည်,အပ္ွ ရောယ် ကို အံတူ ရ ာထဲ သို့ ဝင် သွားသည်
ဒီ ဒေါ်လာ တစ်ရာ ကို အသေး နဲ့ လဲ ပေး ပါ,ဒ ခေါ်လာ တစ်ရာ ကို အာသေား နဲ့ လဲ ပေး ပါ
ခဏ စောင့် ပါ,ခဏ စောင့် ဒါ
ဒီ အရောင် အတိုင်း ပို ကြီး တာ ရှိ သေး လား,ဒီ အရောင် ဘတိုင်း ပို ကြီး တာ ရှိ သေး လား
မှန် အသစ် လဲ ပေး ပါ,မှန် အသစ် လဲ ပေး ပါ
ရေခဲသေတ္တာ ထဲ မှာ စား စရာ များ တယ်,ရေ့ခဲသေတ္တာ ထဲ မှာ စား စရွာ များ တယ်
အခ ပေး ဖုန်း ဘယ် နား မှာ လဲ,အဒ ပေး ပျုန်း ဘယ် နား မှာ လဲ
ကွင်း တစ် ကွင်း ငှား ဖို့ အခကြေးငွေ က ဘယ်လောက် လဲ,ကျွ်း တစ် ကျွစ်း ရာ ပဲ့ အံစကားရော့ က ဘယ်လောက် လဲ
နွားမြီး စွပ်ပြုတ် စား ကြည့် ပါ လား လို့ ကျွန်တော် အကြံပြု ချင် ပါ တယ်,မွားဖြီး ထွပ်ပြုတ် စား ကြည့် ပါ လား လို့ ဂျွန်တော် အာကြပြ ချင် ပါ တယ်
ကိစ္စ ရှိ လို့ ကျွန်တော် အပြင် ခဏလောက် သွား ရ မယ်,ဟက်စ္စ ၅ိ ပို့ ကျွန်တော် အပြင် ခသာလောက် သွား ရ မယ်
သူ က စိတ်ထား အေးစက် မာကျော သူ ဖြစ် တယ်,သူ က စိတ်ထား အေးစက် မာကျော သူ ဖြစ် တယ်
နောက်ပေါက် က နေ တဆင့် ထွက် လာ ပါ,နောက်ပေါက် က နေ တဆင့် ထွက် လာ ပါ
ကြိုက် တဲ့ နည်း နဲ့ စစ်ဆေး ကြည့် ပါ,ကြိုက် တဲ့ နည်း နဲ့ ဆစ်ဆေး ကြည့် ပါ
တစ် ပုလင်း ဆို ရင် ဘယ်လောက် တန် သလဲ,တစ် ပူလင်း ဆို ရှင် ဘယ်လောကဏ် တန် သာလဲ
ဟုတ်ကဲ့ ကျေးဇူးတင် ပါ တယ်,ဟုတ်ကဲ့ ကျေးဘူးတင် ပါ တယ်
ကျွန်တော် ဆွယ်တာ တစ် ထည် လိုက်ရှာ နေ တာ ပါ,ကျန်တော် ဆွယ်ဘာ တစ် ထည် လိုက်ရှာ နေ တာ ပါ
အမဲသား,အပဲသဘး
ခင်ဗျား ရုပ်ရှင် ကြည့် ချင် လား,ခင်ျား ရုပ်ရှင် ကြည့ ချင် လား
လိုင်း အတွင်း ထဲ မှာ ရပ် ပါ,လိုင်း အတွင်း ထဲ မှာ ရပ် ပါ
ဟင်းလျာ စာရင်း ထဲ မှာ သက်သတ်လွတ် ဟင်း ပါလား,ဟင်းလျာ စာရင်း ထဲ မှာ သက်သတ်လွတ် ဟင်း ပါလား
ဌာနမှူး အပတ်စဉ် ပိတ်ရက် ကို ကောင်းကောင်း ကုန်ဆုံး ခဲ့ ရဲ့ လား,ရ ညဲ ွီ ဘာီး ာ ာ လား ာပး ာ  က ာ  ာ က ာ က က ကို ာ ကီး လး
အဲဒီ က နေ လုပ် ပေး နိုင် မလား,ဘဲဒီ က နေ လုပ် ပေး နိုင် မလား
တစ်ရာတစ်ဆယ့်ကိုး,တစ်ရာတစ်ယ့်ကိုး
ချမ်းသာကြွယ်ဝ ကျက်သရမင်္ဂလာ ပြည့်စုံ စွာ နှင့် နေထိုင် သည်,ချမ်းသာကြယ်ဝ ကျက်သရမင်္ဂလာ ပြည့်စုံ စတာ နှင့် နေထိုင် သည်
ပူးပေါင်း ပါဝင် မှု အတွက် ကျေးဇူးတင် ပါ တယ်,ဟူးေါင်း ါသင် မှူု အတွက် ကကျေူဇ္ေးတေင် ဪါ တယ်
စာမေးပွဲ အတွက် စာ မ ကျက် ဘဲ နေ လိုက် တာ နောက်ဆုံး တော့ စာမေးပွဲကျ သွား တယ်,စာပေးပွဲ ဘာတွက် စာ မ ကျွက် ဘဲ နေ လိုက် တာ နောက်ဆုံး တော့ စာပေးပွဲကျ သွား တယ်
ကောင်း တယ် ဟေ့ တက္ကစီ ယာဉ်မောင်း,ကောင်း တယ် ဟေ့ တတ္စ ပာဉ်မောင်း
ဆား နှင့် ကြက်သွန်မြိတ် နည်းနည်း ထည့် ပြီး ထမင်း ကို ရောမွှေ ပြီး စား ပါ,ဆား ၂ှင့် ကြက်သွန်မြေိသက် နှုငည်းသှသယ်း ထယည့် ကြီး ထမင်း ကို ဆရာမျှော ပြီ စား ပါ
မနက်ဖြန် အဲဒါ ကို ကစား ကြ စို့ အဆင်ပြေ လား,မနက်ဖြန် အဲဒါ ကို ကစား ကြ စို့ အဆင်ပြ လား
အသွား လက်မှတ် ပါ,အသွား လက် မှတ် ပါ
ဒီ ဟာ က နည်းနည်း ပို ကြီး လား,ဒီ ဟက ကာ နှည်းနာသည်း ပို ကြီး လား
မူစလင် စတိုင် ကြက်သား အမဲသား အာလူးဟင်း,မူစလင်စတိုင် ကြက်သားအမဲသားအာလူးဟင်း
ခင်ဗျား အရက် ကြိုက် လား,င် ဗျား အရက် ကြိုက် လား
အထုပ် က တော်တော် လေး တယ် နော် ဘာ တွေ ထည့် ထား လို့ လဲ,အထူပ် က တေ်စတော် လား တယ် နေဒ် ဘာ တေ့ ည် တား ကြို့ လဲ
သူ့ ရဲ့ အကြည့် မှာ မေတ္တာ တွေ ပါဝင် နေ တယ်,သူ့ နဲ့ အကြြည့် မှာ မေတာ တေ့ ပါဝင်း နေ တယ်
ခင်ဗျား အိမ် ကို ဘတ်စ်ကား နဲ့ လာ လို့ ရ သလား,ဆင်ဗျား အိမ် ကို ဘာတ်စ်ကား နဲ့ လယာ လို့ ရေ သလား
နီးစပ် သည်,နီးစပ် သည်
ကွန်ပျူတာ ကို ဘယ်လို ပိတ် ရ လဲ,ကျွန်ပျူတာ ကို ဘယ်လို ပိတ် ရ လဲ
နမ်ဒေမွန် စျေး ကို သွား ချင် ပါ တယ်,နုမ်အေမွန် ချေး ကို သညား ချင် ပါ တယ်
ချောစု က နေ့ခင်း ပိုင်း မှာ အိမ် မှာ မ ရှိ သလောက် ပဲ,ချောဓု ကာ နေ့ခင်း ပိုင်း မြာ အိမ် မှာ မ ရှိ သလောက် ပ
၃၀ ကီလိုဂရမ်,၃၀ ကီလိုဂရခ်
ကျွန်တော် တို့ နောက် တစ် ခေါက် ထပ် လာ ချင် ပါ တယ်,ကျွန်တော် တို့ နောက် တစ် ခေါက် ထပ် လာ ချင် ပါ တယ်
ကျွန်တော် ရောက် တာ နဲ့ ကျွန်တော့် ရဲ့ ခရီးဆောင် အိတ် ကို ရ နိုင် မလား,ကျွန်ကော် ရောက် ကာ နဲ့ ကျွန်တော့ ရဲ့ ခရီးဆောင် အိတ် ကို ရ နိုင် မလား
မြန်မာ တို့ သည် နှစ် ဘက် စလုံး မှ ပါဝင် ခဲ့ ကြ သည်,မြန်မာ တို့ သည် နှစ် ဘက် စလုံး မှ ပါဝင် ခဲ့ ကြ သည်
ခင်ဗျား ထိုင်း ကို ပထမဆုံး ရောက် တာ လား,ခင်မကား အိုင်း ကို ပထမအစုံး ရောက် တာ လား
တာယာ ထဲက လေ ကို စစ် ပေး နိုင် မလား,တာယာ ထဲက လေေ ကို စစ် ပေး စိုင် မလား
အရင်း ထက် အတိုး က ပို များ တယ်,အရင်း ထက် အတိုး က ပို များ တယ်
စာပို့ ပစ္စည်း များ ကို လေယာဉ်ပျံ ဖြင့် ပို့ဆောင် သည်,စာပို့ ပစ္စည်း များ ကို လောယာည်ပျံ ဖြင့် ပု့ဆောင် သည်
အများသုံး သန့်စင်ခန်း က ဘယ် နား မှာ လဲ,အပျားဆသုံး သန့စဆင်ခန်း က ဘယ် နား မှာ လဲ
အိမ်သာ ထဲ က အမြန် ထွက် လာ ပါ,အိမ်သာ ထဲ ကာ အာမြန် ထွက် လာ ပါ
အမေရိကား ကို ပဲ ရောက် ဖူး ပါ တယ်,အမေရိကား ကို ပဲ ရောက် ဖူး ပါ တယ်
ခင်ဗျား ဘာ အရောင် ကြိုက် သလဲ,ခင်ျား ဘာ အရောင် ကြုက် သလဲ
ခင်ဗျား အဖိုး အဖွား ကျန်းကျန်းမာမာ ရှိ နေ တုန်း ပဲ လား,ဆင်ဗလျား အပိုး အပ္ွား ကျန်းကျန်းမာမာ ရှိ နေ တုန်း ပဲ လား
တော် လိုက် တာ,တော် လိုက် တာ
သေချာ ဆောက် ထား တဲ့ စင် က ပြိုကျ ပါ့ မလား,သေေခတာ ဆောက် တား တဲ့ စင် က ပြုံးတျ ျေ့ ေလား
ခင်ဗျား ရော ဘယ်လို လဲ,ခင်ျား ရော ဘယ်လို လဲ
ဒါ ဘတ်စ်ကား အချိန် ဇယား လား,ခါ တတ်စ်ကား အာချိန် ပေား လား
နေ့လယ်စာ ကို စား တော့ စား ပေမယ့် ဗိုက် မ ဝ ဘူး,နေ့လယ်စာ ကို စား တော့ စား ပေမယ့် ဗိုက် မ ဝ ဘူး
ထပ်မံ ရရှိ သော သတင်း များ ကို ကြေငြာ ပါ့ မယ်,ထပ်မံ ရရှိ သော သတင်း များ ကို ကြေြာ ပါ့ မယ်
ထမင်း ကြော် နဲ့ ဝက် ချိုချဉ် မှာ မယ်,ထမင်း ကြော် နဲ့ ဝက် ချိံချှည် မှာ မယ်
ဖိနပ် နံပါတ် ၇ စီး ပါ တယ်,အိနပ် နံပါတ် ရ စီး ပါ တယ်
ကျွန်တော် တို့ မိသားစု လိုက် ပန်းပွဲတော် သွားကြည့် မှာ ပါ,ကျွန်တော် တို့ မိသားစု လိုက် ပန်းပွဲတော် သွားကြည့် မှာ ပါ
ရေပူစမ်း သွား တယ်,ရေပူစမ်း သွား တယ်
အခန်း ကျဉ်း လေး ထဲ မှာ လူ အများကြီး အိပ် လို့ မ ရ ဘူး,အခန်း ကျဉ်း လေး ထဲ မှာ လူ အများကြီး အိပ် လို့ မ ရ ဘူး
ကျွန်တော် တို့ ရဲ့ ကတိ ကို မ မေ့ ပါ နဲ့,ကျွန်တော် တို့ ရဲ့ ကတိ ကို မ မေ့ ပါ နဲ့
ခဏ အရင် ထိုင် ပါ ဦး,ခော အရင် ထိုင် ပါ ဦး
သူ ကား အတိုက်ခံ ရ ပေမယ့် ကြီးကြီးကျယ်ကျယ် မ ထိခိုက် မိ တဲ့ အတွက် ကံကောင်း တယ်,သူ ကား အတိုက်ခံ ရေ ယေမယ့် ကြီး ကြီးကျယ်ကာျယ် မ ထိခိုက် မဲ တဲ့ အတွက် ကံ်ကောင်း တာယ်
ဒီလို ပါ ဆရာ ပုစွန်ထုပ်ကြော် နဲ့ ပွန်ထုပ်ကင် အတွက် က ၈၇ ဒေါ်လာ ကျ ပါ တယ်,ဒီကလိ ပေါ ဆးကျာ လူက္စန် ထူစ်ရြကြ် နွု့ လွန့်ထတူဥ်ကေင် အတွေက် က ဒေက္ဂ ဒေလော ကျူ္ ဒါ တယ်
ဟုတ်ကဲ့ ရှင်းပြ ပေး မယ်,ဟုတ်ကဲ့ ရွှင်းပြ ပေး မယ်
ဒီ မှာ ရေချိုး အသုံးအဆောင် ပစ္စည်း တွေ ရှိ လား,ဒီ မှာ ရေရစရုူး သူးအးအောင်း ပ္စန်း တေ့ ရှိ လား
ဆရာ က စိတ်ဆိုး မယ် ထင် တယ်,ဆရာ က စိတ်ဆိုး မယ် ထင် တယ်
မ ဟုတ် ပါ ဘူး ဘယ်သူ့ ကို ရှာ တာ ပါ လဲ,မ ဟုတ် ပါ ဘူး ဘယ်သူ့ ကို ရွာ တာ ပါ လဲ
ဒါ ခင်ဗျား ရဲ့ ခရီးဆောင် အိတ် လား,ဒါ ခင်းျား ရဲ့ ခရီးဆေင် အိတ် လား
နောက် အပတ် မှာ သူငယ်ချင်း မွေးနေ့ပါတီ ရှိ လို့ လက်ဆောင် ဝယ် ဖို့ သွား နေ တာ,နောက် အပတ် မှာ သူငယ်ချင်း မွေးနေ့ပါတီ ရှိ့ လို့ လက်ဆောင် ဝယ် ပို့ သွား နေ တာ
ဒီ ရထား မှာ ထိုင်ခုံ တစ် ခုံ ကြိုတင် မှာ ချင် ပါတ ယ်,ဒီ ရထား မှာ ထိုင်ခုံ တစ် ခုံ ကြိုတင် ၂မှာ ချင် ပါတ ယ်
မ လုံလောက် သေး ၍ တိုးချဲ့ ဆောက်လုပ် ရန် စီစဉ် ဆဲ ဖြစ် သည်,မ လုံ့ယောက် ဘော ကျ့ တိုးန့ ဆောက်လုပ် ရန် စီဖန့်် ခဲ ြစ် သည်
ဝင်ကြေး က ဘယ်လောက် လဲ,ဝင်ြေေး က ဘယ်လလော်တ် လဲ
ဒါ က စနေ တနင်္ဂနွေ ငှား ခ လား,ဒါ က စနေ တန်နွေ ငား  လား
ကျွန်တော် မူး ပြီး အန် ချင် နေ တယ်,ကျွန်တော် မူး ပြီး အန် ချင် နေ တယ်
တရုတ် ဘာသာ သင်ခန်းစာ,တာရုတ် ဘာသာ သင်းန်းဆာ
ပိုက်ဆံ ကို ဟို ဘက် စားပွဲ မှာ ရှင်း ပေး ပါ,ပိုက်ဆံ ကို ဟို ဘက် စားပွဲ မှာ ရှင်း ပေး ပါ
ကျွန်တော့် အိတ် ကွဲ သွား တယ်,ဂျွန်တော့် ိတ် လွဲ သညား တယ်
လုံးဝ ဖြစ် နိုင် ချေ မ ရှိ ပါ,လုံးခ ပြန် နိုင် နေ မ ရှိ ပါ
အင်း ကျွန်တော် တော့ အဲဒါ ၄၂၅၅ လို့ ထင် တယ်,အင်း ကျွန်တော် တော့ အအါ ၄၂၅၅ လို့ ထင်း တယ်
ဆေးစာ ရေး ပေး မှာ လား,ခေားး ဒာ်း း နြြး  ာား
တီဗွီ ကြည့် ရင်း နဲ့ ထမင်း မ စား ပါ နဲ့,တီစီ ကြည် ရင်း နဲ့ ထမင်း မ စား ပါ နဲ့
မြန်မာ နိုင်ငံ မှာ ဘာ စီးပွားရေး လုပ် ရင် ကောင်း မလဲ,မြန်မာ စိုင်ဝင မှာ ဘာ စီးပားရေး လုပ် ရင် ကောင်း မလဲ
နောက် လည်း လာ အားပေး ပါ ကျေးဇူးတင် ပါ တယ် မင်္ဂလာ ပါ,နောက် လယှည်း လာ အားပေး ပါ အေကျားဇူးတင် ပါ တယ် မင်္ဂလာ ပါ
ခင်ဗျား မိသားစု ဘယ်နှ ယောက် ရှိ သလဲ,ခင်ဗျား စမိသားစု ဘယ်နှ ယောက် ရှိ သလဲ
ဒီ ကိစ္စ က အရေးပါ တဲ့ အတွက် လက်လျှော့ ထား လို့ မ ရ ဘူး,ဒီ ကိစ္စ က အရေေးပါ တဲ့ အတွက် လက်လျှော့ဥ ထား လို့ မ ရ့ ဘူး
ခင်ဗျား လိုင်ချီး နည်းနည်း လောက် စား ဦး မလား,ခင်ပဗျား လိုင်ချီး နည်းနည်း လောက် စား ဦး မလား
နောက်ပိုင်း တွင် ဝင်းဘားမိ အင်တာနက် တွင် ခေတ်စား လာ သည်,နောက်ပြှိင်း ထွင် တင်းဘားဆိ နင်ဘာနက် တွင် ခေတ်စား လာ သည်
အေး ကောင်း တယ် ကျေးဇူး ပါ ပဲ,အေး ကောင်း တယ် ကျေးတူး ပါ ပဲ
ဒီ အရောင် ကြိုက် ပါ တယ် တစ် ကိုက် ကို ဘယ်လောက် ပါ လဲ,ဒီ အရောင် ကြကြိုဟုက် ပါ တယ် တစ် ကို့က် တိ့း ဘယ်လောက် ဒေါ် လဲ
လိုင်းကားဂိတ် ဘယ် နား မှာ ပါ လဲ ခင်ဗျာ,လိုင်းကားဂိတ် ဘယ် နား မှာ ပါ လဲ ခင်ဗာ
အဲဒီ ကစားနည်း က ကလေး တွေ တင် မက ဘူး လူကြီး တွေ ပါ နှစ်သက် ကြ တယ်,အဲဒီ ကထားနည်း ကာ ကာဝေး တော့ တင်း ကာ ဘူး လူကြပီး တေ့ ပါ နှစ်သက် ကြ တယ်
အရေးပေါ် အချိန် အတွက် ကြိုတင် လေ့ကျင့် သည်,အရားပေါ် အချိန် အတွက် ကြိ့တင် လာ့ကျင့် သသည်
ကျွန်တော် ဆံပင် ပုံစံ ပြောင်း ချင် တယ်,ကျွန်တော် ဆံပင် ပုံစံ ပြောင်း ချင် တယ်
ရုပ်ရှင် တေး ကဗျာ က မောင်သာချို ရဲ့ ကဗျာ ခံစားမှု ဆောင်းပါး ပါ လို့ ငှား လာ တာ,ရူယ်ကြှင် ဘေား ကာဗ္ခာ ဟကာ မောင်သာချိုး ဲ့ ဟာတျာ ခါစားမှူ ဆောင်းပါး ပါ လို့ ၄ှား လာ တာ
အခု လား ဒါမှမဟုတ် ညစာ စား ပြီး မှ သောက် မလား,အခု လား ဒါမှမဟုက် ညစာ စား ပြီး မှ သောက် မလား
ဟင့်အင်း မ ရှိ ပါ ဘူး,တ ်အင်း  ရှိ ါ ဘူး
တစ် ယောက် ထဲ လုံးဝ ကို မ သွား ရ ဘူး,တစ် ပောက် ထဲ လုံးဝ ကို  သညား ရ ဘူး
ဆံပင် ပဲ ညှပ် မယ် ခေါင်းမလျှော် ဘူး,ဆံပင် ပဲ ညှပ် မယ် ခေါင်းမလျှော် ဘူး
သို့သော် နရယုဂ သည် ပါဠိ ဘာသာစကား ရင်း မ ဟုတ် ချေ,သိ့သော် နာ ှာ သသည် ပါည် ဘာသာပေား ရှင်း ာ ဟုတ် ချေး
သူ ဆရာဝန် သွားပြ တယ်,သူ ဆရာဝန် သွားပြ တယ်
ကျေးဇူး ကို ရန်သူ အဖြစ် တုံ့ပြန် တယ်,ကျားဇူး ကို ရုနှ်သူ အပြစ် တု့ပြန် တယယ်
ခင်ဗျား ရဲ့ အထူး ဟင်းလျာ တွေ က ဘာ တွေ လဲ,ဝင်ဗျား ရဲ့ ဘထူး ဟင်းလျော တွေ က ဘာ တတွေ လဲ
အဝတ် တွေ ကို ပင်မင်းဆိုင် ယူ သွား ရ မလား,အဝတ် တွေ ကို ပင်မင်းဆိုင် ယူ သွား ရ မလား
သူတစ်ပါး ကို ချောက်တွန်း ရင် နောင် တချိန် မှာ မိမိ လည်း ချောက်တွန်း ခံ ရ တတ် တယ်,သူတစ်ပါး ကို ချောက်တုန်း ရင် နောင် တချိန် မှာ မိမိ လည်း ချောက်တွန်း ဒံ ရ တတ် တယ်
ပြတင်းပေါက် နား က အခြား စားပွဲ ရှိ သလား,ပြတင်းပေါက် နား က အခြား စားပွ့ ရှိ သလား
အခမဲ့ မနက်စာ စား ချင် တယ်,အခမဲ့ နက်စာ စား ချင် တယ်
နောက် မှ ကော်ဖီ ဖြစ် ဖြစ် တစ် ခွက် လောက် သောက် ကြ ရအောင်,နောက် မှ ကော်ဖီ ဖြစ် ဖြစ် တယ် ခွက် လောက် သောက် ကြ ရူအောင်
သူ တော်တော် သတ္တိ ကောင်း တဲ့ လူ ပဲ,သူ တာ်တာ် သည္တိ ကာင်း တဲ့ လူ ပဲ
ကြက်သွန်ဖြူ ဆော့စ် နဲ့ တွဲဖက် သုံးဆောင် ပါ,ကြက်သွန်ဖြူ ဆော့် နဲ့ တွဲဖြက် သုံးဆောင် ပါ
မှန် ကြည့် လိုက် တော့ ရှပ်အင်္ကျီ ကြယ်သီး ပြုတ် နေ ခဲ့ တယ်,မှန် ကြည့် လိုက် တော့ ရှပ်အက္ျီ ကြယ်သီး ပြုတ် နေ ခဲ့ တယ်
ဒီ မှာ ပါ,ဒီ မှာ ပါ
တိတ်တဆိတ် အတွေး ထဲ မှာ နစ် နေ တယ်,တိတ်တာဆိတ် အတေး ထဲ မှာ နစ် နေ တယ်
တစ် နှစ် ပတ်လုံး အေးမြ သည်,တစ်နှစ် ပတ်လုံးေးြ သည်
သူ မူး သွား ပြီ,သူ မူး သွား ပြီ
လောင်းကစား ကြောင့် ငွေ မနည်းမနော ဆုံးရှုံး ခဲ့ တယ်,ကော်းကာျး အတကော် ရွေ့ အခည်းော်တာ အူးစဲ့ ဲး တယ်
နောက် နေ့ ကျ အသံဝင် သွား တယ်,နောက် နေ့ ကျ အသံတင် သွား တယ်
ကျွန်တော့် တီဗီ တစ် ခု ခု ဖြစ် နေ တယ်,ဂျွန်တော့် တီဗီ တစ် ခု ခု ဖြစ် နေ တယ်
အတွေး မ ရင့်ကျက် သေး ပါ,အတေး မ ရင့်ကျက် သေး ပါ
ပြာသို လ တွင် ၃၀ ရက် ရှိ သည်,ပြာသို လ တွင် ၃ဝ ရက် ရှိ သည်
ဟာ မောင်သူရ ပါ လား ဘယ် က လှည့် လာ ခဲ့ သလဲ,ဟာ မောင်သူရ ပါ လား ဘယ် က လှည် လာ ခဲ့ သလဲ
ပြင်သစ် စတိုင် အရွက်စုံသုပ် တစ် ပွဲ လို ချင် တယ်,ပြင်သစ် စတိုင် အာရွက်စုံသုပ် တစ် ပွဲ လို ချွင် တယ်
မှတ်တမ်း စာအုပ် ကို ကြည့် ပြီး ပြီ လား,မှတ်တမ်း စာအုပ် ကို ကြည့် ပြီး ပြီ လား
ဒီ ကို လာ လက်စနဲ့ အဲဒီ လူ ကို တွေ့ ပြီး မှ သွား မယ်,ဒ ကို လာ လက်နဲ့ အဲဒီ လူ ကို တွေ့ ပြီး ပြ သညား ပယ်
လက်ငင်း ငွေ ပေး ရင် နေ့ တိုင်း ကုန်ပစ္စည်း အပ် နိုင် ပါ တယ်,လက်ငင်း ငွေ ပေး ရင် နေ့ တိုင်း ကုန်ပတ္တည်း အပ် နိုင် ပါ တယ်
ကျွန်တော် မှား တယ်,ကျွန်တော် မြား တယ်
မ သွား ဘူး,အ သွာဏ ဘူီ်
ခင်ဗျား မှာ ရှိ နေ တဲ့ ကား က မောင်း ရ တာ အဆင်ပြေ နေ တယ် လေ,ခင်ဗျား မှာ ရှိ နေ တဲ့ ကား က မောင်း ရ တာ ဘဆင်ပြေ နေ တယ် လေ
နည်းနည်း များများ လေး ထည့် ပါ,နည်းနည်း များ များလးထည့ ပါ
စာသင်ခန်း ထဲ မှာ ဆေးလိပ် မ သောက် ရ,ဆာသင်ခန်း ထဲ မှာ ဆေးလိပ် မ သောက် ရ
ကျွန်တော် ဆေးရုံ မှာ ကျန်းမာရေး သွား စစ် တာ ပါ,ကျွန်တာ်ဆးရေ မှ ကျန်းမာေးသွားစစ်တာ ပါ
သူ့ အသက် လေးဆယ် ကျော် ပြီ လား,သူ့ အသက် လေးဆယ် ကျော် ပြီ လား
ကိုယ် အလေးချိန် တဖြည်းဖြည်း များပြား လာ တယ်,ကိုယ် အလေးချိန် တဖြည်းဖြည်း များပြား လာ တယ်
ဒီ ဟာ က သစ်သား နဲ့ လုပ် တာ ပါ,ဒီ ဟာ က သစ်သား နဲ့ လုပ် တာ ပါ
ရထား ပေါ် က ရေ တွေ ကို သုံး ပါ,ရထား ပေါ် က ရေ တွေ ကို သုံး ပါ
သူ ဖောင် ဖြည့် ဖို့ မေ့ သွား တယ်,သူ ဖောင် ဖြည့် ဖို့ မေ့ သွား တယ်
ဆရာမ ဆီ က လက်ဆောင် ရ ခဲ့ တယ်,ဆရာမာ ဆီ ဟာ လာက်ဆောင် ရ ခဲ့ တယ်
တစ်သန်း,တစ်သန်း
ကျွန်တော် တို့ ကို ဖျော်ရည် စာရင်း ကြည့် ဖို့ ၂ မိနစ် လောက် အချိန် ပေးပါ,ဂျွန်တော် တို့ ကို ယောင်ရည် စာရင်း ကြည့် သို့ ၂ှ မိနစ် လောက် အာချန် ပေးပါ
မြန်မာ ဆိုင်ကလုန်း ရန်ပုံငွေ သို့ လျာထား သော အလှူငွေ ရရှိ နိုင် သည်,မြန်မာ ဆိုင်ကလုန်း ရန်ပုံဌငွေ သို့ လျာထား သော အလှုငေ ရရှိ့ နိုင် သည်
အေး လို့ လက် ထုံ လာ သည်,အေး လို့ လက် ထုံ လာ သည်
သူ သွား ကြည့် တယ်,သူ သညား ကြည့် တယ်
နံပါတ် ၁၉ က မြို့ ထဲ ရောက် တယ်,နံပါတ် ၁၉ က မြိ့ ထဲ ရောက် တယ်
နင် ကြီး လာ ရင် ဘာ လုပ် မလဲ,နင် ကြီး လာ ရင် ဘာ လုပ် မလဲ
မျက်နှာတော် က ပြောင်းလဲ သွား တာ ကို ခင်ဗျား တွေ့ ရ လိမ့် မယ်,ချက်မြာတော် ဟာ ပြောင်းလဲ သွား တာ ကို ခင်ဗျား တေေ့  လါမိ့် မယ်
ပစ္စည်း ကို ရွေးဝယ် ပါ,ပတ္စည်း ကို ရွေးဝယ် ပါ
ဝါရှင်တန် ကို တိုက်ရိုက် ရှိ လား,ခါရှင်တန် ကို တိုက်ရိုက် ရှိ ယား
ဒီ ပို့စကတ် ကို ဂျပန် ကို နာမည် စာရင်း သွင်း ပြီး ပို့ ချင် လို့ ပါ,ဒီ ပို့စာကကတ် ကို ကျငန် ကို နာမည် စာရင်း သွင်း ပြီး ပို့ ချင် လို့ ပါ
ညနေ လေး နာရီ ခွဲ မှာ ရုံးဆင်း တယ်,ခနေ လေား နာရီ နွဲ့ မှာ အဲးအင်း တယ်
ရာသီဥတု ပူ လို့ နွမ်းခွေ နေ တယ်,ရာယသီဥတု ပူ လို ခွမ်းခွေ နေ တယ်
မြို့ဟောင်း ကို ကြည့် ချင် တယ်,မြု့ဟောင်း ကို ကြည့် ချင် တယ်
ဈေး က များ လှ ချေ လား,ကေေား ကာ တိုလား လြ် ကျွာ့ လား
ခင်ဗျား နောက် မှ နောင်တ မ ရ နဲ့ နော်,ခင်ဗျား နောက် မြ နောင်တ ယ ရ နဲ့ နော်
တောင်းပန် ပါ တယ် ရထား ပေါ် မှာ ပင်မင်း ဝန်ဆောင်မှု မ ပါ ဘူး,အောင်းပန် ပါ တာယ် ရထား တေါ် မှာ ပမ်းမင်း စနည်ဆော်မူ မ ပါ ဘူ
ပျော် ရဲ့ လား,ပျော် ရဲ့ လား
ဘောလ်ပင် တစ် ချောင်း ပေး ပါ,ဘော်ပင် တစ် ချောင်း ပေး ပါ
အဲဒီ ည လှည့်လည် တဲ့ အစီအစဉ် မှာ ဘာ တွေ ပါ မလဲ,အဲဒီ ည လှည့်လည် ကဲ့ အစီအစဉ် မှာ ဘာ တွေ ပါ မလဲ
ခင်ဗျား ခုံနံပါတ် က နဲ့ ပါ,ခင်ဗျား ခုံနံပါတ် ကာ နဲ့ ပါ
အသံ အနိမ့် အမြင့် ရှိ လို့ မြန်မာ စာ က အင်္ဂလိပ် စာ ထက် ပို ခက် တယ်,အးသံ နအနိ့် အမြင့် ကှိ လို့ မြန်ကာ ဆာ ကာ အကဂလပါ ပ် တာ ထာက် ပှိ ခကက် တယ်
ကျွန်တော် လူနာ အတွက် ကူညီ လုပ်ဆောင် ပေး ဖို့ ကုမ္ပဏီ က လွှတ် လိုက် တာ ပါ,ကျွန်တော် လူနာ အတွက် ကူညီ လုပ်ဆောင် ပေး ဖု့ ကုပ္ပဏီ က လွှတ် လိုက် တာ ပါ
ဒီ အလုပ် လုပ် ကို အတော်ကြာကြာ လုပ် လာ ခဲ့ တယ်,ဒီ နာလုှပ် လုပ် ကို နတော်ကြာကြာ လုပ် လာ ခဲ့ တယယ်
မိုးရွာ ပြီး တဲ့ နောက် မြေကြီး က မာကျော လာ တယ်,စိုးရွာ ပြီး တဲ့ နောက် ပြေကြီး က မာကျော လာ တယ်
မစ္စတာ တေလာ တုတ်ကွေးမိ ပြီး အပြင်းဖျား နေ ပါ တယ်,မတ္စတာ တေလာ တုတ်ကေးမိ ပြီး အပြင်းဟျား နေ ပါ တယ်
မင်္ဂလာဆောင် ပြီး နောက် ဇနီး သား ၂ ယောက် သမီး ၃ ယောက် ရှိ တယ်,မက်လယာဆောင်း ြီး နောက် ထနိုး သား ၂ ယောက် သမ်း ၁၃ ယောက် ရှိ တာယ်
လက်မှတ် ပြ ပါ,လက်မှတ် ပြ ပါ
မြေပုံ ကို ပြ လို့ ရ ပါ သလား,မြေပုံ ကို ပြ လို့ ရ ပါ သလား
နင် ဘယ်လို လူတန်းစား မျိုး နဲ့ လက်ထပ် ချင် လဲ,နင် ဘယ်လို လူတန်းစား နျိုး နဲ့ လက်ထ် ချင် လဲ
ဒီ မှာ လက်မှတ်ထိုး ပါ,ဒီ မှာ လက်မှတ်ထိုး ပါ
ဆိုးလ် မြို့ မြေပုံ လည်း ကောင်း တဲ့ ဟာ ရှိ ပါ တယ်,ဆိုးလ် မြု့ ခြေပုံ လည်း ကောင်း တဲ့ ဟာ ရှိ ပါ တယ်
ကျွန်တော် စကားပြော တာ အရမ်း မြန် တယ်,ကျွန်တော် စကားပြော တာ အရမ်း မြန် တယ်
မင်း တို့ ခြံဝင်း ကျယ် ပါ သလား,မင်း တို့ ခြံဝင်း ကျယ် ပါ သလား
အခြားသူ ခိုင်း တဲ့ အတိုင်း လိုက်လုပ် သည်,အခြားသူ ခိုင်း တဲ့ အတိုင်း လိုက်လုပ် သည်
ခင်ဗျား မျက်စိ ညောင်း ရင် မျက်လုံး ထဲ အစက် နည်းနည်း ထည့် ချ လိုက် ပါ,ခင်ဗျား မျက်စိ ညောင်း ရင် မျက်လုံး ထဲ အစက် နည်းခနည်း ထည့် ချ လိုက် ပါ
ပြော စရာ ရှိ လို့ မနက်ဖြန် ကျောင်း စားသောက်ဆိုင် မှာ တွေ့ ရအောင်,ပြော စရာ ရှိ လို့ မနက်ဖြန် ကျောင်း စားသောက်ဆိုင် မှာ တွေွေ့ ရအောင်
ကို ပို ပြီး စား ချင် တယ်,ကို ပို ပြီး စား ချင် တယ်
သွား ဆေးခန်း ကို သွား ရ ပါ မယ်,သွား ဆေးခန်း ကို သွား ရ့ ပါ မယ်
ခင်ဗျား က တော်တော် စဉ်းစား တတ် တာ ပဲ,ခင်ဗျား က တော်တော် စဉ်းစား တတ် တာ ပဲ
ဒီ က နေ တွက် ရင် ဘယ်နှ မှတ်တိုင် စီး ရ တာ လဲ,ဒီ က နေ တွက် ရင် ဘယ်နှ မှတက်တိုင် စီး ရ တာ လဲ
နှစ် ယောက် တွဲ ကစား ကြ စို့,နှစ် ယောက် တွဲ့ ကစား ကြ ရို့
ဘယ်နှ ယောက် အတွက် လဲ,ဘယ်နှ ယောက် အတွက် လဲ
ကျွန်တော် မ ထင် ပါ ဘူး,ကျွန်တော် မ ထင် ပါ ဘူး
ကျွန်တော် ကုတ်အင်္ကျီ ဝယ် ချင် တယ်,ကုန် စော် ကူတ်အ်္ရနြှ တယ် ချနှင် တယ်
ကျွန်တော် ရဲ့ ခုံ ကို ပြ ပေး မလား,ကျွန်တော် ရဲ့ ခုံ ကို ပြ ေး မလား
ကြည့် ချင် လို့ ဒါ ကို အောက်ချ ပေး ပါ လား,ကြည့် ချင် လို့ ဒါ ကို ောက်ချ ပေး ပါ လား
သူ နဲ့ ကျားထိုး တဲ့ အခါ သုံး လေး ပွဲ အကျော ပေး ပြီး ထိုး ရ တယ်,သူ နျဲ့ ကျဏျားတိ်းန တေဲ့ အခါ သုံး ေး လဲ အကောာ ေး ပြီး ထိုး ေ တယ်
မုတ်ဆိတ် ရိတ် မလား,ဟုတ်ခါတ် ရိတ် မလား
ကောင်း တာ ပေါ့ အချိန် မ တိကျ ရင် ပြဿနာ မြောက်မြား စွာ ဖြစ်ပေါ် တယ်,ကောင်း တာ ပေါ့ အခ္ခိန် မ တိကျ ရင် ပြဿဿနာ ဖြောက်ဖြား စာ ဖြစ်ပေပ် တယ်
ဘာ ဖြစ် လို့ လဲ,ဘာ ဖြစ် လို့ လဲ
သိ မယ် ထင် တယ် အခန်း နံပါတ် ရဲ့ ပထမဆုံး ဂဏန်း က အလွှာ ပါ,သိ မယ် ထင် တယ် အခန်း နံပါတ် ရဲ့ ပထမဆုံး တကန်း က အလွှာ ပါ
ခင်ဗျား ဘယ်လို ခံစား ရ လဲ,ခင်ဗျား ဘယ်လို ခံစား ရ လဲ
နောက် မှာ ကျွန်တော် တို့ ကို များများ အားပေး ပါ,နောက် မှာ ကျွန်တော် တို့ ကို များများ အားပေး ပါ
တက္ကသိုလ် မှာ ဘာ မေဂျာ ယူ ချင် လဲ,တက္ကသိုလ် မှာ ဘာ မေဂျာ ယူ ချင် လဲ
အဲဒီ ဝတ္ထု ရဲ့ အကြောင်းအရာ ကို အကြမ်းဖျင်း တော့ သိ ထား တယ်,အဲဒီ တတ္တု ရဲ့ အကြောင်းအရာ ကို အကြမ်းကျင်း ကော့ သိ ထား တယ်
သတိထား ပါ ရထား မ လွတ် စေ နဲ့,သတိထား ပါ ရထား မ လွတ် စေ နဲ့
ဧည့်ခန်း ဆောင် မှာ စောင့် ပါ,ဧော့်ခန်း ထောင် မနာ စောင့် ပါ
ဒီ အလုပ် ကို ဒီ နေ့ အတွင်း အပြီးသတ် ရ မယ်,ဒီ အလုပ် ကို ဒီ နေ့ အတွင်း အပြီးသတ် ရ မယ်
လူနေမှု အနှစ်သာရ,လူနေမှု အနှစ်သာရ
၂၇ ငယ်သား က သခင် ၏ ညီ သည် ရောက် လာ ပါ ပြီ,န၂က္က ငယ်သာား က သးခင် ဆေါ် ိီ သည်် ကြောက် လော ဒါ ပြ
သူ တို့ စကားများ ကြ တယ်,သူ တို့ စကားများ ကြ တယ်
တနင်္ဂနွေ နေ့ တောင် မှ ကျောင်း ကို သွား တယ်,တနင်္ဂနွေ နေ့ တောင် မှ ကျောင်း ကို သွား တယ်
ကောင်း ပြီ ဒါ ဆို နံနက်စာ အစုံ ယူ မယ်,ကောင်း ပြီ ဒါ ဆို နဲနက်စာ အစုံ ယူ မယ်
ဒီ အရပ် က ရေနံစိမ်း ထွက် တဲ့ အရပ် ဖြစ် တယ်,ဒီ ဇရုပ် က ရေခံအစိမ်း ထွက် တဲ အာရပ် ပြန် တယ်
သူ တို့ အတန်း ရဲ့,သူ တို့ အတန်း ရဲ့
နောက်ဆုံးတော့ ဘောလုံးပွဲ အနိုင် က မျက်စိ ရှေ့မှောက် ရောက် လာ ပြီ,နောက်ဆုံးတော့ ဘောလုံးပွဲ အခိုင် က ပျက်စိ ရှေား့မှောက် ရောက် လာ ပြီ
ပရိုတွန် သည် အဏုမြူ ဗဟို တွင် တည်ရှိ သည်,ပစိုတွန် သည် အကုမြူ မဟို တွင် တည်ရှိ သည်
ကျေးဇူးတင် ပါ တယ် ဒါပေမယ့် ကျွန်တော် ကားမောင်း ရ ဦး မှာ,ကျေးဇူးတင် ပါ တယ် ဒါပေမယ့် ကျွန်တော် ကားမောင်း ရ ဦး မှာ
မျက်လုံး ကို ပွတ် ပြီး အိပ်ငိုက် ပြေ စေ သည်,မျက်လုံး ကို ပွတ် ပြီး အိပ်ငိုက် ပြေ စေသည်
ပြတင်းပေါက် ကို ဖွင့် လိုက် ပါ,ပြတင်းပေါက် ကို ဖွင့် လိုက် ပါ
စာရင်း ကြိုတင် ပေး ချင် လို့ ပါ,ဆာရင်း ကြတင် ပေး ချင် ကို့ ပါ
တဆိတ်လောက် မစ္စ ကျွန်တော် တို့ ဘယ် အချိန် ရောက် မှာ လဲ,တခ်ိတ်လောက် မတ္စ ကျွန်တော် တို့ ဘယ် အာချန်န ရောက် မြာ လဲ
လျှောက်လွှာ ပုံစံ တွေ က ဘယ် မှာ လဲ,လျှာက်လွှာ ပယုံစံ တွ က ဘယ် မှာ လဲ
ခွင့်လွှတ် ပါ နိုင်ငံတကာ ကြေးနန်း ဒီ မှာ ရိုက် ရ ပါ သလား,ခွင့လွှတ် ပါ နိုင်ငံတကာ ကြေးနန်း ဒီ မှာ ရိုက် ရ ပါ သလား
အသီး သည် ရှည်မျောမျော အနည်းငယ် ကွေး သည်,အသီး သည် ရှည်မျောမျော အနည်းငယ် ကွေး သည်
ဒီ သုံးသပ်ချက် ကို အားလုံး သဘောတူ ပါ သလား,ဒီ သုံးသပ်ချက် ကို အားလုံး သဘောတူ ပါ သလား
ခင်ဗျား ထွက် ရင် ကား တွေ သေချာ ကြည့် ဦး,ခင်ဗျား ထွာက် ရင် ကား ဒေေ သေချာ ကြည့် ဝီုး
ခင်ဗျား တရုတ် နိုင်ငံ ကို ရောက် ဖူး လား,ခင် ဗျားတရတ် နိုင် ငံ ကိုရောက် ပူးလား
လူကောင်း မို့ လို့ တစ် ခါ လောက် တော့ တွေ့ ကြည့် ပါ,လူကောင်း မိဲ့ လို့ တစ် ခါ တောက် တော့တွေ့ ကြည့် ပါ
ကျွန်တော် နဲ့အတူ မန္တလေး ကို အလုပ် ကိစ္စ နဲ့ ခရီးထွက် မလား,ကျထန်းတော် နဲ့အာတျူ မဉ္တဆလေး ကို အလုပ် ဟ်စ္စ နဲ့ ခရီးထွက် မလား
နေ့လယ်စာ ကို ခင်ဗျား ဘယ် မှာ စား တတ် လဲ,နေ့လယ်စာ ကို ခင်ဗျား ဘယ် မှာ စား တတ် လဲ
အသေအချာ ပေါ့,အသေအချာ ပေါ့
သူငယ်ချင်း က သက်ပြင်း အရှည်ကြီး ချ ပြီး ခေါင်း ငိုက်စိုက် ကျ သွား တယ်,သူငယ်ချင်း က သက်ပြင်း အရှည်ကြီး ချ ပြီး ခေါင်း ငိုက်စိုက် ကျ သွား တယ်
သူ့ ကို ဘယ် အချိန် လေဆိပ် လာ ကြို ရ မလဲ,သူ့ ကို ဘယ် အချိန် လေဆိပ် လာ ကြို ရ မလဲ
ဒယ်ဂူ ကို သွား တဲ့ လေယာဉ် ရှိ သလား,ခယ်ဂ ကို သညား တဲ့ လေယာဉ် ရှိ သလား
ခင်ဗျား အတွက် ပြတင်းပေါက် ဘေး ကစားပွဲ ချန် ထား ပါ တယ် ဆရာ,ခင်ဗေား အတွေက် ပြေတင်းေါက် ေး ကစားပေ့ ချနိ် ထး ပါ တယ် ဆကာ
ကျွန်တော် က တော့ ကိုရီးယား လူမျိုး ပါ,ကျထန်းတော် တာ တော့ ကိုကဂှီယား ကလူးမျိုး ပါ
ဒါ ဆို ကြည့် မယ်,အါ ဆို ကြည် နယ်
ဘင်္ဂလားဒေ့ရှ်,ဘ်လားဒေ့ရှ်
ကျွန်တော် ခင်ဗျား အတွက် လုပ် ပေး နိုင် တာ တစ် ခု ခု ရှိ လား,ကုန် အော် ခစ်ဗျရား အကျက် လူစ် ေေး နိုင် တာ တစ်  ခ လျိ လား
ကျွန်တော် က အရောင် တောက်တောက် အင်္ကျီ တွေ ကို သဘောကျ တယ်,ကျွန်တော် က အရောင် တောက်တောက် အကျု တေ ကို သဘောကျ တယ်
နက်ကတိုင် ရော ဘာ အရောင် ယူ မလဲ အစ်ကို,ခုက်ကတိုင် ရော ဘာ အရောင် ယူ မလဲ အစ်ကို
ပြုံးရယ် ရင် ကံကောင်း ခြင်း တွေ ရရှိ တယ်,ပြုံးရယ် ရင်ကံ ကာင်းင်းတွ ရရှိ တယ်
ဘယ် မှာ လဲ,ဘယ် မာ လဲ
ဒေါသ ထွက် တော့ မလို့ ဖြစ် နေ တာ ဒီ အတိုင်း ပြန် မျိုသိပ် လိုက် တယ်,ဒေါသ ထွက် တော့ မလို့ ဖြစ် နေ တာ ဒီ အကိုင်း ပြန် မျိသိပ် လိုက် တယ်
မျက်လုံး မှိတ် ပြီး အရင် အတိတ် အကြောင်း ကို တွေး နေ ခဲ့ တယ်,မျက်လုံး မှိတ် ပြီး အရင် အတိတ် အကြောင်း ကို တွေး နေ ခဲ့ တယ်
မနက်ဖြန် မနက် မှာ ရယ်ဒီ ဖြစ် နေ ပါ့ မလား,မနက်ပြန် မနာက် မှာ ရယ်ဒီ ပြစ် နေ ပါ့ မလား
မြူနှင်း တွေ အရမ်း ထူထပ် နေ လို့ လေယာဉ်ပျံ မ ဆင်း နိုင် ဘူး,မြူနှင်း တွေ အရမ်း ထူထပ် နေ လို့ လေယာဉ့်ပျံ မ ဆင်း နိုင် ဘူး
အဆင်ပြေ ပါ တယ် ကွာ,အဆင်ပြေ ပါ တယ် ကွာ
ဘာ ဖြစ် လို့ ဒီ လောက် စိတ်ရှုပ်ခံ တာ လဲ,ဘာ ဖြစ် လို့ ဒီ လောက် စိတ်ရှုပ်ခ တာ လဲ
ဂျင်းဘောင်းဘီ မ ဝတ် ရ ပါ,ကျင်းာင်းဘီ မ ဝတ် ရ ပါ
သွား ပြန် ပြီ,သွား ပြန် ပြီ
မ စား ပဲ နဲ့ ဘာ လို့ လာ တာ လဲ,မ စား ပဲ နဲ့ ဘာ လို့ လာ တာ လဲ
စားပွဲ ပေါ် မှာ ရှိ တဲ့ ဟာ တွေ အားလုံး ကို သိမ်း လိုက် ပါ,စားွဲ့ အေါ် မှာ ရှု့ တဲ့ တတာ၁ာ တေ့ အားကလုံး ကိ့ သိမ်း လို့ကက် ပါ
သူမ ရဲ့ စာ ကို ဖတ် ပြီး အရမ်း တော် တယ် လို့ ကောက်ချက်ချ တယ်,သူမှ ရဲ့ ဆာ ကို ဖတ် ပြီး အရမ်း တော် တယ် လို့ ကောက်ချက်ချ တယ်
ဒီ ပစ္စည်း က ဒီ မှာ စျေးအကြီးဆုံး ပဲ,ဒီ ပစ္စည်း က ဒီ ယာ စျေးဘကြီးဆုံး ပဲ
ဒီ မှာ ဘတ် ၁၀ဝ တန် အက်ဖ်အီးစီ,မီ မှာ ဘတတ ာလ၀ တန် မန်ပ်မီးီ
ဒီ နေရာ က နေ မြို့ ထဲ ကို ဘယ်လို သွား ရ မလဲ,ဒ နေရာ က နေ ဖြို့ ထဲ ကို ဘယ်လို သညား ရ ယလဲ
သာမန် အားဖြင့် ဤ ဝယ်ယူ မှု မျိုး ကို ရင်းနှီးမြှုပ်နှံ မှု ဟု ဆို မည် ဖြစ် သည်,သာမန် အားဖြင့် ကှ့ တယ်ယူ မူ မျိုး ကို ရင်းနှီးမြွုပ်နံ မှူ ဟု ဆို မည် ဖြစ် သည်
အဲဒီ ကလေး ကို မွေးစား လိုက် တယ်,အဲဒီ ကလေး ကို မွှေးစား လိုက် တယ်
ကော်ဖီ စက် က အခန်း ထဲ မှာ ရှိ ပါ သလား,ကော်ဖီ စက် က အခန်း ထဲ မှာ ရှိ ပါ သလား
ရေခဲရေ လည်း လို မယ် ထင် တယ်,ရေခဲစျေ လည်း ကလို စေယ် ထင် တယ်
သေချာပေါက် ပါ ပဲ,သေချာပေါ်က် ပါ ပဲ
အဲဒါ က ကောင်းကောင်း အလုပ် မ လုပ် တာ ဖြစ် နိုင် တယ်,အဲဒါ က ကောင်းကောင်း အလုပ် မ လုပ် တာ ဖြစ် နိုင် တယ်
သရက်သီး အစိမ်း နဲ့ ငါးခူ အကြွပ်ကြော် သုပ်,သရက်သီး အစိမ်း နဲ့ ငါးခု အကြွင်ကြော သုပ်
ခင်ဗျား ကို သတိပေး မယ် ရထား မ လွတ် စေ နဲ့,ခင်ဗျား ကို သကိပေး မယ် ရထား မ လွှတက် စေ နဲ့
ဆေးလိပ် မ သောက် ရ တဲ့ နေရာ က ခုံ လို ချင် လို့ ပါ,ဆေးလိပ် မ သောက် ရ တဲ့ နေရာ က ခုံ လို ချင် လို့ ပါ
ကန့်ကွက် မဲ,ကန့််ကွက် ပဲ
လမ်းပိတ် တဲ့ အနား မှာ လမ်းကြောင်း တစ် ခု ခု မ ရှိ ဘူး လား,လမ်းပိါတ် ကဲ့ အနား မှာ လမ်းကြောင်း တစ် ခု ခု မ ရှိ ဘူး လား
ဒီ နေ့ ဘာ နေ့ လဲ,ဒီ စေ့ ဘ အေ့ လဲ
ဖစ်ရှားမန်းစ်ဝါ့ဖ် ထိ ပို့ ပေး နိုင် မလား,ပတ်ကြှားဆဟန်းစ်ငါယ် ထိ ပို့ ပေး နိုင် မလား
မိုးရွာ ပြီး နောက် သက်တန့် ပေါ် တက် တယ်,မိုးတွှာ ပြီး နောက် သက်တန့် ပေါ် တက် တယ်
သုံး ပိုင်း တစ် ပိုင်း,သုံး ဝပိုင်း တစ် ဝိုင်း
အများကြီး ကျေးဇူးတင် ပါ တယ်,အ များကြီးကျး တူးတင် ပါတယ်
ည ဖက် ခရီးစဉ် ရှိ လား,ည ဟက် ခရီးစဉ် ရှိ လား
အလို အားလုံး ဟာ ရိုးရိုး နားကျပ် ကက်ဆက် တွေ ပါ လား,အလို အားလုံး ဟာ ရိုးရိုး နားကျပ် ကက်ဆက် တေ ပါ လား
ခရီးသွား ချက်လက်မှတ် ပေး လို့ ရ လား,ခရှီသွား နျက်လာက်မြှတ် ပေး လို့ ရ လား
မြန်မာ ဘာသာ ရွတ် ခြင်း ဟော ခြင်း ဟော သည်,ခြန်မာ ဘာသာ ဥတ် ခြင်း ေကာ ခြင်း ကော သည်
ရေ ပေါ် မှာ သစ်မွှေးစ တွေ ပေါလော ပေါ် နေ တယ်,စာ ပေါ် မှာ သစ်မျှေားစ တွ ပေါလော ပေါ် နေ တယ်
ဆင်းရဲ သော မိသားစု က ငွေ အသဲအသန် လိုအပ် နေ တယ်,ဆင်းရဲ သော မိသားစု က ငွေ အသဲအသန် လိုအပ် နေ တယ်
ဘာ ကူညီ ပေး ရ ပါ မလဲ,ဘာ ကူညီ ပေး ရ ပါ မာလဲ
သူ များ တွေ သူ့ ကို နားလည် ဖို့ သူ အထူး မျှော်လင့် တယ်,အူ များ တွေ့ သူ့ ကို နားလည် ပါု့ သူ အအူး တွော်လည် တယ်
အေး သွား ပြ ကြည့် မှာ ပေါ့,အေး သွား ပြ ကြည် မှာ ျေါ့
စားသောက် တွဲ က ရထား ရဲ့ ရှေ့ မှာ လား နောက် မှာ လား,ဓားသောက် တွဲ ာ ရထား ရဲ့ ရှေ့ မှာ လား နောက် မှာ လား
မင်း က ဒီ မှာ နေ တာ လား,မင်း က ဒီ မှာ နေ တာ လား
နွေဦး ရာသီ ရောက် တော့ ခံတွင်းပျက် လာ လို့ ဝိတ် က သိသိသာသာ ကျ သွား တယ်,စွေြီး ရာသီ ရောက် တော့ ခံတွင်းပျက် လာ ကို့ ဝိတ် က သိသိသာသာ ကျ သွား တယ်
ဟုတ်ကဲ့ ဒီ ဘက် ကို ကြွ ပါ,ဟုတ်ကဲ့ ဒီ ဘက် ကို ကြွ ပါ
အဲဒီ ကို ‌နောက် ၁၅ မိနစ် နေ ရင် တက္ကစီ နံပါတ် ၃၂၀ ရောက် ပါ မယ်,အဲဒီ ကို နောက် ၁၅ မိနစ် နေ ရင် တက္ကူစီ နံပါတ် ၃၂၀ ရောက် ပါ မယ်
တံဆိပ်ခေါင်း ကို ဘယ် မှာ ဝယ် လို့ ရ နိုင် မလဲ,တံဆိပ်ခေါင်း ကို ဘယ် မှာ ဝယ် လို့ ရ နိုင် မလဲ
ငါ့ ကို မင်း သင် ပေး ပါ,ငါ့ ကို မင်း သင် ပေး ပါ
ကိုရီးယား လူမျိုး တွေ က တော့ ဇွန်း နဲ့ တူ နဲ့ စား ပါ တယ်,ကိုရီးယား လူမရှီး တွေ့ က တော့ ဇွန်း နဲ့ တူ နဲ့ စား ပါ တယ်
အိမ် က နေ ကျောင်း ကို သိပ် ဝေး တာ မဟုတ်ပေမဲ့ လမ်းလျှောက် သွား ရင် ပင်ပန်း တယ်,အိမ် က နေ ကျောင်း ကို သိပ် ဝေး ကာ မဟုတ်ပေမဲ့ လမ်းလျှောက် သွား ရင် ပင်ပန်း တယ်
စျေးဆစ် ပြီး မ ဝယ် လို့‌ ဆိုင်ရှင် က ဒေါပွ နေ ခဲ့ တယ်,စျေးဆစ် ပြီး မ ဝယ် လို့ ဆိုင်ရှင် က ဒေါပွ နေ ခဲ့ တယ်
ခင်ဗျား အိမ် ကို ဘယ်လို သွား ရ မလဲ ပြောပြ ပါ,ခင်ဗျား အိမ် ကို ဘယ်လိ သွား ရ လာ ပြောပြ ပါ
ကျွန်တော် ပါတီပွဲ တစ် ခု သွား ချင် တယ်,ကျွန် တာ် ပါတီ လွဲတစ်ခု သွား ချင်တယ်
ယာဉ်မောင်း အရေအတွက် ကို တိုး ပေး လို့ ရ ပါ သလား,ယာဉ်မောင်း အအရေအတွက် ကို တိုး ပေး လို့ ရေ ပါ သလယား
ပြိုင်ပွဲ မှာ ပြိုင်ဘက် ကို အထင်သေး လို့ မ ရ ဘူး,ပြိုင်ပွဲ မှာ ပြိုင်ဘက် ကို အထင်သေး လို့ မ ရ ဘူး
လေယာဉ် မ ရပ် ခင် ဖုန်း ကို မ ဖွင့် ပါ နဲ့,လေယာည် မ ရပ် ခင် ဖုန်း ကို မ ဖွင့် ပါ နဲ့
ကျွန်တော့် အတွက် ဒီ စာ ကို ပို့ ပေး လို့ ရ လား,ကျွန်တော့် အတွက် ဒီ ဆာ ကို့ ငို့ ယေး လိ့ ရေ့ ား
ကိုယ်ပူ သလား ကိုယ် အပူချိန် တိုင်း ကြည့် ပါ,ကိုယ်ပူ သလား ကိုယ် အပူစြန် တိုင်း ကြည့် ပါ
ချော်လဲ ရင်း နဲ့ ပြင်းပြင်းထန်ထန် ဆောင့် မိ သွား လို့ ခေါင်း မှာ ဒဏ် ဖြစ် သွား တယ်,ချော်လဲ ရင်း နဲ့ ပြင်းပြင်းထန်ထန် ဆောင့ မိ သွား လို့ ခေါင်း မှာ ဇက် ဖြစ် သွား တယ်
ကျွန်တော့် ကို သူ နဲ့ မိတ်ဆက် ပေး နိုင် မလား,ကျွန်တော့့် ကို သူ နဲ့ မိတ်ဆက် ပေး နိုင် မလား
စုစုပေါင်း အလေးချိန် ဘယ်လောက် လဲ,စုစု ပါင်း အ အလး ချိန် ဘယ် မလာက် လဲ
တရုတ် စာ ကို ဘယ် တုန်း ကတည်းက စိတ်ဝင်စား ခဲ့ လဲ,တရုတ် စာ ကို ဘယ် တုန်း ကတည်းက စိတ်ဝင်စအား ခဲ့ လဲ
ဒါ ကို အောက်ထပ် အိပ်စင် နဲ့ လဲ လို့ ရ နိုင် မလား,ဒါ ကို ောက်ထပ် အိပ်စင် နဲ့ လဲ လို့ ရ နိုင် မလား
ကျွန်တော် တို့ အမြန် လုပ် ရင် ကျွန်တော် တို့ အဆင်ပြေ မှာ ပါ,ကျွန်တော် တို့ အမြန် လုပ် ရင် ကျန်တော် တို့ အင်ပေ မှာ ပါ
ကျွန်တော့် ကို ငါးထောင် လောက် ချေး ပေး လို့ မ ဖြစ် ဘူး လား,ကျွန်ကော့ ကို ငါးထောင် လောက် ချေး ပေး လို့ မ ဖြစ် ဘူး လား
ဪ နည်းနည်း ဈေးကျ တယ် နော်,သ နည်းနည်း စဈေးကျ တယ် နော်
အားနာ ပါ တယ် တစ်ယောက်စာ တောင် မ ကျန် တော့ ဘူး,အားနာ ပါ တယ် တစ်ယောက်စာ တောင်  ကျန် တော့ ဘူး
အပြောင်းအလဲ လေး ဖြစ် သွား အောင် ပင်လယ်စာ စား ရအောင်,အပြောင်းအလဲ လေး ဖြစ် သွား အောင် ပင်လယ်ဆာ အား ရအောင်
ကျွန်တော် တို့ ကြက်ဥ မွှေကြော် က အစိမ်းရောင် ဟင်းသီးဟင်းရွက် နဲ့ ကြော် တာ ပါ,ကျွန်တော် တို့ ကြက်ဥ မွှေကြော် က အစိမ်းရောင် ဟင်းသီးဟင်းငရွှက် နဲ့ ကြော် တာ ပါ
အနားယူ ဖို့ နေရာ ရှိ လား,အနားယူ ဖို့ နေရာ ရှိ လား
ဆာလောင်မွတ်သိပ် နေ တဲ့ ကျား က စား စရာ လိုက်ရှာ နေ တယ်,ဆာလောင်ပွတ်သိပ် နေ တဲ့ ကျား က စား စရာ လိုက်ရှာ နေ တယ်
မြန်မာ နိုင်ငံ ကယား ပြည် ငွေ တောင် ပေါ် တွင် လည်း နေ ခဲ့ ဟန်တူ သည်,မြန်မာ စိုင်ငံ ကယား ပြည် ငွေ တောင် ပေါ် တွင် လည်း နေ ခဲ့ ဟန်တူ သည်
ပျောက် သွား မှာ စိုး လို့ အံဆွဲ ထဲ ထည့် ထား ခဲ့ တယ်,ကေမာက် သွား မှာ ရိုး ကြို့ သံဆွဲ ထဲ ထည် တား ခဲ့ တယ်
ဘယ် ဟော်တယ် မှာ တည်း မလဲ,ဘယ် ဟော်တယ် မှာ တည်း မလဲ
ခင်ဗျား ဘယ် နေရာ က မ ကောင်း တာ လဲ,ခင်ဇေား ဘယ် နေျာ က နေ ကကောင်း တာ လဲ
ကျွန်တော် ပြဇာတ် တစ် ခု ကြည့် ချင် တယ်,ကျွန်တော် ပြဆတ် တစ် ခု ကြည် ချင် တယ်
ကျွန်တော် ပါရာစီတမော့ လို ချင် တယ်,ဂျွန်တော် ပါရာစီတော့ လို ချင် တယ်
ကျွန်တော် မဲ ပေး ဖို့ အရွယ်ရောက် တာ ‌တော်တော် ကြာ ပြီ လို့ ပြော ရုံ ပဲ,ဂျွန်တော် မဲ ပေး အို့ အာရွယ်ရောက် တာ တော်တော် ကြာ ပြီ လို့ ပြော ရုံ ပ
ဂီတပညာရှင် တစ် ဦး အဖြစ် နဲ့ ဘဝ ကို နိဂုံးချုပ် သွား ခဲ့ တယ်,စီတပညာရှင် တစ် ညီး အခြစ် နိဲ့ ဘာ ကိ့် နိုဂုံချှုဒ် သွား ခဲ့ တယ်
ကျွန်တော် ဒီ နေ့ ည ပဲရစ်စ် ကို လက်မှတ် တစ် စောင် လို ချင် တယ်,ကျွန်တော် ဒီ နေ့ ည ပဲရစ်စ် ကို လက်မှတ် တစ် စောင် လို ချင် တယ်
နေ့တိုင်း မပျက်မကွက် အချိန်ပေး ပြီး စာ ဖတ် ပါ,နေ့တိုင်း မပျက်မကွက် အာချန်ပေး ပြီး ဆာ ယတ် ပါ
ဒီ အချိန် ဆို ရင် သူငယ်ချင်း က အိပ် နေ တယ် နဲ့ တူ တယ်,ဒီ အချိန် ဆို ရင် သူငယ်ချင်း က အိပ် နေ တယ် နဲ့ တူ တယ်
ကျေးဇူး အများကြီး တင် ပါ တယ်,ကျေေးဌေး အပျ္ား်ကြိုး တင် ပါ တယ်
ကျွန်တော် အလျင် မ လို ပါ ဘူး သတိထား ပြီး မောင်း ပါ,ကျွန်တော် အလျင် မ လို ပါ ဘူး သတိထား ပြီး မောင်း ပါ
အထုပ်အပိုး တွေ ယူ ရ မယ့် နေရာ က ဘယ် မှာ လဲ,အအုပ်အပိုး တော့ ဟူ ရ မယင် နေရာ က ဘယ် မှာ လဲ
တစ်သောင်း တန် ကို ငွေ အကြွေ နဲ့ လဲ ပေး ပါ,တစ်သောင်း တန် ကို ငွေ အကြွေ့ နဲ့ လဲ ပေး ပါ
ဒီလို စိတ်ဓာတ် သေးသိမ် မှ တော့ ဘယ်လို လုပ် လူတောတိုး လို့ ရ ဦး မှာ လဲ,ဒီလို စိတ်ဓာတ် သေးသိမ် မှ တော့ ဘယ်လို လုပ် လူတောတိုး လို့ ရ ဦး မှာ လဲ
ကုန်ထုတ်စွမ်းအား ကျဆင်း လျှင် လုပ်ခ ကို ပါ လျှော့ပေး ရ သည်,ကုန်ထုတ်စွှမ်းအား ကျဆင်း လျှင် လုပ်ခ ကို ပါ လျှော့ငပေး ရ သည်
တောင် ဘက် ထွက်ပေါက် ရဲ့ အရှေ့ မှာ ပါ,တောင် ဘက် ထွက်ပေါက် ရဲ့ အရှေ့ မှာ ပါ
ဈေး သွား ရင် ဖရဲသီး တစ် လုံး ဝယ် ပေး ပါ,စျေး သွား ရင်း ပရုေသီး တစ် လုံး ဝယ် ပေး ပါ
ဒီ နေ့ ကျွန်တော့် အဝတ်လျှော် တာ ပြီး ပါ့ မလား,ဒီ နေ့ ကျွန်တော့ နဝတ်လျှာ် တာ ပြီး ပေါ့ မလား
မြန်မာ မှာ ဘယ် လ က အလှ ဆုံး လဲ,မြန်မာ မှာ ဘယ် လ ကာ အလှ ဆုံး လဲ
မင်း နဲ့ ငါ ပန်းခြံ သွား ကြ ရအောင် ဘယ်လို သဘော ရ လဲ,မင်း နဲ့ ငါ ပန်းခြ် သွား ကြ ရအောင် ဘယ်လို သဘော ရ လဲ
ဒီ မှာ ဒစ္စကို ကပွဲ ရှိ သလား,ဒီ မှာ စ္စကို ကပဲ့ ရှိ သလား
မနက်ဖြန် ညနေ ပါ,မခနက်ဖြန် ညနေ ပါ
ဒီ လူ က ကျွန်တော့် သူငယ်ချင်း ပါ,ဒီ လူ က ကျွန်တော့ သူလယ်းရျ်း ပါ
ကျွန်တော် မုတ်ဆိတ်မွေး ရိတ် ချင် တယ်,ကျွန် တာ် မုတ်ဆိတ် မွး တ် ချင် တယ်
သူ ဟာ ကျွန်တော် တို့ တွေ့ဆုံပွဲ မှာ ချောဆီ လို ဖြစ် တယ်,သူ ဟာ ကျွန်တော် တို့ တွေ့ဆုံပွဲ မှာ ချောဆီ လို ဖြစ် တယ်
ကျွန်တော် တို့ ဝိုင် ကို ပုလင်း နဲ့ ပဲ တည်ခင်း ပေး ပါ တယ်,ကျွန်တော် တို့ ဝိုင် ကို ပုလင်း နဲ့ ပဲ တည်ခင်း ပေး ပါ တယ်
ယင်း တို့ ကို ရှေး အီဂျစ် လူမျိုး တို့ ကိုးကွယ် ရှိခိုး ခဲ့ ကြ သည်,ယင်း တို့ ကို ရှေး အီျဇ် လူမျိုး တို့ ကို ကျွယ် ရိနုး ခဲ့ ကြည် ည်
ခင်ဗျား ဘယ်လို စာအုပ် မျိုး ဖတ် တာ နှစ်သက် တာ လဲ,ခင်ဗေား ဘယ်လေြိ့ စောအူပ် ေိှူး အ်တ် တော နှစ်ကြ် တာ လဲ
အခု တော့ မ လို မှန်း သိ ပြီ,အခု တော့ မ လို မှန်း သိ ပြီ
က ယင်း ကို ဟု သတ်မှတ် ပေး ထား သည်,က ယင်း ကို ဟု သတ်မှတ် ပေး ထား သည်
ဟိုတယ် ပါ,ဟိုတယ် ပါ
ရုပ်ရှင် ကြည့် ဖို့ သွား မယ်,ရုပ်ရှင် ကြည့ ဖို့ သွား မယ်
အဲဒါ ကို သိုလှောင်ရုံ မှာ စစ် ပြီး တော့ မှ ပြေစာ ယူ ပါ,အဲဒါ ကို သိုလှောင်စု မှာ စစ် ပြီး တော့ ၂ှ ပြေစာ ယူ ပါ
နောက်ဆုံး မှတ်တိုင် မှာ ဆင်း ရင် ရောက် ပြီ,အောက်ဆုံး လှုတ်ိတိုင် မှာ ဆင်း ရင် ကောက် ပြီ
ရထား ပြောင်း စီး ဖို့ ပိုက်ဆံ ထပ် ပေး ရ မှာ လား,ရရထား ပြောင်း စီး စို့ ပိုက်ဆံ ထပ် ပေး ရ မှာ လား
သူ ဘယ်လောက် ကြာ မှ ပြန် လာ မှာ လဲ,သူ ဘယ်လောက် ကြာ မ ပြန် လာ မှာ လဲ
လည်ချောင်း ခြောက် လို့ အအေး သောက် သည်,လည်ချောင်း ခြောက် လို့ အအေး သောက် သည်
ကျွန်တော် ကမာကောင် မှာ မယ်,ကျွန်တော် ကမာကောင် မှာ မယ်
ဘဏ် မှာ ငွေစု ရင် အတိုး ရ တယ်,ဘက်် မှာ စွေ ရွင် အတိ့း ျေ တယ်
ချက်ချင်း မ သွား ကြ ပါ နဲ့,ချက်ချင်း မ သွား ကြ ပါ နဲ့
သူမ က နှစ် တန်း ကျောင်းသူ ပါ,သူ့မ က နစ် တန်း ကောင်းသူ ပါ
ဒီ စာ ကို အောက် က အတိုင်း ဖြေရှင်း သွား မလို့ လေ,ဒီ အာ ကို သောက် ကာ အတိုင်း ယေရင်း သစး မလို့ လ
ကျွန်တော် ဘတ် နဲ့ ပေး မယ်,ကျွန်တော် ဘတ် နဲ့ ပေး မယ်
ခင်ဗျား ဘာ ဖြစ် နေ တာ လဲ,ခင်ဗျား ဘာ ဖြစ် နေ တာ လဲ
၇ နာရီ မှာ နှိုးစက် လုပ် ထား ဖို့ မ မေ့ နဲ့ နော်,ဂွ နူာ်ရိ လှာ ိး ဖေက် လူပ် ထား ြိ့ နေ ပေ နိဲ့ နငေ်
နိုင်ငံတော် ငြိမ်ပိ က အမျိုးသား ဒီမိုကရေစီ အဖွဲ့ချုပ် နှင့် ဆွေးနွေး ညှိနှိုင်း ရန် ငြင်းပယ် လိုက် သည်,နိုင်ငံတော် ငြမ်ပိ က အမျိုးသား ဒီမိုကရေစီ အဖွဲချုပ် င့ ဆွေးနွေး ညိနှိုင်း ရန် ငြင်းပယ် လိုက် သည်
လက်ဖက်ရည် ဘယ်လောက် များများ မှာ ချင် လဲ,လက် ပက် ရေည် ဘယ် မလာက် များ များမှချင် လဲ
ရာသီဥတု အေး ရင် အစားအစာ ပူပူလေး စား ရ တယ်,ရာသဥတု အေး ရင် အစားအစာ ပူပူလေး စား ရ တယ်
သန့်ရှင်းရေး ကို စ လုပ် ရ မလား,သန့့်ရှင်းရေး ကို စ လုပ် တ မလား
မ ဆုံးဖြတ် ရ သေး ဘူး,မ ဆုံးဖြတ် ရ သေား ဘူး
ခင်ဗျား ခရီးထွက် လာ တာ အလုပ် အတွက် လား အပျော် လား,င် ဗျားရီ းထွက် လာ တာ အလူပ် အတွက် လား အ ပျာ် လား
သီချင်း က တော့ အထင်ကြီး စရာ ပဲ,သီချင်းက တာ့ အထင် ကြီးစရာ ပဲ
အဲဒီ မှာ ထူးချွန် တဲ့ တရုတ် အနှိပ်သည် တွေ အများကြီး ရှိ တယ် လို့ ကြား တယ်,အဲဒီ မှာ ထူးချွန် ကဲ့ တရုတ် အန်ပ်သည် တွေ့ အများကြီး ရှိ တယ် လို့ ကြား တယ်
ခင်ဗျား မြို့တော် ခန်းမ ရဲ့ ဖုန်း နံပါတ် ကို သိ ပါ သလား,ခင်ဗျား မြို့တော် ခန်းမ ရဲ့ ဖုန်း နံပါတ် ကို သိ ပါ သလား
ကျွန်တော် ရေမွှေး တွေ ကို စိတ်ဝင်စား ပါ တယ်,ကျွန်တော် ရေမွှေး တွေ ကိ စိတ်ဝင်စား ပါ တယ်
ဘယ်လောက် လဲ,အ်စဏကဏ် ကလဲ
ပြိုင်ပွဲ မှာ ပန်းတိုင် အမှတ် ကို အရင်ဆုံး ဝင် တဲ့ သူ က အနိုင် ရ တာ ဘဲ,ပိုင်ဖွူ့မှာ န်းတိုင်း အမုတ် ကို အရင်းုး ခင် တး ဘူ့ က အဒိင် ရ တာ အဲ
လူငယ် အဖွဲ့ဝင် တွေ က တော့ ဘာသာ စကား သင်ယူ တာ မြန် တယ်,လူငယ် အဖစွဲ့ဝင် တွေ က တော့ ဘာသာ စကား သင်ယူ တာ မြန် တယ်
ဒါ လေး မြည်း ကြည့် စမ်း ပါ့ ပဲကြီးနှပ်ချက် လေး ကောင်း တယ် နော်,ဒါ လေး မြည်း ကြည့် စမ်း ပါ့ ပဲကြီးနှပ်ချက် လေး ကောင်း တယ် နော်
ကျွန်တော် ချက်လက်မှတ် နဲ့ ပေး မယ် မနက်ဖြန် က နေ စ ပြီး ငှား မယ်,ကျွန်တော် ချက်လက်မှတ် နဲ့ ပေး မယ် မနက်ဖြန် က နေ စ ပြီး ှား မယ်
ပို မြန် တဲ့ ခရီးစဉ် ရှိ လား,ပို မြန် တဲ့ ခရီးစဉ် ရှိ လား
အသားပြား တစ် ပွဲ ယူ ခဲ့ ပေး ပါ,အသားပြား တစ် ပွဲ့ ယူ ခဲ့ ပေး ပါ
၁ ၁ဝ ၂ဝ၁ဝ ရက်နေ့ ရှိ ခန့်မှန်း လူဦးရေ မှာ ၅၉ ဒသမ ၇၈ သန်း ရှိ သည်,၁ ၁၀ ၂၀၁၀ ရက်နေ့ ရှိ ခန့်ပြန်း လူညီးရေ မြာ ၅၉ အသမ ဂစာ သန်း ရှိ သည်
ကျွန်တော် ခင်ဗျား ရဲ့ ဖုန်း ကို သုံး လို့ ရ မလား,ဂျွန်တော် ခင်ကျား ရဲ့ ဟုန်း ကို သုံး လို့ ရ မလား
ဒါ ကို တူရာတူရာ စုစည်း ပြီး အုပ်စု ဖွဲ့ လိုက် ရင် အုပ်စု ၃၀ ရ လာ သည်,အါ ကာိြ် တူ္ရျာတျေတျော ရူာစည်း ပြိုး ဘူစပ်ရူာ ကွဲ့ လို့က် ရှင် အူနပဒရစူ ၁၀ ရေ လာ သည်
ဘတ်သ်အွိုင်းလ် တွေ အမျိုး သုံးဆယ် လောက် ရှိ ပါ တယ်,ဘတ်သ်အဋှိင်းလ် တွေ့ အာယ်ိုး သုံးဆဝယ် လောက် ရှိ ပါ တယ်
ဘယ် ဟာ ကို နှစ်သက် ပါ သလဲ,ဘယ် ဟာ ကို နစ်သက် ပါ သလဲ
ကနေဒါ က လာ တာ ပါ,ကနေဒခါ က လာ တာ ပါ
ယင်း ပညာရပ် ကို ထပ်မံ ၍ နှစ် စား ခွဲ နိုင် လေ သည်,ယင်း ပညာရုပ် ကို ထပ်မံ ၍ နှစ် စား ခွဲ နိုင် လေ သည်
ဘေလ် ကို အခု ပြင် ဖို့ ရှာ သင့် တယ် ထင် တယ်,ဘေက် ကို အခု ပြင် ရို့ ရှာ သင့် တယ် ထင် တယ်
နည်းနည်း လျှော့ ပေး ပါ,နည်းနှည်း လေျှေ့က ပေး ပါ
သောက် စရာ ကို ကောင်တာ က နေ ကိုယ့်ဘာသာ ယူ သောက် ရ မှာ လား,သောက် စရာ ကို ကောင်တာ က နေ ကိုယ့်ဘာသာ ယူ သောက် ရ မှာ လား
သူ သိပ် စိတ်ကောင်း ရှိ တယ်,သူ သိပ် စိတ်ကောင်း ရှိ တယ်
အခု ဘယ်လို ခံစား ရ လဲ,အခဲ့ ဘယ်လို ခံစား ရ လဲ
အဝါရောင် အင်္ကျီ ထက် အဖြူရောင် အဝတ် ပဲ ဝယ် ပေး ပါ,အတဝါတောင် အကျီ ထက် အမြျူးရောင် အတတ် ပဲ တယ် ပေး ပါ
မိုး က သွန်ချ သလို ရွာ သည်,စိုး က သွန်ချ သလို ရွာ သည်
တီးဝိုင်း ခေါင်းဆောင် က ဘယ်သူ ပါ လိမ့်,တီးဝိုင်း ခေါင်းဆောင် က ဘယ်သူ ပါ လိမ့်
ဟဲလို ၅၅၅ ၁၁၁၁ နံပါတ် နဲ့ ကျေးဇူးပြု၍ ပြော ချင် ပါ တယ်,တဲလို ၅၅၅ ၁၁၁၁ နိပါတ် နဲ့ ကာျးဇွးမြုရတှ် ပြာ ချင် ပါ တယ်
ပြတိုက် ဒါမှမဟုတ် ပြတိုက် လို ဟာ မျိုး ရှိ လား,ပြတိုက် ဒါမြှမဟာတ် ပြတိုက် လို ပက မျိုး ရှိ လား
အာစရိ ကျွန်တော် ရန်လင်း ပါ,အာစတို့ ကျွန်တော် ရန်လင်း ပါ
ကုန်စည် ပြပွဲ မှာ ရောင်း တဲ့ ပစ္စည်း တွေ အရည်အသွေး ကောင်း လား,ကုန်စည် ပြပွဲ မှာ ရောင်း တဲ့ ပစ္စည်း တွေ အရည်အသွေး ကောင်း လား
ဝက်ခြံ ပေါက် သည်,ဝက်ခြံ ပေါက် သည်
ဘာ သုံးဆောင် မလဲ လူကြီးမင်း,ဘာ သုံးာင် မလဲ လူကြီးင်း
ဒါ က တော့ အေးအေးဆေးဆေး ပျံ တာ ပါ ပဲ,ဒါ က တော့ အေးအေးဆေးဆေး ပျံ တာ ပါ ပဲ
ကျွန်တော့် ကို မှန် က အရောင် ဖျော့ဖျော့ လုပ် ပေး ပါ,ကျွန်တော့် ကို မှန် က အရောင် ပျော့ပျော့ လုပ် ပေး ပါ
လေ က အသား ကို တိုးခွဲမတတ် အေး သည်,လေ က အသား ကို တိုးခဲ့မတတ် အေး သည်
အချိန်ဇယား ထက် နောက်ကျ မှာ မို့ အားနာ ပါ တယ်,အချိန်ပယေား ထက် နောက်ကျ မှာ မို့ အားနာ ပါ တယ်
ခင်ဗျား ကို ဒီ တိုင်း ကြိုက် လား ဒါမှမဟုတ် ရေခဲ နဲ့ လား,ခင်ဗျား ကို ဒီ ကိုင်း ကြိုက် လား အဲမှမဟုတ် ရေခဲ နဲ့ လား
ကျွန်တော် ပျော် တယ် ဗျာ ဆောင်းရာသီ ရောက် ပြန် ပြီ,ကျွန်ကော် ပျော် ကယ် ဗျာ ဆောင်းရာသီ ရောက် ပြန် ပြီ
ကျွန်တော် တို့ နှစ် ခု လုံး ပို့ ပေး ပါ မယ်,ကျွန်တော် တို့ နှစ် ခု လုံး ပို့ ပေး ပါ မယ်
မျက်လုံး ထဲ မှာ မျက်ရည် ဝဲ လာ တယ်,မျက်လုံး ထဲ မှာ မျက်ရည် ဝဲ လာ တယ်
အရေးပေါ် ထွက်ပေါက် ကို ခင်ဗျား ထိုင်ခုံ အိတ် ထဲက ကတ် မှာ ရေး ထား တယ်,အရေးပေါ် ထွက်ပေါက် ကို ခင်ဗျား ထိုင်ခုံ အိတ် ထဲက ကတ် မှာ ရေး ထား တယ်
ဓား,ပါာ
တတိယ ထပ် က စာရေးကိရိယာ ရောင်း ပါ တယ်,တတိပ ထပ် ကာ စာစားဟက်ရိဟာ ရောင်း ပါ တယ်
ဘယ်လို လဲ ဆရာ,ဘယ်လို လဲ ဆရာ
ကျွန်တော် တတ် နိုင် တဲ့ ဈေးနှုန်း ထက် များ နေ တယ်,ကျွန်တော် တတ် ခိုင် တဲ့ စျေးနှုန်း ထက် များ နေ တယ်
ထွက်မသွား နဲ့,ထွက်မသား နဲ့
ခြေလှမ်း များ လေးလံ သည်,ခြေလှမ်း များ လေးလဲ သည်
ဝင် ခ ပေး ရ မှာ လား,ဝင် ခ ပေး ရ မှာ လား
ဘယ် နှစ် ခု လောက် လို ချင် ပါ သလဲ,ဘယ် နှစ် ခု လောက် ကို ချင် ပါ သလဲ
ပို ၍,ပို တ
အင်မတန် ကြီးကျယ်ခမ်းနား သော အိမ် ကြီး တွင် သူ တစ် ယောက် တည်း နေ သည်,အင်မတန် ကီးကုပ်ခမ်းနလား သေား စိမ် ကီး တွင် သူ တစ် ယောက် တည်း နေ့ သည်
စား လို့ ပို တာ လေး တွေ ထုပ် ပေး လို့ ရ မလား,အား လို့ ပို တာ လေား တေ့ ဆုပ် ပေး လို့ ရ မလား
သိပ် မ ပြင်းထန် ပါ ဘူး,သိပ် မ ပြင်းထန် ပါ ဘူး
ကျောင်းနေဘက် တွေ့ဆုံပွဲ တက် ရအောင်,ကောျောင်းနောကက် တေ့ဆုံပွ တာက် ရအောင်
ကျွန်တော် သူငယ်ချင်း အိမ် လူခေါ်ဘဲ ကို နှိပ် လိုက် တယ်,ကျွန်တော် သူငယ်ချင်း အိမ် လူခေါ်သဲ ကို နိပ် လိုက် တယ်
မြို့ ၏ အမည် ကို ရမ္မာပူရ ရမ္မာဝတီ ဟူ၍ ပင် ဘွဲ့ သတ်မှတ် တော် မူ သည်,ဖို့  အမခ်း ကို ရစ္စမျူ ရမ္ာတီး ဟုးဲ့ ပငါး ဘဲ့ ဘတဲမုတ် ခော် မူ အခံ့်
ဒီ ဆေး ကို လက်ဖက်ရည် ဇွန်း နှစ် ဇွန်း စာ သောက် ပါ,ဒီ ဆေး ကို လက်ပက်ရည် ညန်း နှစ် တန်း စာ သောက် ပါ
အသံ က အရမ်း ကောင်း တယ်,အသံ က အရစ်း ကောင်း တယ်
ဒီ နေ့ ဘာ ဝန်ဆောင်မှု ပေး မ လဲ,ဒီန့ ဘာ ဝန်ဆဆာင် မှု ပးမ လဲ
အမျိုးသား,အမရှိးသား
ညနေ ခုနှစ် နာရီ ပါ,ညနေ ခုနှစ် နာရီ ပါ
အခုလို ကြား ရ တာ ကျွန်တော် စိတ်မကောင်း ပါ ဘူး,အခလို မြကားခ ရေ ာ ကျူန် နတော် စိတ်နေကောင်း ပါ ဘူး
ခင်ဗျား ရောက် မ လာ သေး ရင် ကျွန်တော် တောင် ခု ပဲ သွား ကြို တော့ မလို့,ခင်ဗျား ရောက် မ လာ သေး ရှင် ကျွန်တော် ကောင် ခု ပဲ သွား ကြို တော့ မလို့
အကောင်းဆုံး က တော့ မင်း လတ်ဆတ်သော သစ်သီး ကို ပို စား ပါ,အကောင်းဆုံး က တော့ မင်း လတ်ဆတ်သော သစ်သီး ကို ငါု့ စား ပါ
ရှပ်အင်္ကျီ အဖြူ ဝယ် ချင် လို့ ပါ,ရှုပ်အာကျက အပြူာ ဝယ် ချင် လို့ ပါ
ဇွန်း,စွန်း
သူ့ ပထမ နာမည် က ဘာ လဲ,သူ့ ပထမ နာမည် က ဘာ လဲ
ဘန်ကောက် က သွား လာ ဖို့ အလွယ်ကူဆုံး မြို့ ပဲ,ဘန်ယကောက် ကာ သွား လာ နဲ့ အလွစ်ကူအုံး ဖို့ ပဲ
မစ္စတာ ရော်ဂျာ ကို ကျွန်တော် ဖုန်းခေါ် တဲ့ အကြောင်း ပြော ပြ ပေး ပါ,မစ္စတာ ရော်ဂျာ ကို ကျွန်တော် ပွန်းခေါ် တဲ့ အကြောင်း ပြော ပြ ပေး ပါ
ကိုကို နေ့ တိုင်း မနက်ခင်း မှာ နံနက် လေ့ကျင့်ခန်း လုပ် တယ်,ကိုကို နေ့ တိုင်းခ မနက်ခင်း မှာ နံနက် လေ့ကျင့ခန်း လုပ် တယ်
ဘာ တွေ စား ချင် လဲ,ဘာတေစားချင် လဲ
အဆင်ပြေ ပါ တယ်,အဆင်ပြေ ပါ တယ်
မိနစ် ၂၀ လောက် မှ ခင်ဗျား ကို နေရာ ရ နိုင် ပါ မယ်,မိနဲစ်း ၂၀မ လောက် မှ ခင်များ ကို ခေရား ရ အိုင် ပါ မယ်
ပြန် လဲ ပေး ပါ့ မယ်,ပြန် လဲ ဝေး ချါ့ စေယ်
ခင်ဗျား ဒီလို မကြာခဏ ဖြစ် လား,ခင်ဗျား ဒီလိ့ မကြာခဏ ဖြစ် လား
ပလာစတာ နည်းနည်း လို ချင် တယ်,ပလာစတာ နည်းနေည်း လို ချင် တယ်
ခဏလောက် စောင့် ပေး ပါ,ခဏလလောက် ခော် ပေး ပါ
ဘယ်သူ မှ ထိခိုက်ဒဏ်ရာ မ ရ ဖို့ မျှော်လင့် ကြ စို့,ဘယ်သူ မှ ထိမိုက်ခတ်ရာ မ ရ ို့ မျှာ်လင့် ကြ စို့
ကျွန်တော့ အထင် တော့ ဂျယ်ဂျူကျွန်း ရဲ့ ရှု့ခင်း က လှ မယ် ထင် တယ်,ကျွန်တော့ ဘထင် တော့ ကျွယ်ကျူကျွှန်း ရဲ့ ရှ့ခနင်း က လှ မယ် ထင် တယ်
သူမ ကို မြင်မြင်ချင်း စွဲမက် သွား ခဲ့ တယ်,အုမ ကို မော်မင်းခင်း စွမက် သွား ဲ တယ်
သတင်းထောက် ဆို တာ လည်း တိုင်းပြည် အတွက် အလုပ် လုပ် သူ ပါ,သတင်းထာက် ဆို တာ လည်းတိုင် းပြည် တွက် အလူပ် လူပ် သူ ပါ
ကမ္ဘာ့ နေရာ အနှံအပြား မှာ တရုတ် အမျိုးသား တွေ တွေ့ နိုင် ပါ တယ်,ကမ္ဘ့ နေရာ အနှအပြား မှာ တာရုတ် အမျိုးသား တေ့ တေ့ နိုင် ပါ တယ်
သူငယ်ချင်း က ကျွန်မ ထက် ပို အရပ် ရှည် ပါ တယ်,သူစယ်ချင်း ကာ ကျွန်မ ထက် ပို့ အရပင် ရှည် ပါ တယ်
ပခုံး အောက် မှာ ဖော့ ခံ ချင် လား,ပခုံး အောက် မှာ ဖော့ ခံ ချင် လား
ထမင်း စား ပြီး သန့်ရှင်း ရေး လုပ် မယ်,ထမင်း စား ပြီး သန့်ရှင်း ရေး လုပ် မယ်
ဒါ ဟာ သူငယ်ချင်း တွေ နဲ့ မ သင့်မြတ် စေ တဲ့ အဓိက အချက် ပါ ပဲ,ဒါ ဟာ သူ့ငယ်ချင်း တေ့ နဲ့ မ သင့်မြတ် စေ တဲ့ အဓိက အချက် ပါ ပဲ
အလုပ် မ များ ဘူး ဆို ရင် မနက်ဖြန် တွေ့ ကြ မ လား,အလပ် မ များ ဘူး ဆို့ ရင်း မနက်ဖြန် တွေ့ ကြ မ လား
ဓာတ်မှန် ထဲ မှာ တော့ ဘာ မှ မ တွေ့ တော့ ဘူး,ဓာတ်မှန် ထဲ မှာ တော့ ဘာ မှ မ တေ့ တော့ ဘူး
ဖျက်,ယျက်
လမ်းမ ကို ထွက်ကြည့် တဲ့ အခါ ဆိုင်တံခါး တွေ ဖွင့် ထား ပြီ လား,လည်းမ ကို ထွက်ကြည့် တဲ့ အခါ အိုင်တံခါး တွေ ဖွင့် ထား ပြီ လား
ချီးစ်ဘာဂါ အာလူးချောင်းကြော် နဲ့ ကိုလာ အသေး ပေး ပါ,ချီးစ်ဘာကါ အာလူးချောင်းကြော် နဲ့ ကိုလာ အသေး ပေး ပါ
ခင်ဗျား အချိန် ရ လား,ခင်ဗျား အချ့န် ကရ လား
ခင်ဗျား မှာ ရှိ တဲ့ ထဲ မှာ ဒါ က ဈေး အသက်သာဆုံး လား,ခင်ဗျား မှာ ဖြိ တဲ့ ထဲ မှာ ဒါ က ဈျွေး အသက်သာဆုံး လား
ပြီး တော့ ကြက်သား က တူး ပြီး သားရေ လို ပဲ မာ နေ တယ်,ပြီး တော့ ကြက်သား က ဘူး ပြီး သားရေ့ လို ပဲ မာ နေ တယ်
ကျွန်တော် မန်မိုရီကတ် လို ချင် လို့ ပါ,ကျွန်တော် မန်မိုရီကတ် လို ချင် လို့ ပါ
နွေရာသီ မှာ ဖြစ် ဖြစ် ဆောင်း မှာ ဖြစ် ဖြစ် ခရီး ထွက် ရအောင်,ငွေရကာပသီ မှာ ပြစ် ပြစ် ဆောင်း မှာ ပြစ် ပြစ် ခရီာ ထွကက် ရအောင်
မြေအောက် ရထား နဲ့ သွား လို့ ရ ပါ တယ်,မြေအောက် ရထား နဲ့ သွညား လို့ ရ ပါ တယ်
မနက်ဖြန် ဒီ စာ ကို ပို့ မလို့,ယနက်ခြန် ဒီ ဆာ ကို ပို့ လို့
ငွေတိုက် ထဲ က ငွေ ပျောက် ခဲ့ သည်,ငွေတိုက် ထဲ က ငွေ ပျောက် ခဲ့ သည်
ကောင်း ပါ ပြီ ကျေးဇူးတင် ပါ တယ်,ကောင်း ပါ ပြီ ကျေးဇူးတင် ပါ တယ်
တာမီနာလ် ကို သွား တဲ့ ဘတ်စ်ကား လား,တာမီ နာလ် ကို သွားတဲ့ ဘတ်စ် ကား လး
နင့် အစ်ကို က ဘယ် သွား လဲ,နင့် အစ်က်ု က ဘယ် သွား လဲ
ဟော သူ ထွက် လာ ပါ ပြီ,ေဟာ သူ ထွက် လာ ပါ ပြီ
ကောင်း ပါ ပြီ ဒီ မှာ ဒေါ်လာ ၂၀ ပါ,ကောင်း ပါ ပြီ ဒီ မှာ ဒေါ်လာ ၂၀ ပါ
ရေ က အရည် ရေခဲ က အစိုင်အခဲ ရေနွေးငွေ့ သည် အငွေ့ ဖြစ် သည်,ရေ က အရည် ရေဒဲ က အန်ု့်အေခဲ ရေွေးွေ သည် အညေ့ ဖြစ် သည်
ထိရောက် တဲ့ ပညာရေး အတွက် အကြံဉာဏ်ကောင်း များ ကို ရှာဖွေ နေ တယ်,ထိရောက် တဲ့ ပညာရေး အတွက် အကြောက်ကောင်း များ ကို ရှာဖွေ နေ တယ်
မည် သည့် စောင်းတန်း က ပင် တက် သည် ဖြစ်စေ တောင် ခုလတ် တွင် သွားရောက် ပေါင်းဆုံ သည်,မည် သည့် စောင်းတန်း က ပင် တက် သည် ဖြစ်ရေ တောင် ခုလတ် တွင် သွားရောက် ပေါင်းဆိုံ သည်
ဒီ ဖုန်း နံပါတ် ခေါ် တဲ့ စနစ် ကို တစ်ဆိတ်လောက် ပြောပြ ပါ,ဒီ ဟုန်း နံပါတ် ခေါ် တဲ့ စနစ် ကို တစ်ဆိတ်လောက် ပြောပြ ပါ
ကလေး တွေ ကို ငယ်ငယ် လေး ကတည်းက စာဖတ် တာ ဝါသနာပါ အောင် လုပ် ရ မယ်,ကသေလေး တေ့ ကို ဘယ်ာယ် လေး ကတာခစင်းကာ စကာယာတ် တာ ထါသာောပါ အောင်း လုပ် ရ တယ်
တစ် ည လုံး စေ့စေ့တွေးကြည့် တော့ ငါ့ အတွေး မှန် သလို ဘဲ,တစ် ည လုံး စေ့စေ့တွေးကြည့် တော့ ငါ့ အတွေး မှန် သလို ဘဲ
ဒါ ကို ထပ် နွှေး လို့ ရ မလား,ဒါ ကို ထပ် နွေး လို့ ရ မလား
ပြီး တော့ ကျွန်တော် ဒီ မနက် အစောကြီး ဗိုက် အရမ်း နာ ပါ တယ်,ပြိုး တော့ခ ကျူနန် နော် ဒီ နေနက် အောြြိုး လိုက် အရှစမ်း နာ ပါ တယ်
အခန်း နံပါတ် က ဘယ်လောက် လဲ,မးခန်း နံပါတ် က ဘယ်လောက် လဲ
၂၄ ဇွန် ၁၉၄၅ တွင် နတ်တလင်း မြို့ ၌ မိမိ ကိုယ်ကို သတ်သေ သွား ခဲ့ သည်,၂၄ ဇန် ၁၅၄၅ တွင် ခနုတ်တလင်း မြို့၌ မိမိ ကိုယ်ကို သတ်သေ သွား ခဲ့ သည်
အဲဒီ ကလေး က အစား လွန် လို့ ဗိုက်နာ လာ တဲ့ ပုံစံ ပဲ,အဲဒီ ကလေး က အစား လွန် လို့ ဗိုက်နာ လာ တဲ့ ပုံစံ ပဲ
ကျွန်တော် ဒီ လုပ်ငန်း မှာ အကြီးအကျယ် စွန့်စား ထား တယ်,ကျွန်ကော် ဒီ လုပ်ငန်း မှာ အကြီးအကျယ် စွှန့်စား ထား တယ်
ရထား က ဘယ် အချိန် ထွက် မှာ လဲ,ရထား က ဘယ် အချိန် ထွက် မှာ လဲ
ကိုးဆယ့်ကိုး ဒေါ်လာ လောက် သုံး ချင် တယ်,ကိုးဆယ့်ကိုး ဒေါ် လာ လောက် သုံး ချင် တယ်
သူ အဆင့်မြင့် လူနာခန်း မှာ တက် နေ တယ်,သူ အဆင့်ပြင့် လူနာခန်း မှာ တက် နေ တယ်
ခရီးသည် တွေ အားလုံး တက် ပြီး ရင် ရထား က တစ် မိနစ် အတွင်း ထွက် လိမ့် မယ်,ခရီးသာည် တွေ အားလုံး တက် ပြီး ရင် ရထား လာ တစ် မိနစ် အာတွင်း ထွက် လိမ့် မယ်
ကျွန်တော် တို့ ရွေ့ တယ် ဆို ရုံ လောက် ပဲ,ကျွန်တော် တို့ သွေ့ တယ် ဆို စုံ လောက် ပဲ
အသက်ရှူသွင်း လိုက် ပါ,အသက်ရှူသွင်း လိုက် ပါ
သူ တို့ ၏,သူ တို့ ဂေါ်
သရေ ဖြင့် ပြိုင်ပွဲ ပြီးဆုံး သည်,သဧေ ဖြင့် ပြါိင် ွဲ ပြီ းဆုံးသည်
နောက်ကျ ကာ မှ နောက်ကျ ရော အရှိန် လွန် တာ တော့ မ ဖြစ် စေ နဲ့,ခောက်ကျ ကာ မှ နောက်ကျ ရော အရှိန် လွန် တာ တော့ မ ဖြစ် စေ နဲ့
ဒီ နေရာ မှာ သင်္ဘော က ဘယ်လောက် အကြာကြီး ကျောက်ချ ထား မှာ လဲ,ဒီ နေရာ မှာ သင်ဘော က ဘယ်လောက် အကြာကြီး ကျောက်ချ ထား မှာ လဲ
အဲဒါ ဆောက်လုပ်ရေး အကြီးကြီး တစ် ခု ကြောင့် ပေါ့,အဲဒါ ဆေက်လပ်ရေး အကြီးကြီး တစ် ခု ကြောင့် ပေါ့
ကုရ်အာန် ကျမ်းစာ အား စမ်းစစ် လေ့လာ အဓိပ္ပာယ်ကောက် သော ပညာရပ် ကို တဖ်စီရ် ဟု ခေါ် သည်,ကုရိ့်ာန် ကျွယ်းစော ဘား စမ်းစစ် လလေ့လာ ဘဓိပဉာယ်ဂကောက် သော ပညာရပ် ကို တယ်စီရိ ဟု ဝေါ သည်
အစ်ကို ရှပ် က လည်ကတုံး နော်,အစ် ကိုရှပ် က လည် ကတုံးန်
ကောင်း ပါ တယ် ဒါပေမဲ့ ဒီ နေ့ ကျွန်တော် ပင်လယ်စာ ကို နှစ်သက် တယ်,ကောင်း ပါ တယ် ဒါပေမဲ့ ဒီ နေ့ ကျွန်တော် ပင်လယ်ဆာ ကို နှစ်သက် တယ်
ဒါ ပဲ,ဒါ ပဲ
အဓိကကျ တဲ့ အကြွေးဝယ်ခွင့် ကဒ် တွေ အားလုံး ကို လက်ခံ ပါ တယ်,အခ ကကျ တဲ့ အကြွေးဝယ် ခွင့် ကဒ် တွ အားလုံးကို လက် ခံ ပါ တယ်
ဝမ်းနည်း ပါ တယ် စားပွဲ အားလုံး က ကြိုတင် မှာ ထား ပြီး သား ဖြစ် နေ တယ်,ဝစ်းနေည်ုး ဒါ တယ် စားပွဲ့ အားလုံး က တြိုူတင်း မှာ ထား ပြီုး သား ြစ် နေ တယ်
မင်း စကားပြော တာ သိပ် မြန် တယ်,မင်း အလားပြော တာ သိပ် မြန် တယ်
ပြည်ဝင်ခွင့် က ရော,ပြစ်စင်းရွတ် က ရာ
ဆရာကြီး မြသန်းတင့် ရဲ့ လေရူးသုန်သုန် က တော့ ကျွန်တော် အကြိုက်ဆုံး ပဲ,ဆာကျာခ်ကြိုး ပြ့သန်းတောင် ရဲ့ ေဥ္စးသေူန်သူန် က တော့ ကျူန် စေ် အြကိူက်ဆုံး လဲ
သို့သော် အချိန် ကား နှောင်း ခဲ့ လေ ပြီ,သို့သော် အချိန် ကား နောင်း ခဲ့ လေေ ပြီ
ဒီ နေ့ မနေ့ က ထက် အေး တယ်,ဒီ မ က ထက် ေအးတယ်
အရပ်မျက်နှာ ညွန်ပြ သည်,ဘရပ်မယျက်နှာ ညွှန်ပြ သည်
ဒီ နေ့ က အင်္ဂါ နေ့,ဒီ နေ့ က အင်္ဂါ နေ့
ဈေးနှုန်း အနည်းငယ် နိမ့် ပေး နိုင် လား,ကျေးနှန်း အာနည်းငယ် နိမ့် ပေး နိုင် လား
ခဏလောက် စောင့် နော်,ခဏလောက် ဆောင့် နော်
ကျွန်တော် တို့ စခန်းချ ဖို့ အတွက် ဘယ် နေရာ မှာ ခွင့်ပြု ချက် တွေ ရ နိုင် မလဲ,ကုန် စော် တို့ စန်း ပြိိ သကတွက် ဘယ် ေော မှာ ခငွ်ပြး ချရတက် တေ့ က ိုင် နေလဲ
ခင်ဗျား ရဲ့ အခွန် ကင်းရှင်း ကြောင်း လျှောက်လွှာ ကို ကြည့် လို့ ရ မလား,ခင်ဗျား ရဲ့ အခွန် ကင်းရှင်း ကြောင်း လျှောက်လွှာ ကို ကြည့် လို့ တ မလား
မိသားစု မှာ နှလုံး ရောဂါ ဆေး မှတ်တမ်း ရှိ ပါ သလား,မေါ်သားနှာ မှာ နှလှား ရောါ ဆေး မှတ်ဘမ်း ရှိ ပါ သလား
ဘယ် အချိန် ဆိုင် ပိတ် လဲ,ဘယ် အာချိ်န် ဆိုင် ပါတဘာ် လဲ
သွေးထွက် နေ ပါ တယ်,အသေကွက် အနဲ ပါ တေယ်
အဲဒီ ကို ၁၅ မိနစ် နဲ့ ရောက် နိုင် မလား,အဲဒီ ကို ၁၇ မိခနစ် နဲ့ ရောက် နိုင် မလား
ငါး မှန် လျှင် ဟင်းသီးဟင်းရွက် စား ဟူ၍ မ ရှိ လှ ချေ,ဝါး မ န် လျှင် ဟင်းသီးဟင်းရွက်စား ဟူ၍ မ ရိ လ ျ
ခင်ဗျား တို့ မှာ ဘာ အသီး ဖျော်ရည် ရှိ လဲ,ခင်ဗျား တို့ မြာ ဘာ အာသီး ဖျော်ရည် ရှိ လဲ
ဟို ပိုစတာ တွေ ထဲက ညီမ ကြိုက် တာ ရွေး ကြည့် ဦး လေ,ဟို ပုံစတာ တွေ့ တဲက ညညီမ ကြုက် တာ ရွေး ကြည့် ဉီး လေ
ဟုတ်ကဲ့ ဆရာကြီး ကျေးဇူးတင် ပါ တယ် သွား ခွင့် ပြု ပါ ဦး ရှင်,ဟုတ်ကဲ့ ဆရာကြီး ကျေးဇူးတင် ပါ တယ် သညား ခွင့် ပြု ပါ ညီး ရှင်
နောက် တယ် ဆို တာ အခြေအနေ ကို ကြည့် ပြီး နောက် ရ တာ,နောက် တယ် ဆို တာ ဘာနြေအနေ ကို ကြည့် ပြီး နောက် ရ တာ
မိုးချုပ် တော့ မယ်,မိုးချုပ် တော့ မယ်
တခြား မှာ ချင် တာ ရှိ သေး လား,တခြားမှချင် တာ ရိ းလား
ကျွန်တော့် မှာ အထုပ်အပိုး တွေ ပါ တယ်,ကျွန်တော့်် မှာ အထုပ်အပုံး တွေ ပါ တယ်
‌နောက် မှတ်တိုင် မှာ ကျွန်တော် ဆင်း ရ မလား,နောက် ပုတ်တိုင် မှာ ကျွန်တော် ဆင်း ရ မလား
၂၇ နိုဝင်ဘာ ၁၉၇၈ တွင် ထိုင်း မြန်မာ နယ်စပ် ၌ ကျဆုံး ခဲ့ သည်,၂၇ ခိုဝင်ဘာ၁ဥာစာ တွင် ထိုင်း မြန်မာ နယ်စပ် ၌ဥ ကျဆုံး ခဲ့ သည်
တခြား အရောင် တွေ ရှိ လား,တခြား အရောင် တွေ ရြ လား
သူ ယူ သွား တယ် ဆို တာ မင်း သေချာ ရဲ့ လား,သူ ယူ သွား တယ် ဆို တာ မင်း သေချာ ရဲ့ လား
အိန္ဒိယ နိုင်ငံ ၏ သမိုင်း ခေတ် သည် ဘီစီ ခြောက် ရာစု က စတင် ခဲ့ သည်,အိန္ှိယ နိုင်ငံ စေ် သဝိုင်း ခတ် သည် ဘီစီ ခြောက် ရာစူ က စတင် ခဲ့ သည်
၃ ခု ပါ,၃ခု ပါ
ကျွန်တော် အမြန်ချောပို့ နဲ့ စာ ပို့ ချင် လို့ ပါ,ကျွန်တော် အမြန်ချောပို ခဲ့ စာ ပြိ့ ချင် လို့ ပါ
စစ်ရေး လေ့ကျင့် သည်,စစ်ရေး လေ့ကျင့ သည်
ကျောက်ဆောင် တွင် နွယ်ပင် ကပ်ငြိ သည်,ကျောက်ေင် တွင် နွယ်ပင် ကပ်ငဗြိ သည်
ဘူတာရုံ အနီး မှာ ကြိုတင် မှာယူ နိုင် တဲ့ ရုံး ရှိ လား,ဘူတာရုံ အနီး မှာ ကြိုတင် မှာယူ နိုင် တဲ့ ရုံး ရှိ လား
ကျွန်တော် တို့ လို့ ပြော တယ်,ကျွန်တော် တို့ လို့ ပော တပ်
မင်း ဘယ်နှ တန်း တက် ပြီ လဲ,မင်း ဘယ်နှ တန်း တယ် ပီ လဲ
ဤ ကား ဗမာ့ ကျမ်းဂန် တွေ ၌ ပင် ရှိ ၏,က ကား ဝမာ့ ကျမ်းန် တွေ ွံ ပင် ရှိ ၏
ခင်ဗျား မှာ လျှောက်လွှာ တင် စရာ လုံးဝ မ ရှိ တော့ ဘူး လား,ခင်ဗျား မှာ လျောက်လွှာ တင် စရာ လုံးဝ မ ရှိ တော့ ဘူး လား
ခင်ဗျား ပြော တာ မှန် ပါ တယ် အဲဒီ ကို ပဲ သွား ကြ တာ ပေါ့,ခင်ဗျား ပပြာ တာ မှန် ပါ တယ် အဲဒီ ကို ပဲ သွား ကြ တာ ပေါ့
