ground_truth,prediction
သည်,သည်
မှာငြိပါ ပါလိမ့်။,မှာငြီပါ ပါလိမ့်။
သေတ္တာကို မရဲတ,သေတ္တာကို မရဲတ
၃၅၃ ဖြစ်သည်။ ၂၀၁၄ သန်းခေါင်စာရင်းအရ တောင်နီကျေးရွာအုပ်စုတွင် ကျား ၁၁၀,၃၅၃ ဖြစ်သည်။ ၂၀၁၄ သန်းခေါင်စာရင်းအရ တောင်နီကျေးရွာအုပ်စုတွင် ကျား ၁၁၀
ပုသိမ်မြို့သည် ၁၂ စ,ပုသိမ်မြို့သည် ၁၂ ၈စ
ပုန်း,ပုန်း
ရင်မ အားပြန်၍ လက်,ရင်မ အားပြန်၍ လက်
မလာသေး,မလာသေး
ခဲ့သော,ခဲ့သော
အ,အ
အမြဲရှိတယ်၊ ကင်,အမြဲရှိတယ်၊ ကင်
နာ,နာ
လွတ်တစ်ရွက်,လွတ်တစ်ရွက်
ရှင်း,ရှင်း
မှု ကူးစက်ရော,မှု ကူးစက်ရော
နိုင်ချေ။ တနင်္ဂ,နိုင်ချေ။ တနင်္ဂ
ပွဲကြီးနှင့် သာသနာနှစ် ၂၅၀၀ ပြည့် အထိမ်းအမှတ် အောင်ပွဲသဘင်ကြီးကို ၁၉၅၆ ခုနှစ် မေလ ၂၂ ရက်မှ,ပွဲကြီးနှင့် သာသနာနှစ် ၂၅၀၀ ပြည့် အထိမ်းအမှတ် အောင်ပွဲသဘင်ကြီးကို ၁၉၅၆ ခုနှစ် မေလ ၂၂ ရက်မှ
လောက်ဖြစ်သည်။ သို့ရာတွင် အလွန်ကြီးမားသော နှုတ်ခမ်း,လောက်ဖြစ်သည်။ သို့ရာတွင် အလွန်ကြီးမားသော နှုတ်ခမ်း
သည် တိုက်ကွင်းထဲ ဝင်ရောက်၍ ပါ,သည် တိုက်ကွင်းထဲ ဝင်ရောက်၍ ပါ
ပါတယ်၊ ကျုပ်ပါ ဟာ,ပါတယ်၊ ကျုပ်ပါ ဟာ
င့်အတွက်ပါလာ,င့်အတွက်ပါလာ
သည်။,သည်။
အင်ဂျင်ကို အကန့်အသတ်ဖြင့် ခုတ်ရခြင်း၊ လွယ်လင့်တကူ အရေးပေါ်လုပ် ခတ်တက်က,အင်ဂျင်ကို အကန့်အသတ်ဖြင့် ခုတ်ရခြင်း၊ လွယ်လင့်တကူ အရေးပေါ်လုပ် ခတ်တက်က
အမှန်,အမှန်
ဦး,ဦး
၏,၏
။ စာရေးဆရာ မောင်ဝံသ ပဲခူးတိုင်း၊ ဝေါမြို့နယ်၊ မြစ်ကျိုးကျေးရွာတွင် မွေး,။ စာရေးဆရာ မောင်ဝံသ ပဲခူးတိုင်း၊ ဝေါမြို့နယ်၊ မြစ်ကျိုးကျေးရွာတွင် မွေး
တို့,တို့
နေ,နေ
သီး၏ မျက်မှောက်ဘ၀ အတွေ့အကြုံများကို,သီး၏ မျက်မှောက်ဘဝ အတွေ့အကြုံများကို
။,။
င့်,င့်
ဖေဖျားရဲ့။ အံ,ဖေဖျားရဲ့။ အံ
ဘဝ၌ပင် အခြေခံ ကျမ်းစာအဖြာဖြာတို့ကို သင်ကြားတတ်မြောက်သည်,ဘဝ၌ပင် အခြေခံ ကျမ်းစာအဖြာဖြာတို့ကို သင်ကြားတတ်မြောက်သည်
အဖြစ်နှင့်,အဖြစ်နှင့်
ဘယ်လို ခေါ်ကြမယ်မသိဘူး တိုက် လူဦးရေတိုးနှုန်းသည် ဝ.၉ ရာခိုင်နှုန်းဖြစ်သည်။ ခန္တီ (ပုလောက်မြို့နယ်ခွဲ) နယူတန်၏,ဘယ်လို ခေါ်ကြမယ်မသိဘူး တိုက် ၀ူဦးရေတိုးနှုန်းသည် ၀.၉ ရာဒခိုင်နှုန်းဖြစ်သည်။ ခန္တိ့ (ပုလောက်မြို့နယ်ခွဲ) နယူတန်၏
၀,၀
သဘင်သို့ ဆောင်ယူ တော်မူသွားပါလျှင် အောင်မြင်,သဘင်သို့ ဆေင်ယူ တော်မူသွားပါလျှင် အောင်မြင်
နေရာ၌ နေရ သည့်,နေရာ၌ နေရ သည့်
ဆိုခဲ့သည်။ သမ္မာကျမ်းစာကို အသုံး,ဆိုခဲ့သည်။ သမ္မာကျမ်းစာကို အသုံး
မြင်နေသူများမှာ,မြင်နေသူများမှာ
ထောင်စု၏ အခြားထင်ရှားသော တက္ကသိုလ်များမှာ ယေးတက္ကသိုလ်(၁၇ဝ၁ ခုနှစ်)၊ ပရင့်စတန်တက္ကသိုလ် (၁၇၄၆ ခုနှစ်)၊ ဝါရှင်တန်၌လည်း တက္ကသိုလ်(၁၇၄၉)၊,ထောင်စု၏ အခြားထင်ရှားသော တက္ကသိုလ်များမှာ ယေးတက္ကသိုလ်(၁၇၁၁ ခုနှစ်)၂၊ ပရင့်စတန်တက္ကသိုလ် (၁၇၄၆ ခုနှစ်)၊ ငါရှင်တန်၌လည်း တက္ကသိုလ်(၁၇၄၉)၊
သည် အိမ်ထဲရှိ သမီးနှစ်ယောက်ကို တစ်ချက်,သည် အိမ်ထဲရှိ သမီးနှစ်ယောက်ကို တစ်ချက်
လုပ်ရှင်၊ အ,လုပ်ရှင်၊ အ
ည့် သူတောင်းစားတွေ ပြန်ပေါ်လာကြသည်။ သူငယ်ကလေးများသည် နှင်းပန်းစိမ်းစိမ်းများကို ရောင်း,ည့် သူတောင်းစားတွေ ပြန်ပေါ်လာကြသည်။ သူငယ်ကလေးများသည် နှင်းပန်းစိမ်းစိမ်းများကို ရောင်း
လာသည် ဆိုတဲ့ ဇာတ်လမ်းကို ပြောမှာပါ,လာသည် ဆိုတဲ့ ဇာတ်လမ်းကို ပြောမှာပါ
ပေ,ပေ
ဖတ်ကြည့်လိုက်၏။ သူထိုနာမည်ကို ဖတ်နေမှန်းလည်း ထိုလူ,ဖတ်ကြည့်လိုက်၏။ သူထိုနာမည်ကို ဖတ်နေမှန်းလည်း ထိုလူ
ဒုက္ခနှင့်ရင်ဆိုင်တွေ့ကြုံနေရရှာသော အေမီက သူသည် ကူးနားပဲလေ့,ဒုက္ခနှင့်ရင်ဆိုင်တွေ့ကြုံနေရရှာသော အေမီက သူသည် ကူးနားပဲလေ့
မှ ကိုယ်ကျင့်သိက္ခာ ဖြူစင်မှလည်း အခြားသူတို့ဘက်က ကိုယ်ကျင့်သိက္ခာ ဖြူစင်လာမည် ဖြစ်၏။ ထိုအခါ လောက၌ ဒု,မှ ကိုယ်ကျင့်သိက္ခာ ဖြူစင်မှလည်း အခြားသူတို့ဘက်က ကိုယ်ကျင့်သိက္ခာ ဖြူစင်လာမည် ဖြစ်၏။ ထိုအခါ လောက၌ ဒု
မူမြို့နယ်,မူမြို့နယ်
အောက်,အောက်
ရှိဘူးထင်ပါတယ်..,ရှိဘူးထင်ပါတယ်...
ဇဂြိုဟ်သို့,ဇငဂြိုတ်သို့
ရှိ အကြောစိုင်မှန်သမျှ တင်းမာနေသည်။ သူ့အား အ,ရှိ အကြောစိုင်မှန်သမျှ တင်းမာနေသည်။ သူ့အား အ
တို့,တို့
ရား,ရား
မောင်မျိုးမြင့်,မောင်မျိုးမြင့်
မြို့နယ်၊ ထင်ပါကျိုင်းကျေးရွာ,မြို့နယ်၊ ထင်ပါကျိုင်းကျေးရွာ
မှ ၁၉၉၁ ခုနှစ်၊ ဒီဇင်ဘာလ ၂ဝ ရက်နေ့တွင် ကြေ,မှ ၁၉၉၁ ခုနှစ်၊ ဒီဇင်ဘာလ ၂၀ ရက်နေ့တွင် ကြေ
နှစ်,နှစ်
ဘုတ်လေး,ဘုတ်လေး
ဝင် စာချုပ်စာတမ်းများ 147 - ၎င်းပြင် ထိုသူတို့သည် (ယင်းကဲ့သို့ ဘေးအတန်,ဝင် စာချုပ်စာတမ်းများ 141 - ၎င်းပြင် ထိုသူတို့သည် (ယင်းကဲ့သို့ ဘေးအတန်
ဆောက်အအုံကို ခေါင်းမော့ကြည့်ကာ ချီးကျူးပြောဆိုနေသည်။ ဟာ ပ,ယောက်အအုံကို ခေါင်းမော့ကြည့်ကာ ချီးကျူးပြောဆိုနေသည်။ ဟာ ပ
ဖြေသည်။,ဖြေသည်။
ပြီးခဲ့တဲ့ အ,ပြီးခဲ့တဲ့ အ
မင်းမြတ်,မင်းမြတ်
များ,များ
နှောက် အသစ်,နှောက် အသစ်
၀၅ ဖြစ်သည်,၀၅ ဖြစ်သည်
ငယ်,ငယ်
ပနိုင်ငံတွေမှာ ကျန်နေသေးတဲ့,ပနိုင်ငံတွေမှာ ကျန်နေသေးတဲ့
ကား,ကား
မောင်,မောင်
ပေါင်းကို ခေါ်၍အရှင်တို့ ... သင်တို့သည် ငါမရှိသော်လည်း မပျင်းရိကြကုန်လင့်၊ ငါ ဆရာရသေ့ကြီးကိုဖူးမြောက်ပြီးလျှင် ဟိမဝန္တာသို့ ပြန်လာမည် ဟု,ပေါင်းကို ခေါ်၍အရှင်တို့ .. သင်တို့သည် ငါမရှိသော်လည်း မပျင်းရိကြကုန်လင့်၊ ငါ ဆရာရသေ့ကြီးကိုဖူးမြှောက်ပြီးလျှင် ဟိမဝန္တာသို့ ပြန်လာမည် ဟု
နားစိတ်တစ်ခုတည်းနှင့် ခွင့်ပြုရတော့မှာတဲ့လား။ ဇနီးတစ်ယောက် ချစ်ရာရောက်အောင် ခုထိတော့ မပျက်သေးပါဘူး၊ ရော်ဘင်က သူသွားကြည့်တဲ့ လမ်းကို ကျွန်တော့်,နား စိတ်တစ်ခုတည်းနှင့် ခွင့်ပြုရတော့မှာတဲ့လား။ ဇနီးတစ်ယောက် ချစ်ရာရောက်အောင် ခုထိတော့ မပျက်သေးပါဘူး)၊ ရော်ဘင်က သူသွားကြည့တဲ့ လမ်းကို ကျွန်တော့်
သည်။ ယခု,သည်။ ယခု
၁,၁
။ ကျွန်တော် ဆိုးခဲ့ ရမ်းခဲ့ တယ်။ ဘာမှအဆင့်မမီတဲ့ ရွာသာသာ,။ ကျွန်တော် ဆိုးခဲ့ ရမ်းခဲ့ တယ်။ ဘာမှအဆင့်မမီတဲ့ ရွာသာသာ
ခြားသစ်,ခြားသစ်
အသိ,အသိ
လိုက်၏။ စုသည် ကြီးကြီးမေရင်ခွင်,လိုက်၏။ စုသည် ကြီးကြီးမေရင်ခွင်
မည်,မည်
"က မင်းနဲ့ ပူးပေါင်းပေးမယ် "" ဆေပီယန်စ် -၂၄ တစ်နေ့တွင် ကိုဓာတ်သားက အင်း ဆရာတော်ဘုရားများကိုတော့ ဖူးမျှော်ပြီးပါပြီ၊ မင်းတို့ သဘင်ဂီတအဖွဲ့မှာကော ဘယ်သူတွေပါ","က မင်းနဲ့ ပူးပေါင်းပေးမယ် "" ဆေပီယန်စ် -၂၄ တစ်နေ့တွင် ကိုဓာတ်သားက အင်း ဆရာတော်ဘုရားများကိုတော့ ဖူးမျှော်ပြီးပါပြီ၊ မင်းတို့ သဘင်ဂီတအဖွဲ့မှာကော ဘယ်သူတွေပါ"
ကြီးကျယ်စွာဆောက်လုပ်လှူဒါန်းခဲ့လေသည်။ ပေါဠ,ကြီးကျယ်စွာဆောက်လုပ်လှူဒါန်းခဲ့လေသည်။ ပေါ်ဠဥ
တစ်စိတ်တစ်ပိုင်းအနေဖြင့် သူမသည် တောင်အာဖရိကတွင် နယ်လ်ဆင်မင်,တစ်စိတ်တစ်ပိုင်းအနေဖြင့် သူမသည် တောင်အာဖရိကတွင် နယ်လ်ဆင်မင်
ရာသည်,ရာသည်
ထည့်သွင်းကာ၊ ခြေ-လက်ပြုလျက် အထပ်အထပ်ဖွင့်ဆိုထားသဖြင့် ကျယ်ဝန်းသော အ,ထည့်သွင်းကာ၊ ခြေ-လက်ပြုလျက် အထပ်အထပ်ဖွင့်ဆိုထားသဖြင့် ကျယ်ဝန်းသော အ
နှစ်,နှစ်
၍,၍
တာဒေါ်မိုးသူပါလား၊ ကျွန်တော်တို့လမ်းထဲ မလာစဖူးလာတယ်၊ ဗန္ဓုလ ရုံမှာ,တာဒေါ်မိုးသူပါလား၊ ကျွန်တော်တို့လမ်းထဲ မလာစဖူးလာတယ်၊ ဗန္ဓတလ ရုံမှာ
အ,အ
။ ဆန်ကုန်သည်အဖြစ် အိမ်က ထွက်သွားရာက မယားတစ်ယောက်နဲ့ မူးစေ့အပေါက်ပဲ ပြန်ပါလာတဲ့ လူငယ်လေး။ သူ့အဖေက စောက်သုံးမကျရတဲ့အထဲ နောက်ထပ်,။ ဆန်ကုန်သည်အဖြစ် အိမ်က ထွက်သွားရာက မယားတစ်ယောက်နဲ့ မူးစေ့အပေါက်ပဲ ပြန်ပါလာတဲ့ လူငယ်လေး။ သူ့အဖေက စောက်သုံးမကျရတဲ့အထဲ နောက်ထပ်
ခြင်း,ခြင်း
မန်စက်,မန်စက်
"floor,","loor,"
ဝန်ကြီးဘဝ ခြောက်နှစ်,ဝန်ကြီးဘဝ ခြောက်နှစ်
င့်,င့်
သို့ ဆိုက်ရောက်လာ၍ ဆေးဆိုင်,သို့ ဆိုက်ရောက်လာ၍ ဆေးဆိုင်
ရှိ၏,ရှိ၏
၇ - ရွှေကော,၇ - ရွှေကော
သည်၊ မေထုန်လက်ဖျား၊ စမ္ပယ်နားလျက်,သည်၊ မေထုန်လက်ဖျား၊ စမ္ွယ်နားလျက်
ဟေး တဝါး,ဟေး တဝါး
နေရာ ဆေးရုံမှ ကျန်းမာလာသည်,နေရာ ဆေးရုံမှ ကျန်းမာလာသည်
ဧရာ,စရာ
ဆောင်,ဆောင်
ဖြစ် MMR009012022 Yae Hpyu ရေဖြူ ဟု ပြောပြီး ရုံးခန်းထဲခေါ်သွားသည်။ ရာသီဥတုရှိ၍ရေမဝပ်ဘဲ ထုံးကျောက်မြေဆံသည့် ဒေသမျိုး၌ ပိုမိုဖြစ်ထွန်းသည်။ မိုးပါးရေရှားသ,ဖြစ် MiPI002012022 Ttae Hpyu ရေဖြူ ဟု ပြောပြီး ရုံးခန်းထဲခေါ်သွားသည်။ ရာသီဥတုရှိ၍ရေမဝပ်ဘဲ ထုံးကျောက်မြေဆံသည့် ဒေသမျိုး၌ ပိုမိုဖြစ်ထွန်းသည်။ မိုးပါးရေရှားသ
မ,မ
မဆန်သော အခြေအနေများရှိသည်။ ဤအသွင်အပြင်သည် ဝင်ငွေ,မဆန်သော အခြေအနေများရှိသည်။ ဤဣအသွင်အပြင်သည် ဝင်ငွေ
ပြုံး,ပြုံး
၂၀၁၄ သန်းခေါင်စာရင်းအရ မကျီးကုန်းကျေးရွာအုပ်စုတွင်,၂၀၁၄ သန်းခေါင်စာရင်းအရ မကျီးကုန်းကျေးရွာအုပ်စုတွင်
သခင်က ဝေါယာဉ်ပေါ်သို့ တက်ရန်ပြင်လိုက်၏။ ကျမ်းပြုကြသူများ,သခင်က ဝေါယာဉ်ပေါ်သို့ တက်ရန်ပြင်လိုက်၏။ ကျမ်းပြုကြသူများ
ကြောင့်ငါ့သမီးဝမ်းမှာလာမှီးသာပေါ့။ဖွားရက်ကလဆုတ်ဖွားရက်ထဲကျတော့ဆယ့်,ကြောင့်ငါ့သမီးဝမ်းမှာလာမှီးသာပေါ့။ဖွား ရက်ကလဆုတ်ဖွား ရက်ထဲကျတော့ဆယ့်
၊ ဆိုင်သာဆိုင် မပိုင်ဘူးဆိုသလို ဖြစ်နေ,၊ ဆိုင်သာဆိုင် မပိုင်ဘူးဆိုသလို ဖြစ်နေ
အကောင် နာမည်က ဘယ်သူကွ ကြိုင်သည် ပြုံး၍ ကျွန်တော့်ကို စိုက်ကြည့်သည်။,အကောင် နာမည်က ဘယ်သူကွ ကြိုင်သည် ပြုံး၍ ကျွန်တော့ဂ်ကို စိုက်ကြည့သည်။
မြက်ရင်း သွေး,မြက်ရင်း သွေး
နားလည်ကာ ပြီးပြီးပျောက်ပျောက် သဘော,နားလည်ကာ ပြီးပြီးပျောက်ပျောက် သဘော
တေနှင့် ခေတ်မြန်မာမဂ္ဂဇင်း,တေနှင့် ခေတ်မြန်မာမဂ္ဂဇင်း
လိုလား၊ ဒါဖြင့် အမေရိကန်ပြန်ကြီးဆီရော ဘာလို့ မသွားသလဲ၊ ဟိုက လက်မခံလို့ မဟုတ်လား ဪ.. ဆံပင်ညှပ်သ,လိုလား၊ ဒါဖြင့် အမေရိကန်ပြန်ကြီးဆီရော ဘာလို့ မသွားသလဲ၊ ဟိုက လက်မခံလို့ မဟုတ်လား ဪ.. ဆံပင်ညှပ်သ
လဲ သီတာ၊ အင်း . . .အေးမြတဲ့ သီတာပဲ ဖြစ်ရမှာပေါ့ ဟင့်အင်း၊ မဟုတ်သေးဘူး အစ်ကိုရယ်။ ဒါပေမဲ့ ဆက်ပြောလေ၊ ဆက်ပြောပါ။ ဆွန်ညာ နားလည်နိုင်မှာပါ။ အား,လဲ သီတာ၊ အင်း . . .အေးမြတဲ့ သီတာပဲ ဖြစ်ရမှာပေါ့ ဟင့်အင်း၊ မဟုတ်သေးဘူး အစ်ကိုရယ်။ ဒါပေမဲ့ ဆက်ပြောလေ၊ ဆက်ပြောပါ။ ဆွန်ညာ နားလည်နိုင်မှာပါ။ အား
ထောက်ထိုင်ချ လိုက်,ထောက်ထိုင်ချ လိုက်
မလား အောက်မေ့,မလား အောက်မေ့
ပြန်ဆုတ်သွားခဲ့,ပြန်ဆုတ်သွားခဲ့
စု,စု
ရတယ်။ နောက်တော့ နုရီအဖေက သတင်းသဲ့သဲ့ ကြားတာနဲ့ နုရီကို အမြဲလာကြိုတော့,ရတယ်။ နောက်တော့ နုရီအဖေက သတင်းသဲ့သဲ့ ကြားတာနဲ့ နုရီကို အမြဲလာကြိုံတော့
ဓားသိုင်းက တော်တော်ကောင်းတယ်၊ ထင်ပေါကို အဲဒီနည်းနဲ့တိုက်ရင် မရှုံးနိုင်ဘူး၊ အတွင်း,ဓားသိုင်းက တော်တော်ကောင်းတယ်၊ ထင်ပေါကို အဲဒီနည်းနဲ့တိုက်ရင် မရှူံးနိုင်ဘူး၊ အတွင်း
ခဲ့ပြီး ဆက်လက်ချီတက်ကြ၏။ ဤသို့အားဖြင့် အီဂျစ်စစ်ကြောင်းမှာ အ,ခဲ့ပြီး ဆက်လက်ချီတက်ကြ၏။ ဤသို့အားဖြင့် အီဂျစ်စစ်ကြောင်းမှာ အ
၇၉-,၇၉-
ည့်,ည့်
လက်,လက်
ဂန္ဒီကို ဘာမှပြန်မပြော,ဂဇန္ဒကို ဘာမှပြန်မပြော
ပင်ကို,ပင်ကို
ကြည့်,ကြည့်
ယှဉ်တွဲလျက် ရှိသည်။ စနစ်တကျစီစဉ်ပေါင်းစုထားသည့် အခြေခံဥပဒေ,ယှဉ်တွဲလျက် ရှိသည်။ စနစ်တကျစီစဉ်ပေါင်းစုထားသည့် အခြေခံဥပဒေ
တစ်လုံးနှင့် ထိုင်နေ၏။ ဦးလေးသည်,တစ်လုံးနှင့် ထိုင်နေ၏။ ဦးလေးသည်
ရီဂျီအိုဗန္ဒီသည် အုတ်,ရီဂျီအိုဗနဒီသည် အုတ်
ကြ,ကြ
နေ့လယ်,နေ့လယ်
ငေးငိုင် ကြည့်ရှုတော်မူလာ,ငေးငိုင် ကြည့်ရှုတော်မူလာ
ဥ,ဥ
လောက် ကတော့ ဝက်ဝံတစ်ကောင်က အသာလေးလှဲချပစ်နိုင်တယ်လို့လည်း ပြောပြခဲ့ပါတယ်။ ဒါပေမဲ့ သူကတော့ တစ်လက်,လောက် ကတော့ ဝက်ငံတစ်ကောင်က အသာလေးလှဲချပစ်နိုင်တယ်လို့လည်း ပြောပြခဲ့ပါတယ်။ ဒါပေမဲ့ သူကတော့ တစ်လက်
ရှိသည့် ရှင်း,ရှိသည့် ရှင်း
တိ,တိ
နဲ့,နဲ့
င့် နဂါးဘုရင်,င့် နဂါးဘုရင်
လာ(ပြာ) သူသည် ဓားကို,လာ(ပြာ) သူသည် ဓားကို
သိမ်းထား ကြလို့လား,သိမ်းထား ကြလို့လား
သဖြင့် စိတ်ပျက်စွာဖြင့် မာရ်နတ်ထွက်ခွါသွားရပုံကို ဟောတော်မူသည့်သုတ်။ အဘွားရော ... ဆေးရုံလိုက်သွားလား ရှေးခေတ်တရုတ်,သဖြင့် စိတ်ပျက်စွာဖြင့် မာရ်နတ်ထွက်ခွါသွား ရပုံကို ဟောတော်မူသည့်သုတ်။ အဘွားရော ... ဆေးရုံလိုက်သွားလား ရှေးခေတ်တရုတ်
မူ,မူ
ဖြစ်,ဖြစ်
နှက်နေ,နှက်နေ
ထွက်လာသည့် ခိုးဝင်,ထွက်လာသည့် ခိုးဝင်
များမူကား ဘာမှန်းမသိရှာ,များမူကား ဘာမှန်းမသိရာ
ကျေးသီးမြို့နယ်၊ ဝမ်စပ်ကျေး,ကျေးသီးမြို့နယ်၊ ဝမ်စပ်ကျေး
ဏ,ဏ
အဝါကို လိုက်ပြီး ဆုံးဖြတ်တာ ဖြစ်ချင်,အဝါကို လိုက်ပြီး ဆုံးဖြတ်တာ ဖြစ်ချင်
လာ,လာ
အမိန့်ရထားကြောင်း၊ အကယ် ၍ မနာခံလျှင် မြင်းများကို လှည်းမှ အတင်းဝင်ရောက်ဖြုတ် ယူရလိမ့်မည်ဖြစ်ကြောင်းဖြင့် လူတစ်ယောက်ကိုစေလွှတ် ၍ အပြောခိုင်းလိုက်,အမိန့်ရထားကြောင်း၊ အကယ် ၍ မနာခံလျှင် မြင်းများကို လှည်းမှ အတင်းဝင်ရောက်ဖြုတ် ယူရလိမ့်မည်ဖြစ်ကြောင်းဖြင့် လူတစ်ယောက်ကိုစေလွှတ် ၍ အပြောခိုင်းလိုက်
ရှိုနာလူမျိုးဖြစ်,ရိုနာလူမျိုးဖြစ်
ဖြစ်,ဖြစ်
ထွင် ဖော်ထုတ်လာသည်။ အဆီးရီးယားနိုင်ငံ၏ လက်အောက်,ထွင် ဖော်ထုတ်လာသည်။ အဆီးရီးယားခိုင်ငံ၏ လက်အောက်
ပင်,ပင်
၊ မ ၁,၊ မ ၁
သို့ တက်,သို့ တက်
နှာရည်ညွှန်း,နှာရည်ညှန်း
မျက်နှာဖုံးကို မေ့ဆေး,မျက်နှာဖုံးကို မေ့ဆေး
ဦးဖြစ်လိမ့်မယ်ထင်တယ်။ ဝေဝေတို့,ဦးဖြစ်လိမ့်မယ်ထင်တယ်။ ဝေဝေတို့
ထွန်းမောင်ကြီးက လှေကိစ္စ လုပ်စရာရှိတာတွေကို ပေါ့ပေါ့ပါးပါးပင်လုပ်သွားလေသည်။ လှေပိုင်ရှင်များက သူ၏တက်ကြွမှုကို သဘောကျနေကြလေသည်။ တိပိဋကဆရာ,ထွန်းမောင်ကြီးက လှေကိစ္စ လုပ်စရာရှိတာတွေကို ပေါ့ပေါ့ပါးပါးပင်လုပ်သွားလေသည်။ လှေပိုင်ရှင်များက သူ၏တက်ကြွမှုကို သဘောကျနေကြလေသည်။ တိပိဋ္ကဆရာ
ကျဖို့များတယ်ဗျ...ခွေးမသားပုလိပ်တွေက လိုင်းကြေးယူတုန်းကယူထားပြီး အမှုလို,ကျဖို့များတယ်ဗျ...ခွေးမသားပုလိပ်တွေက လိုင်းကြေးယူတုန်းကယူထားပြီး အမှုလို
ညံစွာ အော်ဟစ်သြဘာ ပေးကြလေတော့၏။ ဟန်ဆန်းတောင် ရောက် ကတည်းက တစ်ကိုယ်တည်း ပျင်းရိနေခဲ့သော လ,ညံစွာ အော်ဟစ်သြဘာ ပေးကြလေတော့၏ ။ ဟန်ဆန်းတောင် ရောက် ကတည်းက တစ်ကိုယ်တည်း ပျင်းရိနေခဲ့သော လ
မှတ်ရမိသည်။ ညနေ ၆ နာရီတွင် စထရင်းဟိုတယ်လ်မှာ ညစာ စားပွဲရှိသည်။ ဂျူးလူမျိုးတို့အတွက်ကား ကြားနေမည်ဟု,မှတ်ရမိသည်။ ညနေ ၆ နာရီတွင် စထရင်းဟိုတယ်လ်မှာ ညစာ စားပွဲရှိသည်။ ဂျူးလူမျိုးတို့အတွက်ကား ကြားနေမည်ဟု
င့်သည် ။ ၎င်းသူမတို့ကို ဟေဂျားဘ်ခြုံမှုမခြုံမှုတွင် လွပ်လပ်စွာရွေးချယ်ပိုင်ခွင့်ပေးသင့်သည်ဟုဖြစ်သည်။ ထို့အတွက်ကြောင့် ထို,င့်သည် ။ ၎င်းသူမတို့ကို ဟောဂျားဘ်ခြုံမှုမခြံမှုတွင် လွပ်လပ်စွာရွေးချယ်ပိုင်ခွင့်ပေးသင့်သည်ဟုဖြစ်သည်။ ထို့အတွက်ကြောင့် ထို
သည်,သည်
ရင့်တပ်သားများက လိုက်လံတိုက်ခိုက်ရာ ကနီနော်ရ,ရင့်တပ်သားများက လိုက်လံတိုက်ခိုက်ရာ ကနီနော်ရ
လ,လ
မီး,မီး
ရေးဆုံ,ရေးဆုံ
။ တစ်နေကုန် စားလိုက်၊ အိပ်လိုက်၊ အိမ်မှာ ဟို,။ တစ်နေကုန် စားလိုက်၊ အိပ်လိုက်၊ အိမ်မှာ ဟို
ဘော်,ဘော်
"usingthe(required!)INSEEcodeandasubtemplate.Thefields""region""and""department""arenolongerused.ဝေါလစ်နှင့်ဖူကျူးနား 90 days စေတော်မူ","usingthc(rcuuircd11149E-EF:codcsndasubtcmplate. Thcfclda ""eoghon""and""dcpartrmen:""arcnofDongcruxed.ဝါလစ်နှင့်ဖူကျူးနား D0 duyre စေတော်မူ"
အ,အ
စိတ်ဒဏ်ရာတွေရဲ့ ကြိုးကိုင်,စိတ်ဒဏ်ရာတွေရဲ့ ကြိုးကိုင်
နောက်သို့,နောက်သို့
လူကို,လူကို
ပဲခူးတိုင်းဒေသကြီး (အနောက်)၊ ပြည်ခရိုင်၊ ပေါက်ခေါင်းမြို့နယ်၊ ကြူဝတ်ကျေးရွာအုပ်စု၌ တည်ရှိသည်။ ရွာနေရာကုတ်မှာ ၁,ပဲဖူးတိုင်းဒေသကြီး (အနောက်)၊ ပြည်ခရိုင်၊ ပေါက်ခေါင်းမြို့နယ်၊ ကြူဝတ်ကျေးရွာအုပ်စု၌ တည်ရှိသည်။ ရွာနေရာကုတ်မှာ ၁
သည်။ ထိုအခါ ငစွယ်ငယ်မှာ အဟုတ်တ,သည်။ ထိုအခါ ငစွယ်ငယ်မှာ အဟုတ်တ
၊ မသွားဘူးလား၊ ဒါပဲပြော ၆၄-ပါးသော ဣန္ဒြေတရား ဒေါ်ခင်မြသစ်သည် ကိုမြင့်ထူး၏ဝတ်ရုံကြီးကိုသိမ်းကျုံး,၊ မသွားဘူးလား၊ ဒါပဲပြော ၆၄-ပါးသော ထဣုန္ဒြေတရား ဒေါ်ခင်မြသစ်သည် ကိုမြင့်ထူး၏ဝတ်ရုံကြီးကိုသိမ်းကျုံး
သက်ချမ်းသာရာ ရခဲ့ဖူးပါတယ်။,သက်ချမ်းသာရာ ရခဲ့ဖူးပါတယ်။
အ,အ
နိုင်စွမ်းကို စံပြုထား,နိုင်စွမ်းကို ခံပြုထား
ဒါပေမဲ့,ဒါပေမဲ့
မတူ ချေ။,မတူ ချေ။
ငံတော်,ငံတော်
တာတွေကပါ အယ် လ်ခီဘီအာ့ဒိစ်,တာတွေကပါ အယ် လ်ခီဘီအာ့ာဒိစ်
ပြည့်နှစ်,ပြည့်နှစ်
ညီ,ညီ
ရေး မာရ,ရေး မာရ
ရေးလှ,ရေးလှ
တို့ကို ဖလမ်းချင်းဘာသာစကား၏ ဒေသိယစကားအဖြစ် စာရင်းပြုထားသည်။ စကားအ,တို့ကို ဖလမ်းချင်းဘာသာစကား၏ ဒေသိယစကားအဖြစ် စာရင်းပြုထားသည်။ စကားအ
သိ,သိံ
ည့်ပြင် အကြောင်း,ည့်ပြင် အကြောင်း
"တာ လွယ်တာ မဟုတ်ဘူး"" နောက် ဒီအလုပ်လုပ်စားရင် ရှင် မသေ","တာ လွယ်တာ မဟုတ်ဘူး"" နောက် ဒီအလုပ်လုပ်စားရင် ရှင် မသေ"
ဒီမိုကရက်တစ် သမ္မတနိုင်ငံ နှင့် မြောက်ရိုဒီးဇီးယားနိုင်ငံ (ဇမ်ဗီယာနိုင်ငံ),ဒီမိုကရက်တစ် သမ္မတနိုင်ငံ နှင့် မြောက်ရိဒီးဇီးယားနိုင်ငံ (ဇမ်ဗီယာနိုင်ငါ)
ရွာအုပ်စုတွင် ကျား,ရွာအုပ်စုတွင် ကျား
Gyi(TaungKanGyi)ကန်ကြီး (တောင်ကန်ကြီး) ၁၉၆၀တွင် သမ္မတရာထူးအတွက် ယှဉ်ပြိုင်ခဲ့သော်လည်း ဒီမိုကရက်တစ်ပါတီမှ သမ္မ,CyCTaungHanCyi)ကန်ကြီး (တောင်ကန်ကြီး) ၁၉၆၀တွင် သမ္မတရာထူးအတွက် ယှဉ်ပြိုင်ခဲ့သော်လည်း ဒီမိုကရက်တစ်ပါတီမှ သမ္မူ
သည့်အချက်ကို နားလည်သဘောပေါက် လက်ခံရန် လိုအပ်ခြင်း ဖြစ်သည်။ ကျွန်တော် ဆတ်,သည့်အချက်ကို နားလည်သဘောပေါက် လက်ခံရန် လိုအပ်ခြင်း ဖြစ်သည်။ ကျွန်တော် ဆတ်
ဒစာစောင် ရေးသားပြီးနောက် တနှစ်အကြာတွင် ရေးသား,ဒစာစောင် ရေးသားပြီးနောက် တနှစ်အကြာတွင် ရေးသား
ဟု ဆိုသည်။ သည်တော့ကျွန်မကပြန်ရောက်ရသည်။ မည်သည့်ခံစားချက်မျှလည်း ဖြစ်မလာ။,ဟု ဆိုသည်။ သည်တော့ကျွန်မကပြန်ရောက်ရသည်။ မည်သည့်ခံစားချက်မျှလည်း ဖြစ်မလာ။
အရ ငါးရှဉ့်ရိုးကျေးရွာအုပ်စုတွင် ကျား ၆၅၄ ဦး၊ မ ၇,အရ ငါးရှဉ်ရိးကျေးရွာအုပ်စုတွင် ကျား ၆၅၄ ဦး၊ မ ၇
မှာ ပိုမာကြောရ,မှာ ပိုမာကြောရ
မြို့နယ်၊,မြို့နယ်၊
က ရှည်ကော့ပြီး မျက်ဝန်း,က ရှည်ကော့ပြီး မျက်ဝန်း
ရောက်,ရောက်
င့် အကြိမ်ကြိမ် တားမြစ်ကြသော်လည်း မိမိ အဆွေခင်ပွန်းကို စွန့်ပယ်ခြင်း မရှိလေ၏။ ဦးမြသန်းက ငြိမ်,င့် အကြိမ်ကြိမ် တားမြစ်ကြသော်လည်း မိမိ အဆွေခင်ပွန်းကို စွန့်ပယ်ခြင်း မရှိလေ၏။ ဦးမြသန်းက ငြိမ်
ထိုင်းအဆင့်ကိုမိခင်ဘာသာစကား (သို့) ဇာတိနီးပါးအဆင့်တွင်ကျွမ်းကျင်ကြသည်။ သူတို့,ထိုင်းအဆင့်ကိုမိခင်ဘာသာစကား (သို့၊ တာတီနီးပါးအဆင့်တွင်ကျွမ်းကျင်ကြသည်။ သူတို့
ပြုအောင် ဆွဲဆောင်ခဲ့သည်ဟု ထင်၏။,ပြုအောင် ဆွဲဆောင်ခဲ့သည်ဟု ထင်၏။
။ လူဦးရေသိပ်သည်းဆသည် တစ်စတုရန်းကီလိုမီတာလျှင် ၁၄၃ ဦး ရှိသည်။ စုစုပေါင်း,။ လူဦးရေသိပ်သည်းဆသည် တစ်စတုရန်းကီလိုမီတာလျှင် ၁၄၃ ဦး ရှိသည်။ စုစုပေါင်း
နတ်ကို,နတ်ကို
ပိုက်ပြီး သမီး .... သမီးက,ပိုက်ပြီး သမီး ... သမီးက
ပင် ပြင်ဆင်,ပင် ပြင်ဆင်
အား,အား
တယ်၊ ပြီးမှ မြေကမူ မြေပုံတွေဘက်ကို လှည့်တယ်။ ယဉ်ကျေးမှု,တယ်၊ ပြီးမှ မြေကမူ မြေပုံတွေဘက်ကို လှည့်တယ်။ ယဉ်ကျေးမှု
၍ ခုတင်ဘက်ကိုမခေါ်၊ ဆိုဖာရှိရာ,၍ ခုတင်ဘက်ကိုမခေါ်၊ ဆိုဖာရှိရာ
မည်,မည်
မျှ အသုံးမဝင်။ လွမ်းချင်းစပ်နည်း ပထမဆုံး,မျှ အသုံးမဝင်။ လွမ်းချင်းစပ်နည်း ပထမဆုံး
"caseof#switch,averagepagecounts)","Caseoftsvitch,averagepagecounta)"
မှာသန်းခေါင်ထက်နက်တာ မရှိပေမယ့် အပါယ် ငရဲကတော့,မှာသန်းခေါင်ထက်နက်တာ မရှိပေမယ့် အပါယ် ငရဲကတော့
တတ်လို့,တတ်လို့
"ပြောင်းအလဲတွေကို သိကောင်းမှ သိမှာပေါ့။ ဖြစ်သော်လည်း၊ တရုတ်နိုင်ငံတွင် ချူမင်းဆက်အစ ဘီစီ ""ဆက်သွယ်ရေး ခက်ခဲ","ပြောင်းအလဲတွေကို သိကောင်းမှ သိမှာပေါ့။ ဖြစ်သော်လည်း၊ တရုတ်နိုင်ငံတွင် ချူမင်းဆက်အစ ဘီစီ ""ဆက်သွယ်ရေး ခက်ခံ"
မှာ ဒဏ်ရာပြင်းထန်သည် မှန်သော်လည်း ခေါင်းမထောင် နိုင်လောက်အောင်တော့ မဟုတ်သေးချေ။ ဦးခေါင်းမှာ ကြည်ကြည်လင်လင်ပင် ရှိနေ၏။ အခြေအနေအရပ်ရပ်ကို,မှာ ဒဏ်ရာပြင်းထန်သည် မှန်သော်လည်း ခေါင်းမထောင် နိုင်လောက်အောင်တော့ မဟုတ်သေးချေ။ ဦးခေါင်းမှာ ကြည်ကြည်လင်လင်ပင် ရှိနေ၏။ အခြေအနေအရပ်ရပ်ကို
ဘာပြောသည်ကို ဝေလငါးဂိုဏ်းမှ ကောင်းစွာ မကြားရချေ။ ကောင်းပါပြီ ဆရာ၊ ကျွန်မ,ဘာပြောသည်ကို ဝေလငါးဂိုဏ်းမှ ကောင်းစွာ မကြားရချေ။ ကောင်းပါပြီ ဆရာ၊ ကျွန်မ
လေ,လေ
တွင်,တွင်
အယ်လ်ဂျီးရီးယန်း,အယ်လ်ဂျီးရီးယန်း
ခုအချိန်ထိ စီစဉ်,ခုအချိန်ထိ စီစဉ်
တော့,တော့
လှယ်အဖွဲ့ လန်ဒန်,လှယ်အဖွဲ့ လန်ဒန်
ကွေ့တဲ့။ ကျွန်မဘဝမှာ အချိုးအကွေ့တွေ တော်တော်များပါသည်။ ဘယ်အချိုးအကွေ့က အရေးပါ,ကွေ့တဲ့။ ကျွန်မဘဝမှာ အချိုးအကွေ့တွေ့ တော်တော်များပါသည်။ ဘယ်အချိုးအကွေ့က အရေးပါ
၊,၊
ပါတယ်ဗျာ သိပါတယ် လုပ်စရာမရှိတော့,ပါတယ်ဗျာ သိပါတယ် လုပ်စရာမရှိတော့
င့် ထွက်လာ,င့် ထွက်လာ
မခွဲ,မခွဲ
ထုတ်ဝေ,ထုတ်ဝေ
ကျောက်တုံးကို,ကျောက်တုံးကို
၊ ငါက အခု ဒုန်ဝန်းမြို့စား ဖြစ်နေပြီမို့လား၊ ဆယ်မြူ ဆယ်မြူအသာလေး၊ ဟားဟားဟား ကဲလာလာ,၊ ငါက အခု ဒုန်ဝန်းမြို့စား ဖြစ်နေပြီမို့လား၊ ဆယ်မြူ ဆယ်မြူအသာလေး၊ ဟားဟားဟား ကဲလာလာ
ပျိုး ရူပဗေဒဖြင့် တိကျစွာ တွက်ချက်မရတော့သော ကိစ္စရပ်များကို နှိုင်း,ပျိုး ရူပဗေဒဖြင့် တီကျစွာ တွက်ချက်မရတော့သော ကိစ္စရပ်များကို နှိုင်း
ပန်ကောင်,ပန်ကောင်
ပီး နောက်တစ်ခုကတော့ ကိုးရိုးကားရားမဖြစ်အောင် အာရုံမ,ဝီး နောက်တစ်ခုကတော့ ကိုးရိုးကားရားမဖြစ်အောင် အာရုံမ
ကြိမ်၊ ထိုနောင် ဘဝင်ဖြစ်ထိုက်သ၍ ဖြစ်၏ ။,ကြိမ်၊ ထိုနောင် ဘဝင်ဖြစ်ထိုက်သ၍ ဖြစ်၏ ။
စုမှမော်လမြိုင်အ,စုမှမော်လမြိုင်အ
ဗျ။ ကျွန်တော်တို့ တပ်တွင်းဆိုင် က ပစ္စည်းသိပ်စုံတာ,ဖျ။ ကျွန်တော်တို့ တပ်တွင်းဆိုင် က ပစ္စည်းသိပ်စုံတာ
ဏေ,ထေ
တန်းမျှသာ သင်ကြားခွင့်ရခဲ့သော်လည်း အလုပ်နှင့် စကားပြောတတ်သူ၊ အချိန် လေး,တန်းမျှသာ သင်ကြားခွင့်ရခဲ့သော်လည်း အလုပ်နှင့် စကားပြောတတ်သူ၊ အချိန် လေး
ခင်,ခင်
ကျင်းပခဲ့ပြီး န.ဝ.တ အစိုးရမှ ကျပ်သိန်း ၆၃,ကျင်းပခဲ့ပြီး န.ဝ. တ အစိုးရမှ ကျပ်သိန်း ၆၃
"anotherevent,butingeneralyou'reallowedtouse","anotherevent,butingenerailyou'realovedtouse"
တယ်။ တဲ,တယ်။ တဲ
၂၁၁၅၀,၂၁၁၅၀
ရန်သူ့တပ်မှူးတစ်ဦး၏,ရန်သူ့တပ်မှူးတစ်ဦး၏
ဟူ၍ သီးခြားမရှိခဲ့ဘဲ၊ ရောမနိုင်ငံတော်,ဟူ၍ သီးခြားမရှိခဲ့ဘဲ၊ ရောမနိုင်ငံတော်
၁၆၁၄ ခုနှစ် အိုဆာကာမြို့ သိမ်းပိုက်ရေး အတွက် ကန,၁၆၁၄ ခုနှစ် အိုဆာကာမြို့ သိမ်းပိုက်ရေး အတွက် ကန
ရတနာပြဇာတ်ကို စီစဉ်တင်ဆက်ခဲ့၍ မြတ်မွန်ရတနာ ပြဇာတ်စာအုပ်ကို စာပေဗိမာန်မှ ဖြန့်ချိထုတ်ဝေခဲ့,ရတနာပြဇာတ်ကို စီစဉ်တင်ဆက်ခဲ့၍ မြတ်မွန်ရတနာ ပြဇာတ်စာအုပ်ကို စာပေဗိမာန်မှ ဖြန်ချိထုတ်ဝေခဲ့
တိုင်းပဲ ကြည့်,တိုင်းပဲ ကြည့်
ချယ်ခဲ့သည်။ ကိန်းကဏန်းများဖြစ်,ချယ်ခဲ့သည်။ ကိန်းကတန်းများဖြစ်
မကောင်းရင် ဟိုကြလန်းသွားမှာ,မကောင်းရင် ဟိုကြလန်းသွားမှာ
ကချင်နှင့် ကရင်အမျိုးသား များလည်း သိပ်မတွေ့ရတော့။ အောက်ပိုင်းမှ ကုန်သည်များကိုကား လုံးဝပင်မမြင်ရတော့ ချေ။,ကချင်နှင့် ကရင်အမျိုးသား များလည်း သိပ်မတွေ့ရတော့။ အောက်ပိုင်းမှ ကုန်သည်များကိုကား လုံးဝပင်မမြင်ရတော့ ချေ။
ကြောင်း,ကြောင်း
ဝှိုဝ်း ဠှိုဝ်း။ ချော,ဝှိုင်း ဋိုဝ်း။ ချော
မှန်ဘီလူးကို ပုံရိပ် လာရိုက်,မှန်ဘီလူးကို ပုံရိပ် လာရိုက်
ဝ,ဝ
သက်ရှစ်ဆယ်လောက်ရှိတဲ့ ဘကြီးမိုးတောင် တောင်ပေါ်မှာ ရှိနေတာပဲ ချောင်းမမွေတော်စေတီတော် ဘုန်းကြီးက ဒကာမကြီးကို ဘာတောင်းဖို့ အကြံပေးခဲ့လဲ။ ဟို အဲ ဒေသကို,သက်ရှစ်ဆယ်လောက်ရှိတဲ့ ဘကြီးမိုးတောင် တောင်ပေါ်မှာ ရှိနေတာပဲ ချောင်းမမွေတော်စေတီတော် ဘုန်းကြီးက ဒကာမကြီးကို ဘာတောင်းဖို့ အကြံပေးခဲ့လဲ။ ဟို အဲ ဒေသကို
များထဲ,များထဲ
၄၆ ခုနှစ်,၄၆ ခုနှစ်
ဘရက်က ဆက်ပြောသည်။ ဒီနေ့ကစပြီး,ဘရက်က ဆက်ပြောသည်။ ဒီနေ့ကစပြီး
ဘူးသော ဖခင်၏,ဘူးသော ဖခင်၏
ဘိ,ဘိ
ညနေခင်း၌ အိမ်ဝိုင်းထဲ ဆိုင်,ညနေခင်း၌ အိမ်ဝိုင်းထဲ ဆိုင်
ခရိုင်၊ ဖားကန့်မြို့နယ်၊,ခရိုင်၊ ဖားကန့်မြို့နယ်၊
ကော့,ကော့
ဟေ . . . ဟုတ်လား ငလျင်လှုပ်ခြင်းများ၏ အကျိုးဆက်များ/သက်ရောက်မှု,"ဟေ . . . ဟုတ်လား ငလျင်လှုပ်ခြင်းများ၏ အကျိုးဆက်များ""သက်ရောက်မှု"
ထို့နောက် အမျိုးသမီးကို နှုတ်မဆက်,ထို့နောက် အမျိုးသမီးကို နှုတ်မဆက်
လက်,လက်
က,က
အ,အ
ကျရောက်နိုင်အောင် လည်းကောင်း၊ ပျောက်ကင်း ချမ်းသာစေရန်လည်းကောင်း အသုံးပြု၏။ အဆိုးဆုံးကကိုတိုးကြီးဖြစ်,ကျရောက်နိုင်အောင် လည်းကောင်း၊ ပျောက်ကင်း ချမ်းသာစေရန်လည်းကောင်း အသုံးပြု၏။ အဆိုးဆုံးကကိုတိုးကြီးဖြစ်
"ခဲ့လို့လဲ၊ ဘာဖြစ်လို့ ဒီလိုဖြစ်ရတာလဲ။ ဘာဖြစ်လို့လဲInjangyangMMR001003022HkanDaukYangခန်ဒေါက်ယန် ""မအေဘေး ခုကျတော့ စတိုင်တယ်","ခဲ့လို့လဲ၊ ဘာဖြစ်လို့ ဒီလိုဖြစ်ရတာလဲ။ ဘာဖြစ်လို့လဲinjangyanglWkiP0010Q2U2-HikcanOauiitangခန်ဒေါက်ယန် ""မအေဘေး ခုကျတော့ စတိုင်တယ်"
ခုရှိရိုခရိုင်၊ ခုရှိရိုတိုင်း၊ ခု,ခုရှိရိုခရိုင်၊ ခုရှိရိုတိုင်း၊ ခု
ထူးခြားလှပေသည်,ထူးခြားလှပေသည်
"thoseattributeswhichwehaveputonhim.တိုက်တွန်းထားတယ်..ဟုတ်လား နှောင်း"" ခဲ့ပြန်သည်။ သို့သော် စစ်ကြီးပြီး၍ ရုပ်ရှင်များ ရွာလင်းရွာ (အင်္ဂလိပ်: Ywarlin)သည် မကွေးတိုင်းဒေသ","fhosealtrlbutesWhichkvehaveputornhir.တိုက်တွန်းထားတယ်..ဟုတ်လား နှောင်း"" ခဲ့ပြန်သည်။ သို့သော် စစ်ကြီးပြီး၍ ရပ်ရှင်များ ရွာလင်းရွာ (အင်္ဂလိပ်: TPwarlin)သည် မကွေးတိုင်းဒေသ"
တော့်,တော့်
အချိန်တွေမှာ ငြိမ်းချမ်းသာယာတာကို ခံစားရတဲ့အချိန်တွေမှာ တစ်ခြား,အချိန်တွေမှာ ငြိမ်းချမ်းသာယာတာကို ခံစားရတဲ့အချိန်တွေမှာ တစ်ခြား
နှင့်ငါ စင်စစ် ပေါင်းဖော်ခြင်းဖြစ်တန်ရာ၏ ။ လက်ကလေးနှစ်ဖက်ကို ဖြန့်ကာ ဝန်းဝိုင်း,နှင့်ငါ စင်စ် ပေါင်းဖော်ခြင်းဖြစ်တန်ရာ၏ ။ လက်ကလေးနှစ်ဖက်ကို ဖြန့်ကာ ဝန်းဝိုင်း
စာ,စာ
သုံးပြီး,သုံးပြီး
မျောက်၏ဇနီးအား သိမ်းယူတာထားပါတော့၊ တိရစ္ဆာန်ကိုး၊ လူဘုရင်တွေက စစ်ရှုံးသူ၏ ဇနီးမယားကို သိမ်းပိုက်တာတော့ လွန်လွန်းသည်ဟု ကျွန်မ ယူဆသည်။ မိန်းမတွေခ,မျောက်၏ ဇနီးအား သိမ်းယူတာထားပါတော့၊ တိရစ္ဆာန်ကိုး၊ လူဘုရင်တွေက စစ်ရုံးသူ၏ ဇနီးမယားကို သိမ်းပိုက်တာတော့ လွန်လွန်းသည်ဟု ကျွန်မ ယူဆသည်။ မိန်းမတွေခ
ဆက်သွယ်စုံ,ဆက်သွယ်စံ
ပါတယ်,ပါတယ်
ရက်လောက်လည်းရရော,ရက်လောက်လည်းရရော
ရွာတွင်,ရွာတွင်
ဝမ်းလျှောခြင်း ဟုခေါ်သည်။ ကို ကျော်ဖြတ်လာခဲ့၍,ဝမ်းလျှောခြင်း ဟုခေါ်သည်။ ကို ကျော်ဖြတ်လာခဲ့၍
စားသောက်နေကြဟန်ရှိသည်။ ကျော မောင်,စားသောက်နေကြဟနိုရှိသည်။ ကျော မောင်
စိန် တို့,စိန် တို့
ထွက်,ထွက်
မိမလား မသိဘူး၊ အန်တီ မီ,မိမလား မသိဘူး၊ အန်တီ မီ
၊ ဝေဟင်ပေါ်ပျံ,၊ ဝေဟင်ပေါ်ပျံ
ချက်,ချက်
စ,စ
ည့် ကိစ္စရပ်မှန်သမျှကို သိနိုင်ဆုံးသော အခြေအနေ,ည့် ကိစ္စရပ်မှန်သမျှကို သိနိုင်ဆုံးသော အခြေအနေ
ရီ စိတ်ကို ဖတ်ကြည့်ပြီး မင်း ဒီလိုလုပ်တာကို သိသွားရင်.. မည်သို့ပင်ဖြစ်စေမြေ,ရီ စိတ်ကို ဖတ်ကြည်ပြီး မင်း ဒီလိုလုပ်တာကို သိသွားရင်.. မည်သို့ပင်ဖြစ်စေမြေ
DaweiEducationDegreeCollege;,CouweiDducotiornfaegreeC-ollege:
မင်းပြုတော်မူ၏။ သန်,မင်းပြုတော်မူ၏။ သန်
ပေါက်,ပေါက်
၀ဖြစ်စဉ်,၀ဖြစ်စဉ်
မှ,မှ
န့်,န့်
တယ်,တယ်
ကား အောက်မြို့ကျေးရွာသို့သွားတော့မည်။ ယခုအခါ,ကား အောက်မြို့ကျေးရွာသို့သွားတော့မည်။ ယခုအခါ
ထောင် မြန်မာနိုင်ငံအသင်းသည် ၁၉၆၀ နွေရာသီ အိုလံပစ်ပြိုင်ပွဲသို့ ဝင်ရောက်ယှဉ်ပြိုင်ခဲ့သည်,ထောင် မြန်မာနိုင်ငံအသင်းသည် ၁၉၆၀ နွဒေရာသီ အိုလံပစ်ပြိုင်ပွဲသို့ ဝင်ရောက်ယှဉ်ပြိုင်ခဲ့သည်
ရာကုတ်မှာ ၁၆,ရာကုတ်မှာ ၁၆
ဝန်,ဝန်
ရာ,ရာ
boththe,boththe
တို့ တည်းခိုကြသည့် ဟိုတယ် များနှင့် အ,တို့ တည်းခိုကြသည့် ဟိုတယ် များနှင့် အ
ထားသီ,ထားသီ
ရတဲ့ ဘာသာရပ်မျိုး မဟုတ် ပါဘူး။ လင်္ကာတွေကို မဆန်းစစ်,ရတဲ့ ဘာသာရပ်မျိုး မဟုတ် ပါဘူး။ လင်္ကာတွေကို မဆန်းစစ်
လီနိုင်ငံသို့လည်း ပျံနှံ့,လီနိုင်ငံသို့လည်း ပျိနှံ့
ယက်နမ် နယ်ချဲ့,ယက်နမ် နယ်ချဲ့
အခင်ကို လိုသမျှဖွင့်,အခင်ကို လိုသမျှဖွင့်
မြန်မာနိုင်ငံနဲ့ပတ်သက်လို့ ဆောင်ရွက်စရာ,မြန်မာနိုင်ငံနဲ့ပတ်သက်လို့ ဆောင်ရွက်စရာ
ဝတ်,ဝတ်
သန်း,သန်း
ဘာလုပ်,ဘာလုပ်
ဖေ,ဖေ
။ ကိုယ်ရပိုင်တဲ့ အခွင့်အရေး,။ ကိုယ်ရပိုင်တဲ့ အခွင့်အရေး
ကို တစ်နေ့လုံး လိုက်ပြီး,ကို တစ်နေ့လုံး လိုက်ပြီး
သည်။ ဂျာနယ်လစ်များက,သည်။ ဂျာနယ်လစ်များက
မောက်များနှင့် ပုံစံမတူ,မောက်များနှင့် ပုံစံမတူ
တစ်ခုကို ဆိုခဲ့သည်။ ကမ္ဗလဿ တ,တစ်ခုကို ဆိုခ့သည်။ ကမ္မလဿ တ
၏။ ကိုယ်ထင်ပြလာသူကဲ့သို့ အခန်းဝတွင် မြိုင်က မလှုပ်,၏။ ကိုယ်ထင်ပြလာသူကဲ့သို့ အခန်းဝတွင် မြိုင်က မလှုပ်
ပုံ ရ၏။ ထို,ပုံ ရ၏။ ထို
လို လုပ်,လို လုပ်
သည်။ အုန်းဆီထုတ်သည်။ နာနတ်ပင်များကို အကြီးအကျယ် ဦးလေး ဦးလေးနဲ့ မခေါ်ပါနဲ့ဟ။ ငါ အဲဒီလောက်,သည်။ အုန်းဆီထုတ်သည်။ နာနတ်ပင်များကို အကြီးအကျယ် ဦးလေး ဦးလေးနဲ့ မခေါ်ပါနဲ့ဟ။ ငါ အဲဒီလောက်
။ ၁၉၆၈-,။ ၁၉၆၈-
သည် သည်,သည် သည်
ဘ,ဘ
၉ ဖြစ်သည်။ ၂၀၁၄ သန်းခေါင်စာရင်းအရ လွဲမွန်ကျေးရွာအုပ်စုတွင် ကျား ၁၅၃၁ ဦး၊ မ ၁၇၂၄ ဦး၊ လူဦးရေစုစုပေါင်း ၃၂၅,၉ ဖြစ်သည်။ ၂၀၁၄ သန်းခေါင်စာရင်းအရ လွဲမွန်ကျေးရွာအုပ်စုတွင် ကျား ၁၅၃၁ ဦး၊ မ ၁၇၂၄ ဦး၊ လူဦးရေစုစုပေါင်း ၃၂၅
လွင့်,လွင့်
ဂျိမ,ဂျိမ
စံဖြိုး,စံဖိုး
တော့မယ်။ ခင်ဗျားကို လာ,တော့မယ်။ ခင်ပျားကို လာ
ခဲ့သည်,ခဲ့သည်
ကား,ကား
တည်,တည်
ကြီးဆုံး လုပ်ငန်း,ကြီးဆုံး လုပ်ငန်း
ခြင်းလျှင်၊ တန်ဆာဆင်၏၊ နှုတ်မင်္ဂလာ၊ စကားမှာကား၊ အသာ,ခြင်းလျှင်၊ တန်ဆာဆင်၏၊ နှုတ်မင်္ဂလာ၊ စကားမှာကား၊ အသာ
ညီ၊ လမ်းတော်ဖိုးတုတ် သည် တပည့်များအား,ညီ၊ လမ်းတော်ဖိုးတုတ် သည် တပည့်များအား
တွေ အများကြီးပါလား၊ ငါ,တွေ အများကြီးပါလား၊ ငါ
မေရိကားက မက်ဆာချူးဆက် စက်မှုသိပ္ပံကို ဆက်တက်,မေရိကားက မက်ဆာချူးဆက် စက်မှုသိပ္ပံကို ဆက်တက်
ခဲ့သူဖြစ်ပြီး ပန်းချီဉာဏ်သစ်လောင်းသင်တန်းများ ဖွ,ခဲ့သူဖြစ်ပြီး ပန်းချီကာဏ်သစ်လောင်းသင်တန်းများ ဖွ
"မဏိပဲတဲ့"" တက်စသည် တညနေလုံး ကြီးမားသည့် မြေပုံချပ်ကြီးကို ကြည့်နေပြီးနောက် မိတ်ဆွေအမတ်တယောက်နှင့် သွား၍ ည","မဏိပဲတဲ့"" တက်စသည် တညနေလုံး ကြီးမားသည့် မြေပုံချပ်ကြီးကို ကြည့်နေပြီးနောက် မိတ်ဆွေအမတ်တယောက်နှင့် သွား၍ ည"
လွယ်,လွယ်
အ,အ
ပြီ,ပြီ
စီး,စီး
ဝ ပေးခဲ့သည်,ဝ ပေးခဲ့သည်
Wardအမှတ် (၁၄) ရပ်ကွက် အခုဆို ကစ်ကစ်,VKardအမှတ် (၁၄) ရပ်ကွက် အခုဆို ကစ်ကစ်
လား..,လား..
ပင် အထက်ရှိ ကျောက်လွှာတို့မှ မြင့်မားသော အပူချိန် နှင့် ဖိအားတို့ကြောင့် အသွင်ပြောင်းကျောက်အဖြစ် ပြောင်းလဲလာနိုင်သည်။ ခင်စိုးပိုင်နဲ့လား ရှိတယ်,ပင် အထက်ရှိ ကျောက်လွှာတို့မှ မြင့်မားသော အပူချိန် နှင့် ဖိအားတို့ကြောင့် အသွင်ပြောင်းကျောက်အဖြစ် ပြောင်းလဲလာနိုင်သည်။ ခင်စိုးပိုင်နဲ့လား ရှိတယ်
အုပ်စု,အုပ်စု
များကို Tanai MMR001004017 Ta Ron တရုံ ဟူ၍ ဖြစ်လေ၏။ ကိုသန်းတင်တို့လူစု၊ အထက်တန်း ကျောင်းသား အတော်များများနှင့် မြန်မာဘာသာ ကျောင်းသားများ၊ အရပ်သူ အရပ်သား အချို့၏အ,များကို Tanai Mitinieosooso1 S Ta Ron တရုံ ဟူ၍ ဖြစ်လေ၏။ ကိုသန်းတင်တို့လူစု၊ အထက်တန်း ကျောင်းသား အတော်များများနှင့ မြန်မာဘာသာ ကျောင်းသားများ၊ အရပ်သူ အရပ်သား အချို့၏အ
ရွက်ပင်,ရွက်ပင်
ကောင်း,ကောင်း
၀,၀
ပိုး,ပိုး
ပိုက်,ပိုက်
ခြေအနေပေါ်၌လည်း တည်၏။ ဇေ,ခြေအနေပေါ်္ဂလည်း တည်၏။ ဗေ
ရိုးမီးများ ဝါးမျိုလို့ မြတောင် ရွှေကျောင်းတော်ကြီးတို့လိုအဆောက်အဦးကြီးတွေ ကြည့်စရာမရှိတော့တဲ့အချိန်မှာ ရှားပါးနေပြီဖြစ်တဲ့ မဟာမုနိအရှေ့မုခ်ကျွန်းသားပြာသာဒ်,ရိုးမီးများ ဝါးမျိုလို့ မြတောင် ရွှေကျောင်းတော်ကြီးတို့လိုအဆောက်အဦးကြီးတွေ ကြည့်စရာမရှိတော့တဲ့အချိန်မှာ ရှားပါးနေပြီဖြစ်တဲ့ မဟာမုနိအရှေ့မုခ်ကျွန်းသားပြာသာဒ်
ကျယ်,ကျယ်
သူ သို့မဟုတ် ဩဇာတိက္ကမကြီးမားသူများ ပေါ်ထွက်လာပါက အခြားသူများအ,သူ သို့မဟုတ် ဩဇာတိက္ကမကြီးမားသူများ ပေါ်ထွက်လာပါက အခြားသူများအ
သိမ်းကာ မှော်ဘီ စိုက်ပျိုးရေးစခန်းကို ဌာနချုပ်ဖွင့်၍ သူတို့အား ခုခံရခြင်းပင် ဖြစ်သည်,သိမ်းကာ မှော်ဘီ စိုက်ပျိုးရေးစခန်းကို ဌာ နချုပ်ဖွင့်၍ သူတို့အား ခုခံရခြင်းပင် ဖြစ်သည်
စ,စ
တိုက်မ အထက်ရှိ ပစ္စယာဆင့်များတွင် ပုံစံအမျိုးမျိုး အကွက်အမျိုးမျိုး ဖော်ထားသည့် စဉ့်သုတ်စိန်တန်းများဖြင့် တန်,တိုက်မ အထက်ရှိ ပစ္စယာဆင့်များတွင် ပုံစံအမျိုးမျိုး အကွက်အမျိုးမျိုး ဖော်ထားသည့် စဉ်သုတ်စိန်တန်းများဖြင့် တန်
လာလမ်ပူသည် ဆီလန်ဂေါ ပြည်နယ်ထဲမှာ ရှိ၍ ထိုပြည်နယ်ကို အုပ်ချုပ်သော မလေးဘုရင်က ကွာလာလမ်ပူ,လာလမ်ပူသည် ဆီလန်ဂေါ ပြည်နယ်ထဲမှာ ရှိ၍ ထိုပြည်နယ်ကို အုပ်ချုပ်သော မလေးဘုရင်က ကွာလာလမ်ပူ
နတ်က,နတ်က
သီးများ တပ်၍ ထားသော,သီးများ တပ်၍ ထားသော
သည့် ခွေးအများကို ထပ်မံပစ်ခတ်ပြန်၏။ ကျည်ဆံတိုင်းပင် ခွေးအများကို ထိမှန်လေရာ နောက်ဆုံးတွင် ရှင်းလင်းသွားလေသည်။ 'ဪ,သည့် ခွေးအများကို ထပ်မံပစ်ခတ်ပြန်၏။ ကျည်ဆံတိုင်းပင် ခွေးအများကို ထိမှန်လေရာ နောက်ဆုံးတွင် ရှင်းလင်းသွားလေသည်။ 'ဪ
သွားသည့်ကုန်တွေ အရှုံးပေါ်သွား၍ ဟုဆိုကာ လျှော့ပေးတာတွေရှိသည်။ ကိုယ်လူကြုံပါးလိုက်သည့်ငွေကို နည်းနည်း,သွား သည့်ကုန်တွေ အရှုံးပေါ်သွား၍ ဟုဆိုကာ လျှော့ပေးတာတွေရှိသည်။ ကိုယ်လူကြုံပါးလိုက်သည့ငွေကို နည်းနည်း
ခိုလှေများအကြောင်းကို ကြားဖူးသည် သည်စက်လှေများ,ခိုလှေများအကြောင်းကို ကြားဖူးသည် သည်စက်လှေများ
ထောင်သူလည်း,ထောင်သူလည်း
ခရိုင်,ခရိုင်
သနဝိဇ္ဇော,သနဝိဖ္ဗော
မြေစေးတွင် အညစ်အ,မြေစေးတွင် အညစ်အ
ပ,ပ
မြက်လိုသူ,မြက်လိုသူ
သာမဟုတ်၊ အသီးနှင့် အရွက်ရရန်အတွက်ပါ စိုက်ပျိုးကြသည်။ အသီးကို,သာမဟုတ်၊ အသီးနှင့် အရွက်ရရန်အတွက်ပါ စိုက်ပျိုးကြသည်။ အသီးကို
ကတံ ကရဏီ,ကတံ ကရဏီ
လုပ်မဖြစ်။ နောက် ဆုံး ရထားသည် ခပ်စောစောကပင် ပါရီသို့ ထွက်,လုပ်မဖြစ်။ နောက် ဆုံး ရထားသည် ခပ်စောစောကပင် ပါရီသို့ ထွက်
လေး,လေး
ပြီးနောက် ကားပြန်၍ ထွက်သွားသောအခါ ကားပေါ်၌ ပါးစပ်တွင် အဝတ်များ စည်းနှောင်ထား,ပြီးနောက် ကားပြန်ရှ ထွက်သွားသောအခါ ကားပေါ်၌ ပါးစပ်တွင် အဝတ်များ စည်းခှောင်ထား
ကြည်မှုတစ်ခု,ကြည်မှုတစ်ခု
တူတူစား,တူတူစား
ကားရိုက်ရန်အတွက် လားရှိူးသို့ ပြန်,ကားရိုက်ရန်အတွက် လားရှိူးသို့ ပြန်
သစ်လေ,သစ်လေ
ဝင်ရောက်ယှဉ်ပြိုင်,ဝင်ရောက်ယှဉ်ပြိုင်
တာ,တာ
တယ်။ သူဇာလွင် ခေါင်းခါလိုက်တယ်။ သူ ခေါင်းခါပြနေတာကို မင်းခန့်ထူး မြင်ပါစေ။ မလာ,တယ်။ သူဇာလွင် ခေါင်းခါလိုက်တယ်။ သူ ခေါင်းခါပြနေတာကို မင်းခန့်ထူး မြင်ပါစေ။ မလာ
ယောက်စလုံး မသင်္ကာစရာ တစ်ခုခု တွေ့ လို့ ရန်သူ့နောက်ကို လိုက်သွားကြတာ ဖြစ်ရမယ် တစ်စကို ကာဗွန်တုံးနှင့် ဆက်ထား၍ ကျန်တစ်စ,ယောက်စလုံး မင္ီကာစရာ တစ်ခုခု တွေ့ လို့ ရန်သူ့နောက်ကို လိုက်သွားကြတာ ဖြစ်ရမယ် တစ်စကို ကာဂွဗန်တုံနှင့် ဆက်ထား၍ ကျန်တစ်စ
တွင်,တွင်
ခုနှစ်ရက်သားသမီးများနှင့် ပူးပေါင်းပြီး အထက်ဌာပနာ ထည့်သွင်း,ခုနှစ်ရက်သားသေမီးများနှင့် ပူးပေါင်းပြီး အထက်ဌာပနာ ထည့်သွင်း
သည်။ အတွေ့လေးရယ်မှ အိုအကြုံ (၁၉၉,သည်။ အတွေ့လေးရယ်မှ အိုအကြံ (၁၉၉
ဆောင်မှု ပေးနိုင်ခဲ့,ဆောင်မှု ပေးနိုင်ခဲ့
လာကြသည်။ စစ်ရထားပေါ်တွင်သာ အစဉ်အမြဲ တွေ့မြင်ခဲ့ရသော သူ,လာကြသည်။ စစ်ရထားပေါ်တွင်သာ အစဉ်အမြဲ တွေ့မြင်ခဲ့ရသော သူ
စစ်,စစ်
နေအထိ အဖြစ်အပျက်များ,နေအထိ အဖြစ်အပျက်များ
လေးမ,လေးမ
တွင် မျက်နှာပြင်တစ်ခုတည်းသာရှိသော်လည်း သိပ္ပံပညာ ဆက်တိုက်ယူလာခဲ့သော ကေသွယ်အတွက် သိပ္ပံနှင့် နီးနီးစပ်စပ် ဟူ၍ မူလတန်းကျောင်းတွင်,တွင် မျက်နှာပြင်တစ်ခုတည်းသာရှိသော်လည်း သိပ္ပံပညာ ဆက်တိုက်ယူလာခဲ့သော ကေသွယ်အတွက် သိပ္ပံနှင့် နီးနီးစပ်စပ် ဟူ၍ မူလတန်းကျောင်းတွင်
ကျင်းအား နတ်မိမယ်တမျှ ထင်မှတ်ပြီး မြတ်နိုးခဲ့သည်။ သူမ အလှရိပ်တွင် ယစ်မူး,ကျင်းအား နတ်မိမယ်တမျှ ထင်မှတ်ပြီး မြတ်နိုးခဲ့သည်။ သူမ အလှရိပ်တွင် ယစ်မူး
ဏခဏ မေးသည်။ ကျောင်းဆင်းသောအခါ ကျော်စွာတို့သည် ပူနှိပ်တို့အိမ် ဘက်သို့ သွားရလေသည်။ ကယားလူမျိုးစုဒီမိုကရေစီပါတီ နှင့် လူမျိုးပေါင်းစုံဒီမိုကရေစီ,ဏခဏ မေးသည်။ ကျောင်းဆင်းသောအခါ ကျော်စွာတို့သည် ပူနိပ်တို့အိမ် ဘက်သို့ သွားရလေသည်။ ကယားလူမျိုးစုဒီမိုကရေစီပါတီ နှင့် လူမျိုးပေါင်းစုံဒီမိုကရေစီ
အမြင်ကို လိုက်နာသူများသည်,အမြင်ကို လိုက်နာသူများသည်
တယ်။ ပြီးတော့ Keygen ထဲမှာ သွား Paste လုပ်၊ Generate Activation Code ကိုနှိပ်။ ထွက်လာတဲ့ Activation Code ကို,တယ်။ ပြီးတော့ Kbeyvgen ထဲမှာ သွား Paate လုပ်၊ Denerate Pctivation Code ကိုနှိပ်။ ထွက်လာတဲ့ Activation Code ကို
သည် ဇုနတ်မင်းကြီးနှင့် တူသော်လည်း ပို၍ ဣန္ဒြေကြီးပြီး,သည် ဇုနတ်မင်းကြီးနှင့် တူသော်လည်း ပိုရျ ဣန္ဒြေကြီးပြီး
ဆီး,ဆီး
။ နန်းတော်ရှေ့ ဆရာတင် သားကလေးများနည်းတူ ကျွဲကျောင်းခိုင်း၏။ မော်ဂလီမှာ,။ နန်းတော်ရှေ့ ဆရာတင် သားကလေးများနည်းတူ ကျွဲကျောင်းခိုင်း၏။ မော်ဂလီမှာ
ဟစ်ပိုဂိုဏ်းအုပ်၏လက်ထောက်အဖြစ် တာဝန်ယူပြီး ၅နှစ်အကြာ ဂိုဏ်းအုပ်ကွယ်လွန်သော် ရာထူးတိုး၍ ဟစ်,ဟစ်ပိုဂိုဏ်းအုပ်၏လက်ထောက်အဖြစ် တာဝန်ယူပြီး ၅နှစ်အကြာ ဂိုဏ်းအုပ်ကွယ်လွန်သော် ရာထူးတိုး၍ ဟစ်
လို့မှ မဆုံးမီ သိန်း,လို့မှ မဆုံးမီ သိန်း
နေတာ၊ ရောင်ဘန်ရွာ (အင်္ဂလိပ်: Yawngbang)သည် ရှမ်းပြည်နယ် (မြောက်)၊ ပလောင် ကိုယ်ပိုင်အုပ်ချုပ်ခွင့်,နေတာ၊ ရောင်ဘန်ရွာ (အင်္ဂလိပ်: MKawnghaing)သည် ရှမ်းပြည်နယ် (မြောက်)၊ ပလောင် ကိုယ်ပိုင်အုပ်ချုပ်ခွင့်
နောက်ဆုံးတွင် ကြယ်ပုနက် (black dwarf) အဖြစ် မှေးမှိန်သွားမည်ဖြစ်သည်။ နေနှင့် အနီးဆုံးကြယ်မှာ ပရိုဆီ,နောက်ဆုံးတွင် ကြယ်ပုနက် (blaci dwvar) အဖြစ် မှေးမှိန်သွားမည်ဖြစ်သည်။ နေနှင့် အနီးဆုံးကြယ်မှာ ပရိုဆီ
မှ,မှ
ရာတွင် လိမ့်၍ကျလေပြီဟု ခန့်မှန်းသိရှိရသော်လည်း ထွက်ပြီးဆင်းမသွားဝံ့၊ ဆင်းသွားခါမှ ဖွပ်သည်ထက် ညစ်,ရာတွင် လိမ့်၍ကျလေပြီဟု ခန့်မှန်းသိရှိရသော်လည်း ထွက်ပြီးဆင်းမသွားငံ့၊ ဆင်းသွားခါမှ ဖွပ်သည်ထက် ညစ်
င့်,င့်
တော်ဝန် ကော့ခ်,တော်ဝန် ကော့ခ်
။ အကြောင်း,။ အကြောင်း
"ဖောမီး (Anseriformes)"" အတွင်း ပါဝင်","ဖောမီး (HAnseriformes)"" အတွင်း ပါဝင်"
တော် ပါတဲ့ ရွှေရှူဆေးဘူးချီးမြှင့်ခံရတဲ့ကိစ္စဟာ အမှုတော်ထမ် ကောင်းတဲ့အတွက် ဘွဲ့ထူးဂုဏ်ထူးချီးမြှင့်ခံရ,တော် ပါတဲ့ ရွှေရှူဆေးဘူးချီးမြင့်ခံရတဲ့ကိစ္စဟာ အမှုတော်ထမ် ကောင်းတဲ့အတွက် ဘွဲ့ထူးဂုဏ်ထူးချီးမြင့်ခံရ
သူ့မိန်းမဆီကို ပေးလိုက်တဲ့အလုပ်ပါ၊ ကျွန်မ ပို့ပေးရမှာပေါ့ ရင်သွေးငယ်အာဟာရ သန္တေသားမှစ အင်ဒို,သူ့မိန်းမဆီကို ပေးလိုက်တဲ့အလုပ်ပါ၊ ကျွန်မ ပို့ပေးရမှာပေါ့ ရင်သွေးငယ်အာဟာရ သန္ဓေသားမှစ အင်ဒို့
ဒင်း ပွိုင့်တူးတူး သေနတ်သံကလေး ထွက်သွားသလို ...,ဒင်း ပွိုင့်တူးတူး သေနတ်သံကလေး ထွက်သွားသလို ...
ပါကညော ထန်းရည်တစ်ခွက် ကိုထည့်ပြီး ခပ်မြန်မြန်ဂလုချလိုက်တယ်။ ဟုတ်တယ်လေ။ ဒီလောက်တောင် ဆေးဖက်ဝင်နေမှတော့ ဘာမဂလုစရာရှိ,ပါကညော ထန်းရည်တစ်ခွက် ကိုထည့်ပြီး ခပ်မြန်မြန်ဗဂလုချလိုက်တယ်။ ဟုတ်တယ်လေ။ ဒီလောက်တောင် ဆေးဖက်ဝင်နေမှတော့ ဘာမဂလုစရာရှိ
မအေးပေး,မအေးပေး
မနည်း ပြန်တည့်ယူရ,မနည်း ပြန်တည့်ယူရ
အတွင်း မြန်မာပြည်အနှံမှ,အတွင်း မြန်မာပြည်အနှံမှ
ချို့,ချို့
ခေါ်၍ တစ်ပြိုင်,ခေါ်၍ တစ်ပြိုင်
မင်းတပ်မှာ ကနောင်မင်းသား၏ ငယ်နာ,မင်းတပ်မှာ ကနောင်မင်းသား၏ ငယ်နာ
နိုး,နိုး
ဘု,ဘု
လဲ။ဒေါ်ဒေါ်က အသက်ကြီးပေမယ့် မျက်နှာကတော့ နုနုကလေး ရှိနေသေးလို့မို့ ဝတ်နိုင်ပါတယ် ဒေါ်ဒေါ်ရယ် လုရင်းလိုက်ရင်း စုတ်ပြဲ,လဲ။ဒေါ်ဒေါ်က အသက်ကြီးပေမယ့် မျက်နှာကတော့ နုနှုကလေး ရှိနေသေးလို့မိ့ဝတ်နိုင်ပါတယ် ဒေါ်ဒေါ်ရယ် လုရင်းလိုက်ရင်း စုတ်ပြဲ
။ အပြစ်,။ အပြစ်
သာယာကုန်း - ပဲခူးခရိုင်၊ ကျောက်တံခါးမြို့နယ်၊ ကြာအင်းကုန်းကျေးရွာအုပ်စု၊ ပီကုတ်(220102)ChampionofKandawgyiDota,သာယာကုန်း - ပဲခူးခရိုင်၊ ကျောက်တံခါးမြို့နယ်၊ ကြာအင်းကုန်းကျေးရွာအုပ်စု၊ ပီကုတ်(1201I2)ChampionofindawgriDota
ထောက်အ,ထောက်အ
။,။
။,။
ခုနှစ် ဩဂုတ်လ ၃,ခုနှစ် ဩဂုတ်လ ၃
အ,အ
ဖြ,ဖြ
ကာ၊,ကာ၊
ပိုင်ကြံပါ။ ဂျိုးဆက်စတိန်း,ပိုင်ကြပါ။ ဂျိုးဆထက်စတိန်း
၈) ကြင်နာသူနှစ်ဦး ဆုံနိုင်ရင် (၁၉၉၇) ဟား ကောင်းပါတယ်။ အများကြီးကို ကောင်း,၈) ကြင်နာသူနှစ်ဦး ဆုံနိုင်ရင် (၁၉၇) ဟား ကောင်းပါတယ်။ အများကြီးကို ကောင်း
ကို အလယ်က ထက်ဝက်ခြမ်း,ကို အလယ်က ထက်ဝက်ခြမ်း
လဲ ကလေးအသက် ဘယ်လောက်,လဲ ကလေးအသက် ဘယ်လောက်
ဟားရယ်၏။ 32. Lords of the Sunset. ဒါပေမယ့် ကျွန်တော်ဘာမှမပြောမိ...။ ဒီအတိုင်းလေးပဲ အသက်ကိုထိန်းရှူရင်း ဖုန်းကိုနားမှာကပ်ထားမိသည်။ သို့သော် အချိန်အ,ဟားရယ်၏။ 1S- Lordx of tie Tunsct- ဒါပေမယ့် ကျွန်တော်ဘာမှမပြောမိ..။ ဒီအတိုင်းလေးပဲ အသက်ကိုထိန်းရှူရင်း ဖုန်းကိုနားမှာကပ်ထားမိသည်။ သို့သော် အချိန်အ
ဏလေး ငြိမ်,ဏလေး ငြိမ်
နလုပ်ငန်း၏ အဆင့်တစ်ဆင့်အောင် မြင်သည်ဆိုသော သတင်းပင်ဖြစ်ပါသည်။ ယခင်က သစ်ပင်တို့၌,နလုပ်ငန်း၏ အဆင့်တစ်ဆင့်အောင် မြင်သည်ဆိုသော သတင်းပင်ဖြစ်ပါသည်။ ယခင်က သစ်ပင်တို့၌
မန်ကြီးက ဘာမျှ,မန်ကြီးက ဘာမျှ
င့် နည်းပညာ အဖွဲ့အစည်း အသင်းဝင်များ နှင့် ဈေးကွက်အတွင်းမှ အကျိုးတူ,င့် နည်းပညာ အဖွဲ့အစည်း အသင်းဝင်များ နှင့် ဈေးကွက်အတွင်းမှ အကျိုးတူ
ဖြစ်,ဖြစ်
ကို လန်းဆတ် စေသည့် ဝိုင်,ကို လန်းဆတ် ဓေသည့် ငိုင်
အတိုင်းဖြစ်,အတိုင်းဖြစ်
ရိုင်၊ တွန်းဇံ,ရိုင်၊ တွန်းဇံ
အချင်း,အချင်း
ဝတီမင်းသား ရွှေဘိုသို့ထွက်ကာ အင်အားစု၍ ပုန်ကန်သည်။ ပုန်ကန်မှုအောင်မြင်သဖြင့် သာယာဝတီမင်း နန်းတက်သည်။ နန်းမတော်မယ်နု၊ မင်းသား,ဝတီမင်းသား ရွှေဘိုသို့ထွက်ကာ အင်အားစု၍ ပုန်ကန်သည်။ ပုန်ကန်မှုအောင်မြင်သဖြင့် သာယာဝတီမင်း နန်းတက်သည်။ နန်းမတော်မယ်နု မင်းသား
အမျိုးသမီးဘက်သို့ ခေါင်းညွှတ်,အမချိုးသဓီးဘက်သို့ ခေါင်းညွှတ်
ရွရွနှုတ်ခမ်းဖြင့် သူ့ခေါင်းကို,ရွရွနှုတ်ခမ်းဖြင့် သူ့ခေါင်းကို
"အင် သုံးစွဲနိုင်အားမှာ ၅၅,၅","အင် သုံးစွဲနိုင်အားမှာ ၅၅,၅"
လာ,လာ
လည်း သူ,လည်း သူ
ကုတ်မှာ ၂၁၉၈၆၂ ဖြစ်သည်။ ၂၀၁၄ သန်းခေါင်စာရင်းအရ မိုင်းဟွမ်ကျေးရွာအုပ်စုတွင် ကျား ၁၈၂၀ ဦး၊ မ ၁၇၅၇ ဦး၊ လူဦးရေ စုစုပေါင်း,ကုတ်မှာ ၂၁၉၈၆၂ ဖြစ်သည်။ ၂၀၁၄ သန်းခေါင်စာရင်းအရ မိုင်းဟွမ်ကျေးရွာအုပ်စုတွင် ကျား ၁၈၂၀ ဦး၊ မ ၁၇၅၇ ဦး၊ လူဦးရေ စုစုပေါင်း
အများဆုံးဆေးကို အသက် ၂,အများဆုံးဆေးကို အသက် ၂
မှ အီရတ်တွင် ဆဒမ်အားဖယ်ရှားရန် အီရတ်ကို ၂၀၀၃၌ တိုက်ခိုက်ခဲ့သည်။ ယင်းတိုက်ခိုက်မှုတွင် အမေရိကန်သမ္မတ ဂျော့ဘုရှ်၊ ဗြိတိသျှဝန်ကြီးချုပ်,မှ အီရတ်တွင် ဆဒမ်အားဖယ်ရှားရန် အီရုတ်ကို ၂၀၀၃၌ တိုက်ခိုက်ခဲ့သည်။ ယင်းတိုက်ခိုက်မှုတွင် အမေရိကန်သမ္မတ ဂျော့ဘုရှံ၊ ဗြိတိသျှဝန်ကြီးချုပ်
ဝ,၀
၈ ဦး၊ မ ၁၀၀၁ ဦး၊ လူဦးရေစုစုပေါင်း ၂၀၇၉ ဦး နေထိုင်သည်။ သည်ကြားထဲက မွန်မွန့်အသွင်၌ ချုပ်တည်း,၈ ဦး၊ မ ၁၀၀၁ ဦး၊ လူဦးရေစုစုပေါင်း ၂၀၇၉ ဦး နေထိုင်သည်။ သည်ကြားထဲက မွန်မွန့်အသွင်၌ ချုပ်တည်း
ဖုန်းနဲ့ နံပါတ်တစ်ခုကို ခေါ်လိုက်ပါတယ်။ ဆူနီဆာ ကာဝရွန်ဂရောင်း (၂၉ ဇန်နဝါရီ ၁၉၇၂ မွေးဖွားသည်) ထိုင်းနိုင်ငံမှ မာရသွန်ပြိုင်ပွဲဝင်,ဖုန်းနဲ့ နံပါတ်တစ်ခုကို ခေါ်လိုက်ပါတယ်။ ဆုနီဆာ ကာဝရွန်ဂရောင်း (၂၉ ဇန်နဝါရီ ၁၉၇၂ မွေးဖွားသည်) ထိုင်းနိုင်ငံမှ မာရသွန်ပြုင်ပွဲဝင်
ရာကုတ်,ရာကုတ်
၊ သွေး,၊ သွေး
ရပ်ဝတ် အရပ်စားနှင့်။ ဒါက ဘာသဘော,ရပ်ဝတ် အရပ်စားနှင့်။ ါက ဘာသဘော
တို့,တို့
မိုင်,မိုင်
culturesorracesintheirfictionaluniverses.Namesortitlesof,cuituresaoreacesintheipSictionaiuniverses:amesortitiesoE
ဆေးလိပ်,ဆေးလိပ်
ကာ အခြား,ကာ အခြား
င့် အောက်ဘုံ,င့် အောက်ဘုံ
ရပြီး တညင် ကျောက်,ရပြီး တညင် ကျောက်
။https://www.anonymoustunisie.com/WebsiteofAnonymousTNဘယ်သူမှ တိတိ,။htpas-1Vwvuwv-anongymoustunisic.comTWCehsktcofP-nonyrnousT14ဘယ်သူမှ တိတိ
သို့ ပြန်ရောက်သော် ရိုမန်တစ် ဟာသ Finding Mr. Destiny ၌ ပွဲဦးထွက်လာရာ ကိုရီးယား၌ ရုံပေါ်မှမဆင်းသော ကား ဖြစ်ခဲ့သည်။ နတ်ဆိုတာ မဂဓဘာသာမှ နာထသဒ္ဒါကို အ,သို့ ပြန်ရောက်သော် ရိမန်တစ် ဟာသ Pituling ifr LDcstirty ၌ ပွဦးထွက်လာရာ ကိုရီးယား၌ ဇုံပေါ်မှမဆင်းသော ကား ဖြစ်ခဲ့သည်။ နတ်ဆိုတာ မဂတောသာမှ နာထသဒ္ဓါကို အ
သည် ကချင်ပြည်နယ်၊ ပူ,သည် ကချင်ပြည်နယ်၊ ပူ
ကြ,ကြ
သည်။ ၁၉၅,သည်။ ၁၉၅
၊ meropenem,၊ meropeneက
ရန်,ရန်
အရ ထုံးတောင်ကျေးရွာအုပ်စုတွင် ကျား ၂၃၁၀ ဦး၊ မ ၂၆၈၀,အရ ထုံးတောင်ကျေးရွာအုပ်စုတွင် ကျား ၂၃၁၀ ဦး၊ မ ၂၆၈၀
မေးခွန်းတွေကိုလည်း မုန်းတယ်။ ၀င်းလှသည် ဖြူဖတ်ဖြူရော်ဖြစ်နေသော ခိုင့်,မေးခွန်းတွေကိုလည်း မုန်းတယ်။ လင်းလှသည် ဖြူာတ်ဖြူရော်ဖြစ်နေသော ခိုင့်
၅၆,၅၆
ရင် လုံလောက်ပြီပေါ့,ရင် လုံလောက်ပြီပေါ့
ကြည်သည် ဖေဖေ့ရှေ့,ကြည်သည် ဖေဖေ့ရှေ့
ကြီးရှိ,ကြီးရှိ
ကားဘေးက,ကားဘေးက
။,။
ဇစ်,ဇစ်
ရာ ကျွန်မတို့အပေါ်မှာ ကျေးဇူးတွေ အရမ်း များနေပြီ,ရာ ကျွန်မတို့အပေါ်မှာ ကျေးဇူးတွေ အရမ်း များနေပြီ
ထွန်း - ငါတော့ ဒီလိုဟိုးလေးတစ်,ထွန်း - ငါတော့ ဒီလိုဟိုးလေးတစ်
ဆောင်ခဲ့သည်။ ယွင်းချက်,ဆောင်ခဲ့သည့်။ ယွင်းချက်
လည်းကောင်း၊ မြေ,လည်းကောင်း၊ မြေ
င့်လှုပ်ရတော့သည်။ နေစမ်းပါဦး,င့်လှုပ်ရတော့သည်။ နေစမ်းပါဦး
အယူအဆကို ငြင်းပယ်ရလိမ့် မည်ဟု ထင်စရာရှိ၏။ သို့ရာတွင် ကိုပါနီကတ်၏ နိယာ,အယူအဆကို ငြင်းပယ်ရလိမ့် မည်ဟု ထင်စရာရှိ၏။ သို့ရာတွင် ကိုပါနီကတ်၏ နိယာ
ရွာစုကလေး ဖြစ်ပေသည်။ လယ်သမား၊ ဈေးသည်များ,ရွာစုကလေး ဖြစ်ပေသည်။ လယ်သမား၊ ဈေးသည်များ
ဆိပ်ဖြစ်သည်။ ၎င်းတို့တွင် စက်ချောဆီ၊ ဂီယာဆီနှင့် အမဲဆီများ,ဆိပ်ဖြစ်သည်။ ၎င်းတို့တွင် စက်ချောဆီ၊ ဂီယာဆီနှင့် အမဲဆီများ
ကြီး,ကြီး
ပဒေ,ပဒေ
လား အဲ့ဒါဟာ ကျွန်တော့်,လား အဲ့ဒါဟာ ကျွန်တော့်
မွှေး,မွှေး
ငရှဉ့်ကျ မည်။ ကြိုးထိုးလျှင် သည်နှစ်ကောင်အနက် မည်သည့်အကောင်ကျကျ ကိုယ်က အနိုင်ရမည်။ ရာဇဝင်ဟောင်းများရဲ့ သင်္ချိုင်း ဘာလုပ်ရမည်နည်း။ ဒီနေရာက စောင့်လျှင် မ,ငရှဉ့်ကျ မည်။ ကြိုးထိုးလျှင် သည်နှစ်ကောင်အနက် မည်သည့်အကောင်ကျကျ ကိုယ်က အနိုင်ရမည်။ ရာဇဝင်ဟောင်းများရဲ့ သ်္ချိုင်း ဘာလုပ်ရမည်နည်း။ ဒီနေရာက စောင့်လျှင် မ
ကျော်,ကျော်
ကျော် လေးမျက်နှာဂူ ဘုရား ရက်နေ့တွင် နိုင်ဂျီးရီးယားနိုင်ငံ ကက်,ကျော် လေးမျက်နှာ၇ူ ဘုရား ရက်နေ့တွင် နိုင်ဂျီးရီးယားနိုင်ငံ ကက်
ပန်း,ပန်း
လမ်းမြို့ဖြစ်သည်,လမ်းမြို့ဖြစ်သည်
မျိုး,မျိုး
ဆုံး ဖြစ်၏။ ဤအခြေ,ဆုံး ဖြစ်၏။ ဤအခြေ
၊ ရော့... ဦး,၊ ရော့... ဦး
ယမကာကို စောင့်နေကြတယ်။ စားပွဲထိုးမလေးက တော့ အသက်ရှစ်ဆယ့်လေးနှစ်ပဲ ရှိသေးတဲ့ လှ,ယမကာကို စောင့်နေကြတယ်။ စားပွဲထိုးမလေးက တော့ အသက်ရှစ်ဆယ့်လေးနှစ်ပဲ ရှိသေးတဲ့ လှ
အိတ်ဆိုရင်လည်း စုတ်,အိတ်ဆိုရင်လည်း စုတ်
မြို့နယ်၊ ထန်းဘုန်းတောကျေးရွာအုပ်စု တံတားဦးရွာ (အင်္ဂလိပ်: Tadaru)သည် စစ်ကိုင်းတိုင်းဒေသကြီး၊ ရွှေဘိုခရိုင်၊ ဝက်လက်မြို့နယ်၊ ကျီးပင်ကန်ကျေးရွာအုပ်စု၌ တည်ရှိသည်။ ရွာ,မြို့နယတ်၊ ထန်းဘုန်းတောကျေးရွာအုပ်စု တံတားဦးရွာ (အင်္ဂလိပ်: TKicaru)သည် စစ်ကိုင်းတိုင်းဒေဒသကြီး၊ ရွှေတိုခိုင်၊ ဝက်လက်မြို့နယ်၊ ကျီးပင်ကန်ကျေးရွာအုပ်စု၌ တည်ရှိသည်။ ရွာ
ကျဉ်းကျဉ်းလေးပါ၊ မေးဖန်များစကား,ကျဉ်းကျဉ်းလေးပါ၊ မေးဖန်များစကား
ရေး၊ အိမ်များရှိမိလ္လာစနစ်,ရေး၊ အိမ်များရှိမိလ္လာစနစ်
ကလေးများ အိမ်မှာ,ကလေးများ အိမ်မှာ
သကဲ့သို့ ဖြစ်သွားလေသလား,သကဲ့သို့ ဖြစ်သွားလေသလား
ရမှ ပို၍ ဒေါသဖြစ်မိသည်။ ကိုဘခက်သည် သူ့ကို တမင်,ရမှ ပို၍ ဒေါသဖြစ်မိသည်။ ကိုဘခက်သည် သူ့ကို တမင်
တောင်ယွန်းယွန်းက စာ,တောင်ယွန်းယွန်းက စာ
ပုဒ်မ,ပုဒ်မ
င့်,င့်
လဲခြင်းမှ ပင်လယ်ရေမျက်နှာပြင် အမြင့်,လဲခြင်းမှ ပင်လယ်ရေမျက်နှာပြင် အမြင့်
ရွာအုပ်စုတွင် ကျား ၅၉၈၈ ဦး၊ မ ၅၆၅,ရွာအုပ်စုတွင် ကျား ၅၉၈၈ ဦး၊ မ ၅၆၅
ဓိသမ္ဗောဇ္ဈင် မရှိလျှင်လည်း ငါ၏ သန္တာန်၌ သမာဓိသမ္ဗောဇ္ဈင် မရှိဟု သိ၏၊ မဖြစ်သေးသော သမာဓိသမ္ဗောဇ္ဈင်၏ ဖြစ်ကြောင်းကိုလည်း သိ၏၊ ဖြစ်ပြီးသော သမာဓိ,ဓိသမ္ဗောဇွင် မရှိလျှင်လည်း ငါ၏ သန္တာန်၌ သမာဓိသမ္ဗောဇွင် မရှိဟု သိ၏၊ မဖြစ်သေးသော သမာဓိသမ္မောဇ္ဈွင်၏ ဖြစ်ကြောင်းကိုလည်း သိ၏၊ ဖြစ်ပြီးသော သမာဓိ
နိုင်သည်။ ကမ်းရိုးတန်းနိုင်ငံများသည် ကမ်းလွန် ပင်လယ်ရေတိမ်ပိုင်းတွင် သယံဇာတပစ္စည်းများ ရှာဖွေ တူးဖော် ရန် အ,နိုင်သည်။ ကမ်းရိုးတန်းနိုင်ငံများသည် ကမ်းလွန် ပင်လယ်ရေတိမ်ပိုင်းတွင် သယံဇာတပစ္စည်းများ ရှာဖွေ တူးဖော် ရန် အ
နိုင်,နိုင်
လွှတ်တော်မှ ဖွဲ့စည်းပေးထားသည်,လွှတ်တော်မှ ဖွဲ့စည်းပေးထားသည်
သူတို့အားလုံး စာအုပ်ထဲသို့ ရောက်ရှိ,သူတို့အားလုံး စာအုပ်ထဲသို့ ရောက်ရှိ
ကုသ,ကုသ
ခင်ဖြစ်သူ,ခင်ဖြစ်သူ
ပြန်,ပြန်
ကျိုး ဖြစ်စေခြင်းငှါ မစွမ်းနိုင်ခြင်း၊ ရုပ်အကျိုးတရားကို ဖြစ်စေတတ်သော,ကျိုး ဖြစ်စေစခင်းဌါ မစွမ်းနိင်ခြင်း ရုင်အကျိုးတရားကို ဖြစ်စေတတ်သော
ပါတယ်။ ဒါ,ပါတယ်။ ဒါ
ပင်,ပင်
ပြီ၊ ကောင်းပြီ။ ကျွန်,ပြီ၊ ကောင်းပြီ။ ကျွန်
င့် တွေ့ဆုံ၍ အ,င့် တွေ့ဆုံ၍ အ
စေ့စပ်ကြောင်းလမ်းထားလျှင် သော်လည်း ထားရလိမ့်မည်။ သို့ဖြစ်နိုင်ပါမည်လား။ မမြင့်ဦး၏ မိဘ ဆွေမျိုးတွေက သဘောတူပါမည်,စေ့စပ်ကြောင်းလမ်းထားလျှင် သော်လည်း ထားရလိမ့်မည်။ သို့ဖြ်နိင်ါမည်လား။ မြင့်ဦး၏ မိဘ ဆွေမျိုးတွေက သဘောတူပါမည်
ခါ လျှပ်ပေါ်,ခါ လျှပ်ပေါ်
ခြေအနေကို လိုက်လို့ ပြောင်းလဲလုပ်ကိုင်ကြရတာ,ခြေအနေကို လိုက်လို့ ပြောင်းလဲလုပ်ကိုင်ကြရတာ
သော အင်္ဂါတို့နှင့် ညီညွတ်သူ ဖြစ်ရ၏။ ကျွန်တော် ရန်ကုန်,သော အင်္ဂါတို့နှင့် ညီညွတ်သူ ဖြစ်ရ၏။ ကျွန်တော် ရန်ကုန်
"နေ့မသင့်။""","နေ့မသင့်။"""
ခဲ,ခဲ
သွားလျက်ကပင်,သွားလျက်ကပင်
အင်ဂျင်,အင်ဂျင်
တွေကို တော်တော်ကျွမ်းကျင်,တွေကို တော်တော်ကျွမ်းကျင်
မာစကားပုံတစ်ခု ဖြစ်သည်,မာကားပုံတစ်ခု ဖြစ်သည်
နောင်တဆိုတာ နောင်မှ ရတတ်သကိုး။ ရပ်ရေးရွာရေးကလည်း ဖြစ်ပြန်,နောင်တဆိုတာ နောင်မှ ရတတ်သကိုး။ ရပ်ရေးရွာရေးကလည်း ဖြစ်ပြန်
ခုတစ်,ခုတစ်
ဖြစ်တယ်လို့ပဲပြောပါမယ် နန်းကိန္နရီသည် ကားကို ပါ,ဖြစ်တယ်လိုပဲပြောပါမယ် နန်းကိန္နရီသည် ကားကို ပါ
ယတ္တိသာသနာ့ဗိမာန်ကြီးတို့၊ သကျသီဟ၊ အိမ်တော်ရာ၊ မဟာမုနိနဲ့ သာသနာ့တက္ကသိုလ်တို့ ရွှေနန်းတော်ကျောင်းတို့လို အ,ယတ္တိသာသနာ့ဗိမာန်ကြီးတို့၊ သကျသီဟ၊ အိမ်တော်ရာ၊ မဟာမုနိနဲ့ သာသနာ့တက္ကသိုလ်တို့ ရွှေန်းတော်ကျောင်းတို့လို အ
ကြောင်း NTV ရုပ်သံက ထုတ်ပြန်ခဲ့သည်။ အောက်တိုဘာ ၂၃,"ကြောင်း HV1"" ) ရပ်သံ်က ထုတ်ပြန်ခဲ့သည်။ အောက်တိုဘာ ၂၃"
ဒါပေမယ့် ကျုပ်တို့က မလုပ်ပါဘူး။ ဟန်ဆန်းဂိုဏ်းချုပ် လုပ်လိုက်ရင် ခင်ဗျားနဲ့ အဆင့်တူသွားမှာပေါ့။ ဒီလောက် သိက္ခာကျမယ့် အလုပ်,ဒါပေမယ့် ကျုပ်တို့က မလုပ်ပါဘူး။ ဟန်ဆန်းဂိုဏ်းချုပ် လုပ်လိုက်ရင် ခင်ဗျားနဲ့ အဆင့်တူသွားမှာပေါ့။ ဒီလောက် သိက္ခာကျမယ့် အလုပ်
သေး,သေး
ကွဲ,ကွဲ
ထင်,ထင်
အ,အ
ဖြစ်၏။ ထိုအချိန်တွင် ကျုပ်၏ ခေါင်းထဲ၌ အလင်းရောင် ဖြာလက် သွားလေသည်။ ထို့နောက် ပိတ်သည်းနေသော အမှောက်တိုက်ကြီးသည်,ဖြစ်၏။ ထိုအချိန်တွင် ကျုပ်၏ ခေါင်းထဲ၌ အလင်းရောင် ဖြာလက် သွားလေသည်။ ထို့နောက် ပိတ်သည်းနေသော အမှောက်တိုက်ကြီးသည်
ခါ,ခါ
ခန်းထဲမှ ဂျရတ်ကတ်ရှနာ ထွက်လာခဲ့လိုက်သည်။ မော,ခန်းထဲမှ ဂျရတ်ကတ်ရျှနာ ထွက်လာခဲ့လိုက်သည်။ မော
ဟု ဆု,ဟု ဆု
ချုပ်ကြီး သူရ ဦးတင်,ချုပ်ကြီး သူရ ဦးတင်
သောအားဖြင့် ထိုလွမ်းချင်းတို့တွင် တောတောင်ရေမြေ,သောအားဖြင် ထို့လွမ်းချင်းတို့တွင် တောတောင်ရေမြေ
ကိုတင်ဦးက မြိုင်၏နာ,ကိုတင်ဦးက မြိုင်၏နာ
မကြွားမိအောင် ဂရုစိုက်သော် လည်း စာအုပ်အကြောင်းနှင့် ပတ်သက်ပြီး စကားပြော ရလျှင် မျက်လုံးအရောင် မတောက်ဘဲ၊ အသံထက်မြက် မလာဘဲ မနေ,မကြွားမိအောင် ဂရုစိုက်သော် လည်း စာအုပ်အကြောင်းနှင့် ပတ်သက်ပြီး စကားပြော ရလျှင် မျက်လုံးအရောင် မတောက်ဘဲ၊ အသံထက်မြက် မလာဘဲ မနေ
၁၂,၁၂
ပြု၍ ပထမသင်္ဂါယနာတင်,ပြု၍ ပထမင္ဂါယနာတင်
ပြီး တိုက်ခိုက်ကာ,ပြီး တိုက်ခိုက်ကာ
ရှိခြင်း ဖြစ်သည်။ ကန်၏ အပူ,ရှိခြင်း ဖြစ်သည်။ ကန်၏ အပူ
သို့ဖြစ်၍ ဝါဖတ်ရင်း ယခုပြောသော မ,သို့ဖြစ်၍ ဝါဖတ်ရင်း ယခုပြောသော မ
လောက်ကောင်းတဲ့ဆေး မရှိဘူး မောင်လေးရဲ့ အမြောက်အမြားတို့ကိုလည်း ဗက်ဗီလုံးမြို့တော်သို့ ဖမ်းဆီး ဘယ်လို,လောက်ကောင်းတဲ့ဆေး မရှိဘူး မောင်လေးရဲ့ အမြောက်အမြားတို့ကိုလည်း ဗက်ဗီလုံးမြို့တော်သို့ ဖမ်းဆီး ဘယ်လို
ခြင်း,ခြင်း
မွှေးနေသည်။ နေဦး,မွှေးနေသည်။ နေဦး
၏။ မက္ကဆီကို ကို စပိန် ဖဲင်နီ သူ့ခန္ဓာကိုယ် အလှပျက်ယွင်းစပြုနေသည်,၏။ မက္ကဆီကို ကို စပိန် ဖဲင်နီ သူ့န္ဓာကိုယ် အလှပျက်ယွင်းစပြုနေသည်
သဘောထားကို သပိတ်ကော်မတီကို အကြောင်းကြားချင်လို့ပါ။ ကိုရင်က သပိတ်ကော်မတီဝင်ဆို၊ လုပ်ခ,သဘောထားကို သပိတ်ကော်မတီကို အကြောင်းကြားချင်လို့ပါ။ ကိုရင်က သပိတ်ကော်မတီဝင်ဆို၊ လုပ်ခ
သားတစ်ယောက်အနေနဲ့ ပျော်ရွှင်ကြည်နူးနေတာကြည့်ပြီး တကောင်း ပီတိဖြစ်မိတယ်။,သားတစ်ယောက်အနေနဲ့ ပျော်ရွှင်ကြည်နူးနေတာကြည့်ပြီး တကောင်း ပီတိဖြစ်မိတယ်။
အပိုင်းတွေကို အခု,အပိုင်းတွေကို အခု
သင်္ဘော ၁ဝ စင်း၏ ဧရာ များကို ၁၈၇၁ ခု မတ်,သင်္ဘော ၁ဝ စင်း၏ ဧရာ များကို ၁၈၇၁ ခု မတ်
ဖြစ်,ဖြစ်
ခါ အောက်ခံ ဝတ်စုံနဲ့ တင်းတင်းစည်းထား,ခါ အောက်ခံ ဝတ်စုံနဲ့ တင်းတင်းစည်းထား
မျက်နှာ,မျက်နှာ
မူလျှင် အရိပ်သည် ထိုအရိပ်ရှင်၏ နောက်သို့ အစဉ်,မူလျှင် အရိပ်သည် ထိုအရိပ်ရှင်၏ နောက်သို့ အစဉ်
ချင်း,ချင်း
မိခေလ၏,မိခေလ၏
ထူထပ်မှု,ထူထပ်မှု
သော အကြောင်းအရာများမှာ သာမန်လူတစ်ယောက်အနေဖြင့် လွယ်လွယ်နှင့် မသိရှိနိုင်သော သူမ၏ အတွင်းရေးများသာ ဖြစ်သည်။ တစ်ဦးတစ်ယောက်က သူမအား ချောင်းမြောင်း,သော အကြောင်းအရာများမှာ သာမန်လူတစ်ယောက်အနေဖြင့် လွယ်လွယ်နှင့် မသိရှိနိုင်သော သူမ၏ အတွင်းရေးများသာ ဖြစ်သည်။ တစ်ဦးတစ်ယောက်က သူမအား ချောင်းမြောင်း
အလွန်,အလွန်
င,င
ဆိုးမှာ အ,ဆိုးမှာ အ
သကြားနှင့် ဆန်ကို ပေါပေါ ဝယ်နေရသည့် အိမ်ရှင်မများက ဘုရားသိ,သကြားနှင့် ဆန်ကို ပေါပေါ ဝယ်နေရသည့် အိမ်ရှင်များက ဘုရားသိ
ရဲ့၊ မောင်အဝေး ကလာတာကို မြင်မြင်,ရဲ့ မောင်အဝေး ကလာတာကို မြင်မြင်
သည်။ ဤမျှလောက် အချိန်အတွင်း,သည်။ ဤိမျလောက် အချိန်အတွင်း
ကို တိတ်ဆိတ်စွာ စားနေလေသည်။ ချစ်ရေးချစ်ရာ ၁၉၉၉ ၂၀၀ ကျပ် သူက မဖြေဘဲ,ကို တိတ်ဆိတ်စွာ စားနေလေသည်။ ချစ်ရေးချစ်ရာ ၁၉၉၉ ၂၀၀ ကျပ် သူက မဖြေဘဲ
ခင်ဗျားမှာ ထိုးဆေး ဘယ်လောက်ရှိလို့လဲ ချို့ရွှင်ချောင်းသည် မည်သို့မျှ မရှောင်တိမ်းနိုင်တော့ ။ လက်ဝါး,ခင်ဗျားမှာ ထိုးဆေး ဘယ်လောက်ရိလို့လဲ ချိ့ရွင်ချောင်းသည် မည်သို့မျှ မရှောင်တိမ်းနိုင်တော့ ။ လက်ဝါး
သူ,သူ
စခန်း၌ အမြောက်သံ တစ်ချက် ပေါ်လာသည်။,စခန်း၌ အမြောက်သံ တစ်ချက် ပေါ်လာသည်။
ပို,ပို
ခ,ခ
စွာ ကျင်းပတယ်လို့ဆိုပါတယ်။ စတုဒီသာအကျွေးအမွေးများနှင့် အလွန်စည်ကားသောဘုရားပွဲတော် ဟုလည်း စော်ဘွားတောင်ခြေ ရှမ်း,စွာ ကျင်းပတယ်လို့ဆိုပါတယ်။ စတုဒီသာအကျွေးအမွေးများနှင့် အလွန်စည်ကားသောဘုရားပွဲတော် ဟုလည်း စော်ဘွားတောင်ခြေ ရှမ်း
ခုမြောက်အဆင့်တွင် ပါဝင်သည် တို,ခုမြောက်အဆင့်တွင် ပါဝင်သည် တို
တရှိန်ထိုးအောင်မြင်မှု နောက်ကွယ်မှာ အရေးပါတဲ့ တစ်ခုသော အင်အားတစ်ခုဟာ ပုန်းလျှိုးကွယ်,တရှိန်ထိုးအောင်မြင်မှု နောက်ကွယ်မှာ အရေးပါတဲ့ တစ်ခုသော အင်အားတစ်ခုဟာ ပုန်းလှိုးကွယ်
ကာ ထောက်ကာဖြ,ကာ ထောက်ကာဖြ
ဖစ်ချင်ရင် အဲ,ဖစ်ချင်ရင် အဲ
တင်ရမှာပဲ ထိပ်ထား ရေဝမ်းဆွဲသည်ကြီး ဘော်ဒါနိုဗာက ခပ်သုတ်သုတ် ဆက်လျှောက်လာရင်း ပြောလိုက်သည်။ ထိပ်ထားလေး တို့လို အပျိုတော်များ ဒီလိုကိစ္စတွေ မသိ,တင်ရမှာပဲ ထိပ်ထား ရေဝမ်းဆွဲသည်ကြီး ဘော်ဒါနိုဗာက ခပ်သုတ်သုတ် ဆက်လျှောက်လာရင်း ပြောလိုက်သည်။ ထိပ်ထားလေး တို့လို အပျိုတော်များ ဒီလိုကိစ္စတွေ မသိ
ခြားလိုက်,ခြားလိုက်
ပန်း,ပန်း
များ,များ
နှစ်၊ ပြီ,နှစ်၊ ပြီ
လိုက်,လိုက်
ကြေးရေတတ်တွေရဲ့ အဆောင်အယောင်တွေပေါ့။ တော်တယ် ... အစ်ကိုကြီး တော်တယ် ... ထိုနောက် လက်နှိပ်,ကြေးရေတတ်တွေရဲ့ အဆောင်အယောင်တွေပေါ့။ တော်တယ် ... အစ်ကိုကြီး တော်တယ် ... ထိုနောက် လက်နှိပ်
ပေး,ပေး
င့်ဝန်,င့်ဝန်
စုပေါင်း ဒေါ်လာ,စုပေါင်း ဒေါ်လာ
ဆောင်,ဆောင်
ခွဲစိပ်,ခွဲစိပ်
ပြထားတာဖြစ်ပြီး လမ်းညွှန်ချက်,ပြထားတာဖြစ်ပြီး လမ်းညွှန်ချက်
လေ,လေ
နေထိုင်,နေထိုင်
စင်ပေါ်မှ ကျလာလျှင်တော့ အရိုးတခြား အသားတခြားဖြစ်ရန်သာ ရှိတော့သည်။ {{Db-test-notice-NPF}} အဘိုးကြီးက မိန်းမကြီးနှစ်ယောက်ကို ခပ်ကြမ်းကြမ်း တွန်းပစ်လိုက်ပြီး သူတို့နှစ်ယောက်ကို,စင်ပေါ်မှ ကျလာလျှင်တော့ အရိုးတခြား အသားတခြားဖြစ်ရန်သာ ရှိတော့သည်။ (Cib-ieit-motice-1iPfi) အဘိုးကြီးက မိန်းမကြီးနှစ်ယောက်ကို ခပ်ကြမ်းကြမ်း တွန်းပစ်လိုက်ပြီး သူတို့နှစ်ယောက်ကို
ဒယ်များ,ဒယ်များ
"ပစ်လိုက်လို့ ကားကြီး ရပ်သွားပြီ"" စိန်ပွဲစား","ပစ်လိုက်လို့ ကားကြီး ရပ်သွားပြီ"" စိန်ပွဲစား"
မှ ထုတ်လုပ်သည့် Kung Fu Panda (ကွန်ဖူး ဝက်ဝံ) တွင် မျောက်ဆရာကြီးအဖြစ် အသံအပိုင်းမှ သရုပ်ဆောင်ခဲ့သည်။ ထိုဇာတ်ကားတွင် အခြား ထင်ရှားကျော်ကြားသော ရုပ်ရှင်သရုပ်ဆောင်များဖြစ်သည့် Jack Black (,မှ ထုတ်လုပ်သည့် HKunog fu Panda (ကွန်ဖူး ဝက်ဝံ) တွင် မျောက်ဆရာကြီးအဖြစ် အသံအပိုင်းမှ သရပ်ဆောင်ခဲ့သည်။ ထိုဗာတ်ကားတွင် အခြား ထင်ရှားကျော်ကြားသော ရပ်ရျင်သရပ်ဆောင်များဖြစ်သည့် Jack Black (
ကြီးအ,ကြီးအ
တို့အိမ်နဲ့ ဖေဖေတို့ အဖေ အမေအိမ်က ကံသိပ်ကောင်း သွားခဲ့တယ်။ ကျွန်မတို့,တို့အိမ်နဲ့ ဖေဖေတို့ အဖေ အမေအိမ်က ကံသိပ်ကောင်း သွားခဲ့တယ်။ ကျွန်မတို့
ဗြိတိသျှတို့,ဗြိတိသျှတို့
မှလာ၍ ဦးအောင်မြခိုင်အကြောင်း လာမေးနေခြင်း သည် ၄င်းအသတ်ခံရသောကိစ္စနှင့် ပတ်သက်၍,မှလာ၍ ဦးအောင်မြခိုင်အကြောင်း လာမေးနေခြင်း သည် ၄ှင်းအသတ်ခံရသောကိစ္စနှင့် ပတ်သက်၍
လဲ,လဲ
င့် ထမင်းချက် လင် မယား,င့် ထမင်းချက် လင် မယား
သွေး,သွေး
တူ ပေပိုယူသည်။ မခင်သန်းက သဘောကျပြီး ဆရာ သံပရာ,တူ ပေပိုယူသည်။ မခင်သန်းက သဘောကျပြီး ဆရာ သံပရာ
ဆက်သွယ်နိုင်ခဲ့လေသည်။ မော့သည် ပန်းချီပညာသင်ကြားရန် အမေရိကန် အစိုးရက စေလွှတ်ပြီးလျှင် ပညာတတ်မြောက်လာသည့်အခါ အထက်တန်းကျ,ဆက်သွယ်နိုင်ခဲ့လေသည်။ မော့သည် ပန်းချီပညာသင်ကြားရန် အမေရိကန် အစိုးရက စေလွှတ်ပြီးလျှင် ပညာတတ်မြောက်လာသည့်အခါ အထက်တန်းကျ
ပီကင်းဂိ'ခွေးမျိုးနှင့်တကွ ငှက်ပစ်ထွက်ရာတွင် လိုက်လေ့ ထိုင်လေ မိန်းကလေး ဒီဇယ်အင်ဂျင်အ,ပီကင်းဂိ/'ခွေးမျိုးနှင့်တကွ ၄ှက်ပစ်ထွက်ရာတွင် လိုက်လေ့ ထိုင်လေ မိန်းကလေး ဒီဇယ်အင်ဂျင်အ
ပါဘူး။ ကျောင်းထိုင်ဆရာတော်အဖြစ်ဖြင့် ဦးစိန္တာသည် စာပေပရိယတ္တိကို သင်ကြား,ပါဘူး။ ကျောင်းထိုင်ဆရာတော်အဖြစ်ဖြင့် ဦးစို္ာသည် စာပေပရိယတ္တိကို သင်ကြား
ရှိသော SAC ကို,ရှိသော 8C ကို
ဆုံ,ဆုံ
ကောင်းဆန်းဂေဟာကြီးမှာ အနားယူပြီး ညစာ စားကြရအောင် လှေမျော လှေနှင့်လိုက်၊ ငွေမျော ငွေနှင့်လိုက် ဆိုသည်မှာ စီးပွားရေးလုပ်ငန်းများတွင် အရှုံး,ကောင်းဆန်းဂေဟာကြီးမှာ အနားယူပြီး ညစာ စားကြရအောင် လှေမျော လှေနှင့်လိုက်၊ ငွေမျော ငွေနှင့်လိုက် ဆိုသည်မှာ စီးပွားရေးလုပ်ငန်းများတွင် အရုံး
ကို အဖေမပေါ်တဲ့အဖြစ်,ကို အဖေမပေါ်တဲ့အဖြစ်
မဟာပထဝီမြေကြီး။ ရှားစောင်းပြသာဒ်ပင်များ၊ ရောင်စုံအိမ်ပုံကလေးများ၊ လက်စလက်န သိပ်မ,မဟာပထဝီမြေကြီး။ ရှားစောင်းပြသာဒ်ပင်များ၊ ရောင်စုံအိမ်ပုံကလေးများ၊ လက်စလက်န သိပ်မ
နား,နား
၊ ဘုန်းကြီး .... ကျွန်တော် သဘောလဲ ခင်ဗျား သိရောပေါ့၊ အခု ကျွန်တော် လုပ်တာက,၊ ဘုန်းကြီး ... ကျွန်တော် သဘောလဲ ခင်ဗျား သိရောပေါ့၊ အခု ကျွန်တော် လုပ်တာက
။ ၂၀၁,။ ၂၀၁
လူသားဖွံ့ဖြိုးမှု ညွှန်းကိန်း (ထိုင်း)ကိုအသုံးပြု၍လူ့ဖွံ့ဖြိုးတိုးတက်မှုဆိုင်ရာတိုး,လူသားဖွံ့ဖြိုးမှု ညွှန်းကိန်း (ထိုင်း)ကိုအသုံးပြု၍လူဖွံဖြိုးတိုးတက်မှုဆိုင်ရာတိုး
တော့ အမောဆို့ပြီးသေတာ အတိုင်ဘက်က အကောင်ကြီး တစ်ကောင်ထဲရယ် ခင်ဗျ စစ္စတာဒေါ်,တော့ အမောဆို့ပြီးသေတာ အတိုင်ဘက်က အကောင်ကြီး တစ်ကောင်ထဲရယ် ခင်ဗျ စစ္စတာဒေါ်
၍,၍
မှန်,မှန်
နေလို့ပါ ဗိုလ်ကြီး,နေလို့ပါ ဗိုလ်ကြီး
ဝံကြယ် မြေမှာ ခကြွေတဲ့ ခေတ် မဟုတ်ဘူး။ ပွမ်ပွမ်မြည်တဲ့,ငံကြယ် မြေမှာ ခကြွေတဲ့ ခေတ် မဟုတ်ဘူး ။ ပွမ်ပွမ်မြည်တဲ့
ချက်ပြ,ချက်ပြ
ရတာပေါ့ဆရာ မ,ရတာပေါ့ဆရာ မ
နွေးဓာတ်,နွေးဓာတ်
အချိန်,အချိန်
တူတူရယ် ဘယ်တော့မှ,တူတူရယ် ဘယ်တော့မှ
လုံးပြူးသေနတ်ကို ခါးပါတ်,လုံးပြူစူသေနတ်ကို ခါးပါတ်
၌ တည်ရှိသည်။ ရွာနေရာကုတ်မှာ ၂၁၃၁၆၃ ဖြစ်သည်။ ၂၀၁၄ သန်းခေါင်စာ,၌ တည်ရှိသည်။ ရွာနေရာကုတ်မှာ ၂၁၃၁၆၃ ဖြစ်သည်။ ၂၀၁၄ သန်းခေါင်စာ
ဝသော အရိပ်အမြွက်များ,ဝသော အရိပ်အမြွက်များ
ပါးကိုသော်လည်းကောင်း ဉာဏ်ဖြင့် အစဉ်,ပါးကိုသော်လည်းကောင်း ဉာဏ်ဖြင့် အစဉ်
ယား ရောဂါစွဲကပ်သူ ဦးရေသည် နှစ်ဆ,ယား ရောဂါစွဲကပ်သူ ဦးရေသည် နှစ်ဆ
မြင်းစ,မြင်းစ
၀ ဦး၊ လူ,၀ ဦး၊ လူ
တစ်ယောက်လောက်သာ အောက်,တစ်ယောက်လောက်သာ အောက်
မသိဘူး သူက နုံး,မသိဘူး သူက နုံး
ဆိုင်ရာပြဿ,ဆိုင်ရာပြဿ
ကျယ် သွားကြသည်။ဒေါက်တာ အယ်လ,ကျယ် သွားကြသည်။ဒေါက်တာ အယ်လ
၏။ ထိုအခါ မိုးရေခံသင်္ကန်းသည် ဆွေးမြေ့သည့်အခါ အဝတ်မဆီးဘဲ ကိုယ်ကို မိုးစွတ်,၏။ ထိုအခါ မိုးရေခံသင်္ကန်းသည် ဆွေးမြေ့သည့်အခါ အဝတ်မဆီးဘဲ ကိုယ်ကို မိုးစွတ်
ရ ရှီးလန်ဒမ်း,ရ ရှီးလန်ဒမ်း
လူ့စွမ်း,လူ့စွမ်း
ရေဖျန်း၍ ခရစ်ယာန်သာသနာသို့ မသွင်းခင် သေဆုံးသောကလေးများမှာလည်း ခရစ်ယာန် သေခြင်းမှ ပြန်၍ အသက်,ရေဖျန်း၍ ခရစ်ယာန်သာသနာသို့ မသွင်းခင် သေဆုံးသောကလေးများမှာလည်း ခရစ်ယာန် သေခြင်းမှ ပြန်၍ အသက်
လိုက်,လိုက်
ကိုဒေါင်းစိန်,ကိုဒေါင်းစိန်
ယူ,ယူ
ပုံမှန် လက်ချာ သင်ခန်းစာများ,ပုံမှန် လက်ချာ သင်ခန်းစာများ
လုံး လျော့ကာသွား၏။ ချိုသဲကြည် ဧကကို ငေးနေမိသည်။ အို ခင်ခင်လေးရယ်၊ သရဲများ ချောက်သလားကွယ်။ ခင်ခင်လေး ဘာဖြစ်,လုံး လျော့ကာသွား၏။ ချိုသဲကြည် ဧကကို ငေးနေမိသည်။ အို ခင်ခင်လေးရယ်၊ သရဲများ ချောက်သလားကွယ်။ ခင်ခင်လေး ဘာဖြစ်
မှာ ၁၈၃၀၆၈ ဖြစ်သည်။ ၂၀၁၄ သန်းခေါင်စာရင်းအရ ဂုံမင်းကွင်းကျေးရွာအုပ်စုတွင် ကျား ၉၁၂ ဦး၊ မ ၁၀၈,မှာ ၁၈၃၀၆၈ ဖြစ်သည်။ ၂၀၁၄ သန်းခေါင်စာရင်းအရ ဂုံမင်းကွင်းကျေးရွာအုပ်စုတွင် ကျား ၉၁၂ ဦး၊ မ ၁၀၈
အသံနှင့် ပြောရာတွင် အေး... ငါကလည်း ငါ့ကို တိုင်ပင်လို့ပြောသာပါ,အသံနှင့် ပြောရာတွင် အေး... ငါကလည်း ငါ့ကို တိုင်ပင်လို့ပြောသာပါ
သည်,သည်
ဆိုချက် တွေမှာ ကျွန်တော် မမှတ်မိတော့ဘူး ဆိုတဲ့ ဇ အသက်ရှူကျပ်လိုက်တာ အေ ၊ ငါ့သမီးလေး သနားပါတယ် အပဒါ,ဆိုချက် တွေမှာ ကျွန်တော် မမှတ်မိတော့ဘူး ဆိုတဲ့ ဇ အသက်ရှူကျပ်လိုက်တာ အေ ငါ့သမီးလေး သနားပါတယ် အပဒါ
ကို သိသော,ကို သိသော
ဖြတ်,ဖြတ်
မာသောကျောက်စာအထောက်အထားများမတွေ့ရှိရသေးပါ။) သာသနာ,မာသောကျောက်စာအထောက်အထားများမတွေ့ရှိရသေးပါ။) သာသနာ
င့် ရောနေသော ရေဖြစ်လျှင် ဓမကရိုဏ် (ရေစစ်) ဖြင့် စစ်ပြီးမှ သောက်ရ၏။ သူ့အား ပြန်လည် မဖြေကြားခင် ဒေါ်ဥမ္မာသည် တံတွေးကို တစ်ချက် မျိုချလိုက်သည်။,င့် ရောနေသော ရေဖြစ်လျှင် စမကရိုဏ် (ရေစစ်) ဖြင့် စစ်ပြီးမှ သောက်ရ၏။ သူ့အား ပြန်လည် မဖြေကြားခင် ဒေါ်ဥမ္မာသည် တံတွေးကို တစ်ချက် မျိုချလိုက်သည်။
ပြီး ဂတ်စတာပိုအ,ပြီး ဂတ်စတာပိုအ
သားများ၏,သားများ၏
၀(ခ) အရ နေအိမ်တွင် တားဆီးမိန့်ထုတ်ပြန်,ဝဋ့်ခ)့ အရ နေအိမ်တွင် တားဆီးမိန်ထုတ်ပြန်
ရမည်,ရမည်
ပေါ်မှာ ငါ,ပေါ်မှာ ငါ
တနိုင်ငံ တည်ထောင်,တနိုင်ငံ တည်ထောင်
အသင်း,အသင်း
စွမ်းတွေကို စက်ပစ္စည်းကိရိယာတွေက မြှ,စွမ်းတွေကို စက်ပစ္စည်းကိရိယာတွေက မြှု
ရှိ။ ဟူ၍လည်းကောင်း၊ ဂိုဏ်းချုပ်ကြီးရဲ့ အကွက် သုံးကွက်ကတော့ တကယ်ကောင်းတာပဲ၊ ဒီကောင် ဒီအကွက် တွေကိုတော့ လိုက်ကစားနိုင်မှာ,ရှိ။ ဟူ၍လည်းကောင်း၊ ဂိုဏ်းချုပ်ကြီးရဲ့ အကွက် သုံးကွက်ကတော့ တကယ်ကောင်းတာပဲ၊ ဒီကောင် ဒီအကွက် တွေကိုတော့ လိုက်ကစားနိုင်မှာ
တစ်သက်သက်စွဲလာခဲ့,တစ်သက်သက်စွဲလာခဲ့
ကျောက်ဆည်မြို့နယ်၊ ပန်းခွာကျေးရွာအုပ်စု၌ တည်ရှိသည်။ ရွာနေရာကုတ်မှာ ၁၉၀၄၄၉ ဖြစ်သည်။ ၂၀၁၄ သန်းခေါင်စာရင်းအရ,ကျောက်ဆေည်မြို့နယ်၊ ပန်းစွာကျေးရွာအုပ်စု၌ တည်ရှိသည်။ ရွာနေရာကုတ်မှာ ၁၉၀၄၄၉ ဖြစ်သည်။ ၂၀၁၄ သန်းခေါင်စာရင်းအရ
"ဖြစ်သည်။ ""အခမ်းအနားမှာတုန်းက လူတွေက","ဖြစ်သည်။ ""အခမ်းအနားမှာတုန်းက လူတွေက"
ကြာမီပင် ညိုမှိုင်း၏ ပီသပြတ်သားသောအသံ ပေါ်လာ၏။ ၃,ကြာမီပင် ညိုမှိုင်း၏ ပီသပြတ်သားသောအသံ ပေါ်လာ၏။ ၃
တွေ,တွေ
၊ဟူံ အစရှိသော စကားလုံးများမှာ တန်ခိုးစွမ်းအား ကိန်းအောင်းနေသော စာလုံးများ ဖြစ်ပြီး မန္တရားများတွင် ထည့်သွင်းအသုံးပြုကြသည်။ မဏိ ဟူသည်မှာ ပတ္တမြားကို ဆို,၊ဟုံ အစရှိသော စကားလုံးများမှာ တန်ခိုးစွမ်းအား ကိန်းအောင်းနေသော စာလုံးများ ဖြစ်ပြီး မန္တရားများတွင် ထည့်သွင်းအသုံးပြုကြသည်။ မဏိ ဟူသည်မှာ ပတ္တမြားကို ဆို
ပြန်လည်ကြီးပွားလာခြင်းကို မရှုဆိတ်ကြချေ။ ကားသေ့တို့၏ ရန်ကိုလည်း ကြောက်ရွံ့ လျက်ပင် ရှိကြသေးသည်။,ပြန်လည်ကြီးပွားလာခြင်းကို မရှဆိတ်ကြချေ။ ကားသေ့တို့၏ ရန်ကိုလည်း ကြောက်ရွံ့ လျက်ပင် ရှိကြသေးသည်။
ရှိသည်ဖြင့် အသုံးပြု,ရှိသည်ဖြင့် အသုံးပြု
ကို လက်ခံတဲ့စိတ်ဖြစ်တယ်။ အာရုံကို လမ်းဖွင့်ပေးတဲ့စိတ်နဲ့ အာရုံကို လက်ခံတဲ့စိတ် ဒီစိတ်နှစ်ခုကြားမှာ မြင်သိစိတ် ကြားသိစိတ် နံ,ကို လက်ခံတဲ့စိတ်ဖြစ်တယ်။ အာရုံကို လမ်းဖွင့်ပေးတဲ့စိတ်နဲ့ အာရုံကို လက်ခံတဲ့စိတ် ဒီစိတ်နှစ်ခုကြားမှာ မြင်သိစိတ် ကြားသိစိတ် နံ
တယ်,တယ်
ပြုနိုင်။ လက်သစ်,ပြုနိုင်။ လက်သစ်
နေကြရ,နေကြရ
နှင့် ဒေါ်အောင်ဆန်းစုကြည်တို့,နှင့် ဒေါ်အောင်ဆန်းစုကြည်တို့
တိထားနော် ကိုင်းကျိုးကျမယ် အခြွေအရံကလဲ ဒါလောက်ပဲ နည်း,တိထားနော် ကိုင်းကျိုးကျမယ် အခြွေအရံကလဲ ဒါလောက်ပဲ နည်း
ကြားနေရင်းပင် ကြုံ ရင်းကြုံသလို ပြင်ပ စာပေလောကရှိ ဝတ္ထုများ၊ မဂ္ဂ,ကြားနေရင်းပင် ကြုံ ရင်းကြုံသလို ပြင်ပ စာပေလောကရှိ ဝတ္ထုများ၊ မဂ္ဂ
။ အခန်းလေး နှစ်ခန်းက တော့ သ,။ အခန်းလေး နှစ်ခန်းက တော့ သ
သို့မတင်ပဲ ကုလားဖြူရပ် ကွက်ရှိ ကုန်လှောင်ရုံ၌သာ ထားသည်။ သင်းတို့ ခဲယမ်းလက်နက်သင်္ဘောကို ယခင်က ရန်ကုန်ဆိပ်ကမ်း,သို့မတင်ပဲ ကုလားဖြူှပ် ကွက်ရှိ ကုန်လှောင်ရုံ၌သာ ထားသည်။ သင်းတို့ ခဲယမ်းလက်နက်သင်္ဘောကို ယခင်က ရန်ကုန်ဆိပ်ကမ်း
ဗွီက ထုတ်လွှင့်တဲ့ ဓာတ်လှိုင်း တစ်ခုဟာ တစ်စက္ကန့်ကို,ဗွီက ထုတ်လွှင့်တဲ့ ဓာတ်လှိုင်း တစ်ခုဟာ တစ်စက္ကန့်ကို
အသစ်သစ်ဖြစ်သော အချစ်လွှာ မှာတမ်းတော်,အသစ်သစ်ဖြစ်သော အချစ်လွှာ မှာတမ်းတော်
လွင့်,လွင့်
"floor,",lioor.
လေးမ,လေ။မ
၊ သွေး,၊ သွေး
။ အပြစ်,။ အပြစ်
ဖြစ်,ဖြစ်
ကြ,ကြ
သီး၏ မျက်မှောက်ဘ၀ အတွေ့အကြုံများကို,သီး၏ မျက်မှောက်ဘဝ အတွေ့အကြုံများကို
အုပ်စု,အုပ်စု
လွှတ်တော်မှ ဖွဲ့စည်းပေးထားသည်,TT-ကh ဲnoe်sua-aမy
ကျယ်,ကျယ်
။ ၁၉၆၈-,။ ၁၉၆၈-
၏,၏
လာ,လာ
တော့,တော့
ဗျ။ ကျွန်တော်တို့ တပ်တွင်းဆိုင် က ပစ္စည်းသိပ်စုံတာ,ဗျ။ ကျွန်တော်တို့ တပ်တွင်းဆိုင် က ပစ္စည်းသိပ်စုံတာ
ပင်,ပင်
နေကြရ,ဇေဲကြရ
အိတ်ဆိုရင်လည်း စုတ်,အိက်ဆိ့ရင်လည်း စုတ်
။ ၂၀၁,။ ၂၀၁
သခင်က ဝေါယာဉ်ပေါ်သို့ တက်ရန်ပြင်လိုက်၏။ ကျမ်းပြုကြသူများ,csefrs ပေါယာဥ၌ပေါးသိ့ တက်ရန်ြင်လိ့က်၏။ က်-SြES-Sim:
ထုတ်ဝေ,ထုတ်ဝေ
ရား,ရား
မင်းတပ်မှာ ကနောင်မင်းသား၏ ငယ်နာ,မင်းတပ်မှာ ကနောင်မင်းသား၏ ကင်(၅-
ကို သိသော,ကို သိသော
င့်,င့်
ည့် သူတောင်းစားတွေ ပြန်ပေါ်လာကြသည်။ သူငယ်ကလေးများသည် နှင်းပန်းစိမ်းစိမ်းများကို ရောင်း,""" T""T'T""T6PTTrsdh-ae-ermoceswcsgs ys-sacup-g ,cs."
တော်ဝန် ကော့ခ်,တော်ဝန် ကော်
စိတ်ဒဏ်ရာတွေရဲ့ ကြိုးကိုင်,စိတ်ဒဏ်တာတေ့ရဲ့ ကြိုးကျိုဂ်
ပျိုး ရူပဗေဒဖြင့် တိကျစွာ တွက်ချက်မရတော့သော ကိစ္စရပ်များကို နှိုင်း,ပျိုး မူပဗေဒဖြင့် တိကျစွစွာ တွက်ချက်မရတော့သော ကိစ္စရပ်များကို နှိုင်း
ခြေအနေကို လိုက်လို့ ပြောင်းလဲလုပ်ကိုင်ကြရတာ,RSmeနကို လိုက်လို့ ပြောင်းလဲလုပ်ကိုင်ကြရတာ
ဘုတ်လေး,ဘုတ်လေး
ဝန်,ဝန်
သည်။,သည်။
အား,အား
ဖြစ်,ဖြစ်
ပင်ကို,ပင်ကို
သေတ္တာကို မရဲတ,သေတ္တာကို မရဲတ
နှင့်ငါ စင်စစ် ပေါင်းဖော်ခြင်းဖြစ်တန်ရာ၏ ။ လက်ကလေးနှစ်ဖက်ကို ဖြန့်ကာ ဝန်းဝိုင်း,"'"" """""" :T:-7Io1oreen - rirar-as-ug,. ssy."
မြင်းစ,မြင်းစ
ကြောင့်ငါ့သမီးဝမ်းမှာလာမှီးသာပေါ့။ဖွားရက်ကလဆုတ်ဖွားရက်ထဲကျတော့ဆယ့်,",sps,aecasr-4-adunf""--+r""""''"""
ဆုံ,ဆုံ
လုံး လျော့ကာသွား၏။ ချိုသဲကြည် ဧကကို ငေးနေမိသည်။ အို ခင်ခင်လေးရယ်၊ သရဲများ ချောက်သလားကွယ်။ ခင်ခင်လေး ဘာဖြစ်,".....e...=.- - -  ' ' ' ' ' """
သည်။ ဂျာနယ်လစ်များက,သည်။ ဂျာနယ်လစ်မpားက
မှ အီရတ်တွင် ဆဒမ်အားဖယ်ရှားရန် အီရတ်ကို ၂၀၀၃၌ တိုက်ခိုက်ခဲ့သည်။ ယင်းတိုက်ခိုက်မှုတွင် အမေရိကန်သမ္မတ ဂျော့ဘုရှ်၊ ဗြိတိသျှဝန်ကြီးချုပ်,",A,sw-.a..w-e sce.-vaseoenerad""-:tTtir' ""7-"" ""T""'"""""
တွင်,တွင်
ပန်း,ပန်း
သွေး,သွေး
က ရှည်ကော့ပြီး မျက်ဝန်း,က ရှည်ကော့ပြီး မုျက်ဝစ်*
ရေး၊ အိမ်များရှိမိလ္လာစနစ်,s s၊ အိမ်များရှိမိ္ာစနစ်
လိုက်,လိုက်
လုံးပြူးသေနတ်ကို ခါးပါတ်,လုံရုွဌးသာနက်ကို့Hrlါ
ထောင်စု၏ အခြားထင်ရှားသော တက္ကသိုလ်များမှာ ယေးတက္ကသိုလ်(၁၇ဝ၁ ခုနှစ်)၊ ပရင့်စတန်တက္ကသိုလ် (၁၇၄၆ ခုနှစ်)၊ ဝါရှင်တန်၌လည်း တက္ကသိုလ်(၁၇၄၉)၊,ထောင်စု၏ အခြားထင်ရှားသော တက္ကသိုလ်များမှာ ယေးတက္ကသိုလ်(၁၇၀၁ ခုနှစ်)၊ ပရင့်စတန်တက္ကသိုလ် (၁၇၄၆ ခုနှစ်)၊ ဝါရှင်တန်၌လည်း တက္ကသိုလ် (၁၇၄၉)၊
ရက်လောက်လည်းရရော,Pဏeလာက်လဉ်းရေး
တွေ,တွေ
"ခဲ့လို့လဲ၊ ဘာဖြစ်လို့ ဒီလိုဖြစ်ရတာလဲ။ ဘာဖြစ်လို့လဲInjangyangMMR001003022HkanDaukYangခန်ဒေါက်ယန် ""မအေဘေး ခုကျတော့ စတိုင်တယ်",""" "" "" "" "" ' """""" -mmmmherar:.ar.a... .av.."
ခြေအနေပေါ်၌လည်း တည်၏။ ဇေ,၈ြsမနခေါ်ဒဲ်လည်း တည်၏။ ေ
ထွန်း - ငါတော့ ဒီလိုဟိုးလေးတစ်,ထွန်း - ငါတော့ ဒီလိုဟိုးလေးတစ်
ခရိုင်,ခရိုင်
အပိုင်းတွေကို အခု,အပိုင်းတွေကို အခု
၁၂,၁၂
ကောင်း,ကောင်း
ပါတယ်။ ဒါ,ပါတယ်။ ဒါ
သက်ရှစ်ဆယ်လောက်ရှိတဲ့ ဘကြီးမိုးတောင် တောင်ပေါ်မှာ ရှိနေတာပဲ ချောင်းမမွေတော်စေတီတော် ဘုန်းကြီးက ဒကာမကြီးကို ဘာတောင်းဖို့ အကြံပေးခဲ့လဲ။ ဟို အဲ ဒေသကို,""" . .."
ဒါပေမဲ့,ဒါပေမဲ့
သည့် ခွေးအများကို ထပ်မံပစ်ခတ်ပြန်၏။ ကျည်ဆံတိုင်းပင် ခွေးအများကို ထိမှန်လေရာ နောက်ဆုံးတွင် ရှင်းလင်းသွားလေသည်။ 'ဪ,"' ' "" "" "" . ....."
မြို့နယ်၊,မြို့နယ်၊
ဆောင်,ဆောင်
ဆိုင်ရာပြဿ,ဆိုင်ရာပြဿ
ကျော် လေးမျက်နှာဂူ ဘုရား ရက်နေ့တွင် နိုင်ဂျီးရီးယားနိုင်ငံ ကက်,"T1"" :T-o""=u mmrs urbeerp နipsucasisu.c"
ဝံကြယ် မြေမှာ ခကြွေတဲ့ ခေတ် မဟုတ်ဘူး။ ပွမ်ပွမ်မြည်တဲ့,ဝကြယ် ပြေမနာ ခေကြွေ့တဲ့ ခေတ် မဟုတ်ဘူး။ မစ်မဂ်ဖဂြတ်ကိ
ပန်ကောင်,ပန်ကောင်
မျိုး,မျိုး
ပုဒ်မ,ပုဇ်မ
ထောက်အ,ထောက်အ
ကားဘေးက,ကားသေးက
တူတူရယ် ဘယ်တော့မှ,တွူတူရယ် ဘယ်တော့မှ
ဒယ်များ,ဒယ်မျာ၊
ခုရှိရိုခရိုင်၊ ခုရှိရိုတိုင်း၊ ခု,ခုရှိရိုခရိုင်၊ ခုရှိရိတိုင်း၊ စု
မဆန်သော အခြေအနေများရှိသည်။ ဤအသွင်အပြင်သည် ဝင်ငွေ,Tmf=- =mnlSrweေများရိသည်။ ဣK)အသွင်အပြင်သညှ် ဝ်ငွေ
ရောက်,ရောက်
၍ ခုတင်ဘက်ကိုမခေါ်၊ ဆိုဖာရှိရာ,၏ Rဘင်ဘက်ကိ့မခေး ဆဲ့မာချု့ရာ
၀၅ ဖြစ်သည်,က ဖြစ်သည်
သစ်လေ,သစ်လေ
ပိုက်ပြီး သမီး .... သမီးက,နုနဖွ၊ သခံ ... SEfက
မွှေးနေသည်။ နေဦး,မွှေးနေသည်။ နေဦး
ဝမ်းလျှောခြင်း ဟုခေါ်သည်။ ကို ကျော်ဖြတ်လာခဲ့၍,"""'""T+FPO"":-mtThei Hi rspgrc-cagy"
ဖြစ်တယ်လို့ပဲပြောပါမယ် နန်းကိန္နရီသည် ကားကို ပါ,"g=ukauြောပါမယီ စစ်rfefraဏ TT9 -"""
မူ,မူ
ထိုင်းအဆင့်ကိုမိခင်ဘာသာစကား (သို့) ဇာတိနီးပါးအဆင့်တွင်ကျွမ်းကျင်ကြသည်။ သူတို့,"w.creaar-.-.-. on niri7T0PT5""""ဣ' '"
နတ်က,နတ်က
ည့်,ည့်
"က မင်းနဲ့ ပူးပေါင်းပေးမယ် "" ဆေပီယန်စ် -၂၄ တစ်နေ့တွင် ကိုဓာတ်သားက အင်း ဆရာတော်ဘုရားများကိုတော့ ဖူးမျှော်ပြီးပါပြီ၊ မင်းတို့ သဘင်ဂီတအဖွဲ့မှာကော ဘယ်သူတွေပါ","' ' ""'  .. . ...."
၏။ ထိုအခါ မိုးရေခံသင်္ကန်းသည် ဆွေးမြေ့သည့်အခါ အဝတ်မဆီးဘဲ ကိုယ်ကို မိုးစွတ်,PT1 79rT5 Pimnitarheroef ဆွေးမြှေသာင့်တခါ uoတswucazr rieKLrns ခုံန္ad!
ရပြီး တညင် ကျောက်,ရပြီး တညင် ကျောက်
မည်,မည်
များ,များ
သိမ်းကာ မှော်ဘီ စိုက်ပျိုးရေးစခန်းကို ဌာနချုပ်ဖွင့်၍ သူတို့အား ခုခံရခြင်းပင် ဖြစ်သည်,"Luar.-. psn speနgecpesrt cedifRl nefti- Th0f"" 5""T""5"
ခဲ့သော,ခဲ့သော
သည် ဇုနတ်မင်းကြီးနှင့် တူသော်လည်း ပို၍ ဣန္ဒြေကြီးပြီး,သည် ဇုနတ်မင်းကြီးနှင့် တူသော်လည်း ပို၍ ဣနြေကြီးပြီး
ဧရာ,ရော
ကြားနေရင်းပင် ကြုံ ရင်းကြုံသလို ပြင်ပ စာပေလောကရှိ ဝတ္ထုများ၊ မဂ္ဂ,ကြားနေရင်းပင် ကြုံ ရင်းကြုံသလို ပြင်ပ စာပေလောကရှိ ဝတ္ထုများ၊ မဂ္ဂ
ရွရွနှုတ်ခမ်းဖြင့် သူ့ခေါင်းကို,"နွန့နှတ်ခမ်းဖြစ် s=Pါ""်"""
ကြည်မှုတစ်ခု,ကြည်မူတစ်ခု
ဖတ်ကြည့်လိုက်၏။ သူထိုနာမည်ကို ဖတ်နေမှန်းလည်း ထိုလူ,"ယmထန္းsုဲ့a acRepefid.ifTmofက် ""fီTe"
တော့်,တေ့်
န့်,န့်
ကို တစ်နေ့လုံး လိုက်ပြီး,ကို တစ်နေ့လုံး လိုက်ပြီး
ခုတစ်,ခုတစ်
ရန်သူ့တပ်မှူးတစ်ဦး၏,ရန်သူ့တပ်မှူးတစ်ဦး၏
ပြု၍ ပထမသင်္ဂါယနာတင်,ဖြig၏ oထမသင်္ါယနာတင်
လီနိုင်ငံသို့လည်း ပျံနှံ့,လီန်င်ံသို့လည်း ပ္န
ရိုးမီးများ ဝါးမျိုလို့ မြတောင် ရွှေကျောင်းတော်ကြီးတို့လိုအဆောက်အဦးကြီးတွေ ကြည့်စရာမရှိတော့တဲ့အချိန်မှာ ရှားပါးနေပြီဖြစ်တဲ့ မဟာမုနိအရှေ့မုခ်ကျွန်းသားပြာသာဒ်,"' '"" "" "" . .. ......"
ရာကုတ်မှာ ၁၆,ရာကုတ်မှာ ၁၆
စာ,စာ
ကျောက်တုံးကို,ကျောက်တုံးကို
မလာသေး,မလာသေး
တယ်,တယ်
ကြေးရေတတ်တွေရဲ့ အဆောင်အယောင်တွေပေါ့။ တော်တယ် ... အစ်ကိုကြီး တော်တယ် ... ထိုနောက် လက်နှိပ်,ကြေးရေတတ်တွေရဲ့ အဆောင်အယောင်တွေပေါ့။ တော်တယ် ... အစ်ကိုကြီး တော်တယ် ... ထို့နောက် လက်နိပ်
boththe,boththe
သည်။ အုန်းဆီထုတ်သည်။ နာနတ်ပင်များကို အကြီးအကျယ် ဦးလေး ဦးလေးနဲ့ မခေါ်ပါနဲ့ဟ။ ငါ အဲဒီလောက်,"' "" """""""" '-1 -Tir-vn =:. .. -v.-. ..."
၈) ကြင်နာသူနှစ်ဦး ဆုံနိုင်ရင် (၁၉၉၇) ဟား ကောင်းပါတယ်။ အများကြီးကို ကောင်း,"' ""'"""" TfT1 -Ten-- msars sacwsa..a."
ဖေဖျားရဲ့။ အံ,ဖေဖျားရဲ့။ အံ
ပီကင်းဂိ'ခွေးမျိုးနှင့်တကွ ငှက်ပစ်ထွက်ရာတွင် လိုက်လေ့ ထိုင်လေ မိန်းကလေး ဒီဇယ်အင်ဂျင်အ,ပီကင်းဂိ'ခွေးမျိုးနှင့်တကွ ငှက်ပစ်ထွက်ရာတွင် လိုက်လေ့ ထိုင်လေ မိန်းကလေး ဒီဇယ်အင်ဂျင်အ
လူသားဖွံ့ဖြိုးမှု ညွှန်းကိန်း (ထိုင်း)ကိုအသုံးပြု၍လူ့ဖွံ့ဖြိုးတိုးတက်မှုဆိုင်ရာတိုး,Tr:7T14Si a်ကီစ်: (ထိုင်းကိုအသုံးပြု့၍ှူခပဲဖြို့တိုးတက်မှုဆိုင်ရာဘု့
လွယ်,လွယ်
နိုင်သည်။ ကမ်းရိုးတန်းနိုင်ငံများသည် ကမ်းလွန် ပင်လယ်ရေတိမ်ပိုင်းတွင် သယံဇာတပစ္စည်းများ ရှာဖွေ တူးဖော် ရန် အ,"1PTtT5"" T1Tr-T1PTrTrmဘီ rhref oftesathesaniebiteme ယermuogညucyar preyg ဟမေ ပနှေ အ"
ခုမြောက်အဆင့်တွင် ပါဝင်သည် တို,"ခုမြောက်အဆင့်တွင် ပါဂင်တိ ""ီ"
ကား အောက်မြို့ကျေးရွာသို့သွားတော့မည်။ ယခုအခါ,ကား အောက်မြို့ကျေးရွာသို့သွားတော့မည်။ ယခုအခါ
ဘာလုပ်,ဘာလုပ်
ဒုက္ခနှင့်ရင်ဆိုင်တွေ့ကြုံနေရရှာသော အေမီက သူသည် ကူးနားပဲလေ့,"'"" '""ITtrrr=xnsas- vzes,i."
ယှဉ်တွဲလျက် ရှိသည်။ စနစ်တကျစီစဉ်ပေါင်းစုထားသည့် အခြေခံဥပဒေ,"..gypspscskvestrofedrotit """""
ထွက်,ထွက်
ညီ၊ လမ်းတော်ဖိုးတုတ် သည် တပည့်များအား,ညီ၊ လမ်းတော်ဖိုးတုတ် သည် တပည့်များအား
သို့ ပြန်ရောက်သော် ရိုမန်တစ် ဟာသ Finding Mr. Destiny ၌ ပွဲဦးထွက်လာရာ ကိုရီးယား၌ ရုံပေါ်မှမဆင်းသော ကား ဖြစ်ခဲ့သည်။ နတ်ဆိုတာ မဂဓဘာသာမှ နာထသဒ္ဒါကို အ,"'' """"T"" ""T"" T1T"" -- ""Th T `mm i sfmrtroe ""irn4 elecrtezx: -a pisaws နxua=- .c-. pcsgpn ,."
၌ တည်ရှိသည်။ ရွာနေရာကုတ်မှာ ၂၁၃၁၆၃ ဖြစ်သည်။ ၂၀၁၄ သန်းခေါင်စာ,၌ အေဖနှ့အည်မ psermpdyp .o2o Sfszd: .nz= -f-Pfn5
နေလို့ပါ ဗိုလ်ကြီး,နေလို့ဝါ ဗိုလ်ကြီး
ထွင် ဖော်ထုတ်လာသည်။ အဆီးရီးယားနိုင်ငံ၏ လက်အောက်,"'' ""TT""""-Tadi-zetReursiae -uc,e"
ပြန်ဆုတ်သွားခဲ့,ငြန်ဆုတ်သွားခဲ
ယူ,ယူ
ဝ,ဝ
ကား,ကား
ပင် ပြင်ဆင်,ပင် ပြင်ဆင်
ရေးလှ,ရေးလှ
မှာ ဒဏ်ရာပြင်းထန်သည် မှန်သော်လည်း ခေါင်းမထောင် နိုင်လောက်အောင်တော့ မဟုတ်သေးချေ။ ဦးခေါင်းမှာ ကြည်ကြည်လင်လင်ပင် ရှိနေ၏။ အခြေအနေအရပ်ရပ်ကို,"......w..vr.A..=-.-n. .v+= - -Doiri0T55T """""""
နောက်ဆုံးတွင် ကြယ်ပုနက် (black dwarf) အဖြစ် မှေးမှိန်သွားမည်ဖြစ်သည်။ နေနှင့် အနီးဆုံးကြယ်မှာ ပရိုဆီ,"''""ျ+""ီ "". .-. mRT Tradirawata-css asaegap-a"
။ ဆန်ကုန်သည်အဖြစ် အိမ်က ထွက်သွားရာက မယားတစ်ယောက်နဲ့ မူးစေ့အပေါက်ပဲ ပြန်ပါလာတဲ့ လူငယ်လေး။ သူ့အဖေက စောက်သုံးမကျရတဲ့အထဲ နောက်ထပ်,"..c.p,pg,aygaege azc-psupr,-.as.cilsecerocid0 Deirori ernrfnrm -sr =-- 0""T5 "" ""T"""
ရပ်ဝတ် အရပ်စားနှင့်။ ဒါက ဘာသဘော,PTi7ofeees lrm c-sသေ
တော့မယ်။ ခင်ဗျားကို လာ,တော့မယ်။ ခင်ဖျားကို m
တိ,တိ
ပြီ၊ ကောင်းပြီ။ ကျွန်,ပီ၊ စကာင်းပြီ။ ကျွန်
ဖြစ် MMR009012022 Yae Hpyu ရေဖြူ ဟု ပြောပြီး ရုံးခန်းထဲခေါ်သွားသည်။ ရာသီဥတုရှိ၍ရေမဝပ်ဘဲ ထုံးကျောက်မြေဆံသည့် ဒေသမျိုး၌ ပိုမိုဖြစ်ထွန်းသည်။ မိုးပါးရေရှားသ,"g merce w wc -g့ -o egeg ss-sutascrdr enferntbrrstt ==orHd072 ""-hB T15T1T1B 1'""T"""
မကြွားမိအောင် ဂရုစိုက်သော် လည်း စာအုပ်အကြောင်းနှင့် ပတ်သက်ပြီး စကားပြော ရလျှင် မျက်လုံးအရောင် မတောက်ဘဲ၊ အသံထက်မြက် မလာဘဲ မနေ,"Lcpyecre -apgt-escsw -adkx erasetrsarsofbaeb udhardedi ermroedin ireaf ror=i--r"" --T"" 75""5""5""  """
စခန်း၌ အမြောက်သံ တစ်ချက် ပေါ်လာသည်။,"ခေနေးဥ အမြောကသံ တစမျက် ဧါ်""ဏးကည့်၊"
ဓားသိုင်းက တော်တော်ကောင်းတယ်၊ ထင်ပေါကို အဲဒီနည်းနဲ့တိုက်ရင် မရှုံးနိုင်ဘူး၊ အတွင်း,စားသိုင်းက တော်တော်ကောင်းတယ်၊ ထင်ပေါကို အဲဒီနည်းနဲ့တိုက်ရင် မရှံးနို်ဘူး၊ အတွင်း
ပေး,ပေး
နောက်သို့,နောက်သို့
မျက်နှာဖုံးကို မေ့ဆေး,မျက်နှာဖုံးကို့ မေ့ဆေ၊
၊ မ ၁,၊ မ ၁
တို့,တို့
ရှိသော SAC ကို,ရံသော SiC ကီ
ရတနာပြဇာတ်ကို စီစဉ်တင်ဆက်ခဲ့၍ မြတ်မွန်ရတနာ ပြဇာတ်စာအုပ်ကို စာပေဗိမာန်မှ ဖြန့်ချိထုတ်ဝေခဲ့,"ရတနားမ္ပဗာတက စလာgတငcဆာmခံg swesisyeismenp tar-t7T571 TT7T1T11T9ဠC1595""T"""""
ခြားလိုက်,ခြားလိုက်
ပန်း,ပန်း
ပဒေ,ပဒေ
ကြ,ကြ
ရာကုတ်,ရာကုတ်
အခင်ကို လိုသမျှဖွင့်,အခင်ကို လိုသမျှမွဒ့
ချင်း,ချင်း
ရီ စိတ်ကို ဖတ်ကြည့်ပြီး မင်း ဒီလိုလုပ်တာကို သိသွားရင်.. မည်သို့ပင်ဖြစ်စေမြေ,"""""T"""" Tn2ed09 Tt- Teberာက သသypaနs. agauegaမ့gွ"
လှယ်အဖွဲ့ လန်ဒန်,လှယ်အဖွဲ့ လန်သန်
၁,၁
ပေ,ပေ
၂၁၁၅၀,၂၁၁၅၀
စီး,စီး
အ,အ
။ နန်းတော်ရှေ့ ဆရာတင် သားကလေးများနည်းတူ ကျွဲကျောင်းခိုင်း၏။ မော်ဂလီမှာ,"..n-cupar-x .-oaroreraetrs Hr5""5"""" ' """
လာလမ်ပူသည် ဆီလန်ဂေါ ပြည်နယ်ထဲမှာ ရှိ၍ ထိုပြည်နယ်ကို အုပ်ချုပ်သော မလေးဘုရင်က ကွာလာလမ်ပူ,"....amzasdcas-ikmerT10:""""""'' ' '"
ကျင်းအား နတ်မိမယ်တမျှ ထင်မှတ်ပြီး မြတ်နိုးခဲ့သည်။ သူမ အလှရိပ်တွင် ယစ်မူး,"' '' ""'""ြ '+Bi iwicws e-yseypr.w"
မင်းမြတ်,မင်းမြတ်
ကလေးများ အိမ်မှာ,reေးမyp: PP
အဖြစ်နှင့်,အဖြစ်နှင့်
ထားသီ,ထားသီ
။,။
င့် အကြိမ်ကြိမ် တားမြစ်ကြသော်လည်း မိမိ အဆွေခင်ပွန်းကို စွန့်ပယ်ခြင်း မရှိလေ၏။ ဦးမြသန်းက ငြိမ်,"'T191""7T9--di Ti medie-es-vasxar-sgpa,-g"
တရှိန်ထိုးအောင်မြင်မှု နောက်ကွယ်မှာ အရေးပါတဲ့ တစ်ခုသော အင်အားတစ်ခုဟာ ပုန်းလျှိုးကွယ်,".နျှန်ဆုံ့ယေားပ္လမှ့နောကွယ်မှာ အseးedr oefesားက nto်mr=Tကt- .TaSen"""
ဝ,၀
ကတံ ကရဏီ,ကတဲ ကရဏီ
ခန်းထဲမှ ဂျရတ်ကတ်ရှနာ ထွက်လာခဲ့လိုက်သည်။ မော,ခန်းထဲန ဂျရတ်ကတ်ရုစာ ထွက်လာစဲလိုက်းတ်း က
ဒီမိုကရက်တစ် သမ္မတနိုင်ငံ နှင့် မြောက်ရိုဒီးဇီးယားနိုင်ငံ (ဇမ်ဗီယာနိုင်ငံ),"'""""""""+Hftot-I-mz4.-s,asx-ss."
ချက်ပြ,ချက်ပြ
ဟေ . . . ဟုတ်လား ငလျင်လှုပ်ခြင်းများ၏ အကျိုးဆက်များ/သက်ရောက်မှု,ဟေ . . . ဟုတ်လား ငလျင်လှုပ်ခြင်းများ၏ အကျိုးဆက်များ(သက်ရောက်မှု
တာတွေကပါ အယ် လ်ခီဘီအာ့ဒိစ်,တာတွေကပါ အယ် လ်ခီဘီအာ့ဒိစ်
တို့ တည်းခိုကြသည့် ဟိုတယ် များနှင့် အ,တို့ တည်းနိ့ထဲသည့ ဟို့တယ် များနှင့် အ
သီးများ တပ်၍ ထားသော,သီးများ တပ်၍ ထားသော
တိထားနော် ကိုင်းကျိုးကျမယ် အခြွေအရံကလဲ ဒါလောက်ပဲ နည်း,တိထားနော် ကိုင်းကျိုးကျမယ် အခြွေအရံကလဲ ဒါလောက်ပဲ နည်း
"usingthe(required!)INSEEcodeandasubtemplate.Thefields""region""and""department""arenolongerused.ဝေါလစ်နှင့်ဖူကျူးနား 90 days စေတော်မူ","' ' ' ' ' ' "" . ....wv.."
လက်,လက်
Wardအမှတ် (၁၄) ရပ်ကွက် အခုဆို ကစ်ကစ်,"wwrueeys (ts) ebmf mte ""17"
ပုံမှန် လက်ချာ သင်ခန်းစာများ,ပုံမှန် လက်ချာ သင်ခန်းစာများ
DaweiEducationDegreeCollege;,CRiiefEducatonbegrecoiege.
အလွန်,အလွန်
ဆေးလိပ်,ဆေးလိပ်
ဆုံး ဖြစ်၏။ ဤအခြေ,ဆံးဖြစ်၏။ ဤmnB
ရင်မ အားပြန်၍ လက်,PfV mားပြန်၍ လrဲ
၊ meropenem,၊ meropenem
သည် ကချင်ပြည်နယ်၊ ပူ,"czs ကချ်Sြe်းe"" V"
သည်။ ၁၉၅,သည်။ ၁၉၅
ရှိဘူးထင်ပါတယ်..,ရှိဘူးထင်ပါတယ်..
လဲ သီတာ၊ အင်း . . .အေးမြတဲ့ သီတာပဲ ဖြစ်ရမှာပေါ့ ဟင့်အင်း၊ မဟုတ်သေးဘူး အစ်ကိုရယ်။ ဒါပေမဲ့ ဆက်ပြောလေ၊ ဆက်ပြောပါ။ ဆွန်ညာ နားလည်နိုင်မှာပါ။ အား,"' ' ""' ' """" '""'I"" "". .=. hro-razrwr.-wr.wv..wv..."
ညီ,ညီ
တစ်သက်သက်စွဲလာခဲ့,တစ်သက်သက်စဲ့ကာခဲ့
သည်,သည်
သို့မတင်ပဲ ကုလားဖြူရပ် ကွက်ရှိ ကုန်လှောင်ရုံ၌သာ ထားသည်။ သင်းတို့ ခဲယမ်းလက်နက်သင်္ဘောကို ယခင်က ရန်ကုန်ဆိပ်ကမ်း,".w.ce.-,ow -raxr-esrser= rrua :HF -""-:"""""""" ' """
ကျဉ်းကျဉ်းလေးပါ၊ မေးဖန်များစကား,me်f-mbhereud၊ မေးမန်မျpာ=.
ထို့နောက် အမျိုးသမီးကို နှုတ်မဆက်,"cjesrd sudgသdr ef္fကm"""
ချက်,ချက်
ဒစာစောင် ရေးသားပြီးနောက် တနှစ်အကြာတွင် ရေးသား,"cecrxt awrsaratgtlesာက mefaeZrs"" -T--T"
မှု ကူးစက်ရော,အ ကူးစက်ရော
ကြီးအ,ကြီးအ
ကျင်းပခဲ့ပြီး န.ဝ.တ အစိုးရမှ ကျပ်သိန်း ၆၃,rျcaခုgြs န-၀ တ အစ္းe mf:PP Ti
ရမှ ပို၍ ဒေါသဖြစ်မိသည်။ ကိုဘခက်သည် သူ့ကို တမင်,"w tနgွ awgtsauedb ""Hmကဣ -0"" """""
အသင်း,အသင်း
"အင် သုံးစွဲနိုင်အားမှာ ၅၅,၅",အင် သုံးခွဲနိုင်အားမှာ ၅၅.၅
နှင့် ဒေါ်အောင်ဆန်းစုကြည်တို့,"နi ateazaာ်္ဆန်စ်ထဲတ်""ဏီး"
အကောင် နာမည်က ဘယ်သူကွ ကြိုင်သည် ပြုံး၍ ကျွန်တော့်ကို စိုက်ကြည့်သည်။,"' ' """"' TioatTPiuatime-ssespa"
စွာ ကျင်းပတယ်လို့ဆိုပါတယ်။ စတုဒီသာအကျွေးအမွေးများနှင့် အလွန်စည်ကားသောဘုရားပွဲတော် ဟုလည်း စော်ဘွားတောင်ခြေ ရှမ်း,"....Av. .-v=-v.rvr.-vri. ~.- "" ""' "" ""  """
စွမ်းတွေကို စက်ပစ္စည်းကိရိယာတွေက မြှ,gfineတကေ့ကို စက်ပစ္စည်းကိရိယာတွေက မြွ
တည်,တည်
နိုင်ချေ။ တနင်္ဂ,နိုင်ချေ။ တနင်ဂ
ခရိုင်၊ ဖားကန့်မြို့နယ်၊,ခရိုင်၊ ဖားကန့်မြို့နယ်၊
ကျေးသီးမြို့နယ်၊ ဝမ်စပ်ကျေး,rေ့းသhးege၊ 75TTTT4
။ လူဦးရေသိပ်သည်းဆသည် တစ်စတုရန်းကီလိုမီတာလျှင် ၁၄၃ ဦး ရှိသည်။ စုစုပေါင်း,"' '' ' ' - -""' '-+ -mom=swn -awv e.v.w."
ဖြေသည်။,ဖြေသည်။
သော အကြောင်းအရာများမှာ သာမန်လူတစ်ယောက်အနေဖြင့် လွယ်လွယ်နှင့် မသိရှိနိုင်သော သူမ၏ အတွင်းရေးများသာ ဖြစ်သည်။ တစ်ဦးတစ်ယောက်က သူမအား ချောင်းမြောင်း,"' ' ' ' ' ' "" """" "" ' "" ' TN. - -vr.vr.v.v.4."
သော အင်္ဂါတို့နှင့် ညီညွတ်သူ ဖြစ်ရ၏။ ကျွန်တော် ရန်ကုန်,သော အငဂါတိ့နှစ် ညီးခေတ်သခ့ ခြစ်e၏။ ကျf်nHဏ nHm*
အသံနှင့် ပြောရာတွင် အေး... ငါကလည်း ငါ့ကို တိုင်ပင်လို့ပြောသာပါ,အသံနှင့် ပြောရာတွင် အေး.. ငါကလည်း ငါ့ကို တိုင်ပင်လို့ပြောသာပါ
ကောင်းဆန်းဂေဟာကြီးမှာ အနားယူပြီး ညစာ စားကြရအောင် လှေမျော လှေနှင့်လိုက်၊ ငွေမျော ငွေနှင့်လိုက် ဆိုသည်မှာ စီးပွားရေးလုပ်ငန်းများတွင် အရှုံး,"""'""T"" -""TီT"" ""TrmTmnBrcr= TrSmornP =zrer =catir gevsgeserdrpuasgy: mKprcpogs:sugpagpaနgy"
"ဖောမီး (Anseriformes)"" အတွင်း ပါဝင်","ဖောမီး (Anseriformes)"" အတွင်း ပါဝင်"
ခွဲစိပ်,ခွဲစိပ်
ကျယ် သွားကြသည်။ဒေါက်တာ အယ်လ,ကျယ် သွားကြသည်။ဒေါက်တာ အပယ်လ
လာသည် ဆိုတဲ့ ဇာတ်လမ်းကို ပြောမှာပါ,"""-7ဏ mိုrh eာတtပu်းကို ဧပြးမှာယ၊"
အင်ဂျင်,အင်ဂျင်
ပါတယ်,ပါတယ်
ဘိ,ဘိ
ပိုက်,ပိုက်
ဖြစ်,ဖြစ်
င့်,င့်
၃၅၃ ဖြစ်သည်။ ၂၀၁၄ သန်းခေါင်စာရင်းအရ တောင်နီကျေးရွာအုပ်စုတွင် ကျား ၁၁၀,""" ""T:5"".Y -1-iotianx ercksrmpesac,pyv .y: .."
ပြထားတာဖြစ်ပြီး လမ်းညွှန်ချက်,Gm:-ကဖြစ်ပြီး လမ်းညွန်မျာ၏
အချိန်,အချိန်
သက်ချမ်းသာရာ ရခဲ့ဖူးပါတယ်။,သက်ချမ်းသာရာ ရခဲ့ဖူးပါတယ်။
အမျိုးသမီးဘက်သို့ ခေါင်းညွှတ်,အမျိုးသမီးဘက်သို့ ခေါင်းညွှတ်
ဘူးသော ဖခင်၏,ဘူးသော ဖခင်၏
သို့ တက်,သို့ တက်
ဏလေး ငြိမ်,ဏလေး ငြိမ်
ဒါပေမယ့် ကျုပ်တို့က မလုပ်ပါဘူး။ ဟန်ဆန်းဂိုဏ်းချုပ် လုပ်လိုက်ရင် ခင်ဗျားနဲ့ အဆင့်တူသွားမှာပေါ့။ ဒီလောက် သိက္ခာကျမယ့် အလုပ်,ဒါပေမယ့် ကျုပ်တို့က မလုပ်ပါဘူး။ ဟန်ဆန်းဂိုဏ်းချုပ် လုပ်လိုက်ရင် ခင်ဗျားနဲ့ အဆင့်တူသွားမှာပေါ့။ ဒီလောက် သိက္ခာကျမယ့် အလုပ်
အ,အ
ဘ,ဘ
မိုင်,မိုင်
ရှိသည့် ရှင်း,ရိသည့ ရှင်း
၇၉-,၇၉-
လား..,လား..
ပိုး,ပိုး
။,။
မျက်နှာ,မျက်နှာ
ရာသည်,ရာသည်
ဓိသမ္ဗောဇ္ဈင် မရှိလျှင်လည်း ငါ၏ သန္တာန်၌ သမာဓိသမ္ဗောဇ္ဈင် မရှိဟု သိ၏၊ မဖြစ်သေးသော သမာဓိသမ္ဗောဇ္ဈင်၏ ဖြစ်ကြောင်းကိုလည်း သိ၏၊ ဖြစ်ပြီးသော သမာဓိ,"Lc-ayp: နypyecag.csws -aprsk s-v-sc-carnge egebc seli efersr =rmfrmrnefH"" 0""fဣ5""5""0""7+ဣ"" "" B T""  """
တိုင်းပဲ ကြည့်,အိုင်းပဲ ကြည့်
နေ့လယ်,နေ့လယ်
တတ်လို့,တတ်လို့
ငံတော်,ငံတော်
ဦးဖြစ်လိမ့်မယ်ထင်တယ်။ ဝေဝေတို့,"ဝီ""ဒဇ်းဂိမ်မယ်္ထင်တယ်။ ဝေဆေးုံ့"
မဟာပထဝီမြေကြီး။ ရှားစောင်းပြသာဒ်ပင်များ၊ ရောင်စုံအိမ်ပုံကလေးများ၊ လက်စလက်န သိပ်မ,မဟာပထဝီမြေကြီး။ ရှားစောင်းပြသာဒ်ပင်များ၊ ရောင်စုံအိမ်ပုံကလေးများ၊ လက်စလက်န သိပ်မ
ရွက်ပင်,ရွက်ပင်
အချိန်တွေမှာ ငြိမ်းချမ်းသာယာတာကို ခံစားရတဲ့အချိန်တွေမှာ တစ်ခြား,"'""T T7---t esasurp..g.,"
အများဆုံးဆေးကို အသက် ၂,အများဆုံးဆေးကို အသက် ၂
၊ ငါက အခု ဒုန်ဝန်းမြို့စား ဖြစ်နေပြီမို့လား၊ ဆယ်မြူ ဆယ်မြူအသာလေး၊ ဟားဟားဟား ကဲလာလာ,"' ""T Th 7P-ofSrt Iontsefbrsx sulဖmpecဖpeamecsv rxurs=x atucrcs"
ရတာပေါ့ဆရာ မ,ရတာပေါ့ဆရာ မ
နိုင်,နိုင်
ပြုအောင် ဆွဲဆောင်ခဲ့သည်ဟု ထင်၏။,င်F:T siterာd4aekuy ctas.
ဆောက်အအုံကို ခေါင်းမော့ကြည့်ကာ ချီးကျူးပြောဆိုနေသည်။ ဟာ ပ,"""TTTီ""fmntamo etmpsspscg:.."
ရွာအုပ်စုတွင် ကျား,ရွာအုပ်စုထွင် ကျား
ယမကာကို စောင့်နေကြတယ်။ စားပွဲထိုးမလေးက တော့ အသက်ရှစ်ဆယ့်လေးနှစ်ပဲ ရှိသေးတဲ့ လှ,ယမကာကို စောင့်နေကြတယ်။ စားပွဲထိုးမလေးက တော့ အသက်ရှစ်ဆယ့်လေးနှစ်ပဲ ရှိသေးတဲ့ လှ
နေအထိ အဖြစ်အပျက်များ,နေအထိ အဖြစ်အပျက်များ
အယ်လ်ဂျီးရီးယန်း,အယ်လ်ဂျီးရီးယန်း
ခါ အောက်ခံ ဝတ်စုံနဲ့ တင်းတင်းစည်းထား,"arrs ste) m်:m*nE်""T"""
သာယာကုန်း - ပဲခူးခရိုင်၊ ကျောက်တံခါးမြို့နယ်၊ ကြာအင်းကုန်းကျေးရွာအုပ်စု၊ ပီကုတ်(220102)ChampionofKandawgyiDota,"L..-ne. . spesgse, srnprcscaagနယ်၊ Sref=me်:ermreste. Pmf(n501T5I77'0-T1TTT51T5"
သည် သည်,သည် သည်
မှ,မှ
ဝသော အရိပ်အမြွက်များ,PPzm အရိပ်ဘမွက်ပျှား
တယ်။ သူဇာလွင် ခေါင်းခါလိုက်တယ်။ သူ ခေါင်းခါပြနေတာကို မင်းခန့်ထူး မြင်ပါစေ။ မလာ,"ck.သယွမားမွ် ခေါင်းခါးဗု်ကံတယ်။ သ၃ ခါင်း၏ဲမြစေmားကိီ nEf-nmefm: Gf""TiT17T"
င့် ရောနေသော ရေဖြစ်လျှင် ဓမကရိုဏ် (ရေစစ်) ဖြင့် စစ်ပြီးမှ သောက်ရ၏။ သူ့အား ပြန်လည် မဖြေကြားခင် ဒေါ်ဥမ္မာသည် တံတွေးကို တစ်ချက် မျိုချလိုက်သည်။,". .....-wv.။..vm၊ -m=-.-.. =- P=TP THi"" ""0Tn "" "" ""'"
မှာ ပိုမာကြောရ,မှာ ပို့မာြေားရ
ဆိုးမှာ အ,ဆိုးမှာ အ
အတွင်း မြန်မာပြည်အနှံမှ,အအင်၊ မြန်မာပြည်ဆနှနှ
မှန်,မှန်
စ,စ
တစ်လုံးနှင့် ထိုင်နေ၏။ ဦးလေးသည်,တစ်လံးနင့် တိုင်နေ၏။ ဦးo-ဏ်
နွေးဓာတ်,နွေးမာ၏်
ဟု ဆု,ဟု ဆု
ရှိသည်ဖြင့် အသုံးပြု,ရှိသည်ဖြင့ အသုံးပြု
လား အဲ့ဒါဟာ ကျွန်တော့်,လား အဲ့ဒါဟာ ကျွန်တော့်
သင်္ဘော ၁ဝ စင်း၏ ဧရာ များကို ၁၈၇၁ ခု မတ်,"TTT- -1 Thefnep vponi arpys ,s"
လောက်ဖြစ်သည်။ သို့ရာတွင် အလွန်ကြီးမားသော နှုတ်ခမ်း,"""'""TESTP5-TiTar =mogeဏမားသ- နူဗတaေး"
ချုပ်ကြီး သူရ ဦးတင်,"ချငဉ်ကြီး ၁့၈, ဝီးကင်"
။https://www.anonymoustunisie.com/WebsiteofAnonymousTNဘယ်သူမှ တိတိ,"..........."" "" "" """
ယား ရောဂါစွဲကပ်သူ ဦးရေသည် နှစ်ဆ,"L=- sepleကပ်သု =eကာ် ""115"
ချယ်ခဲ့သည်။ ကိန်းကဏန်းများဖြစ်,နျaae်း mနrmfmP5
အချင်း,အချင်း
ဖြစ်,ဖြစ်
ဘရက်က ဆက်ပြောသည်။ ဒီနေ့ကစပြီး,carir ဆကံပြောသာpး၊ Tner0-
နားလည်ကာ ပြီးပြီးပျောက်ပျောက် သဘော,Hးလလည်ကာ ပီးပြီးပောက်ပျောကံ သဘေး
ကာ အခြား,ကာ အခြား
အ,အ
ဖြ,ဖြ
ညံစွာ အော်ဟစ်သြဘာ ပေးကြလေတော့၏။ ဟန်ဆန်းတောင် ရောက် ကတည်းက တစ်ကိုယ်တည်း ပျင်းရိနေခဲ့သော လ,""" ' "" "" """"-"". .~...v ..."
ကိုတင်ဦးက မြိုင်၏နာ,ကိုတင်ဦးက မြိုင်၏နာ
မေရိကားက မက်ဆာချူးဆက် စက်မှုသိပ္ပံကို ဆက်တက်,"""9""--nsrapsrt erbyuagpai zrsicrg"
လို့မှ မဆုံးမီ သိန်း,လို့မှ မဆုံးမီ သိန်း
သာမဟုတ်၊ အသီးနှင့် အရွက်ရရန်အတွက်ပါ စိုက်ပျိုးကြသည်။ အသီးကို,"""'T1"""" ThoD Tertosamrdid taisgcssgy asa,g"
၀ ဦး၊ လူ,၀ ဦး၊ လူ
မှာ ၁၈၃၀၆၈ ဖြစ်သည်။ ၂၀၁၄ သန်းခေါင်စာရင်းအရ ဂုံမင်းကွင်းကျေးရွာအုပ်စုတွင် ကျား ၉၁၂ ဦး၊ မ ၁၀၈,"...c-gag,o -as-aucsrmseri-or""vsI7rP7o""7 """
ဂန္ဒီကို ဘာမှပြန်မပြော,ဂန္ဒီကို ဘာမှပြန်မပြော
သဘင်သို့ ဆောင်ယူ တော်မူသွားပါလျှင် အောင်မြင်,"""းfimrthe eေreyapuduye azeg"
ဗွီက ထုတ်လွှင့်တဲ့ ဓာတ်လှိုင်း တစ်ခုဟာ တစ်စက္ကန့်ကို,ဂွီက ထုတ်လွှင့်တဲ့ ဓာတ်လှိုင်း တစ်ခုဟာ တစ်စက္ကန့်ကို
နှစ်၊ ပြီ,နှစ်၊ ပြီ
နဲ့,နဲ့
သည် တိုက်ကွင်းထဲ ဝင်ရောက်၍ ပါ,-် ကို့က်ကွင်းထဲ ဝင်ရောက်၍ ပါ
။,။
ကုတ်မှာ ၂၁၉၈၆၂ ဖြစ်သည်။ ၂၀၁၄ သန်းခေါင်စာရင်းအရ မိုင်းဟွမ်ကျေးရွာအုပ်စုတွင် ကျား ၁၈၂၀ ဦး၊ မ ၁၇၅၇ ဦး၊ လူဦးရေ စုစုပေါင်း,' ' ' ' ' ' ' ' -<+-rv r . .=.K..
စ,စ
သည်။ အတွေ့လေးရယ်မှ အိုအကြုံ (၁၉၉,ယနgေ အcnpecrnsthr PR7E9U168
ပြီးနောက် ကားပြန်၍ ထွက်သွားသောအခါ ကားပေါ်၌ ပါးစပ်တွင် အဝတ်များ စည်းနှောင်ထား,"""'' ' ""'"" "" "" - Vruwsv. . ."
ရိုင်၊ တွန်းဇံ,ရိုင်၊ တွန်း၏
ထွက်လာသည့် ခိုးဝင်,ထွက်လာသည့့် ခိုးဝင်
တယ်။ တဲ,တယ်။ တဲ
မလား အောက်မေ့,မလား အောက်မေ့
ဏခဏ မေးသည်။ ကျောင်းဆင်းသောအခါ ကျော်စွာတို့သည် ပူနှိပ်တို့အိမ် ဘက်သို့ သွားရလေသည်။ ကယားလူမျိုးစုဒီမိုကရေစီပါတီ နှင့် လူမျိုးပေါင်းစုံဒီမိုကရေစီ,"........ ..v.=. - . "" "" "" "" "" ' ' '"
သန်း,သန်း
ဆိုချက် တွေမှာ ကျွန်တော် မမှတ်မိတော့ဘူး ဆိုတဲ့ ဇ အသက်ရှူကျပ်လိုက်တာ အေ ၊ ငါ့သမီးလေး သနားပါတယ် အပဒါ,ဆိုချက် တွေမှာ ကျွန်တော် မမှတ်မိတော့ဘူး ဆိုတဲ့ ဇ အသက်ရှူကျပ်လိုက်တာ အေ ၊ ငါ့သမီးလေး သနားပါတယ် အပဒါ
ပြီး တိုက်ခိုက်ကာ,ပြီး ကို့က်မိုက်ကာ
ပုံ ရ၏။ ထို,ပုံ ရ၏။ ထို
မောင်,မောင်
ဝတ်,ဝတ်
ဆီး,ဆီး
သူ့မိန်းမဆီကို ပေးလိုက်တဲ့အလုပ်ပါ၊ ကျွန်မ ပို့ပေးရမှာပေါ့ ရင်သွေးငယ်အာဟာရ သန္တေသားမှစ အင်ဒို,"''"""""" """"T""-ကTsat- er-mrsl efesr-svac--asapr<.-se"
ထည့်သွင်းကာ၊ ခြေ-လက်ပြုလျက် အထပ်အထပ်ဖွင့်ဆိုထားသဖြင့် ကျယ်ဝန်းသော အ,".ay-A.-srws sat""hi""-"" ""'"""
မှ ထုတ်လုပ်သည့် Kung Fu Panda (ကွန်ဖူး ဝက်ဝံ) တွင် မျောက်ဆရာကြီးအဖြစ် အသံအပိုင်းမှ သရုပ်ဆောင်ခဲ့သည်။ ထိုဇာတ်ကားတွင် အခြား ထင်ရှားကျော်ကြားသော ရုပ်ရှင်သရုပ်ဆောင်များဖြစ်သည့် Jack Black (,"'  '""' ' "" "" "" . . .v. . .."
ပြည့်နှစ်,ပြည့်နှစ်
၊ ရော့... ဦး,IRR7.. ဦး
ပီး နောက်တစ်ခုကတော့ ကိုးရိုးကားရားမဖြစ်အောင် အာရုံမ,"'' TPrtpntirmer tebebsrosc-ugzcs ag,"
"မဏိပဲတဲ့"" တက်စသည် တညနေလုံး ကြီးမားသည့် မြေပုံချပ်ကြီးကို ကြည့်နေပြီးနောက် မိတ်ဆွေအမတ်တယောက်နှင့် သွား၍ ည","' ' ' ' ' ' ' ""- I toviBTiriasanz-r-asr.v...w."
မြေစေးတွင် အညစ်အ,PSneးတွင် ဘညစ်အ
ထောက်ထိုင်ချ လိုက်,။ာက်ထိုင်ချ ဂလုံအံ
အောက်,အောက်
ပေါ်မှာ ငါ,ပေါ် မှာ ငါ
တစ်ယောက်လောက်သာ အောက်,Lurကdeေဏက်သာ အောက်
စင်ပေါ်မှ ကျလာလျှင်တော့ အရိုးတခြား အသားတခြားဖြစ်ရန်သာ ရှိတော့သည်။ {{Db-test-notice-NPF}} အဘိုးကြီးက မိန်းမကြီးနှစ်ယောက်ကို ခပ်ကြမ်းကြမ်း တွန်းပစ်လိုက်ပြီး သူတို့နှစ်ယောက်ကို,. . .. . . . .. . . . ..
ကို အဖေမပေါ်တဲ့အဖြစ်,ဂရီ အမေမပေါ်တကဲအြက်
မျှ အသုံးမဝင်။ လွမ်းချင်းစပ်နည်း ပထမဆုံး,မျှ အသုံးမဝင်။ လွမ်းချင်းစပ်နည်း ပထမဆုံး
မနည်း ပြန်တည့်ယူရ,မနည်း ပြိန်တည့်ပ့ရ
မှာသန်းခေါင်ထက်နက်တာ မရှိပေမယ့် အပါယ် ငရဲကတော့,"""""T""T5TTTPT vmsteswu အukယ ဝရဂာလေး"
ရတဲ့ ဘာသာရပ်မျိုး မဟုတ် ပါဘူး။ လင်္ကာတွေကို မဆန်းစစ်,"""' "" +i -oririusr-ar-as.-c."
မန်စက်,မန်စက်
ပင်,ပင်
ငရှဉ့်ကျ မည်။ ကြိုးထိုးလျှင် သည်နှစ်ကောင်အနက် မည်သည့်အကောင်ကျကျ ကိုယ်က အနိုင်ရမည်။ ရာဇဝင်ဟောင်းများရဲ့ သင်္ချိုင်း ဘာလုပ်ရမည်နည်း။ ဒီနေရာက စောင့်လျှင် မ,"' ' ""' ' "" ..."
သို့ ဆိုက်ရောက်လာ၍ ဆေးဆိုင်,သို့ ဆိုက်ရောက်လာ၍ ဆေးဆိုင်
သုံးပြီး,သုံးပြီး
။ တစ်နေကုန် စားလိုက်၊ အိပ်လိုက်၊ အိမ်မှာ ဟို,။ တစ်နေကုန် စားလိုက်၊ အိပ်လိုက်၊ အီ/(yp ကိ
ပေါင်းကို ခေါ်၍အရှင်တို့ ... သင်တို့သည် ငါမရှိသော်လည်း မပျင်းရိကြကုန်လင့်၊ ငါ ဆရာရသေ့ကြီးကိုဖူးမြောက်ပြီးလျှင် ဟိမဝန္တာသို့ ပြန်လာမည် ဟု,"Lancsaု,vangaya. .easeaecsegecacdresetSrnebue PresursedTter-5S:T0""r Ti8T0B 6""Tဣ T"
ဟေး တဝါး,"ဟေး တဝါ,"
နားစိတ်တစ်ခုတည်းနှင့် ခွင့်ပြုရတော့မှာတဲ့လား။ ဇနီးတစ်ယောက် ချစ်ရာရောက်အောင် ခုထိတော့ မပျက်သေးပါဘူး၊ ရော်ဘင်က သူသွားကြည့်တဲ့ လမ်းကို ကျွန်တော့်,"' ' '""' ' ' ' . .... . ...."
င့် အောက်ဘုံ,င့် အောက်ဘုံ
မ,မ
တို့ကို ဖလမ်းချင်းဘာသာစကား၏ ဒေသိယစကားအဖြစ် စာရင်းပြုထားသည်။ စကားအ,ဆူyet ecs်.ချင်းဘာသာစကားe၏ ဒေသိယဃစကားအဖြာ် mm်NG.ာ်- 7-
ကို တိတ်ဆိတ်စွာ စားနေလေသည်။ ချစ်ရေးချစ်ရာ ၁၉၉၉ ၂၀၀ ကျပ် သူက မဖြေဘဲ,"Lucuzsp-c-escccd၊ efeuofin -od.-:7""1T1 ""T9"""
မျောက်၏ဇနီးအား သိမ်းယူတာထားပါတော့၊ တိရစ္ဆာန်ကိုး၊ လူဘုရင်တွေက စစ်ရှုံးသူ၏ ဇနီးမယားကို သိမ်းပိုက်တာတော့ လွန်လွန်းသည်ဟု ကျွန်မ ယူဆသည်။ မိန်းမတွေခ,"' ' ' "" ""  <. ..."
ကြိမ်၊ ထိုနောင် ဘဝင်ဖြစ်ထိုက်သ၍ ဖြစ်၏ ။,ကြိမ်၊ ထိုနောင် ဘဝင်ဖြစ်ထိုက်သ၍ ဖြစ်၏ ။
ရှိုနာလူမျိုးဖြစ်,ဖ့နာလူမျို့မြစ်
ကာ ထောက်ကာဖြ,ကာ ထောက်ကာဖြ
က,က
င့် နဂါးဘုရင်,ဂဲ့ နဂါးဘရင်
ဆက်သွယ်စုံ,ဆက်သွယ်ခံ့
နှာရည်ညွှန်း,၈ာရည်ညွှန်း
င့်အတွက်ပါလာ,၆ဇအးခက်ဖါလေ
ကချင်နှင့် ကရင်အမျိုးသား များလည်း သိပ်မတွေ့ရတော့။ အောက်ပိုင်းမှ ကုန်သည်များကိုကား လုံးဝပင်မမြင်ရတော့ ချေ။,"' """"I""T""Ti- .-m-at:spaemz.A..up...y"
မိမလား မသိဘူး၊ အန်တီ မီ,Pnerာt မသဒီဘူး၊ အန်ဏီိ ခံ
များမူကား ဘာမှန်းမသိရှာ,T:Vm: ဘာမှန်းမသိမှာ
ကြာမီပင် ညိုမှိုင်း၏ ပီသပြတ်သားသောအသံ ပေါ်လာ၏။ ၃,"E်ST- ""rdN.Eir Tcoasesaeသောm uေt-နေ.့"
ရီဂျီအိုဗန္ဒီသည် အုတ်,ရီဂျီအိုပန္ဒီသည် အုတ်
မေးခွန်းတွေကိုလည်း မုန်းတယ်။ ၀င်းလှသည် ဖြူဖတ်ဖြူရော်ဖြစ်နေသော ခိုင့်,မေးနွန်းယွေကိုလသလ်း မနီးတယ်။ ၀င်းလ့သာည္ BြegnedfdRiHf0f1n:7 15
စားသောက်နေကြဟန်ရှိသည်။ ကျော မောင်,Pm-nဘဘက်eေကဟန်ရှိသည်။ ကျော မောင်
ဘဝ၌ပင် အခြေခံ ကျမ်းစာအဖြာဖြာတို့ကို သင်ကြားတတ်မြောက်သည်,"""T8r5"" ""TSn Toaf-mramRseiedtကု သCerscukagrဆ.g္"
သည်။ ထိုအခါ ငစွယ်ငယ်မှာ အဟုတ်တ,"Tဣ- ကိ့miါ -g""ဲငယဲမှာ အဟုတတ"
မတူ ချေ။,မတူ ခေ။၊
၏။ ကိုယ်ထင်ပြလာသူကဲ့သို့ အခန်းဝတွင် မြိုင်က မလှုပ်,"""""Bီ""TT-mwrih essuage.mye"
တွင်,တွင်
င့်ဝန်,င့်ဝန်
ရှိခြင်း ဖြစ်သည်။ ကန်၏ အပူ,ရှိခြင်း ဖြစ်သည်။ ကန်၏ အပူ
လောက် ကတော့ ဝက်ဝံတစ်ကောင်က အသာလေးလှဲချပစ်နိုင်တယ်လို့လည်း ပြောပြခဲ့ပါတယ်။ ဒါပေမဲ့ သူကတော့ တစ်လက်,"T'T"" T-m ""1T1-hn:m:tn m=:mscxrdiaud4beouleepbo ugyplgeuicoua sus :y:-ac,.c-sc,e"
တူ ပေပိုယူသည်။ မခင်သန်းက သဘောကျပြီး ဆရာ သံပရာ,တူ ပေပိုယူသည်။ မခင်သန်းက သဘောကျပြီး ဆရာ သံပရာ
ခဲ,ခဲ
ဗြိတိသျှတို့,ဗြိတီသျတဲ့
Gyi(TaungKanGyi)ကန်ကြီး (တောင်ကန်ကြီး) ၁၉၆၀တွင် သမ္မတရာထူးအတွက် ယှဉ်ပြိုင်ခဲ့သော်လည်း ဒီမိုကရက်တစ်ပါတီမှ သမ္မ,"......v. .vae-re=-n =m= -mur""r""T "" "" ""'' """" ""'"
လေး,လေး
ဒင်း ပွိုင့်တူးတူး သေနတ်သံကလေး ထွက်သွားသလို ...,""" ' RPBTrT2"" T7R4T-5Tmeလs၊ ထွကသွားသလု ..."
တယ်။ ပြီးတော့ Keygen ထဲမှာ သွား Paste လုပ်၊ Generate Activation Code ကိုနှိပ်။ ထွက်လာတဲ့ Activation Code ကို,"...... .... . "" '"
ကော့,ကော့
င့် နည်းပညာ အဖွဲ့အစည်း အသင်းဝင်များ နှင့် ဈေးကွက်အတွင်းမှ အကျိုးတူ,P 1n၏်-=P- mimneညk အnဒပင်း၀င်များ နံ ဈေးက့ကဲအတွ့င်းနှ အ=-ျှံးတနူ
မှာငြိပါ ပါလိမ့်။,။ငြိပါ ပါလိန့်။
။ အခန်းလေး နှစ်ခန်းက တော့ သ,"'T1fron နစ်န်းက azy, ="
ဦး,ဦး
။ အကြောင်း,။ အကြောင်း
ကားရိုက်ရန်အတွက် လားရှိူးသို့ ပြန်,crscdafampr eာn.မီ-T U
သည်,သည်
စုမှမော်လမြိုင်အ,စုမှမော်လမြိုင်အ
ပြုံး,ပြုံး
ပ,ပ
ကို လက်ခံတဲ့စိတ်ဖြစ်တယ်။ အာရုံကို လမ်းဖွင့်ပေးတဲ့စိတ်နဲ့ အာရုံကို လက်ခံတဲ့စိတ် ဒီစိတ်နှစ်ခုကြားမှာ မြင်သိစိတ် ကြားသိစိတ် နံ,ကို လက်ခံတဲ့စိတ်ဖြစ်တယ်။ အာရုံကို လမ်းဖွင့်ပေးတဲ့စိတ်နဲ့ တာရုံကို လက်ခံတဲ့စိတ် ဒီစိတ်နှစ်ချုကြားမှာ မြင်သိစိတ် ကြားသိစိတ် နံ
၊ ဘုန်းကြီး .... ကျွန်တော် သဘောလဲ ခင်ဗျား သိရောပေါ့၊ အခု ကျွန်တော် လုပ်တာက,' 'T9 Bf1TB --mni stier: siereui sa -sucrscpstecs
တို့,တို့
ထူထပ်မှု,ထူထပ်မှု
ခေါ်၍ တစ်ပြိုင်,ခေါ်၍ တစ်ပြိုင်
သဘောထားကို သပိတ်ကော်မတီကို အကြောင်းကြားချင်လို့ပါ။ ကိုရင်က သပိတ်ကော်မတီဝင်ဆို၊ လုပ်ခ,"""""""""""""""""HHndTimdirwieswspe-za-cAy."
နှစ်,နှစ်
ခင်ဖြစ်သူ,ခင်ဖြစ်သူ
"နေ့မသင့်။""","နေ့မသင့်။"""
အ,အ
ထင်,ထင်
ခြင်း,ခြင်း
ခင်ဗျားမှာ ထိုးဆေး ဘယ်လောက်ရှိလို့လဲ ချို့ရွှင်ချောင်းသည် မည်သို့မျှ မရှောင်တိမ်းနိုင်တော့ ။ လက်ဝါး,"... . ...va . - - -="". """
ရင့်တပ်သားများက လိုက်လံတိုက်ခိုက်ရာ ကနီနော်ရ,ဇုင်m်းTmtngpyeက လိုက်လံတိုက်ခိုက်ရာ ကနီနော်ရ
ပါတယ်ဗျာ သိပါတယ် လုပ်စရာမရှိတော့,"""T""imr Thiul cesteuwsgyuc,"
တင်ရမှာပဲ ထိပ်ထား ရေဝမ်းဆွဲသည်ကြီး ဘော်ဒါနိုဗာက ခပ်သုတ်သုတ် ဆက်လျှောက်လာရင်း ပြောလိုက်သည်။ ထိပ်ထားလေး တို့လို အပျိုတော်များ ဒီလိုကိစ္စတွေ မသိ,တင်ရမှာပဲ ထိပ်ထား ရေဝမ်းဆွဲသည့်ကြီး ဘော်ဒါနို့ဗာက ခင်သုတ်သုတ် ဆက်လျှောက်လာရင်း ပြောလိုက်သည်။ ထိပ်ထားလေး တို့လို အပျိုတော်များ ဒီလိုကိစ္စတွေ မသိ
သည့်အချက်ကို နားလည်သဘောပေါက် လက်ခံရန် လိုအပ်ခြင်း ဖြစ်သည်။ ကျွန်တော် ဆတ်,"'""T"""" """"TE---Hit-orDeoe diayhig4as-mpaca ze"
နှက်နေ,နှက်နေ
လက်,လက်
စု,စု
မူမြို့နယ်,ဖမြို့နယ်
ရဲ့၊ မောင်အဝေး ကလာတာကို မြင်မြင်,ရဲ့၊ မောင်အဝေး ကလာတာကို ဖြင်ဖြင်
သနဝိဇ္ဇော,သနဝိစ္ဓော
မောက်များနှင့် ပုံစံမတူ,P7ကhများနှင့် ပုံစမတ္
ပေါက်,ပေါက်
ပြန်,ပြန်
ရမည်,ရမည်
နှောက် အသစ်,နှောက် အသစ်
စေ့စပ်ကြောင်းလမ်းထားလျှင် သော်လည်း ထားရလိမ့်မည်။ သို့ဖြစ်နိုင်ပါမည်လား။ မမြင့်ဦး၏ မိဘ ဆွေမျိုးတွေက သဘောတူပါမည်,"....... . . . .+v . . """
တန်းမျှသာ သင်ကြားခွင့်ရခဲ့သော်လည်း အလုပ်နှင့် စကားပြောတတ်သူ၊ အချိန် လေး,တန်းမျှသာ သင်ကြားခွင့်ရခဲ့သော်လည်း အလုပ်နှင့် စကားပြောတတ်သူ၊ အချိန် လေး
ဟု ဆိုသည်။ သည်တော့ကျွန်မကပြန်ရောက်ရသည်။ မည်သည့်ခံစားချက်မျှလည်း ဖြစ်မလာ။,"Lo aHcagy zagezco-.န်ermogနfeရောက်beaebx ecfzoelt P=erftan""nd"" S""T-"""""
မှန်ဘီလူးကို ပုံရိပ် လာရိုက်,မှန်ဘီလူးကို ပုံရိပ် လာရိုက်
ပဲခူးတိုင်းဒေသကြီး (အနောက်)၊ ပြည်ခရိုင်၊ ပေါက်ခေါင်းမြို့နယ်၊ ကြူဝတ်ကျေးရွာအုပ်စု၌ တည်ရှိသည်။ ရွာနေရာကုတ်မှာ ၁,"' "" ' ' ' '""' """"TVr irsarswr-wpn....."
နောင်တဆိုတာ နောင်မှ ရတတ်သကိုး။ ရပ်ရေးရွာရေးကလည်း ဖြစ်ပြန်,"wcacamec usiv wrrtir drmoe=m""""59"" """
မြင်နေသူများမှာ,ခြှင်နေသ့များမှာ
သူ သို့မဟုတ် ဩဇာတိက္ကမကြီးမားသူများ ပေါ်ထွက်လာပါက အခြားသူများအ,သူ သို့မဟုတ် ဩဇာတိက္ကမကြီးမားသူများ ပေါ်ထွက်လာပါက အခြားသူများအ
၍,၍
culturesorracesintheirfictionaluniverses.Namesortitlesof,"Lyp,c,-carpitctcticrdaonasuni-uersc:.Tiant:t01"""""
လုပ်မဖြစ်။ နောက် ဆုံး ရထားသည် ခပ်စောစောကပင် ပါရီသို့ ထွက်,လုပ်မဖြစ်။ နောက် ဆုံး ရထားသည် ခပ်စောစောကပင် ပါရီသို့ ထွက်
ရှိ၏,ရှိ၏
င့် တွေ့ဆုံ၍ အ,င့် တွေ့ဆုံ၍ အ
မခွဲ,မခွဲ့
ခုနှစ် ဩဂုတ်လ ၃,ခုနှစ် ဩဂုတ်လ ၃
တနိုင်ငံ တည်ထောင်,တနိုင်ငံ တည်ထောင်
အ,အ
ဟစ်ပိုဂိုဏ်းအုပ်၏လက်ထောက်အဖြစ် တာဝန်ယူပြီး ၅နှစ်အကြာ ဂိုဏ်းအုပ်ကွယ်လွန်သော် ရာထူးတိုး၍ ဟစ်,"..awprcpr4.<r-iauRs.-sui orfarci- Vit-ntitrT5"" """""" '"""
အတိုင်းဖြစ်,အတိုင်းဖြစ်
ကျော်,ကျော်
။ စာရေးဆရာ မောင်ဝံသ ပဲခူးတိုင်း၊ ဝေါမြို့နယ်၊ မြစ်ကျိုးကျေးရွာတွင် မွေး,။ စာရေးဆရာ မောင်ငံသ ပဲခူးတိုင်း၊ ဝေါမြို့နယ်၊ မြစ်ကျိုးကျေးရွာတွင် မွေး
ခုအချိန်ထိ စီစဉ်,tအမျိန်လိ စီစဉ်
တော့ အမောဆို့ပြီးသေတာ အတိုင်ဘက်က အကောင်ကြီး တစ်ကောင်ထဲရယ် ခင်ဗျ စစ္စတာဒေါ်,"' ' "" """" . .oi +...vKn .v."
ခဲ့သည်,ခဲ့သည်
င့်လှုပ်ရတော့သည်။ နေစမ်းပါဦး,င်လှုမ်ရတော့သည်။ နေစမ်းပါဦး
ရှိ။ ဟူ၍လည်းကောင်း၊ ဂိုဏ်းချုပ်ကြီးရဲ့ အကွက် သုံးကွက်ကတော့ တကယ်ကောင်းတာပဲ၊ ဒီကောင် ဒီအကွက် တွေကိုတော့ လိုက်ကစားနိုင်မှာ,"န..way.aicrawe,.-vn srvs.-o.- - - "" "" "" "" ' ' ' ' """
ကြီး,ကြီး
။,။
ပြန်လည်ကြီးပွားလာခြင်းကို မရှုဆိတ်ကြချေ။ ကားသေ့တို့၏ ရန်ကိုလည်း ကြောက်ရွံ့ လျက်ပင် ရှိကြသေးသည်။,"'' ' "" ' "" '""TI""ir"" .+vmece-a-r-v.4..."
င့် ထမင်းချက် လင် မယား,"f mrfhsuyf reE wurs,"
သွားသည့်ကုန်တွေ အရှုံးပေါ်သွား၍ ဟုဆိုကာ လျှော့ပေးတာတွေရှိသည်။ ကိုယ်လူကြုံပါးလိုက်သည့်ငွေကို နည်းနည်း,"...v.w.r.=- =. -m<P 'B""''""' ""' ""'"
ခုနှစ်ရက်သားသမီးများနှင့် ပူးပေါင်းပြီး အထက်ဌာပနာ ထည့်သွင်း,"pesccsmstveitd =:Tr:TT1"""
ပြီးခဲ့တဲ့ အ,ပြီးခဲ့တဲ့ အ
ကြီးကျယ်စွာဆောက်လုပ်လှူဒါန်းခဲ့လေသည်။ ပေါဠ,"Cဘီ""TnTePTmrrShoeuGepaန်းနcလေသuညu ag"
အ,အ
ထူးခြားလှပေသည်,ထူးခြားလှ့ဗေက်
ပင် အထက်ရှိ ကျောက်လွှာတို့မှ မြင့်မားသော အပူချိန် နှင့် ဖိအားတို့ကြောင့် အသွင်ပြောင်းကျောက်အဖြစ် ပြောင်းလဲလာနိုင်သည်။ ခင်စိုးပိုင်နဲ့လား ရှိတယ်,"......v. .v.-.vn - -  ""   '"
ပြုနိုင်။ လက်သစ်,ဖြနိင်၊ လ်သခ
လည်း သူ,လည်း သူ့
ဖုန်းနဲ့ နံပါတ်တစ်ခုကို ခေါ်လိုက်ပါတယ်။ ဆူနီဆာ ကာဝရွန်ဂရောင်း (၂၉ ဇန်နဝါရီ ၁၉၇၂ မွေးဖွားသည်) ထိုင်းနိုင်ငံမှ မာရသွန်ပြိုင်ပွဲဝင်,ဟနန့ ecatcascstartstckirdv ယာ်နံလာ ကာဝရစ္ဂeောfb။ Lo eif zoru mrnr:-+ာ်1 TTPfiI Ti1Bf95
ကို လန်းဆတ် စေသည့် ဝိုင်,"ကီ ""င်းဇက် စသည့် ခု"
ကြည့်,ကြည့်
သို့ဖြစ်၍ ဝါဖတ်ရင်း ယခုပြောသော မ,"wgg၉နlျyladတeရ်= ယခုerm:=m:"""
လို လုပ်,လို လုပ်
ဝ ပေးခဲ့သည်,၀ ပေးခဲ့သည်
ဏ,ဏ
ရ ရှီးလန်ဒမ်း,ရု ရီးလန်ဒမ်း
ကုသ,ကုသ
ပိုင်ကြံပါ။ ဂျိုးဆက်စတိန်း,"HigiV rlisarfnef"""
ကျောက်ဆည်မြို့နယ်၊ ပန်းခွာကျေးရွာအုပ်စု၌ တည်ရှိသည်။ ရွာနေရာကုတ်မှာ ၁၉၀၄၄၉ ဖြစ်သည်။ ၂၀၁၄ သန်းခေါင်စာရင်းအရ,"' "" ' ' ""T' -1Tihir:-rev r-rwvr.v.."
ဘာပြောသည်ကို ဝေလငါးဂိုဏ်းမှ ကောင်းစွာ မကြားရချေ။ ကောင်းပါပြီ ဆရာ၊ ကျွန်မ,"' ' ' ' '""- - 'e mr=-rnr.-v."
မြို့နယ်၊ ထင်ပါကျိုင်းကျေးရွာ,ဖြိ့နယ်၊ ဘင်ပါကျို့င်းကျေးရွာ
မာသောကျောက်စာအထောက်အထားများမတွေ့ရှိရသေးပါ။) သာသနာ,Lrrrprdsczrကbaerxwptrrsaldn-V 75T
တာဒေါ်မိုးသူပါလား၊ ကျွန်တော်တို့လမ်းထဲ မလာစဖူးလာတယ်၊ ဗန္ဓုလ ရုံမှာ,"""""""""-:7-""afmoheraehn coepc=-u-agp.p"
။ ကိုယ်ရပိုင်တဲ့ အခွင့်အရေး,"P ""fft(febဲ aနgfasု"
ညနေခင်း၌ အိမ်ဝိုင်းထဲ ဆိုင်,တစနဇင်း၌ အိမ်ဝိုင်းထဲ ဆိုင်
အမှန်,အမှန်
တူတူစား,တူတူစား
နိုင်စွမ်းကို စံပြုထား,နုင်စွမ်းိုစမှ့းကး
ရန်,ရန်
မကောင်းရင် ဟိုကြလန်းသွားမှာ,မကောင်းရင် ဟိုကြလန်းသွားမှာ
နတ်ကို,နတ်ကို့
သကဲ့သို့ ဖြစ်သွားလေသလား,T1=n ဖြစ်သခွားလေသလာ-
သည်။ ယခု,သည်။ ယစု
။ ကျွန်တော် ဆိုးခဲ့ ရမ်းခဲ့ တယ်။ ဘာမှအဆင့်မမီတဲ့ ရွာသာသာ,"' I""T""T5Ti 7rmesasivsaigp,,."
တော် ပါတဲ့ ရွှေရှူဆေးဘူးချီးမြှင့်ခံရတဲ့ကိစ္စဟာ အမှုတော်ထမ် ကောင်းတဲ့အတွက် ဘွဲ့ထူးဂုဏ်ထူးချီးမြှင့်ခံရ,"'' '""TiTrTtnBefTrdTiter -my-Pinslercdecsresgucpgsugeu,"
နေထိုင်,နေထိုင်
နေ,နေ
ရေး မာရ,ရေး မာရ
ပို,ပို
င,င
လဲ,လဲ
လိုက်၏။ စုသည် ကြီးကြီးမေရင်ခွင်,လိုံက၏။ စု့သည့ ကြီးကြီးစဖရင်ရာ်
ကြီးဆုံး လုပ်ငန်း,ကြီးဆံး လုပ်ငန်း
သေး,သေး
ကြီးရှိ,ကြီးရှိ
လူ့စွမ်း,လူ့စွမ်း
နာ,နာ
"thoseattributeswhichwehaveputonhim.တိုက်တွန်းထားတယ်..ဟုတ်လား နှောင်း"" ခဲ့ပြန်သည်။ သို့သော် စစ်ကြီးပြီး၍ ရုပ်ရှင်များ ရွာလင်းရွာ (အင်္ဂလိပ်: Ywarlin)သည် မကွေးတိုင်းဒေသ","........... .. i+ - - ""B1 "" "" `' ' '  '"
မိခေလ၏,မိဗေလ၏
"ပြောင်းအလဲတွေကို သိကောင်းမှ သိမှာပေါ့။ ဖြစ်သော်လည်း၊ တရုတ်နိုင်ငံတွင် ချူမင်းဆက်အစ ဘီစီ ""ဆက်သွယ်ရေး ခက်ခဲ","Tါ""T:TB 51-Tr Tm-Pn ShPzarhoetn merdeCiemf snersadisa as -sarsagucsa,-araa"
တွေ အများကြီးပါလား၊ ငါ,တွေ အများကြီးပါလား၊ ငါ
တစ်စိတ်တစ်ပိုင်းအနေဖြင့် သူမသည် တောင်အာဖရိကတွင် နယ်လ်ဆင်မင်,"cadkatcnabု-asေပြဋC ၁၃yမ၁ည္၌ တောင်အာuemကု"" effmE်nဣ"
အရ ငါးရှဉ့်ရိုးကျေးရွာအုပ်စုတွင် ကျား ၆၅၄ ဦး၊ မ ၇,အရ ငါးရုဒ်ရိုာကျေးရွာအုပ်စုတွငံ ကျား Bgg ဦးI n 7
တယ်,တယ်
ကျဖို့များတယ်ဗျ...ခွေးမသားပုလိပ်တွေက လိုင်းကြေးယူတုန်းကယူထားပြီး အမှုလို,"cptprcsp-ar<s-urdberorm Tifaထ5T-omnf"":TB ""5"""
ကြောင်း NTV ရုပ်သံက ထုတ်ပြန်ခဲ့သည်။ အောက်တိုဘာ ၂၃,"T'.'T""TPTt- -sPD44usva-nup,.y)"
ပြီး ဂတ်စတာပိုအ,၅၊ ဂတ်စတာမိုး
သိ,သိ
ကျိုး ဖြစ်စေခြင်းငှါ မစွမ်းနိုင်ခြင်း၊ ရုပ်အကျိုးတရားကို ဖြစ်စေတတ်သော,"'"" ""' "" TTvritermreprpsveuarcss."
ရွာစုကလေး ဖြစ်ပေသည်။ လယ်သမား၊ ဈေးသည်များ,RiPTT- Sfrzoedi oudtawa ခေ့သမ္ား
ပါးကိုသော်လည်းကောင်း ဉာဏ်ဖြင့် အစဉ်,ပါးကိုစသ်္လည်းကောင်း ဉဏ်ဖြင့် အစဉီ
ခဲ့သူဖြစ်ပြီး ပန်းချီဉာဏ်သစ်လောင်းသင်တန်းများ ဖွ,"၈-ijSfပီ-"" ပန်းမိ့ဘဏ်သစ်လောင်းသင်္တန်းများ မွ"
ရေးဆုံ,ရေးဆုံ့
အမြင်ကို လိုက်နာသူများသည်,agSrmု လု်က်posr=:7-P
သားများ၏,သားများ၏
လုပ်ရှင်၊ အ,လုပ်ရှင်၊ အ
၁၆၁၄ ခုနှစ် အိုဆာကာမြို့ သိမ်းပိုက်ရေး အတွက် ကန,"TT1T1a Tmmpe, Bbliုifes amapi-s"
ကိုဒေါင်းစိန်,ကိုဒေါင်းစိန်
ပုန်း,ပုန်း
သွားလျက်ကပင်,သွားလျက်ကပင်
မီး,မီး
ဆောင်ခဲ့သည်။ ယွင်းချက်,ဆောင်ခဲ့သည်။ ယွင်းချက်
သည် အိမ်ထဲရှိ သမီးနှစ်ယောက်ကို တစ်ချက်,"T1R ""HHTB anhecrinp -sype"
၊ ဆိုင်သာဆိုင် မပိုင်ဘူးဆိုသလို ဖြစ်နေ,၊ အိုက်းတဆိုင် မပိုင်ဘူးဆိုသလို ဖြစ်နေ
လဲ။ဒေါ်ဒေါ်က အသက်ကြီးပေမယ့် မျက်နှာကတော့ နုနုကလေး ရှိနေသေးလို့မို့ ဝတ်နိုင်ပါတယ် ဒေါ်ဒေါ်ရယ် လုရင်းလိုက်ရင်း စုတ်ပြဲ,"' ' ' ' "" . . .v...v.n.."
ဂျိမ,ဂျိမ
သောအားဖြင့် ထိုလွမ်းချင်းတို့တွင် တောတောင်ရေမြေ,"c,carsgi sicyb-aftodtimt emn=5T10D"
ရေဖျန်း၍ ခရစ်ယာန်သာသနာသို့ မသွင်းခင် သေဆုံးသောကလေးများမှာလည်း ခရစ်ယာန် သေခြင်းမှ ပြန်၍ အသက်,ဆaန္ှ နေန့ယcscsနေcနဲ့ eoebesBecsopersrmosrsrerarnတ nn7T- 717E်fT1GCfS T
ခြင်းလျှင်၊ တန်ဆာဆင်၏၊ နှုတ်မင်္ဂလာ၊ စကားမှာကား၊ အသာ,ခွစ်းလျှတ်၊ တန်ဆာဆာင်၏၊ နတ်မင်္ဂလာ၊ စကာtမpmာ s--
လေ,လေ
မန်ကြီးက ဘာမျှ,မန်ကြီးက ဘးil
များထဲ,များထဲ
ပနိုင်ငံတွေမှာ ကျန်နေသေးတဲ့,ပနုင်ဝတေ့မှာ ကျန်းနfr=က
"caseof#switch,averagepagecounts)",Lcaorfesinckovcogepotecitinfl
နေရာ၌ နေရ သည့်,နေရာ၌ နေရ သညှ့်
သည်,သည်
ကျရောက်နိုင်အောင် လည်းကောင်း၊ ပျောက်ကင်း ချမ်းသာစေရန်လည်းကောင်း အသုံးပြု၏။ အဆိုးဆုံးကကိုတိုးကြီးဖြစ်,.-apyuycapc rafgaurofS မrောက်လo်း aeSromgfrer=oာS: Trtoe်S: =ဉီTS ီ
ဇစ်,စစ်
တို့အိမ်နဲ့ ဖေဖေတို့ အဖေ အမေအိမ်က ကံသိပ်ကောင်း သွားခဲ့တယ်။ ကျွန်မတို့,"ciဆduဲ suseudု zအuေ အမေသိမ်က masBermာ်- mp:i7-T- ""af""-T"""
သူ,သူ
အသစ်သစ်ဖြစ်သော အချစ်လွှာ မှာတမ်းတော်,ဆဿခံသခဖြစ်သော mgitarn7TTT1T
များ,များ
ရင် လုံလောက်ပြီပေါ့,Pf ntုeောကb္ြaui)
၂၀၁၄ သန်းခေါင်စာရင်းအရ မကျီးကုန်းကျေးရွာအုပ်စုတွင်,"""TTI""-T""Tfm -imimgasys"
"anotherevent,butingeneralyou'reallowedtouse",Wnohctcvcnfbutingcncraiycuireailosweipouse
မည်,မည်
အယူအဆကို ငြင်းပယ်ရလိမ့် မည်ဟု ထင်စရာရှိ၏။ သို့ရာတွင် ကိုပါနီကတ်၏ နိယာ,အuူarnR ြင်းပယ်ရဂ်ခနဲ မင်ဟ့ ထင်စရာရ၏F LNုကmက် ကီကဂီကောါF P-
၈ ဦး၊ မ ၁၀၀၁ ဦး၊ လူဦးရေစုစုပေါင်း ၂၀၇၉ ဦး နေထိုင်သည်။ သည်ကြားထဲက မွန်မွန့်အသွင်၌ ချုပ်တည်း,"c.gy-.<rove speuesue:.vroee sere=-tr -rt23rTT"" T5""'"" ""''"
မြက်လိုသူ,မြက်လိုသု့
ငေးငိုင် ကြည့်ရှုတော်မူလာ,ငေးငိုင် ကြည့်ရှုတော်မူလာ
ဘယ်လို ခေါ်ကြမယ်မသိဘူး တိုက် လူဦးရေတိုးနှုန်းသည် ဝ.၉ ရာခိုင်နှုန်းဖြစ်သည်။ ခန္တီ (ပုလောက်မြို့နယ်ခွဲ) နယူတန်၏,"<.ast.carpyuLaukuys wဲ့ "" aူgaeneteSsr် oe mefBaedmnဏd5 dRi-:TiRTi Tt5T5"
ပုသိမ်မြို့သည် ၁၂ စ,ပုသိမ်မြို့သည် ၁) စ
ပါတယ်၊ ကျုပ်ပါ ဟာ,ပါတယ်၊ ကျုပ်ပါ ဟာ
မင်းပြုတော်မူ၏။ သန်,မင်းပြုံတော်မူ၏။ သန်န
ခါ လျှပ်ပေါ်,ခါ လျှပ်ပေါ်
ည့်ပြင် အကြောင်း,ည့်ပြင် အကြောင်း
င့်သည် ။ ၎င်းသူမတို့ကို ဟေဂျားဘ်ခြုံမှုမခြုံမှုတွင် လွပ်လပ်စွာရွေးချယ်ပိုင်ခွင့်ပေးသင့်သည်ဟုဖြစ်သည်။ ထို့အတွက်ကြောင့် ထို,"L.v.v.vn..vevv:-r-:T:. "" "" "" ' '"
ဝန်ကြီးဘဝ ခြောက်နှစ်,ဝန်ကြီးဘဝ ခြောက်စ
မှ,မှ
နလုပ်ငန်း၏ အဆင့်တစ်ဆင့်အောင် မြင်သည်ဆိုသော သတင်းပင်ဖြစ်ပါသည်။ ယခင်က သစ်ပင်တို့၌,"Kroge-s,s အsaခံ့c-sဆခံအောd် မြစ်သည္တိယို့သော S၁omfhonfdfelimnဏh mn""T 7-""Tt4"
လာ(ပြာ) သူသည် ဓားကို,လာ(ပြာ) သူသည် ဓားကို
ဆက်သွယ်နိုင်ခဲ့လေသည်။ မော့သည် ပန်းချီပညာသင်ကြားရန် အမေရိကန် အစိုးရက စေလွှတ်ပြီးလျှင် ပညာတတ်မြောက်လာသည့်အခါ အထက်တန်းကျ,"Lckgyuagesarc-cngucrurg .န.ecrcoaecroe meseိme sethern zrserifdrsrf nrS--ST"" T7""T""T"""
ယက်နမ် နယ်ချဲ့,ယက်နမ် နယ်ချဲ့
ခြားသစ်,ခြားသစ်
ဖြစ်၏။ ထိုအချိန်တွင် ကျုပ်၏ ခေါင်းထဲ၌ အလင်းရောင် ဖြာလက် သွားလေသည်။ ထို့နောက် ပိတ်သည်းနေသော အမှောက်တိုက်ကြီးသည်,"'"" "" """"' """"' '""'"" '""""+TP+=""ier=-mwv erssuxcae<..--wan,y"
လ,လ
ကား,ကား
တိုက်မ အထက်ရှိ ပစ္စယာဆင့်များတွင် ပုံစံအမျိုးမျိုး အကွက်အမျိုးမျိုး ဖော်ထားသည့် စဉ့်သုတ်စိန်တန်းများဖြင့် တန်,"နa. <-re -<-caic-vn vese rvwrine8 -""7-i 7""7""1""T"" '"
ဝတီမင်းသား ရွှေဘိုသို့ထွက်ကာ အင်အားစု၍ ပုန်ကန်သည်။ ပုန်ကန်မှုအောင်မြင်သဖြင့် သာယာဝတီမင်း နန်းတက်သည်။ နန်းမတော်မယ်နု၊ မင်းသား,ဝတီမင်းသား ရွှေဘိုသို့ထွက်ကာ အင်အားစု၍ ပုန်ကန်သည်။ ပုန်ကန်မှုအောင်မြင်သဖြင် သာယာဝတီမင်း နန်းတက်သည်။ နန်းမတော်မယ်နု၊ မင်းသား
ဟူ၍ သီးခြားမရှိခဲ့ဘဲ၊ ရောမနိုင်ငံတော်,.နွှ -eagprcaန)ဲapr၊ ရpေမe်Efirof
၍,၍
၀,၀
မာစကားပုံတစ်ခု ဖြစ်သည်,TTtmiမတစ်ခ ဖြံ်သမှ
လာ,လာ
ထွန်းမောင်ကြီးက လှေကိစ္စ လုပ်စရာရှိတာတွေကို ပေါ့ပေါ့ပါးပါးပင်လုပ်သွားလေသည်။ လှေပိုင်ရှင်များက သူ၏တက်ကြွမှုကို သဘောကျနေကြလေသည်။ တိပိဋကဆရာ,"""""'"""" ' ""+ -""T9-- tttht-ofhrs:-air coitiefepro se-acop..-syecu:--y vy,.."
ဏေ,ဏေ
သိမ်းထား ကြလို့လား,.ီမီးထား ကြလို့လား
လိုက်,လိုက်
နိုး,နိုး
၇ - ရွှေကော,၇ - ရွှေကော
လာကြသည်။ စစ်ရထားပေါ်တွင်သာ အစဉ်အမြဲ တွေ့မြင်ခဲ့ရသော သူ,လာကြသည်။ စစ်ရထားပေါ်တွင်သာ အစဉ် အမြဲ တွေ့မြင်ခဲ့ရသော သူ
မြန်မာနိုင်ငံနဲ့ပတ်သက်လို့ ဆောင်ရွက်စရာ,မြန်မာနိုင်ငံနဲ့ပတ်သက်လို့ ဆောင်ရွက်စရာ
ရတယ်။ နောက်တော့ နုရီအဖေက သတင်းသဲ့သဲ့ ကြားတာနဲ့ နုရီကို အမြဲလာကြိုတော့,"T71 P-fnmo sefimenrm သတင်:သံသဿံ P-orvန့ ecdl aန္ွycsppyr-:,"
ည့် ကိစ္စရပ်မှန်သမျှကို သိနိုင်ဆုံးသော အခြေအနေ,ညှိ့ ကိစ္စရပ်မှန်သမျှကိက ဒိနိင်bံoေဏo=-monrSmnet
ဝှိုဝ်း ဠှိုဝ်း။ ချော,ဂှိုပ်း ဠို်း။ ချော
ရွာအုပ်စုတွင် ကျား ၅၉၈၈ ဦး၊ မ ၅၆၅,B-TDemyf ကps ogee g၊ peg
လိုလား၊ ဒါဖြင့် အမေရိကန်ပြန်ကြီးဆီရော ဘာလို့ မသွားသလဲ၊ ဟိုက လက်မခံလို့ မဟုတ်လား ဪ.. ဆံပင်ညှပ်သ,"....v-swee:-: e-er. ""- """"-""  "" ' '''"
သူတို့အားလုံး စာအုပ်ထဲသို့ ရောက်ရှိ,သူ့တို့အားလုံး စာအုပ်ထဲသို့ ရောက်ဂိ
သည်၊ မေထုန်လက်ဖျား၊ စမ္ပယ်နားလျက်,သည်၊ မေထုန်လက်ဖျား၊ စမွယ်နားလျက်
လူကို,လူကို
နား,နား
ဖစ်ချင်ရင် အဲ,ဖစ်ချင်ရင် အဲ
တစ်ခုကို ဆိုခဲ့သည်။ ကမ္ဗလဿ တ,ကစ်းစဲ့ကို ိုခဲ့သည်။ ကမ္မလသဿ တ
ရာ,ရာ
နှစ်,နှစ်
"ပစ်လိုက်လို့ ကားကြီး ရပ်သွားပြီ"" စိန်ပွဲစား","""1TTnBl mrtRh adopag mgyep,"
ခင်,ခင်
င့် ထွက်လာ,င့် ထွက်လာ
လည်းကောင်း၊ မြေ,လည်းကောင်း၊ မြေ
ဆိပ်ဖြစ်သည်။ ၎င်းတို့တွင် စက်ချောဆီ၊ ဂီယာဆီနှင့် အမဲဆီများ,"""""THTTof-rtewpe -.swsaap,"
လောက်ကောင်းတဲ့ဆေး မရှိဘူး မောင်လေးရဲ့ အမြောက်အမြားတို့ကိုလည်း ဗက်ဗီလုံးမြို့တော်သို့ ဖမ်းဆီး ဘယ်လို,"......-o-uaiv -r..esr nmo:-tit-t ""T597T"" ""  """
ကြောင်း,ကြောင်း
အဝါကို လိုက်ပြီး ဆုံးဖြတ်တာ ဖြစ်ချင်,အဝါကို လိုက်ပြီး ဆုံးဖြတ်တာ ဖြစ်ချင်
ထောင်သူလည်း,။:ကင်သူလည်၊
တာ,တာ
တယ်၊ ပြီးမှ မြေကမူ မြေပုံတွေဘက်ကို လှည့်တယ်။ ယဉ်ကျေးမှု,တယ်၊ ပြီးန မြေကမ့ ပမြပ့တေ့ဘက်ကို လှည့တယ်။ ဟင်းnTIi
၉ ဖြစ်သည်။ ၂၀၁၄ သန်းခေါင်စာရင်းအရ လွဲမွန်ကျေးရွာအုပ်စုတွင် ကျား ၁၅၃၁ ဦး၊ မ ၁၇၂၄ ဦး၊ လူဦးရေစုစုပေါင်း ၃၂၅,"' ' "" ' ' ' ' """"-""'""'""+m-=-:-v:-.anr.ar.aw.."
မူလျှင် အရိပ်သည် ထိုအရိပ်ရှင်၏ နောက်သို့ အစဉ်,မူလျှင် အရိပ်သည် ထိုအရိပ်ရှင်၏ နောက်သို့ အစဉ်
ဆောင်မှု ပေးနိုင်ခဲ့,ဆောင်မှု ပေးနိုင်ခဲ့
ခ,ခ
လွတ်တစ်ရွက်,လတ်တစံရူးb
ဝင် စာချုပ်စာတမ်းများ 147 - ၎င်းပြင် ထိုသူတို့သည် (ယင်းကဲ့သို့ ဘေးအတန်,ဝင် စာချုပ်စာတမ်းများ S4 - ၎င်းပြင် ထိုသူတို့သည် (ယင်းကဲ့သို့ ဘေးအတန်
ချို့,ချို့
၀,၀
လဲခြင်းမှ ပင်လယ်ရေမျက်နှာပြင် အမြင့်,nဲဩြင်:၂ှ ပင်လယ်ရေမ္နက်နှာပြင် အမြင့်
သားတစ်ယောက်အနေနဲ့ ပျော်ရွှင်ကြည်နူးနေတာကြည့်ပြီး တကောင်း ပီတိဖြစ်မိတယ်။,"..-<-a-crcstacas,sepecrieberser-FPit"" -"" ""'"
ကြည်သည် ဖေဖေ့ရှေ့,ကြည်သည့် ဖေဖေးမွှ
နေရာ ဆေးရုံမှ ကျန်းမာလာသည်,နေရာ ဆေးရုံမ ကျန်းမာလာသည်
ဆောင်,ဆောင်
ပါဘူး။ ကျောင်းထိုင်ဆရာတော်အဖြစ်ဖြင့် ဦးစိန္တာသည် စာပေပရိယတ္တိကို သင်ကြား,"Lဘqူsw .ျာင်-ဖိုစ်လရားတော်အဖြစ်ဖြစ် ဦရfစp၈ာတည် mmrorfrဏထီကီ ""S-"
တောင်ယွန်းယွန်းက စာ,၈ဘာင်ယန်းယွန်းက စာ
ခဲ့ပြီး ဆက်လက်ချီတက်ကြ၏။ ဤသို့အားဖြင့် အီဂျစ်စစ်ကြောင်းမှာ အ,"sy,-as-cgcazkx drsrmrndiPo""1T15B01T """
ပြီ,ပြီ
အသိ,အသိ
မြို့နယ်၊ ထန်းဘုန်းတောကျေးရွာအုပ်စု တံတားဦးရွာ (အင်္ဂလိပ်: Tadaru)သည် စစ်ကိုင်းတိုင်းဒေသကြီး၊ ရွှေဘိုခရိုင်၊ ဝက်လက်မြို့နယ်၊ ကျီးပင်ကန်ကျေးရွာအုပ်စု၌ တည်ရှိသည်။ ရွာ,........ . . . . ' ' ' '
အ,အ
တွင် မျက်နှာပြင်တစ်ခုတည်းသာရှိသော်လည်း သိပ္ပံပညာ ဆက်တိုက်ယူလာခဲ့သော ကေသွယ်အတွက် သိပ္ပံနှင့် နီးနီးစပ်စပ် ဟူ၍ မူလတန်းကျောင်းတွင်,"..... . . . "" '"
မောင်မျိုးမြင့်,မောင်မျိုးမြင့်
ရှိ အကြောစိုင်မှန်သမျှ တင်းမာနေသည်။ သူ့အား အ,T TmrSဘrိငbန-oမ္g္ ဂင်းမာနေသဥ်။ သ္မား
စိန် တို့,စိန် တို့
ဘု,ဘု
ဘော်,ဘော်
ရှင်း,ရှင်း
မှ ကိုယ်ကျင့်သိက္ခာ ဖြူစင်မှလည်း အခြားသူတို့ဘက်က ကိုယ်ကျင့်သိက္ခာ ဖြူစင်လာမည် ဖြစ်၏။ ထိုအခါ လောက၌ ဒု,"' ' ' '"" "" 'I""Ti Trr . ""PTurinta= sar.-ai sus.w>.... ."
လေ,လေ
စစ်,စစ်
"ဖြစ်သည်။ ""အခမ်းအနားမှာတုန်းက လူတွေက","ဣနသည -aခ်အနားမှာကစ်-m nerTr"""
ဖြတ်,ဖြတ်
၏။ မက္ကဆီကို ကို စပိန် ဖဲင်နီ သူ့ခန္ဓာကိုယ် အလှပျက်ယွင်းစပြုနေသည်,"""""-BPT115P4utiR-arwpdiu -cspspctugppsနg"
ကို အလယ်က ထက်ဝက်ခြမ်း,ကိုံ အလယ်က ထreasg
ဆိုခဲ့သည်။ သမ္မာကျမ်းစာကို အသုံး,"aazsgke သမyprmfimr""B TT"""
င့်,င့်
နေတာ၊ ရောင်ဘန်ရွာ (အင်္ဂလိပ်: Yawngbang)သည် ရှမ်းပြည်နယ် (မြောက်)၊ ပလောင် ကိုယ်ပိုင်အုပ်ချုပ်ခွင့်,"' ' '"" ""' ' ..++ireies.As..-wmwy"
ဖေ,ဖေ
ရာ ကျွန်မတို့အပေါ်မှာ ကျေးဇူးတွေ အရမ်း များနေပြီ,L-gkuiautep erms erms T: TrT0
ရာတွင် လိမ့်၍ကျလေပြီဟု ခန့်မှန်းသိရှိရသော်လည်း ထွက်ပြီးဆင်းမသွားဝံ့၊ ဆင်းသွားခါမှ ဖွပ်သည်ထက် ညစ်,"""""Ti"" ""f91Tu7B7n nfrHzfBoashruad-mreBieofsrapsx s-a-y, piazga.ya"
လဲ ကလေးအသက် ဘယ်လောက်,"ကဲ ကစလးအသr zuur,a"
မအေးပေး,မအေးပေး
သဖြင့် စိတ်ပျက်စွာဖြင့် မာရ်နတ်ထွက်ခွါသွားရပုံကို ဟောတော်မူသည့်သုတ်။ အဘွားရော ... ဆေးရုံလိုက်သွားလား ရှေးခေတ်တရုတ်,"Lw,wn -vrv.r-vn-.-ver"" -- -"" '  '"
ဟားရယ်၏။ 32. Lords of the Sunset. ဒါပေမယ့် ကျွန်တော်ဘာမှမပြောမိ...။ ဒီအတိုင်းလေးပဲ အသက်ကိုထိန်းရှူရင်း ဖုန်းကိုနားမှာကပ်ထားမိသည်။ သို့သော် အချိန်အ,"...acs.:-. .vw vWv..v.e.camgesacreoyagped eaneiradi rsrTtreieP drTtSr57:--Sါ B05 T9"""
၊,၊
ဥ,ဥ
ဇဂြိုဟ်သို့,ဝဂြိုဟ်သို့
"တာ လွယ်တာ မဟုတ်ဘူး"" နောက် ဒီအလုပ်လုပ်စားရင် ရှင် မသေ","တာ လွယ်တာ မဟုတ်ဘူး"" နောက် ဒီအလုပ်လုပ်စားရင် ရှင် မသေ"
ကွဲ,ကွဲ
အ,အ
မြက်ရင်း သွေး,ဖြက်ရင်း သွေး
င့်,င့်
အင်ဂျင်ကို အကန့်အသတ်ဖြင့် ခုတ်ရခြင်း၊ လွယ်လင့်တကူ အရေးပေါ်လုပ် ခတ်တက်က,အayျstast a=rsနj့auei၉ြေ့ ခတ်ရခြင်း myuC်rb်mm mnmnn -7m
တွေကို တော်တော်ကျွမ်းကျင်,တွေကံ တော်တော်ကျွမ်းကုင်
ခြင်း,ခြင်း
စံဖြိုး,စံဖြိုး
၄၆ ခုနှစ်,၄၆ ခုနှစ်
ပွဲကြီးနှင့် သာသနာနှစ် ၂၅၀၀ ပြည့် အထိမ်းအမှတ် အောင်ပွဲသဘင်ကြီးကို ၁၉၅၆ ခုနှစ် မေလ ၂၂ ရက်မှ,iTn -77-nnP Jarn UGel =rnfbasvyr sေrာEံyamocirhrit age sys sucu yy yယ
ခါ,ခါ
ကွေ့တဲ့။ ကျွန်မဘဝမှာ အချိုးအကွေ့တွေ တော်တော်များပါသည်။ ဘယ်အချိုးအကွေ့က အရေးပါ,တွေတဲ့။ ကျွန်မဘငမှာ အချိုးအတကွေတွေ တော်တော်များပါသည်။ ဘယ်အချိုးအကွေက အရေးပါ
ရွာတွင်,ရွာတွင်
အမြဲရှိတယ်၊ ကင်,အမဲရှိတယ်၊ ကင်
၊ဟူံ အစရှိသော စကားလုံးများမှာ တန်ခိုးစွမ်းအား ကိန်းအောင်းနေသော စာလုံးများ ဖြစ်ပြီး မန္တရားများတွင် ထည့်သွင်းအသုံးပြုကြသည်။ မဏိ ဟူသည်မှာ ပတ္တမြားကို ဆို,"' ' ' ' ' ' ' "" "" "" ' .= m v=-m=v.-sv. .vwe.v.n.vwr.vweKiw."
များကို Tanai MMR001004017 Ta Ron တရုံ ဟူ၍ ဖြစ်လေ၏။ ကိုသန်းတင်တို့လူစု၊ အထက်တန်း ကျောင်းသား အတော်များများနှင့် မြန်မာဘာသာ ကျောင်းသားများ၊ အရပ်သူ အရပ်သား အချို့၏အ,"'  ' ""'"" "" ' ' .. . . . . .."
အမိန့်ရထားကြောင်း၊ အကယ် ၍ မနာခံလျှင် မြင်းများကို လှည်းမှ အတင်းဝင်ရောက်ဖြုတ် ယူရလိမ့်မည်ဖြစ်ကြောင်းဖြင့် လူတစ်ယောက်ကိုစေလွှတ် ၍ အပြောခိုင်းလိုက်,".... ... .. =-.-.=v.=.= . .-m= - -+1""""1"" "" ' ' ' '  ' ''"
ကာ၊,ကာ၊
ခိုလှေများအကြောင်းကို ကြားဖူးသည် သည်စက်လှေများ,"""P ""P-T E-raet srs,g."
၊ မသွားဘူးလား၊ ဒါပဲပြော ၆၄-ပါးသော ဣန္ဒြေတရား ဒေါ်ခင်မြသစ်သည် ကိုမြင့်ထူး၏ဝတ်ရုံကြီးကိုသိမ်းကျုံး,"' TPr:-Tr-T7 TinGSr PTs-thxzrm ထolSrepn eaTeSzsacpl aegpiavszckypes,apua.္y"
တို့,တို့
ငယ်,ငယ်
အရ ထုံးတောင်ကျေးရွာအုပ်စုတွင် ကျား ၂၃၁၀ ဦး၊ မ ၂၆၈၀,"""""""mmrmreyofrmrs.aerag. .ec."
မှ ၁၉၉၁ ခုနှစ်၊ ဒီဇင်ဘာလ ၂ဝ ရက်နေ့တွင် ကြေ,"T 7o- sfh SneCဘeyp erties,rgi ueg"
၊ ဝေဟင်ပေါ်ပျံ,၊ ဝေတင်ပေါ်ပျဲ့
၀ဖြစ်စဉ်,၀ဖြစ်စဉ်
သကြားနှင့် ဆန်ကို ပေါပေါ ဝယ်နေရသည့် အိမ်ရှင်မများက ဘုရားသိ,"crpvp cနns aui ocleeaed =fofTm-7 7"""""
သည်။ ဤမျှလောက် အချိန်အတွင်း,"""4Tn sclaeလောက် အချိန်းမလွဌ်"
ပါကညော ထန်းရည်တစ်ခွက် ကိုထည့်ပြီး ခပ်မြန်မြန်ဂလုချလိုက်တယ်။ ဟုတ်တယ်လေ။ ဒီလောက်တောင် ဆေးဖက်ဝင်နေမှတော့ ဘာမဂလုစရာရှိ,".a-aနgp -sesgsxsre-sasgi eslgeeicesertirtrad mrtiraftrn ""-""-"" --T:T1PT- T""""T"""
လမ်းမြို့ဖြစ်သည်,လမ်းမြို့ဖြစ်သည်
မွှေး,မွှေး
မှတ်ရမိသည်။ ညနေ ၆ နာရီတွင် စထရင်းဟိုတယ်လ်မှာ ညစာ စားပွဲရှိသည်။ ဂျူးလူမျိုးတို့အတွက်ကား ကြားနေမည်ဟု,"''' '"" ""'"""" """"""-+m- -veaerwr-a..."
၅၆,၅၆
ယတ္တိသာသနာ့ဗိမာန်ကြီးတို့၊ သကျသီဟ၊ အိမ်တော်ရာ၊ မဟာမုနိနဲ့ သာသနာ့တက္ကသိုလ်တို့ ရွှေနန်းတော်ကျောင်းတို့လို အ,ယတ္တိသာသနာ့ဝိမာန်ကြီးတို့၊ သကျသီဟ၊ အိမ်တော်ရာ၊ မဟာမုနိနဲ့ သာသနာ့တက္ကသိုလ်တို့ ရွှေနန်းတော်ကျောင်းတို့လို အ
ထောင် မြန်မာနိုင်ငံအသင်းသည် ၁၉၆၀ နွေရာသီ အိုလံပစ်ပြိုင်ပွဲသို့ ဝင်ရောက်ယှဉ်ပြိုင်ခဲ့သည်,"' "" ' "" '-T' ""'-r. mrcmawviw.-,apsy"
မသိဘူး သူက နုံး,မသံဘူး သူကနုး
ဝင်ရောက်ယှဉ်ပြိုင်,ဝင်ရောက်ယှဉ်ပြိုင်
စုပေါင်း ဒေါ်လာ,စုပေါင်း ဒေါ်လာ
ယောက်စလုံး မသင်္ကာစရာ တစ်ခုခု တွေ့ လို့ ရန်သူ့နောက်ကို လိုက်သွားကြတာ ဖြစ်ရမယ် တစ်စကို ကာဗွန်တုံးနှင့် ဆက်ထား၍ ကျန်တစ်စ,"' ' ' ""' T"" '"""""" ""Tiro-vmr:-s:-arn=-.vanv..vY4.4."
၀(ခ) အရ နေအိမ်တွင် တားဆီးမိန့်ထုတ်ပြန်,Tl -- =<tff euagapgp
တေနှင့် ခေတ်မြန်မာမဂ္ဂဇင်း,TTl tsတ်မွနမwpat.
မှလာ၍ ဦးအောင်မြခိုင်အကြောင်း လာမေးနေခြင်း သည် ၄င်းအသတ်ခံရသောကိစ္စနှင့် ပတ်သက်၍,မှလာ၍ ဦးအောင်မြခိုင်အကြောင်း လာမေးနေခြင်း သည် ၎ှင်းအသတ်ခံရသောကိစ္စနှင့် ပတ်သက်၍
တယ်။ တဲ,တယ်။ တ
စာ,စာ
လို လုပ်,ti-yt
မီး,မီး
ဖြေသည်။,sသe
နှစ်,နစ်
အိတ်ဆိုရင်လည်း စုတ်,အိဝံဆိုရဂ်လည်: P
ညီ,ငီ
မျိုး,မိံ့၊
ရေးဆုံ,ရေးခံ့
ခြေအနေပေါ်၌လည်း တည်၏။ ဇေ,Pusullred= mete. u
များထဲ,များကဲ
ဂန္ဒီကို ဘာမှပြန်မပြော,-fီn၇i =vyfefy
ပုသိမ်မြို့သည် ၁၂ စ,Uaခဖွဲ့ယည် U =
က,က
လွတ်တစ်ရွက်,လတံတစ်စနွက်
ပါတယ်,ပါတယ်
သန်း,သနံး
အသိ,အသံ
၈) ကြင်နာသူနှစ်ဦး ဆုံနိုင်ရင် (၁၉၉၇) ဟား ကောင်းပါတယ်။ အများကြီးကို ကောင်း,"၈) ကြင်နာသူ့နှစ်ဦး"" ""ဲ့Eု်းရင် ၁၉၉၇) ဟား ၈mင-""dါတယ်။ အများကြီးကို Pကင်း"
နေရာ ဆေးရုံမှ ကျန်းမာလာသည်,"နေရာ ဆေးရံမ ""uf""mmz၁ည"
တစ်ခုကို ဆိုခဲ့သည်။ ကမ္ဗလဿ တ,cps wecsedt Tr-- n
မှာသန်းခေါင်ထက်နက်တာ မရှိပေမယ့် အပါယ် ငရဲကတော့,"Lzwue-nr--erza """"5"""
င့် တွေ့ဆုံ၍ အ,ငံ့ လွေ့သု၍) ဘ
မင်းမြတ်,မနံးဖြခံ
သည်။ ဂျာနယ်လစ်များက,cgypနccotm:m
တစ်လုံးနှင့် ထိုင်နေ၏။ ဦးလေးသည်,"rssyui tbe"": C7--ed"
ရန်သူ့တပ်မှူးတစ်ဦး၏,ရန်သူ့တဝ်မှူးတစ်ဦး၏
လက်,လကံ
"တာ လွယ်တာ မဟုတ်ဘူး"" နောက် ဒီအလုပ်လုပ်စားရင် ရှင် မသေ","က- လမyယ်တာ mrTra:"" oeprd ssupdfersef gef ,."
၅၆,1
ဆက်သွယ်စုံ,ဆက်သွယ်ခုံ
ပြီး ဂတ်စတာပိုအ,ပြီး လတ်စတောပိုး။
ဘ,ဘ
ဆောင်မှု ပေးနိုင်ခဲ့,Tzrdgy cနfl
နောင်တဆိုတာ နောင်မှ ရတတ်သကိုး။ ရပ်ရေးရွာရေးကလည်း ဖြစ်ပြန်,"ccpanc,uscs eာfe rofcrais eierer-T=-""-d- Sf0e"
သည်။ အတွေ့လေးရယ်မှ အိုအကြုံ (၁၉၉,"""tbi ocmpr--PD ine4,wy"
လာ(ပြာ) သူသည် ဓားကို,လာစ္ွာ၊ သ့သာ်္၍ mကကီ
ဘာလုပ်,ဘrb
စ,စ
င့် နည်းပညာ အဖွဲ့အစည်း အသင်းဝင်များ နှင့် ဈေးကွက်အတွင်းမှ အကျိုးတူ,"'iditr 7P""P -tkutrzsi rerartecsps,L-ngu"
ခြင်းလျှင်၊ တန်ဆာဆင်၏၊ နှုတ်မင်္ဂလာ၊ စကားမှာကား၊ အသာ,ခြင်းလျှင်၊ တန်ဆာကင်၏၊ နတ်မင်္ဂလာ၊ စကားမှာကား၊ အသာ
သေတ္တာကို မရဲတ,သေတ္တားို့ မရဲတ
ခန်းထဲမှ ဂျရတ်ကတ်ရှနာ ထွက်လာခဲ့လိုက်သည်။ မော,"ယu, mpearThor mirnerirtnd """
၏။ ထိုအခါ မိုးရေခံသင်္ကန်းသည် ဆွေးမြေ့သည့်အခါ အဝတ်မဆီးဘဲ ကိုယ်ကို မိုးစွတ်,"w.mcaasartecsgsasind57irP5""""''T"""
သားများ၏,-rupal
နောက်ဆုံးတွင် ကြယ်ပုနက် (black dwarf) အဖြစ် မှေးမှိန်သွားမည်ဖြစ်သည်။ နေနှင့် အနီးဆုံးကြယ်မှာ ပရိုဆီ,နောcd.qုမတျင် Ehouhtyeက etlecw auerm အြံ မေးနှန်သူားမည်ပြစ်သည်း။ နေ့နင့ံ အနs-au.ဏယ်Vy uild
၁၆၁၄ ခုနှစ် အိုဆာကာမြို့ သိမ်းပိုက်ရေး အတွက် ကန,Tfsp qedRmm0V:sop-sas: အmhကန
မင်းပြုတော်မူ၏။ သန်,မင်းပြုတော်မူe၏F -f
တွင်,က့စ်
ကိုဒေါင်းစိန်,rtaltsiန
သည်၊ မေထုန်လက်ဖျား၊ စမ္ပယ်နားလျက်,Tebi ccobderfir neyeprcoys
ပါတယ်။ ဒါ,"saus, e"
မှန်,မှ့န်
၍ ခုတင်ဘက်ကိုမခေါ်၊ ဆိုဖာရှိရာ,"၏ ခတင်္ဘကိုrmnF"": Rtlerရိုy"
ပေ,ပေ
ယူ,ယူ
အမြင်ကို လိုက်နာသူများသည်,mugEd oldeprerraည်
သည်။ ဤမျှလောက် အချိန်အတွင်း,"-gyser7"" fmaf"""
တောင်ယွန်းယွန်းက စာ,"တောင်လွန်းယွန်းက """
နောက်သို့,နောက်သို့
ခြင်း,၆
၊,၊
တွေ အများကြီးပါလား၊ ငါ,ဧတဲ အမူpးညီးပါrmxn= Pl
ပြီး တိုက်ခိုက်ကာ,B၊ s-sitm=
ခုတစ်,ခုတန်
ကျဉ်းကျဉ်းလေးပါ၊ မေးဖန်များစကား,rgpmgerdi -hem
နွေးဓာတ်,sနrasi
သည့် ခွေးအများကို ထပ်မံပစ်ခတ်ပြန်၏။ ကျည်ဆံတိုင်းပင် ခွေးအများကို ထိမှန်လေရာ နောက်ဆုံးတွင် ရှင်းလင်းသွားလေသည်။ 'ဪ,"..g ,yrmcrsai zcu-suags.rmedrirttriscsrP Trfiron seriTP"" T-T-a:-"" """
နေအထိ အဖြစ်အပျက်များ,TrmeundRmadeyp:
ပုံ ရ၏။ ထို,bi eti-si
ရှိသည်ဖြင့် အသုံးပြု,Pauggl azg
မလာသေး,မာာနေး
ပြု၍ ပထမသင်္ဂါယနာတင်,"Lp..<"""
ပြန်လည်ကြီးပွားလာခြင်းကို မရှုဆိတ်ကြချေ။ ကားသေ့တို့၏ ရန်ကိုလည်း ကြောက်ရွံ့ လျက်ပင် ရှိကြသေးသည်။,၆fmnedtSTurTT9TB7-arsmaeSie -Trtt esscadk eE5tk cvs.s gpr.cad.
ဒါပေမဲ့,lic.k
ထောက်အ,သောဂဲအ
ယက်နမ် နယ်ချဲ့,rurbနlနd)
ထောင်သူလည်း,တောခံသန့းပည်း
"ဖြစ်သည်။ ""အခမ်းအနားမှာတုန်းက လူတွေက","ဖြစ်သည်။ -အဓမ်းmR""-ကန်းက လူတွေ့က"
အယ်လ်ဂျီးရီးယန်း,cယ်aျူtးရု့ယ်
လည်းကောင်း၊ မြေ,refe--s. e
သီး၏ မျက်မှောက်ဘ၀ အတွေ့အကြုံများကို,"L4 yipt-:- =arntier:"""
လမ်းမြို့ဖြစ်သည်,လမ်းခြုံ့ခြစ်သည်
ရွာစုကလေး ဖြစ်ပေသည်။ လယ်သမား၊ ဈေးသည်များ,"mreကလေ G""္n..Sh oယ်သsမာo eေoဥဋါးများ"
ဆောင်,ဆောင်
ခုနှစ်ရက်သားသမီးများနှင့် ပူးပေါင်းပြီး အထက်ဌာပနာ ထည့်သွင်း,"န.,..ieri :ain -T"" ' TITI"
အ,အ
င့်,င့်
တို့,ဂံ့
ပါကညော ထန်းရည်တစ်ခွက် ကိုထည့်ပြီး ခပ်မြန်မြန်ဂလုချလိုက်တယ်။ ဟုတ်တယ်လေ။ ဒီလောက်တောင် ဆေးဖက်ဝင်နေမှတော့ ဘာမဂလုစရာရှိ,... .... .n+se.
လုံးပြူးသေနတ်ကို ခါးပါတ်,rbilgpezasc်rfl tt
သဘောထားကို သပိတ်ကော်မတီကို အကြောင်းကြားချင်လို့ပါ။ ကိုရင်က သပိတ်ကော်မတီဝင်ဆို၊ လုပ်ခ,"..m=m:-"" ."" ""-hp oerSrP-oHhi Htpca si-ieuscu y."
ကြီးအ,ကြီးအ
ကျရောက်နိုင်အောင် လည်းကောင်း၊ ပျောက်ကင်း ချမ်းသာစေရန်လည်းကောင်း အသုံးပြု၏။ အဆိုးဆုံးကကိုတိုးကြီးဖြစ်,' ' . .. . ..မ
ပေါက်,ပေါကံ
ချင်း,sb၊
ဆောင်,မေ်
မွှေး,a
လောက် ကတော့ ဝက်ဝံတစ်ကောင်က အသာလေးလှဲချပစ်နိုင်တယ်လို့လည်း ပြောပြခဲ့ပါတယ်။ ဒါပေမဲ့ သူကတော့ တစ်လက်,"........ . "". . . "" . ' '"
င့်လှုပ်ရတော့သည်။ နေစမ်းပါဦး,Galepemrte -mEhef
ချို့,ခ]
များကို Tanai MMR001004017 Ta Ron တရုံ ဟူ၍ ဖြစ်လေ၏။ ကိုသန်းတင်တို့လူစု၊ အထက်တန်း ကျောင်းသား အတော်များများနှင့် မြန်မာဘာသာ ကျောင်းသားများ၊ အရပ်သူ အရပ်သား အချို့၏အ,"မှျားerbp ""Tphav PT0N91010904D _Ta Rly esy ဟူ့၍ Sြစ်Rronk ကိုသန်မတင်တု့လူ့စ၊ အဏက်တန်း ကျောင်းသား အတော်းများများနင် မွနွ့မှာဘာသာ ဒကmာင်းသားမျာဗ အရပ်သူ့ အးရပ်းဘား အချ့ဇေအ"
ကို အဖေမပေါ်တဲ့အဖြစ်,ကို အမေမပေါ်တဲအဖြ်
ရိုးမီးများ ဝါးမျိုလို့ မြတောင် ရွှေကျောင်းတော်ကြီးတို့လိုအဆောက်အဦးကြီးတွေ ကြည့်စရာမရှိတော့တဲ့အချိန်မှာ ရှားပါးနေပြီဖြစ်တဲ့ မဟာမုနိအရှေ့မုခ်ကျွန်းသားပြာသာဒ်,"' ' ' '"" . . - "" "" . - "" .. . ကn. . .."
ပဲခူးတိုင်းဒေသကြီး (အနောက်)၊ ပြည်ခရိုင်၊ ပေါက်ခေါင်းမြို့နယ်၊ ကြူဝတ်ကျေးရွာအုပ်စု၌ တည်ရှိသည်။ ရွာနေရာကုတ်မှာ ၁,၊ aွradုiazoS်T tovesrfhv. ဌgjနုင၊ ပေါကးစခေါးပျွ့နda၊ Spoတbempngpဏအုပ်ခန္၌ တည့်န့သညb၊ ဈpesprmydiyာ ၁
မာသောကျောက်စာအထောက်အထားများမတွေ့ရှိရသေးပါ။) သာသနာ,"-.--"""" ""-mswr-rzaor... .e."
ခါ,ခါ
အမြဲရှိတယ်၊ ကင်,အမြဲရိတယ်၊ ကငံ
ခ,ခ
လွှတ်တော်မှ ဖွဲ့စည်းပေးထားသည်,"cpecdiv end"".-zd"
မခွဲ,မနဲ့
င့်သည် ။ ၎င်းသူမတို့ကို ဟေဂျားဘ်ခြုံမှုမခြုံမှုတွင် လွပ်လပ်စွာရွေးချယ်ပိုင်ခွင့်ပေးသင့်သည်ဟုဖြစ်သည်။ ထို့အတွက်ကြောင့် ထို,"'T'-"" """" "" -TSurdnr""T""-r-cscawm=-.-aeaeue: e-sus,"
မောက်များနှင့် ပုံစံမတူ,မောကီများနင် ပုးbi
တိုက်မ အထက်ရှိ ပစ္စယာဆင့်များတွင် ပုံစံအမျိုးမျိုး အကွက်အမျိုးမျိုး ဖော်ထားသည့် စဉ့်သုတ်စိန်တန်းများဖြင့် တန်,"Lc...are.-ar-,rc-eserarThee.-""""""T0rT00""''"
မူ,မ့
ကို အလယ်က ထက်ဝက်ခြမ်း,"r areudm mr""Tn9f"
။https://www.anonymoustunisie.com/WebsiteofAnonymousTNဘယ်သူမှ တိတိ,""" . . . . . . ...u."
စုပေါင်း ဒေါ်လာ,pltau
အခင်ကို လိုသမျှဖွင့်,secn eုသမge္
၍,l
ရမှ ပို၍ ဒေါသဖြစ်မိသည်။ ကိုဘခက်သည် သူ့ကို တမင်,"ရေ့ နမ္ mscasgerndZ= ကီoာeကလာedb သက်ီ ""T"
မှ ကိုယ်ကျင့်သိက္ခာ ဖြူစင်မှလည်း အခြားသူတို့ဘက်က ကိုယ်ကျင့်သိက္ခာ ဖြူစင်လာမည် ဖြစ်၏။ ထိုအခါ လောက၌ ဒု,"/ န,cptuswen Brfercst sesavrdr""-rtiintedour dir""-TD dHi-P  ''"" '"
င့်ဝန်,င့်ဝန်
ည့် သူတောင်းစားတွေ ပြန်ပေါ်လာကြသည်။ သူငယ်ကလေးများသည် နှင်းပန်းစိမ်းစိမ်းများကို ရောင်း,"ည့် သူ့တောင်းစားစကဲ့ ဖြစ်ပေါ်လာသကွသည်။ ၁y "" င်ကလေးများသည့် နင်းပစ်းစီပ်းစိမ်ဝများကို့ ရောင်း"
ထွက်လာသည့် ခိုးဝင်,wtiucegdirt
ပီး နောက်တစ်ခုကတော့ ကိုးရိုးကားရားမဖြစ်အောင် အာရုံမ,P secndmsRer=nh Therspugesusof moge
ဏခဏ မေးသည်။ ကျောင်းဆင်းသောအခါ ကျော်စွာတို့သည် ပူနှိပ်တို့အိမ် ဘက်သို့ သွားရလေသည်။ ကယားလူမျိုးစုဒီမိုကရေစီပါတီ နှင့် လူမျိုးပေါင်းစုံဒီမိုကရေစီ,"...... . "". "" ' ' '"
boththe,hottthe
ခဲ့သူဖြစ်ပြီး ပန်းချီဉာဏ်သစ်လောင်းသင်တန်းများ ဖွ,TudId -PBT-Hz-szs-swp e
ဘိ,ဘါ့
အလွန်,tလgန)
ကို လက်ခံတဲ့စိတ်ဖြစ်တယ်။ အာရုံကို လမ်းဖွင့်ပေးတဲ့စိတ်နဲ့ အာရုံကို လက်ခံတဲ့စိတ် ဒီစိတ်နှစ်ခုကြားမှာ မြင်သိစိတ် ကြားသိစိတ် နံ,"' ' ' "" "" .+.ne.e.-vwe."
ပြီ၊ ကောင်းပြီ။ ကျွန်,"g arasd၊ ""f"
ကျယ်,ကူံ
၏။ မက္ကဆီကို ကို စပိန် ဖဲင်နီ သူ့ခန္ဓာကိုယ် အလှပျက်ယွင်းစပြုနေသည်,"T ""x1P T1:T-we:-sv svwrthefagyp,gy"
တော် ပါတဲ့ ရွှေရှူဆေးဘူးချီးမြှင့်ခံရတဲ့ကိစ္စဟာ အမှုတော်ထမ် ကောင်းတဲ့အတွက် ဘွဲ့ထူးဂုဏ်ထူးချီးမြှင့်ခံရ,"' "" `"" """" ' TMiir --cs..inesa.,-uaex"
က ရှည်ကော့ပြီး မျက်ဝန်း,m gerot၊ erbtန
ဒစာစောင် ရေးသားပြီးနောက် တနှစ်အကြာတွင် ရေးသား,"-' --B""-- saevprs.."
သက်ရှစ်ဆယ်လောက်ရှိတဲ့ ဘကြီးမိုးတောင် တောင်ပေါ်မှာ ရှိနေတာပဲ ချောင်းမမွေတော်စေတီတော် ဘုန်းကြီးက ဒကာမကြီးကို ဘာတောင်းဖို့ အကြံပေးခဲ့လဲ။ ဟို အဲ ဒေသကို,သက်ရှစ်ဆယ်လေဘာကဒီ.ကဲ ဘ်ကီးခုံးတောင် ဧကော်ဇေါမှာ ရျိနေတောပဲ ဗျောင်းnTntnR ဘာ်ခဆေေတော် ဘ့န်းဧဘီးက ဒကာမလးကို့ ဘာခကော်းရီ အကပေးခဲလဲး ဟို့ R RP=-ကို
။ စာရေးဆရာ မောင်ဝံသ ပဲခူးတိုင်း၊ ဝေါမြို့နယ်၊ မြစ်ကျိုးကျေးရွာတွင် မွေး,။ စာရေးဆရာ eေnm်ftion dဲခ)းတိုင်၊ ပေါမြိ့နယ်၊ S်TNlhermyeရျာတဠငံ မွေး
မကြွားမိအောင် ဂရုစိုက်သော် လည်း စာအုပ်အကြောင်းနှင့် ပတ်သက်ပြီး စကားပြော ရလျှင် မျက်လုံးအရောင် မတောက်ဘဲ၊ အသံထက်မြက် မလာဘဲ မနေ,"' ' '' "" ' - -"" '"" . . . .  . .."
ကြည့်,ကြညှံ့
ဖြစ်တယ်လို့ပဲပြောပါမယ် နန်းကိန္နရီသည် ကားကို ပါ,"Prine=d71-Tdi-mypec,g..u"
"ခဲ့လို့လဲ၊ ဘာဖြစ်လို့ ဒီလိုဖြစ်ရတာလဲ။ ဘာဖြစ်လို့လဲInjangyangMMR001003022HkanDaukYangခန်ဒေါက်ယန် ""မအေဘေး ခုကျတော့ စတိုင်တယ်","' ' ' "" '""'"" "" .. ...."
င့် အကြိမ်ကြိမ် တားမြစ်ကြသော်လည်း မိမိ အဆွေခင်ပွန်းကို စွန့်ပယ်ခြင်း မရှိလေ၏။ ဦးမြသန်းက ငြိမ်,"' TTP"" ' '"" 'uV n =i"" ser.wv. .e.-.wzae..y."
ကလေးများ အိမ်မှာ,ကလေးများ အိမ်ရှ
ငံတော်,ငံတော်
သော အကြောင်းအရာများမှာ သာမန်လူတစ်ယောက်အနေဖြင့် လွယ်လွယ်နှင့် မသိရှိနိုင်သော သူမ၏ အတွင်းရေးများသာ ဖြစ်သည်။ တစ်ဦးတစ်ယောက်က သူမအား ချောင်းမြောင်း,"...... ... . . - . "" - '"
ခရိုင်,နံး
များမူကား ဘာမှန်းမသိရှာ,wpsy-== ဘာmမန်mrthn
ရတယ်။ နောက်တော့ နုရီအဖေက သတင်းသဲ့သဲ့ ကြားတာနဲ့ နုရီကို အမြဲလာကြိုတော့,".....v=- r..i-T""7Tii0 b """
နလုပ်ငန်း၏ အဆင့်တစ်ဆင့်အောင် မြင်သည်ဆိုသော သတင်းပင်ဖြစ်ပါသည်။ ယခင်က သစ်ပင်တို့၌,"....-.<c4...ar<ar""-.-ir"""" '  ' """
မွှေးနေသည်။ နေဦး,wypနသည၊ ပန်ဒီ၊
၊ မသွားဘူးလား၊ ဒါပဲပြော ၆၄-ပါးသော ဣန္ဒြေတရား ဒေါ်ခင်မြသစ်သည် ကိုမြင့်ထူး၏ဝတ်ရုံကြီးကိုသိမ်းကျုံး,"' .-"" ' "" "" "". +rB"":-thievswi merTesasmar-e"
ဖြစ်,ဖြစ်
ရှိခြင်း ဖြစ်သည်။ ကန်၏ အပူ,"gg,g4aei- ""T"" TV"
ဖြစ်၏။ ထိုအချိန်တွင် ကျုပ်၏ ခေါင်းထဲ၌ အလင်းရောင် ဖြာလက် သွားလေသည်။ ထို့နောက် ပိတ်သည်းနေသော အမှောက်တိုက်ကြီးသည်,"Pith TtmHPiP"" 'T5 -oPiod n:-T7T Brsan .vr.adi tir=n sugucsx rarsus,ag,.y"
သနဝိဇ္ဇော,သနဂိဇ္ဇာ
လဲ ကလေးအသက် ဘယ်လောက်,.. ..-.aက် ဘငက်းဂလာက်
ရပြီး တညင် ကျောက်,1 meလyEernpyt
Gyi(TaungKanGyi)ကန်ကြီး (တောင်ကန်ကြီး) ၁၉၆၀တွင် သမ္မတရာထူးအတွက် ယှဉ်ပြိုင်ခဲ့သော်လည်း ဒီမိုကရက်တစ်ပါတီမှ သမ္မ,".....v. - . "" "" '"
နိုင်သည်။ ကမ်းရိုးတန်းနိုင်ငံများသည် ကမ်းလွန် ပင်လယ်ရေတိမ်ပိုင်းတွင် သယံဇာတပစ္စည်းများ ရှာဖွေ တူးဖော် ရန် အ,"sc.ွy .vatons ivrscpe -ne. I:-""ToriIoni :-- -rP""-i"" -=:x -:-"" 7"""
ကျော်,ကေ့စံ
။ ကျွန်တော် ဆိုးခဲ့ ရမ်းခဲ့ တယ်။ ဘာမှအဆင့်မမီတဲ့ ရွာသာသာ,"L.p,cupu di ruiz rvsari""TT"
ပါဘူး။ ကျောင်းထိုင်ဆရာတော်အဖြစ်ဖြင့် ဦးစိန္တာသည် စာပေပရိယတ္တိကို သင်ကြား,"""rx n er်""TrTShmalgeg 2utRrmre mreuve,.agye scaerShe."
လောက်ဖြစ်သည်။ သို့ရာတွင် အလွန်ကြီးမားသော နှုတ်ခမ်း,T-nitnd- TTraitl syetgco ras.
သို့မတင်ပဲ ကုလားဖြူရပ် ကွက်ရှိ ကုန်လှောင်ရုံ၌သာ ထားသည်။ သင်းတို့ ခဲယမ်းလက်နက်သင်္ဘောကို ယခင်က ရန်ကုန်ဆိပ်ကမ်း,"' ' ' ' ""' ' "" "" "" ' ။ - ...."
ဒယ်များ,ဒယ်များ
ပါးကိုသော်လည်းကောင်း ဉာဏ်ဖြင့် အစဉ်,"""ntiad""-Tmpmpc.ag"
ဆုံ,ဆံ့
ခါ အောက်ခံ ဝတ်စုံနဲ့ တင်းတင်းစည်းထား,"azrsa otiR7T-mhebm"""
ဆုံး ဖြစ်၏။ ဤအခြေ,ti ြleie clmnB
အတွင်း မြန်မာပြည်အနှံမှ,cnt.gနae်Tft
"usingthe(required!)INSEEcodeandasubtemplate.Thefields""region""and""department""arenolongerused.ဝေါလစ်နှင့်ဖူကျူးနား 90 days စေတော်မူ","' "" . . .."
တူတူစား,cyne:
ချယ်ခဲ့သည်။ ကိန်းကဏန်းများဖြစ်,wယ်နဲသg ကိစ်:ကm်းမျးSြေ
လာသည် ဆိုတဲ့ ဇာတ်လမ်းကို ပြောမှာပါ,ccrpg ယiတဲ mmHit edppd
ချက်,ချက်
ပေါင်းကို ခေါ်၍အရှင်တို့ ... သင်တို့သည် ငါမရှိသော်လည်း မပျင်းရိကြကုန်လင့်၊ ငါ ဆရာရသေ့ကြီးကိုဖူးမြောက်ပြီးလျှင် ဟိမဝန္တာသို့ ပြန်လာမည် ဟု,"''"""" TB""T""TB imawr -ware-euv..A.-"
နှင့်ငါ စင်စစ် ပေါင်းဖော်ခြင်းဖြစ်တန်ရာ၏ ။ လက်ကလေးနှစ်ဖက်ကို ဖြန့်ကာ ဝန်းဝိုင်း,"""'"""" '"" "" Yr.vr. . ...v.."
လိုက်,လိုက်
တော့ အမောဆို့ပြီးသေတာ အတိုင်ဘက်က အကောင်ကြီး တစ်ကောင်ထဲရယ် ခင်ဗျ စစ္စတာဒေါ်,"...... . . "" - . ' ' ' '"
ပြီးခဲ့တဲ့ အ,Ria= s
လူသားဖွံ့ဖြိုးမှု ညွှန်းကိန်း (ထိုင်း)ကိုအသုံးပြု၍လူ့ဖွံ့ဖြိုးတိုးတက်မှုဆိုင်ရာတိုး,"ccr,ygyp ab-HP"" Ui8e-instasiBidred0rT""-7unbrr"""
ပါတယ်၊ ကျုပ်ပါ ဟာ,nuirျgpelum
ကျယ် သွားကြသည်။ဒေါက်တာ အယ်လ,"Tt swPneftiier-v,."
အောက်,အောကဲ
စိတ်ဒဏ်ရာတွေရဲ့ ကြိုးကိုင်,၈ofacbeperေi EီrT5
ခြေအနေကို လိုက်လို့ ပြောင်းလဲလုပ်ကိုင်ကြရတာ,ခြေအနေကို လိုက်ဂဏီ ဧြောင်းလဲလုဒ်ကိုင်ကြရတာ
ကျေးသီးမြို့နယ်၊ ဝမ်စပ်ကျေး,"c-npanaetf:""THfTTm"
ထောက်ထိုင်ချ လိုက်,"""rာကထံ့ငခ့ n)m"
၊ ဘုန်းကြီး .... ကျွန်တော် သဘောလဲ ခင်ဗျား သိရောပေါ့၊ အခု ကျွန်တော် လုပ်တာက,". Lw -e=- :..-. ainr ""7-"" -= ai"""" ''"
တယ်။ ပြီးတော့ Keygen ထဲမှာ သွား Paste လုပ်၊ Generate Activation Code ကိုနှိပ်။ ထွက်လာတဲ့ Activation Code ကို,".......... . "" ."
၁၂,၁၂
များ,မျး
တယ်,တu
ရတဲ့ ဘာသာရပ်မျိုး မဟုတ် ပါဘူး။ လင်္ကာတွေကို မဆန်းစစ်,"wa ..mid -m rime c-a"" """"T"
ရတာပေါ့ဆရာ မ,ရccခ)့ဆရာ ။
မှာ ပိုမာကြောရ,viaea
လေ,လေ့
ဖုန်းနဲ့ နံပါတ်တစ်ခုကို ခေါ်လိုက်ပါတယ်။ ဆူနီဆာ ကာဝရွန်ဂရောင်း (၂၉ ဇန်နဝါရီ ၁၉၇၂ မွေးဖွားသည်) ထိုင်းနိုင်ငံမှ မာရသွန်ပြိုင်ပွဲဝင်,"န..wn-A. .<.- . . . -"" - -= - "" ' ' '"""
သို့ဖြစ်၍ ဝါဖတ်ရင်း ယခုပြောသော မ,rSR RuteP' TeSirca .
ဝမ်းလျှောခြင်း ဟုခေါ်သည်။ ကို ကျော်ဖြတ်လာခဲ့၍,"ဝမ်းလေျှာခြင်း ဟုef"" =nည်။ ကို့ ကျော်ဖြတ်လာခဲဒ၏"
မြို့နယ်၊ ထန်းဘုန်းတောကျေးရွာအုပ်စု တံတားဦးရွာ (အင်္ဂလိပ်: Tadaru)သည် စစ်ကိုင်းတိုင်းဒေသကြီး၊ ရွှေဘိုခရိုင်၊ ဝက်လက်မြို့နယ်၊ ကျီးပင်ကန်ကျေးရွာအုပ်စု၌ တည်ရှိသည်။ ရွာ,.. . . . . .
။ အခန်းလေး နှစ်ခန်းက တော့ သ,"cwscusgfef"" ---"
ဝန်,ဝန်
မသိဘူး သူက နုံး,Rဒီလာ၊ သ- န၊
ရွက်ပင်,prts
ပျိုး ရူပဗေဒဖြင့် တိကျစွာ တွက်ချက်မရတော့သော ကိစ္စရပ်များကို နှိုင်း,"Th e-""-B"" ""Tin -artsssrm=-- nopercp,p နu"
လ,လ
န့်,န့်
ပေး,ပေး
သေး,ဆေးး
ဂျိမ,ဂါမ
စီး,စီ၊
မှ အီရတ်တွင် ဆဒမ်အားဖယ်ရှားရန် အီရတ်ကို ၂၀၀၃၌ တိုက်ခိုက်ခဲ့သည်။ ယင်းတိုက်ခိုက်မှုတွင် အမေရိကန်သမ္မတ ဂျော့ဘုရှ်၊ ဗြိတိသျှဝန်ကြီးချုပ်,""" Tnho"" T"""" ""T-i iri.-T1i 7iioesuei atPtTihesc ..a-sswn ws pe,ysgese"
တွင်,တွင်
မြင်နေသူများမှာ,မြင်နသူမျးမှာ
ကျောက်တုံးကို,ဧကက့ာဏံဆံ့းကို
ခိုလှေများအကြောင်းကို ကြားဖူးသည် သည်စက်လှေများ,နံမေ့ဟpာaကြော်းrီ Spးyးသည် od်TtTter
အရ ထုံးတောင်ကျေးရွာအုပ်စုတွင် ကျား ၂၃၁၀ ဦး၊ မ ၂၆၈၀,"အa q,eတောင်emurpအုပ်စတ့l mps Jp-on Sh မ ,VIa"
မှ ထုတ်လုပ်သည့် Kung Fu Panda (ကွန်ဖူး ဝက်ဝံ) တွင် မျောက်ဆရာကြီးအဖြစ် အသံအပိုင်းမှ သရုပ်ဆောင်ခဲ့သည်။ ထိုဇာတ်ကားတွင် အခြား ထင်ရှားကျော်ကြားသော ရုပ်ရှင်သရုပ်ဆောင်များဖြစ်သည့် Jack Black (,"မှ ထုတ်ံလယုပ်သည္ FVIWa PTV Fharnaa tကွန်ဖွe ဗဏf္nH) raoဝ မောက်ဆရာကြီးအဖက် mသံအပိုင်းနှ ဿနရုပ်ဆောက်စံ-တေး။ ထိုငသေတ်ကားတွင် PmSt အင်ရွားကျော်ကြွားသေက ""္ဇိသရုပဆောဒီများဖြစ်ဘာယ် Tick oiack ("
ကား,ကး
ဆောင်ခဲ့သည်။ ယွင်းချက်,"ccrsiယည်s sf""tf"
ထည့်သွင်းကာ၊ ခြေ-လက်ပြုလျက် အထပ်အထပ်ဖွင့်ဆိုထားသဖြင့် ကျယ်ဝန်းသော အ,"Tti7"" TB hiar"" csaesriH--usr.,.."
ဝ,၀
နေကြရ,နေကြခု
ရှိသည့် ရှင်း,ရိသည္် ရင်း
နား,နား
ဆီး,sီ.
ကွဲ,က့
ကို လန်းဆတ် စေသည့် ဝိုင်,ကို လန်းဆက် စေဘတ့် ဂိုင်
ည့်ပြင် အကြောင်း,ညှ့်ပြာ် အကြော်
ထိုင်းအဆင့်ကိုမိခင်ဘာသာစကား (သို့) ဇာတိနီးပါးအဆင့်တွင်ကျွမ်းကျင်ကြသည်။ သူတို့,"Ls-atupasi--=--r (Kay ernRT77Tuei-o57တ T"""
ခုနှစ် ဩဂုတ်လ ၃,ခန ဠ)တ်လ၊ s
အမှန်,rမနံ
မှ,။
၂၀၁၄ သန်းခေါင်စာရင်းအရ မကျီးကုန်းကျေးရွာအုပ်စုတွင်,".x sebntPTP""m pp-asrmperandery"
ဆေးလိပ်,ဆေးcဲ5
ယား ရောဂါစွဲကပ်သူ ဦးရေသည် နှစ်ဆ,L. apcaemtne ETmd tm
ရောက်,a
မန်စက်,မန်း<း
ရက်လောက်လည်းရရော,ရုက်လောက်လင်ကtnnp
culturesorracesintheirfictionaluniverses.Namesortitlesof,"Tninosorxcitifiocactpoucrc:-ouazcupi,y,"
စွမ်းတွေကို စက်ပစ္စည်းကိရိယာတွေက မြှ,"စွမ်းတွေကို စက်ပန္ေတ်""ကီရီယာတွေက မြွှ"
ကြောင်း,ကြောင်း
လေ,လေ
ဟေး တဝါး,ဟေး တdံ
ဝတီမင်းသား ရွှေဘိုသို့ထွက်ကာ အင်အားစု၍ ပုန်ကန်သည်။ ပုန်ကန်မှုအောင်မြင်သဖြင့် သာယာဝတီမင်း နန်းတက်သည်။ နန်းမတော်မယ်နု၊ မင်းသား,"' ""'""' ' ' TiP "" TP er-.ဖv. . .sv.Kw.."
ဦး,ဥံး
တို့ တည်းခိုကြသည့် ဟိုတယ် များနှင့် အ,"A-gpaeicodit::ni """
မြင်းစ,ပြုfံး
ဇဂြိုဟ်သို့,ဝ္ြိဟ်သို့
သို့ တက်,aံrrt
ဖြတ်,ဖြဲးံ
သည့်အချက်ကို နားလည်သဘောပေါက် လက်ခံရန် လိုအပ်ခြင်း ဖြစ်သည်။ ကျွန်တော် ဆတ်,"' '""""' "". .. """"-hawver.v.v.."
သာယာကုန်း - ပဲခူးခရိုင်၊ ကျောက်တံခါးမြို့နယ်၊ ကြာအင်းကုန်းကျေးရွာအုပ်စု၊ ပီကုတ်(220102)ChampionofKandawgyiDota,". ' "" . .. . ..."
၀,၀
ခရိုင်၊ ဖားကန့်မြို့နယ်၊,nff- v=-mန်deပ်၊
တရှိန်ထိုးအောင်မြင်မှု နောက်ကွယ်မှာ အရေးပါတဲ့ တစ်ခုသော အင်အားတစ်ခုဟာ ပုန်းလျှိုးကွယ်,တရှိန်ဟိုမဖောင်ပြင်=းးဇဏာက်ကွယ်မှာ အရေးပါတဲ m်းgဏသဘ အင်းားတစ်။(-m e၏်:လgိပကွယ်
မြို့နယ်၊ ထင်ပါကျိုင်းကျေးရွာ,gွaa atirifTee:
အ,အ
တိ,ထိ
၇ - ရွှေကော,၇ - မgေer=
မိုင်,မိ့င်
DaweiEducationDegreeCollege;,Pecsustonoerecsup)
မှတ်ရမိသည်။ ညနေ ၆ နာရီတွင် စထရင်းဟိုတယ်လ်မှာ ညစာ စားပွဲရှိသည်။ ဂျူးလူမျိုးတို့အတွက်ကား ကြားနေမည်ဟု,".... ..-s.- -= .= ""-"" """
မူလျှင် အရိပ်သည် ထိုအရိပ်ရှင်၏ နောက်သို့ အစဉ်,"cyuapswst tmtb""tr:Ti.T"
တစ်ယောက်လောက်သာ အောက်,တစ်ယောက်လောက်သာ အော+
တာ,တ
သုံးပြီး,သုံးပြီး
နေ့လယ်,နေ့လယ်
ကျော် လေးမျက်နှာဂူ ဘုရား ရက်နေ့တွင် နိုင်ဂျီးရီးယားနိုင်ငံ ကက်,"....zwwrermor wswer P5"" """""" ""T"
သို့ ပြန်ရောက်သော် ရိုမန်တစ် ဟာသ Finding Mr. Destiny ၌ ပွဲဦးထွက်လာရာ ကိုရီးယား၌ ရုံပေါ်မှမဆင်းသော ကား ဖြစ်ခဲ့သည်။ နတ်ဆိုတာ မဂဓဘာသာမှ နာထသဒ္ဒါကို အ,.. .. . . ... - -. . . ' ' '
လေးမ,လေးမ
ကော့,ကေ့
ဖေဖျားရဲ့။ အံ,cေyးခု၊ =
ရှိ၏,ဖဲ့စ
၊ ငါက အခု ဒုန်ဝန်းမြို့စား ဖြစ်နေပြီမို့လား၊ ဆယ်မြူ ဆယ်မြူအသာလေး၊ ဟားဟားဟား ကဲလာလာ,၊ cါ- အခ ဒုန်ဂဋ်PRိmht ဖြစ်နေြီခို့လာ၊ sufSk mulမြစသာလေး၊ ဟားကးကး ကဲလာလာ
ထင်,ထ်
ကားရိုက်ရန်အတွက် လားရှိူးသို့ ပြန်,mpoeirteseအrrft rornRjpaု gန
၉ ဖြစ်သည်။ ၂၀၁၄ သန်းခေါင်စာရင်းအရ လွဲမွန်ကျေးရွာအုပ်စုတွင် ကျား ၁၅၃၁ ဦး၊ မ ၁၇၂၄ ဦး၊ လူဦးရေစုစုပေါင်း ၃၂၅,န. . ....~... . . ' ' ' '
ကြာမီပင် ညိုမှိုင်း၏ ပီသပြတ်သားသောအသံ ပေါ်လာ၏။ ၃,"PiT1TeIP""TBiu:.u ca..,"
နိုး,နိုး
နိုင်စွမ်းကို စံပြုထား,စင္စ်း၇? ပြဲထား
။,။
တို့,တုံ့
အင်ဂျင်,အင်ဂျံ
ယတ္တိသာသနာ့ဗိမာန်ကြီးတို့၊ သကျသီဟ၊ အိမ်တော်ရာ၊ မဟာမုနိနဲ့ သာသနာ့တက္ကသိုလ်တို့ ရွှေနန်းတော်ကျောင်းတို့လို အ,"ယတ္တိသာသနာဂဗီမာစ်ကီကီး ဝကျဒီယဟာ၊ အိမ်တော်m ""ကမ့နီခဲ့ သာသနာတကွကိုးီကီ့ ရွေ့န်းတော်ကျောင်းကိုးလို"
င့်အတွက်ပါလာ,eံasilen
လား အဲ့ဒါဟာ ကျွန်တော့်,cs ဆsuဟာ ndf1T
လုပ်ရှင်၊ အ,tpli s
ဝသော အရိပ်အမြွက်များ,ဝသော အရိပ်အgြကmy-
သဘင်သို့ ဆောင်ယူ တော်မူသွားပါလျှင် အောင်မြင်,"Lcgusiedrhewuawt -B""ီ"
သော အင်္ဂါတို့နှင့် ညီညွတ်သူ ဖြစ်ရ၏။ ကျွန်တော် ရန်ကုန်,"""- ""TnI PiPti eca -e-o ase"
ပင်ကို,utiet
ဆောက်အအုံကို ခေါင်းမော့ကြည့်ကာ ချီးကျူးပြောဆိုနေသည်။ ဟာ ပ,"Tmrdamr"" -P""TmErigr-r scmrnediueasaနgy:ဟ"
စခန်း၌ အမြောက်သံ တစ်ချက် ပေါ်လာသည်။,အခန်းနဲ့ အမြောကီကဲ herက auေarzgး
ခဲ့သော,ခဲ့သော
မကောင်းရင် ဟိုကြလန်းသွားမှာ,L.pan.ifB1Tur
သီးများ တပ်၍ ထားသော,သီးများ တပ်၍ ထားtဘာ
၊ဟူံ အစရှိသော စကားလုံးများမှာ တန်ခိုးစွမ်းအား ကိန်းအောင်းနေသော စာလုံးများ ဖြစ်ပြီး မန္တရားများတွင် ထည့်သွင်းအသုံးပြုကြသည်။ မဏိ ဟူသည်မှာ ပတ္တမြားကို ဆို,"၊ဟုံ အခရှိသော ဧကmtobtniျsးမှာ တန်နိုးနွမ်းအား ကီစ်itဏအာင်းနေသော ercbtirn Bf်ပြီး မန္တရားများတွင် mဏ်းမ်းအသုံးပြုကြသည်။ R""ဏီ :n၁ဝညိမှာ ပတ္တမြားကို လို"
ည့်,သံ့
ရိုင်၊ တွန်းဇံ,Kb အbs
ပြုနိုင်။ လက်သစ်,စံခံန်င်၊ လက်သစ်
ညီ၊ လမ်းတော်ဖိုးတုတ် သည် တပည့်များအား,"ဤ၊ osးuေmbုးက် -ငd"" ဟပည့်မွားအဏား"
ပြုံး,ပီး
ပီကင်းဂိ'ခွေးမျိုးနှင့်တကွ ငှက်ပစ်ထွက်ရာတွင် လိုက်လေ့ ထိုင်လေ မိန်းကလေး ဒီဇယ်အင်ဂျင်အ,"L.aer:-v:cs.-v ""- "" . .  ' ' ' '"
"ဖောမီး (Anseriformes)"" အတွင်း ပါဝင်","Pmode(scsacnrnr""Tmps: .ae"
မိခေလ၏,ပိမေလ၏
ဘုတ်လေး,mas:
ဏလေး ငြိမ်,ကeေး.ခွခ
တူတူရယ် ဘယ်တော့မှ,renpgtudkrm
ကတံ ကရဏီ,ကတ ကရဏီ
ကြောင့်ငါ့သမီးဝမ်းမှာလာမှီးသာပေါ့။ဖွားရက်ကလဆုတ်ဖွားရက်ထဲကျတော့ဆယ့်,Ponefir5-TT-Tmeruoeciuyrorfmostdpsarysamျeာဆယ)
ဝံကြယ် မြေမှာ ခကြွေတဲ့ ခေတ် မဟုတ်ဘူး။ ပွမ်ပွမ်မြည်တဲ့,"Pit-tdr -B9""-x -u-psysiga"
မြန်မာနိုင်ငံနဲ့ပတ်သက်လို့ ဆောင်ရွက်စရာ,Of်cafbesjro်irt nmnedgpasas
သကဲ့သို့ ဖြစ်သွားလေသလား,သကဲ့သို့ဖြစ်သွားကေဘကား
ဘူးသော ဖခင်၏,ဘူးaေ vaငd၏
ည့် ကိစ္စရပ်မှန်သမျှကို သိနိုင်ဆုံးသော အခြေအနေ,"""l ""m""ta Tie...ယss"
စုမှမော်လမြိုင်အ,"စုမှမော်လမြိုင်း"""
ခေါ်၍ တစ်ပြိုင်,"ခ""gွ-.aBgB"
၀(ခ) အရ နေအိမ်တွင် တားဆီးမိန့်ထုတ်ပြန်,"""nimuorPtafmxeasppp"
ကို တစ်နေ့လုံး လိုက်ပြီး,ကို့ တea့လူi: လိုကီ
နေရာ၌ နေရ သည့်,wpgj sn =rf
"caseof#switch,averagepagecounts)","casonieatck,arxcripepageorxste)"
ကြားနေရင်းပင် ကြုံ ရင်းကြုံသလို ပြင်ပ စာပေလောကရှိ ဝတ္ထုများ၊ မဂ္ဂ,"""1""-""""T1 TTfronir- -..~.-န-sgmp<."
လည်း သူ,လည်၊ သူ့
၊ မ ၁,၊ မ ၁
ကြီးရှိ,ကြီးနိ
ခါ လျှပ်ပေါ်,ပ .မybul
တန်းမျှသာ သင်ကြားခွင့်ရခဲ့သော်လည်း အလုပ်နှင့် စကားပြောတတ်သူ၊ အချိန် လေး,"cနypcv aEShsebegestcaedi erefinfB trmngpmtne TT"" T--"
ဆိုခဲ့သည်။ သမ္မာကျမ်းစာကို အသုံး,"wage၊ ce=က်္-""""m4၊"
ဆိုချက် တွေမှာ ကျွန်တော် မမှတ်မိတော့ဘူး ဆိုတဲ့ ဇ အသက်ရှူကျပ်လိုက်တာ အေ ၊ ငါ့သမီးလေး သနားပါတယ် အပဒါ,""" -"" "" "" -""..။ ""- . .wuv. . ..."
အမျိုးသမီးဘက်သို့ ခေါင်းညွှတ်,erserHkl-thye
လောက်ကောင်းတဲ့ဆေး မရှိဘူး မောင်လေးရဲ့ အမြောက်အမြားတို့ကိုလည်း ဗက်ဗီလုံးမြို့တော်သို့ ဖမ်းဆီး ဘယ်လို,လောက်ကောင်းတဲem' mnရိဘူး မောင်လေးရဲ့ အဖကြောက်အမြားတို့ကိုလည်း ဗဝက်ဂီလံ့းဖြို့တော်သို့ မခီးဆီး ဘပင်္လို
ပိုက်ပြီး သမီး .... သမီးက,"Ar0- ယစ်. .. = Bf""က"
ကောင်း,ကောငံး
င့်,င့်
ရှိသော SAC ကို,ရိသော sေc ကို
ကို တိတ်ဆိတ်စွာ စားနေလေသည်။ ချစ်ရေးချစ်ရာ ၁၉၉၉ ၂၀၀ ကျပ် သူက မဖြေဘဲ,TmttittP TiP-zoudsaeteswaftm -e ycrp sym vngua
မဟာပထဝီမြေကြီး။ ရှားစောင်းပြသာဒ်ပင်များ၊ ရောင်စုံအိမ်ပုံကလေးများ၊ လက်စလက်န သိပ်မ,"..... ....။. . . "" '"
ဝန်ကြီးဘဝ ခြောက်နှစ်,nနcc-a sြsref
ခင်ဗျားမှာ ထိုးဆေး ဘယ်လောက်ရှိလို့လဲ ချို့ရွှင်ချောင်းသည် မည်သို့မျှ မရှောင်တိမ်းနိုင်တော့ ။ လက်ဝါး,"Tmin -P""- T""-Hhpebio af-onTruel ugepycefi4fir..cs"
ဟေ . . . ဟုတ်လား ငလျင်လှုပ်ခြင်းများ၏ အကျိုးဆက်များ/သက်ရောက်မှု,". ... - v vr -"" """" .."""""
ဝင် စာချုပ်စာတမ်းများ 147 - ၎င်းပြင် ထိုသူတို့သည် (ယင်းကဲ့သို့ ဘေးအတန်,"""""T1T""T"" . "" Wie seftn:.v...."
တွေကို တော်တော်ကျွမ်းကျင်,"တွေrဂ) သော်တေီ""ကင်း-ကျင်"
။ ၁၉၆၈-,၊ ၁gS:-
။,၊
"anotherevent,butingeneralyou'reallowedtouse","Pirtpnncacsim=ntntimecp,c,"
စ,စ
အတိုင်းဖြစ်,sudig4
"နေ့မသင့်။""","svsi)"""
သင်္ဘော ၁ဝ စင်း၏ ဧရာ များကို ၁၈၇၁ ခု မတ်,"TT- =- ""P  na L, )."
မူမြို့နယ်,မမြှံ့နှ.
ဗွီက ထုတ်လွှင့်တဲ့ ဓာတ်လှိုင်း တစ်ခုဟာ တစ်စက္ကန့်ကို,"။..-eeid -Ti"" -sx ""1"""
သည် သည်,သည် ယည့်
မေရိကားက မက်ဆာချူးဆက် စက်မှုသိပ္ပံကို ဆက်တက်,mfကrက rfm-mmm etiyagps ဆ်ံတံ
သည် ကချင်ပြည်နယ်၊ ပူ,"အည ကmရbDပြည်စef"" မ"
ဏေ,ဇm
"thoseattributeswhichwehaveputonhim.တိုက်တွန်းထားတယ်..ဟုတ်လား နှောင်း"" ခဲ့ပြန်သည်။ သို့သော် စစ်ကြီးပြီး၍ ရုပ်ရှင်များ ရွာလင်းရွာ (အင်္ဂလိပ်: Ywarlin)သည် မကွေးတိုင်းဒေသ","tnosaceseuesrftietinetsveputesaurm တိ့က်ကွစ်-ဂဗတား-တယ..ဟတ်လား s.p-်: "" ခဲပြှန် သညိ။ သိ့သေက် R၈ (ကီးပြီး ၍ (၇်ချင်များ ရွာဏ၆် ရွာ အHfedd. iesarfi:၁eညZ မကွေးထိုS-aေz"
င့်,င့်
တာတွေကပါ အယ် လ်ခီဘီအာ့ဒိစ်,"<-apriar"" Ttf""""h"
နှက်နေ,နက်ံနေ
တွင် မျက်နှာပြင်တစ်ခုတည်းသာရှိသော်လည်း သိပ္ပံပညာ ဆက်တိုက်ယူလာခဲ့သော ကေသွယ်အတွက် သိပ္ပံနှင့် နီးနီးစပ်စပ် ဟူ၍ မူလတန်းကျောင်းတွင်,"A. .c,pgecsuruegr-acaces tisesr crswurd""- -Trswriosrt Ti0 TT rak r"""" ""T"""
ဘဝ၌ပင် အခြေခံ ကျမ်းစာအဖြာဖြာတို့ကို သင်ကြားတတ်မြောက်သည်,"mpbiut sedP 7Tf""Tmdneguaps saoirs-mhegr.မ္ဘ"
ပင် ပြင်ဆင်,ပငံ ငြပံဆင်္
နတ်က,နယ်က
ညံစွာ အော်ဟစ်သြဘာ ပေးကြလေတော့၏။ ဟန်ဆန်းတောင် ရောက် ကတည်းက တစ်ကိုယ်တည်း ပျင်းရိနေခဲ့သော လ,"ညံစွာ အော်""ဟစ်ဩဘာ ပေးကြလေတော့၏။ ဟစ် ဆစ်းတောင် ရောက် ကတည်းက တစ်ကိုယ်တည်း ဖျင်းရီ၈စ ခံသော လဃ"
မှာငြိပါ ပါလိမ့်။,n9uuaမs
။ တစ်နေကုန် စားလိုက်၊ အိပ်လိုက်၊ အိမ်မှာ ဟို,။ တနံနေကုန် စားကိုက်၊ အိပ်လိုက်၊ ဆခ်မှာ ဟို
စံဖြိုး,စဖြိုံး
ဟစ်ပိုဂိုဏ်းအုပ်၏လက်ထောက်အဖြစ် တာဝန်ယူပြီး ၅နှစ်အကြာ ဂိုဏ်းအုပ်ကွယ်လွန်သော် ရာထူးတိုး၍ ဟစ်,"' ""T"" T ' ' . . TBPrieaiacs.sons.caw4."
စင်ပေါ်မှ ကျလာလျှင်တော့ အရိုးတခြား အသားတခြားဖြစ်ရန်သာ ရှိတော့သည်။ {{Db-test-notice-NPF}} အဘိုးကြီးက မိန်းမကြီးနှစ်ယောက်ကို ခပ်ကြမ်းကြမ်း တွန်းပစ်လိုက်ပြီး သူတို့နှစ်ယောက်ကို,"' ' ' ' "" "" ' "" . ...."
ရာ,ရာ
တင်ရမှာပဲ ထိပ်ထား ရေဝမ်းဆွဲသည်ကြီး ဘော်ဒါနိုဗာက ခပ်သုတ်သုတ် ဆက်လျှောက်လာရင်း ပြောလိုက်သည်။ ထိပ်ထားလေး တို့လို အပျိုတော်များ ဒီလိုကိစ္စတွေ မသိ,"..v..v. -.= - "" - - "" '`T ' ' '"
ရတနာပြဇာတ်ကို စီစဉ်တင်ဆက်ခဲ့၍ မြတ်မွန်ရတနာ ပြဇာတ်စာအုပ်ကို စာပေဗိမာန်မှ ဖြန့်ချိထုတ်ဝေခဲ့,"ရုတနာပြာယာ်လိ့'""ီကE-"" T""onhba ၍ မြမတ်မွန်နperfriThramapthercodemeES၊ oEflfhro်လeဲ့"
ရား,ရား
၈ ဦး၊ မ ၁၀၀၁ ဦး၊ လူဦးရေစုစုပေါင်း ၂၀၇၉ ဦး နေထိုင်သည်။ သည်ကြားထဲက မွန်မွန့်အသွင်၌ ချုပ်တည်း,"....... vescsiun,pe -""T-ir-ur"" ""TIn"""""
ပ,ပ
ဖြစ်,မြှး
၏,၏ဲ
ရွာတွင်,ရွာတွင်
ပင်,ပင်
ကားဘေးက,ကားဘေးက
၀ ဦး၊ လူ,n B၊ ဖူ
ဦးဖြစ်လိမ့်မယ်ထင်တယ်။ ဝေဝေတို့,စီးဖြစ်လ်မံ့မယ်လျ်ကာက် oeun့
ကျင်းအား နတ်မိမယ်တမျှ ထင်မှတ်ပြီး မြတ်နိုးခဲ့သည်။ သူမ အလှရိပ်တွင် ယစ်မူး,"' '. "" ' ' mvermern w.-.npr.aw"
ပြည့်နှစ်,G္နှ
ဆက်သွယ်နိုင်ခဲ့လေသည်။ မော့သည် ပန်းချီပညာသင်ကြားရန် အမေရိကန် အစိုးရက စေလွှတ်ပြီးလျှင် ပညာတတ်မြောက်လာသည့်အခါ အထက်တန်းကျ,.... . . . . . . . .
င,c
မနည်း ပြန်တည့်ယူရ,မနည်း ပြန်တe=i
လေး,လေး
အ,အ
သက်ချမ်းသာရာ ရခဲ့ဖူးပါတယ်။,-urteb်-aoep nerlတယ၊
သူ,သူ့
သည်။ အုန်းဆီထုတ်သည်။ နာနတ်ပင်များကို အကြီးအကျယ် ဦးလေး ဦးလေးနဲ့ မခေါ်ပါနဲ့ဟ။ ငါ အဲဒီလောက်,"-e=-nf5TiTTCT rerHivihyrP rf5T""Tu1ge4- Reroe rstip-. nu..e"
အကောင် နာမည်က ဘယ်သူကွ ကြိုင်သည် ပြုံး၍ ကျွန်တော့်ကို စိုက်ကြည့်သည်။,"...<.e. -esascesd7""""T095-"""
မှလာ၍ ဦးအောင်မြခိုင်အကြောင်း လာမေးနေခြင်း သည် ၄င်းအသတ်ခံရသောကိစ္စနှင့် ပတ်သက်၍,"TmTrd PrmTSo0""TrSohi caroedF""Tmel efuzcukasczrfef cucnမg္g"
မင်းတပ်မှာ ကနောင်မင်းသား၏ ငယ်နာ,"""tmndyp mnef-Hhrs.ap,"
ဇစ်,ဇေံ
ဘော်,.ေ.
နာ,နာ
ကြီးကျယ်စွာဆောက်လုပ်လှူဒါန်းခဲ့လေသည်။ ပေါဠ,'ီကယ်စားကာ်o်oikscsacdkx ede
တနိုင်ငံ တည်ထောင်,တနုpာ ဆယည့်ကေ်
ရေးလှ,ရေးလှ
ကျင်းပခဲ့ပြီး န.ဝ.တ အစိုးရမှ ကျပ်သိန်း ၆၃,"rfhiuedR၊ n7 Tfhn rnpe,p,e,"
အသံနှင့် ပြောရာတွင် အေး... ငါကလည်း ငါ့ကို တိုင်ပင်လို့ပြောသာပါ,msiyeeB-m757T. Pကcည sirt ditattbsBaza
ကျဖို့များတယ်ဗျ...ခွေးမသားပုလိပ်တွေက လိုင်းကြေးယူတုန်းကယူထားပြီး အမှုလို,""".. '"" "" . . "" "" .=. .။ ."
အား,အး
ပိုး,ပိုး
တို့,တို့
ဘာပြောသည်ကို ဝေလငါးဂိုဏ်းမှ ကောင်းစွာ မကြားရချေ။ ကောင်းပါပြီ ဆရာ၊ ကျွန်မ,"c-g,agid e=rcthedsv, erstier -P77no emtrd TT"" T5"
သို့ ဆိုက်ရောက်လာ၍ ဆေးဆိုင်,"w ucartirl ""T"
နှင့် ဒေါ်အောင်ဆန်းစုကြည်တို့,၈f zaslsaာင်eoe်=efSalတို့
ပဒေ,ပဒေ
ကွေ့တဲ့။ ကျွန်မဘဝမှာ အချိုးအကွေ့တွေ တော်တော်များပါသည်။ ဘယ်အချိုးအကွေ့က အရေးပါ,"' "" "" "" "".. .. .w...."
နိုင်,နိင်
အသင်း,ဆr.်
ရီဂျီအိုဗန္ဒီသည် အုတ်,ffခနန့ည် အု*
လိုက်,tုr
ပင်,ပင်
ခြားသစ်,ခြားသစ်
သာမဟုတ်၊ အသီးနှင့် အရွက်ရရန်အတွက်ပါ စိုက်ပျိုးကြသည်။ အသီးကို,....e Lmtef mertiersan PTPTTB -5T-T
အ,အ
င့် ထမင်းချက် လင် မယား,tacabnt7
သည် အိမ်ထဲရှိ သမီးနှစ်ယောက်ကို တစ်ချက်,ယည asaetaofPof-mhmု တert
ဓိသမ္ဗောဇ္ဈင် မရှိလျှင်လည်း ငါ၏ သန္တာန်၌ သမာဓိသမ္ဗောဇ္ဈင် မရှိဟု သိ၏၊ မဖြစ်သေးသော သမာဓိသမ္ဗောဇ္ဈင်၏ ဖြစ်ကြောင်းကိုလည်း သိ၏၊ ဖြစ်ပြီးသော သမာဓိ,"... swcai -v .pvae.-vav-sive ir -0"" :. .+-"" -<T"" 0tiro ""-T"""" '"" 97-."
အသစ်သစ်ဖြစ်သော အချစ်လွှာ မှာတမ်းတော်,Toefuedte=- mutyp pcsar
င့် ထွက်လာ,tံ အူb-on
"မဏိပဲတဲ့"" တက်စသည် တညနေလုံး ကြီးမားသည့် မြေပုံချပ်ကြီးကို ကြည့်နေပြီးနောက် မိတ်ဆွေအမတ်တယောက်နှင့် သွား၍ ည","' ' "" ' "" "" K"" . Tiuaimoesi-iH-ra.cr.r.e...v. .w."
၌ တည်ရှိသည်။ ရွာနေရာကုတ်မှာ ၂၁၃၁၆၃ ဖြစ်သည်။ ၂၀၁၄ သန်းခေါင်စာ,၏ melbfesef erTTmrbhyp yrada efrndh yoas asucss
ခုမြောက်အဆင့်တွင် ပါဝင်သည် တို,"Tntaobta""rlofugy ,y"
အမိန့်ရထားကြောင်း၊ အကယ် ၍ မနာခံလျှင် မြင်းများကို လှည်းမှ အတင်းဝင်ရောက်ဖြုတ် ယူရလိမ့်မည်ဖြစ်ကြောင်းဖြင့် လူတစ်ယောက်ကိုစေလွှတ် ၍ အပြောခိုင်းလိုက်,"Lany,-ces,s- s=<i.a.-a-epnefir-tudkv.-ir""TrTdr svevoecidPf5Ti Yi.-""T"" 1 7TPT"""
ရမည်,ဇမည့်
သည် ဇုနတ်မင်းကြီးနှင့် တူသော်လည်း ပို၍ ဣန္ဒြေကြီးပြီး,cugs apstiwcishuef rosrbeopdbl (el zrd0ီ
။ ကိုယ်ရပိုင်တဲ့ အခွင့်အရေး,"၊ n,sepden ine1Tt"
မျှ အသုံးမဝင်။ လွမ်းချင်းစပ်နည်း ပထမဆုံး,w aauca refTefThed:-mmet
ကုသ,ကု့သ
တာဒေါ်မိုးသူပါလား၊ ကျွန်တော်တို့လမ်းထဲ မလာစဖူးလာတယ်၊ ဗန္ဓုလ ရုံမှာ,"""-ier""T TP-imicea eresrrzu:.p,.yp."
င့်,င့်
ဗျ။ ကျွန်တော်တို့ တပ်တွင်းဆိုင် က ပစ္စည်းသိပ်စုံတာ,"w-prwsr1att 7-aet""T"""
ရင် လုံလောက်ပြီပေါ့,nE် rerrifedါ
ပြီ,ပြီ
၃၅၃ ဖြစ်သည်။ ၂၀၁၄ သန်းခေါင်စာရင်းအရ တောင်နီကျေးရွာအုပ်စုတွင် ကျား ၁၁၀,"' "" """"""' ' -...- .-Kvevwv.-."
ခင်ဖြစ်သူ,ခင်ဖြခံသူ့
ပုန်း,ပုန်း
နားလည်ကာ ပြီးပြီးပျောက်ပျောက် သဘော,ccagycs ad7eThsP :
သည်,သညှ့
နတ်ကို,နတ်ကို
ပြီးနောက် ကားပြန်၍ ထွက်သွားသောအခါ ကားပေါ်၌ ပါးစပ်တွင် အဝတ်များ စည်းနှောင်ထား,""""" "" "". . . ...."
ပုံမှန် လက်ချာ သင်ခန်းစာများ,Phe turber sarine=rmps
သားတစ်ယောက်အနေနဲ့ ပျော်ရွှင်ကြည်နူးနေတာကြည့်ပြီး တကောင်း ပီတိဖြစ်မိတယ်။,L.-acrsiznst estpiesdjes:P4dB a-i:P0T-
ဟု ဆိုသည်။ သည်တော့ကျွန်မကပြန်ရောက်ရသည်။ မည်သည့်ခံစားချက်မျှလည်း ဖြစ်မလာ။,""" ""Td"" -5 THTokzerTredr wiagur-wrwvre .a..."
ရေဖျန်း၍ ခရစ်ယာန်သာသနာသို့ မသွင်းခင် သေဆုံးသောကလေးများမှာလည်း ခရစ်ယာန် သေခြင်းမှ ပြန်၍ အသက်,"TnfBd ""P:TT""T-mn-rsiort rTH5r-ne:.-serued roniuvsugcy, gg ecue"
ကား အောက်မြို့ကျေးရွာသို့သွားတော့မည်။ ယခုအခါ,"...Lccagjyrs erneswreroredn -"""
ခြားလိုက်,စြးလ၃့Fစ
ခင်,ခငံ
တွေ,တွေ့
ပုဒ်မ,ပုဒိမ
သည်။ ၁၉၅,သည် ၁၉၉
ပြန်ဆုတ်သွားခဲ့,၆်a္tpး)
ဒီမိုကရက်တစ် သမ္မတနိုင်ငံ နှင့် မြောက်ရိုဒီးဇီးယားနိုင်ငံ (ဇမ်ဗီယာနိုင်ငံ),"''.-"""" =:Tr ngsase.-ePI-vas.y."
တို့ကို ဖလမ်းချင်းဘာသာစကား၏ ဒေသိယစကားအဖြစ် စာရင်းပြုထားသည်။ စကားအ,"w.. . . .. ~. """"."
။ ၂၀၁,၊ ၂=-
သကြားနှင့် ဆန်ကို ပေါပေါ ဝယ်နေရသည့် အိမ်ရှင်မများက ဘုရားသိ,"Lg,.-r sn -ii:-rssei ""PTP:T -T """
စု,စု
တည်,ကည့်
ခဲ့သည်,ခဲ့သည်
ခဲ့ပြီး ဆက်လက်ချီတက်ကြ၏။ ဤသို့အားဖြင့် အီဂျစ်စစ်ကြောင်းမှာ အ,Ae၊ orderherTfSTt Sampacaegp doftefeSopdhy- s.
။ နန်းတော်ရှေ့ ဆရာတင် သားကလေးများနည်းတူ ကျွဲကျောင်းခိုင်း၏။ မော်ဂလီမှာ,"၊ Lsucwq urern"" :=-mesys seiri TI""Tn""1i erirP"""
နေလို့ပါ ဗိုလ်ကြီး,နေလို့ပါ ဒု့လ်ကီ၊
ဝင်ရောက်ယှဉ်ပြိုင်,cfeanpcublef
နှာရည်ညွှန်း,နာရည်ညွှန်း
လဲ။ဒေါ်ဒေါ်က အသက်ကြီးပေမယ့် မျက်နှာကတော့ နုနုကလေး ရှိနေသေးလို့မို့ ဝတ်နိုင်ပါတယ် ဒေါ်ဒေါ်ရယ် လုရင်းလိုက်ရင်း စုတ်ပြဲ,လဲ၊ဒေဒေအေးက အးလက်ကြီးကပမယ် မျွာ်နှာကကော RHeraets.ရှံနေသေးလဲ့န့ HEHREP-dohယ TalaseယE opfTifeဉfhelh guag
ကိုတင်ဦးက မြိုင်၏နာ,ကိုလာ်ဦ:က ပြိုင်၏။e=
ရှိဘူးထင်ပါတယ်..,ရိတူ့ဆငပါတပ် -
"အင် သုံးစွဲနိုင်အားမှာ ၅၅,၅",TTiestarrme
ဖေ,မေ
ကား,ကး
မည်,။၉္
ဖတ်ကြည့်လိုက်၏။ သူထိုနာမည်ကို ဖတ်နေမှန်းလည်း ထိုလူ,"TTR2ri1P"" Thrpejit asasirmes mv"
လီနိုင်ငံသို့လည်း ပျံနှံ့,cbsiazaလညk: Th
။,။
ပြုအောင် ဆွဲဆောင်ခဲ့သည်ဟု ထင်၏။,GrmtgperTPi7Ehi a
နှောက် အသစ်,asil azf
မြက်လိုသူ,မကံခံသူ
ပန်း,ပန်း
ခုရှိရိုခရိုင်၊ ခုရှိရိုတိုင်း၊ ခု,"ခုရံရံမရေံ၊ ခုံရန်f"""
ရွာအုပ်စုတွင် ကျား ၅၉၈၈ ဦး၊ မ ၅၆၅,pwtapt mrn orT f-ofo
ခြင်း,G၊
၍,၍
ဖြစ်,ဖြစ်
အ,အ
ထွန်းမောင်ကြီးက လှေကိစ္စ လုပ်စရာရှိတာတွေကို ပေါ့ပေါ့ပါးပါးပင်လုပ်သွားလေသည်။ လှေပိုင်ရှင်များက သူ၏တက်ကြွမှုကို သဘောကျနေကြလေသည်။ တိပိဋကဆရာ,"' ""."" ' ' ""-Toe.-"" ""Hhuavivr. -drsuvsirvr= vi.-maqpv..<ces.va,_ay.."
၊ ဝေဟင်ပေါ်ပျံ,၊ scrtang
ဒုက္ခနှင့်ရင်ဆိုင်တွေ့ကြုံနေရရှာသော အေမီက သူသည် ကူးနားပဲလေ့,"TarbntitfTTidrre.- vez vudl pci,.."
ပါတယ်ဗျာ သိပါတယ် လုပ်စရာမရှိတော့,"rlccdep Suim=t vlepwgazr,."
"က မင်းနဲ့ ပူးပေါင်းပေးမယ် "" ဆေပီယန်စ် -၂၄ တစ်နေ့တွင် ကိုဓာတ်သားက အင်း ဆရာတော်ဘုရားများကိုတော့ ဖူးမျှော်ပြီးပါပြီ၊ မင်းတို့ သဘင်ဂီတအဖွဲ့မှာကော ဘယ်သူတွေပါ",. . . . . . . . ..
တစ်သက်သက်စွဲလာခဲ့,csarsiartbent
၀၅ ဖြစ်သည်,၀၇ ဖြစသည
လဲ သီတာ၊ အင်း . . .အေးမြတဲ့ သီတာပဲ ဖြစ်ရမှာပေါ့ ဟင့်အင်း၊ မဟုတ်သေးဘူး အစ်ကိုရယ်။ ဒါပေမဲ့ ဆက်ပြောလေ၊ ဆက်ပြောပါ။ ဆွန်ညာ နားလည်နိုင်မှာပါ။ အား,"'' ""- "" TT "". - 1""-T""-"" Tn-sur"":-o -1-ts4:v.x -ir..uori suz: ...p,:.:."
ထောင် မြန်မာနိုင်ငံအသင်းသည် ၁၉၆၀ နွေရာသီ အိုလံပစ်ပြိုင်ပွဲသို့ ဝင်ရောက်ယှဉ်ပြိုင်ခဲ့သည်,"""""T B""T""""'""-TD-e=-rPT-amaescse=rwaisr.y"
အဝါကို လိုက်ပြီး ဆုံးဖြတ်တာ ဖြစ်ချင်,THt nirB Tierir gyy
ရှိ။ ဟူ၍လည်းကောင်း၊ ဂိုဏ်းချုပ်ကြီးရဲ့ အကွက် သုံးကွက်ကတော့ တကယ်ကောင်းတာပဲ၊ ဒီကောင် ဒီအကွက် တွေကိုတော့ လိုက်ကစားနိုင်မှာ,""" "" "" "" """" ""  ....."
လွယ်,လယ်
သိမ်းထား ကြလို့လား,သိမ်းထား ကြလို့းား
၊ ဆိုင်သာဆိုင် မပိုင်ဘူးဆိုသလို ဖြစ်နေ,"'ThrnsePrffirtsupg,"
နှစ်၊ ပြီ,နစ် ဇ္
များ,များ
၏။ ကိုယ်ထင်ပြလာသူကဲ့သို့ အခန်းဝတွင် မြိုင်က မလှုပ်,"wmpcracgprswT:i merrar: PT"" ""T"
မြို့နယ်၊,မြို့နယ်
ခုအချိန်ထိ စီစဉ်,tsနad Ref
ချုပ်ကြီး သူရ ဦးတင်,abefi as Ilတf
ရ ရှီးလန်ဒမ်း,ရ ဒို့လန်ဒမ်း
ပိုင်ကြံပါ။ ဂျိုးဆက်စတိန်း,မိင်ကြတပါ။ ကျါး.ငက်စeတိန်း
တယ်၊ ပြီးမှ မြေကမူ မြေပုံတွေဘက်ကို လှည့်တယ်။ ယဉ်ကျေးမှု,"..np,-w-x or-v:-a -i"" ' '""- """
မျက်နှာဖုံးကို မေ့ဆေး,Thypmjewce:
သည်,သည်
။ အကြောင်း,။ ဖခ္ောင်း
ပွဲကြီးနှင့် သာသနာနှစ် ၂၅၀၀ ပြည့် အထိမ်းအမှတ် အောင်ပွဲသဘင်ကြီးကို ၁၉၅၆ ခုနှစ် မေလ ၂၂ ရက်မှ,"မဋန္န့ czaesef ,uoagygyaudirmrmh ersoebcuordထr0 TtS9P iof zorn 2a 5"""
သည်။ ထိုအခါ ငစွယ်ငယ်မှာ အဟုတ်တ,"wgy-asice""""""n7otm"
လား..,လား..
ပိုက်,ပု့ t
ပန်း,ပန်း
ထို့နောက် အမျိုးသမီးကို နှုတ်မဆက်,cercsi olr=TB mrfheenf
သည် တိုက်ကွင်းထဲ ဝင်ရောက်၍ ပါ,repel တိmmfidt PTfmprနj) a
ထားသီ,ဣ.
ကြ,ကြ
လာ,လာ
ကို သိသော,ကု့ aေ-
သည်။,သည်း
မေးခွန်းတွေကိုလည်း မုန်းတယ်။ ၀င်းလှသည် ဖြူဖတ်ဖြူရော်ဖြစ်နေသော ခိုင့်,မေးခွန်းတွေကိုလတ်း မန်းတယ်။ ၀င်းလှသည် ဖြေ့)။ကတ်ဖြူ့ရော်ဖြစ်နေသော စိုဗ်
သည်,သန္ံ့
အပိုင်းတွေကို အခု,apt-anု =t
တော့မယ်။ ခင်ဗျားကို လာ,"sv4s atmrP """""
ဟူ၍ သီးခြားမရှိခဲ့ဘဲ၊ ရောမနိုင်ငံတော်,ယမျှ LRKgawedidh -m-nefieတေ
၀ဖြစ်စဉ်,ryြaas
လဲ,လဲ
ရာကုတ်,ဇာကုတံ
ကြ,ကြ
ဥ,ဥ
ထွန်း - ငါတော့ ဒီလိုဟိုးလေးတစ်,-ုန် - ilemာ TtP=ostne
မောင်မျိုးမြင့်,wrtမနgybံ
ပင် အထက်ရှိ ကျောက်လွှာတို့မှ မြင့်မားသော အပူချိန် နှင့် ဖိအားတို့ကြောင့် အသွင်ပြောင်းကျောက်အဖြစ် ပြောင်းလဲလာနိုင်သည်။ ခင်စိုးပိုင်နဲ့လား ရှိတယ်,"' ' ""' . .... ."
ယမကာကို စောင့်နေကြတယ်။ စားပွဲထိုးမလေးက တော့ အသက်ရှစ်ဆယ့်လေးနှစ်ပဲ ရှိသေးတဲ့ လှ,"....cwsarnesaun..-- Tiroi"""" '  '"
ဖစ်ချင်ရင် အဲ,neatit s
လူကို,လူကု
ဧရာ,စရာ
အဖြစ်နှင့်,zဖြခနှံ့
င့် အောက်ဘုံ,င့် srက်တံ့
စေ့စပ်ကြောင်းလမ်းထားလျှင် သော်လည်း ထားရလိမ့်မည်။ သို့ဖြစ်နိုင်ပါမည်လား။ မမြင့်ဦး၏ မိဘ ဆွေမျိုးတွေက သဘောတူပါမည်,.... . . . . ..- . '
ဝတ်,ဝဆ့
ဘယ်လို ခေါ်ကြမယ်မသိဘူး တိုက် လူဦးရေတိုးနှုန်းသည် ဝ.၉ ရာခိုင်နှုန်းဖြစ်သည်။ ခန္တီ (ပုလောက်မြို့နယ်ခွဲ) နယူတန်၏,"-TL-T5-""-""TeTtP""-idotie""ဣ -roigecaei Ricr-oigpuayrpr-s"
တူ ပေပိုယူသည်။ မခင်သန်းက သဘောကျပြီး ဆရာ သံပရာ,"ccigpeadr-rnftnH- sezmne 7T """""""
ရဲ့၊ မောင်အဝေး ကလာတာကို မြင်မြင်,ရဲ့၊ မောင်အတေး ကးကဘာကို မြင်ပြငံ
သွားသည့်ကုန်တွေ အရှုံးပေါ်သွား၍ ဟုဆိုကာ လျှော့ပေးတာတွေရှိသည်။ ကိုယ်လူကြုံပါးလိုက်သည့်ငွေကို နည်းနည်း,"...=-rascarar.s.-r. -eom=TT01Tn0"""""
မှ,မှ
လိုလား၊ ဒါဖြင့် အမေရိကန်ပြန်ကြီးဆီရော ဘာလို့ မသွားသလဲ၊ ဟိုက လက်မခံလို့ မဟုတ်လား ဪ.. ဆံပင်ညှပ်သ,"' ' "" "" "" "" .=. .မ.."
ခွဲစိပ်,ခဲ့စိပ်
အ,အ
မောင်,မောင
ယှဉ်တွဲလျက် ရှိသည်။ စနစ်တကျစီစဉ်ပေါင်းစုထားသည့် အခြေခံဥပဒေ,"Lgp-ys icudi-efrwpeatn--"" ""T:-:"
ရာတွင် လိမ့်၍ကျလေပြီဟု ခန့်မှန်းသိရှိရသော်လည်း ထွက်ပြီးဆင်းမသွားဝံ့၊ ဆင်းသွားခါမှ ဖွပ်သည်ထက် ညစ်,"""'0 ""PT'"" Thzer-:di-Trenas-csu-wcrqw-a.y"
ပြန်,ပြန
တစ်စိတ်တစ်ပိုင်းအနေဖြင့် သူမသည် တောင်အာဖရိကတွင် နယ်လ်ဆင်မင်,"Kuw-ca:ri =Y-u.:-"" - 'T-""-"""
တော့,တေ့
ကချင်နှင့် ကရင်အမျိုးသား များလည်း သိပ်မတွေ့ရတော့။ အောက်ပိုင်းမှ ကုန်သည်များကိုကား လုံးဝပင်မမြင်ရတော့ ချေ။,"""ue""ei -T""""T-wroadn T57Tirmr esz-estu sirdser-4-rcutwtatdca,.y"
ပေါ်မှာ ငါ,lulyai
ဏ,ဏ
နေတာ၊ ရောင်ဘန်ရွာ (အင်္ဂလိပ်: Yawngbang)သည် ရှမ်းပြည်နယ် (မြောက်)၊ ပလောင် ကိုယ်ပိုင်အုပ်ချုပ်ခွင့်,"' ' "" . . . Yv.v. . .vv..."
င့် ရောနေသော ရေဖြစ်လျှင် ဓမကရိုဏ် (ရေစစ်) ဖြင့် စစ်ပြီးမှ သောက်ရ၏။ သူ့အား ပြန်လည် မဖြေကြားခင် ဒေါ်ဥမ္မာသည် တံတွေးကို တစ်ချက် မျိုချလိုက်သည်။,".....<warv..v.can it iv..ur sr - of-u -aur""- Tr Tni -or"" ' ' ' IiBP""-d"""
၄၆ ခုနှစ်,၃၆ နနှစ်
ကုတ်မှာ ၂၁၉၈၆၂ ဖြစ်သည်။ ၂၀၁၄ သန်းခေါင်စာရင်းအရ မိုင်းဟွမ်ကျေးရွာအုပ်စုတွင် ကျား ၁၈၂၀ ဦး၊ မ ၁၇၅၇ ဦး၊ လူဦးရေ စုစုပေါင်း,"''"" """"'"" "" - .""""""-Prwcuer=or.w.-.e.-as...a."
မှ ၁၉၉၁ ခုနှစ်၊ ဒီဇင်ဘာလ ၂ဝ ရက်နေ့တွင် ကြေ,""" mns ef.""T0"":-,v sprps as"
"floor,","raor,"
ယောက်စလုံး မသင်္ကာစရာ တစ်ခုခု တွေ့ လို့ ရန်သူ့နောက်ကို လိုက်သွားကြတာ ဖြစ်ရမယ် တစ်စကို ကာဗွန်တုံးနှင့် ဆက်ထား၍ ကျန်တစ်စ,"..... ....vm -on mser: "" "" .- "" "" '"""" ""''"
အချိန်,အချိန်
ဘု,ဘု
။ အပြစ်,။ အဖြစ်
၊ သွေး,၊ လူေး၊
ကြိမ်၊ ထိုနောင် ဘဝင်ဖြစ်ထိုက်သ၍ ဖြစ်၏ ။,RB0 ceesrt TTdtsirHaနg gea
နေထိုင်,နေထိုင်
စစ်,စစ်
၊ ရော့... ဦး,၊ sေး.. H
ဗြိတိသျှတို့,ဗြိတံသျှaး့
ထူထပ်မှု,rsty
မှာ ၁၈၃၀၆၈ ဖြစ်သည်။ ၂၀၁၄ သန်းခေါင်စာရင်းအရ ဂုံမင်းကွင်းကျေးရွာအုပ်စုတွင် ကျား ၉၁၂ ဦး၊ မ ၁၀၈,""" =x-tn dP7-r"" T-v siuautirn"":-ntet-pt-vperateo -p. y,y.c =s"
ကြည်သည် ဖေဖေ့ရှေ့,Phelacst ssve
အရ ငါးရှဉ့်ရိုးကျေးရွာအုပ်စုတွင် ကျား ၆၅၄ ဦး၊ မ ၇,"Tasi-un Txr:v: s,s. . ."
ကြည်မှုတစ်ခု,Suiprs
သွေး,သေး၊
တိုင်းပဲ ကြည့်,တိုင်းပ ကြည့်
ဖြ,ဖြ
ရင်မ အားပြန်၍ လက်,ရင်မ အ-နိ်န်၏ လက်
အုပ်စု,t၃l)
မြက်ရင်း သွေး,မြဲကံရင်း sေး(/
၇၉-,၇၉:
သခင်က ဝေါယာဉ်ပေါ်သို့ တက်ရန်ပြင်လိုက်၏။ ကျမ်းပြုကြသူများ,"""""771TIT17-ispaws-wss,.."
ရင့်တပ်သားများက လိုက်လံတိုက်ခိုက်ရာ ကနီနော်ရ,"weuec-prax ""ttnitiete nHff"
ပန်ကောင်,ပနat
ငေးငိုင် ကြည့်ရှုတော်မူလာ,ecnရs ဤrsagpeေfhirm
ဒါပေမယ့် ကျုပ်တို့က မလုပ်ပါဘူး။ ဟန်ဆန်းဂိုဏ်းချုပ် လုပ်လိုက်ရင် ခင်ဗျားနဲ့ အဆင့်တူသွားမှာပေါ့။ ဒီလောက် သိက္ခာကျမယ့် အလုပ်,"...<ee=-<v..-wvao=-=r -irv <- ' "" - --""' ' ' ' ' '"
ရန်,ရနံ
ကြောင်း NTV ရုပ်သံက ထုတ်ပြန်ခဲ့သည်။ အောက်တိုဘာ ၂၃,rrxth erne nfT -rD4cag: esortit- y
။,။
ဝှိုဝ်း ဠှိုဝ်း။ ချော,biG: (ွeae se
လှယ်အဖွဲ့ လန်ဒန်,လုယ်ခန့ လ်n
ရာသည်,tzgl
"ပစ်လိုက်လို့ ကားကြီး ရပ်သွားပြီ"" စိန်ပွဲစား","voetbbet morP"" nfhpst"" agya:"
ဆိပ်ဖြစ်သည်။ ၎င်းတို့တွင် စက်ချောဆီ၊ ဂီယာဆီနှင့် အမဲဆီများ,"Pigeaplt"":""Ta1 etiapu. crofeC sstဟg,."
သစ်လေ,သစံလေ
ဖြစ်,ဖြစ်
။ လူဦးရေသိပ်သည်းဆသည် တစ်စတုရန်းကီလိုမီတာလျှင် ၁၄၃ ဦး ရှိသည်။ စုစုပေါင်း,"..e.e.-.-<-aesmP:-T""1B07"
သိ,သံ
ခဲ,ခံ
ထွက်,လူး
ညနေခင်း၌ အိမ်ဝိုင်းထဲ ဆိုင်,"cawtig R6f""P P1"
တော့်,ဂေံ)့
နေ,s
င့် နဂါးဘုရင်,Rနsmpot
၁,၁
ရာ ကျွန်မတို့အပေါ်မှာ ကျေးဇူးတွေ အရမ်း များနေပြီ,"<.pcaecard -Tnmi-d"" e:"""
အ,အ
လာ,လာ
ကြေးရေတတ်တွေရဲ့ အဆောင်အယောင်တွေပေါ့။ တော်တယ် ... အစ်ကိုကြီး တော်တယ် ... ထိုနောက် လက်နှိပ်,"...... . "" '  '"
ထုတ်ဝေ,လူ့ဖaး
မာစကားပုံတစ်ခု ဖြစ်သည်,werssppte BfTf
မလား အောက်မေ့,မrာ. ဆောက်ဖေ
လို့မှ မဆုံးမီ သိန်း,ရbusil 1f
ကာ၊,ကာ၊
တို့အိမ်နဲ့ ဖေဖေတို့ အဖေ အမေအိမ်က ကံသိပ်ကောင်း သွားခဲ့တယ်။ ကျွန်မတို့,"Ls.,..i ""-res.-a""-"" :"":""-eH1T"""
၊ meropenem,၊ meropenern
ပနိုင်ငံတွေမှာ ကျန်နေသေးတဲ့,TBftemp rtrersa
ဒင်း ပွိုင့်တူးတူး သေနတ်သံကလေး ထွက်သွားသလို ...,"ဆs: gွpepcrpး rsorfitirmer-meကfsy-T"" .."
ရပ်ဝတ် အရပ်စားနှင့်။ ဒါက ဘာသဘော,"""hi seriroh Hh- s..."
သူ သို့မဟုတ် ဩဇာတိက္ကမကြီးမားသူများ ပေါ်ထွက်လာပါက အခြားသူများအ,"L u,uo,i er=rzrthucaps srlrtr""T-T mSr-ee=-m"
ကာ အခြား,က းမွား
တယ်။ သူဇာလွင် ခေါင်းခါလိုက်တယ်။ သူ ခေါင်းခါပြနေတာကို မင်းခန့်ထူး မြင်ပါစေ။ မလာ,"' """" "" ""-။ smne.-+.aupe.."
၂၁၁၅၀,",၁၅၀"
မည်,မည်
လုပ်မဖြစ်။ နောက် ဆုံး ရထားသည် ခပ်စောစောကပင် ပါရီသို့ ထွက်,".egpy ari en r=rasd sr-"" T9D T"
နှစ်,နံ
ငရှဉ့်ကျ မည်။ ကြိုးထိုးလျှင် သည်နှစ်ကောင်အနက် မည်သည့်အကောင်ကျကျ ကိုယ်က အနိုင်ရမည်။ ရာဇဝင်ဟောင်းများရဲ့ သင်္ချိုင်း ဘာလုပ်ရမည်နည်း။ ဒီနေရာက စောင့်လျှင် မ,ငရုစ္ံတျ မည်။ ကြိုးတဟိုးလုင် သည်နှိစ်ဂောင်အနက် ဖကည်သည့aခောင်ကာျကျ၊ ကိုဟင်က အနိုင်ရမည်။ ရာဇဝင်စေဟာင်းများရဲ့ သ-ချိုင် ဘာလုပ်း(ဂeလ်နည်းပ ိနေရာကာ စောင်ကယျင် မ
လိုက်၏။ စုသည် ကြီးကြီးမေရင်ခွင်,"pas. euad P'T""TThe1"
လုံး လျော့ကာသွား၏။ ချိုသဲကြည် ဧကကို ငေးနေမိသည်။ အို ခင်ခင်လေးရယ်၊ သရဲများ ချောက်သလားကွယ်။ ခင်ခင်လေး ဘာဖြစ်,"လုံး လျော့ကာသွာ(ကn Alheiဩည ဧေ-ကီ eေn""ကတည်။ အို ခေါ်ခေါလေးရက်၊ Trimps ချောက်ံဿလားကျက်n nEnefecေ: ဘာဖြစ်"
တိထားနော် ကိုင်းကျိုးကျမယ် အခြွေအရံကလဲ ဒါလောက်ပဲ နည်း,"""... TRnrTaTnma.ve..ive"
တတ်လို့,csdsေ
ရီ စိတ်ကို ဖတ်ကြည့်ပြီး မင်း ဒီလိုလုပ်တာကို သိသွားရင်.. မည်သို့ပင်ဖြစ်စေမြေ,"ရီ စိတီကို ဖတ်ကြသ်ပီ"" ""င်း ဒီလိုလု်တာကို သီသား(ဂ"" - မည်သို့ပင်ဖြစ်စေဗြေ"
သည်။ ယခု,သည်။ ယု
ဆိုင်ရာပြဿ,စုံစနပ္ြယ
လာကြသည်။ စစ်ရထားပေါ်တွင်သာ အစဉ်အမြဲ တွေ့မြင်ခဲ့ရသော သူ,"..ecevwa..-Ti"".-casn=Tr"""
စွာ ကျင်းပတယ်လို့ဆိုပါတယ်။ စတုဒီသာအကျွေးအမွေးများနှင့် အလွန်စည်ကားသောဘုရားပွဲတော် ဟုလည်း စော်ဘွားတောင်ခြေ ရှမ်း,"............ .. wv."". . ... "" "" "" '"
သူတို့အားလုံး စာအုပ်ထဲသို့ ရောက်ရှိ,သူတို့အားလုး စားအုဂ်ကဲာမိ့ ရောက်ရှိ
ကြီးဆုံး လုပ်ငန်း,ကြီးဆုံး လုပ်ငန်း
ကာ ထောက်ကာဖြ,r. ခဏာက်က၆်
ဘရက်က ဆက်ပြောသည်။ ဒီနေ့ကစပြီး,"cqerc-stnd""7E- Thernd"
မြေစေးတွင် အညစ်အ,"cွamt meင""*"
မျောက်၏ဇနီးအား သိမ်းယူတာထားပါတော့၊ တိရစ္ဆာန်ကိုး၊ လူဘုရင်တွေက စစ်ရှုံးသူ၏ ဇနီးမယားကို သိမ်းပိုက်တာတော့ လွန်လွန်းသည်ဟု ကျွန်မ ယူဆသည်။ မိန်းမတွေခ,.... . . .. .
တော်ဝန် ကော့ခ်,စတ်ဝန် ကော့စ်
မအေးပေး,မsေေး
ရွရွနှုတ်ခမ်းဖြင့် သူ့ခေါင်းကို,"ရနနaefaခဖြ် a""""E-ကိ"
ရှင်း,ရင်း
ရွာအုပ်စုတွင် ကျား,gွာအဖုပ်ုတွင် ကျး
ချက်ပြ,ချက်ပြ
အချိန်တွေမှာ ငြိမ်းချမ်းသာယာတာကို ခံစားရတဲ့အချိန်တွေမှာ တစ်ခြား,"' ""9""Tr"". . .4."
မှာ ဒဏ်ရာပြင်းထန်သည် မှန်သော်လည်း ခေါင်းမထောင် နိုင်လောက်အောင်တော့ မဟုတ်သေးချေ။ ဦးခေါင်းမှာ ကြည်ကြည်လင်လင်ပင် ရှိနေ၏။ အခြေအနေအရပ်ရပ်ကို,.... . . . . . . .
အချင်း,ခမုခ်၊
သွားလျက်ကပင်,sprျfnင်
လက်,လက်
နားစိတ်တစ်ခုတည်းနှင့် ခွင့်ပြုရတော့မှာတဲ့လား။ ဇနီးတစ်ယောက် ချစ်ရာရောက်အောင် ခုထိတော့ မပျက်သေးပါဘူး၊ ရော်ဘင်က သူသွားကြည့်တဲ့ လမ်းကို ကျွန်တော့်,"' ' ' "" ""' """". "" "" '.. . . "".. . .Awv.."
လဲခြင်းမှ ပင်လယ်ရေမျက်နှာပြင် အမြင့်,Tafv ufmtmTmrhenGgzgs
နဲ့,နဲ့
ရှိုနာလူမျိုးဖြစ်,kerudjysf
ဝ,၀
ကောင်းဆန်းဂေဟာကြီးမှာ အနားယူပြီး ညစာ စားကြရအောင် လှေမျော လှေနှင့်လိုက်၊ ငွေမျော ငွေနှင့်လိုက် ဆိုသည်မှာ စီးပွားရေးလုပ်ငန်းများတွင် အရှုံး,"L.cca.:.-ste: acvge sr- reဲrsws.c,cc-rorf""T""-ion seit""P-P TurmrP1""T""' T"
ထူးခြားလှပေသည်,ထူးခြားလှပေးတ်
နိုင်ချေ။ တနင်္ဂ,နိုင်ချေ။ တန်္ဂ
မှု ကူးစက်ရော,မ က့ကဏေလာ့
ကျိုး ဖြစ်စေခြင်းငှါ မစွမ်းနိုင်ခြင်း၊ ရုပ်အကျိုးတရားကို ဖြစ်စေတတ်သော,"Agceu-reiervc-e""717--7"
၀,၀
ရေး၊ အိမ်များရှိမိလ္လာစနစ်,ရေး၊ -SbvpaelftarTP
သောအားဖြင့် ထိုလွမ်းချင်းတို့တွင် တောတောင်ရေမြေ,""".-ml TrfTnPtews.-atsg"
မတူ ချေ။,မဘု မေ့
သဖြင့် စိတ်ပျက်စွာဖြင့် မာရ်နတ်ထွက်ခွါသွားရပုံကို ဟောတော်မူသည့်သုတ်။ အဘွားရော ... ဆေးရုံလိုက်သွားလား ရှေးခေတ်တရုတ်,T90 TharT0Tr ThrShasheitrTtriBo zmoecdercedrhr-smor-capn . scoererfeuy:..apyceudcrsus
အများဆုံးဆေးကို အသက် ၂,"cpwgsnf7:""I"
ရှိ အကြောစိုင်မှန်သမျှ တင်းမာနေသည်။ သူ့အား အ,"L Lacgy,stvki-s ""fh-rssceir Vr"""" """
စားသောက်နေကြဟန်ရှိသည်။ ကျော မောင်,၈-szေartesd:0သည။ sျyာ မောင်
ပို,ပို့
လွင့်,လွင့်
ဟု ဆု,ဟ မု
တယ်,တယ်
ဖြစ် MMR009012022 Yae Hpyu ရေဖြူ ဟု ပြောပြီး ရုံးခန်းထဲခေါ်သွားသည်။ ရာသီဥတုရှိ၍ရေမဝပ်ဘဲ ထုံးကျောက်မြေဆံသည့် ဒေသမျိုး၌ ပိုမိုဖြစ်ထွန်းသည်။ မိုးပါးရေရှားသ,". . .... . . . "" "" """
မ,မ
ဓားသိုင်းက တော်တော်ကောင်းတယ်၊ ထင်ပေါကို အဲဒီနည်းနဲ့တိုက်ရင် မရှုံးနိုင်ဘူး၊ အတွင်း,Tii- =TThmud asesi nfhetheidieup uygerps mf
အ,အ
မိမလား မသိဘူး၊ အန်တီ မီ,Buxrx v2dဘး၊ nf5 5
Wardအမှတ် (၁၄) ရပ်ကွက် အခုဆို ကစ်ကစ်,"Wiarအမှတ် (၁၄) ၈""ကပက် အခုဆို ကစ်ကစီ"
ကြီး,ဏ၊
ရာကုတ်မှာ ၁၆,npmdhy:a20
တေနှင့် ခေတ်မြန်မာမဂ္ဂဇင်း,"တေနင့် ခေတ်မြစ်""ကာမလဇင်း"
ဟားရယ်၏။ 32. Lords of the Sunset. ဒါပေမယ့် ကျွန်တော်ဘာမှမပြောမိ...။ ဒီအတိုင်းလေးပဲ အသက်ကိုထိန်းရှူရင်း ဖုန်းကိုနားမှာကပ်ထားမိသည်။ သို့သော် အချိန်အ,"...vမ. . . ..။v.""-vavse Tr"" "" T-TiriearI ""-"":"" ""T"" "" ' """""
သိမ်းကာ မှော်ဘီ စိုက်ပျိုးရေးစခန်းကို ဌာနချုပ်ဖွင့်၍ သူတို့အား ခုခံရခြင်းပင် ဖြစ်သည်,"""h-=n or""T5 Tfrorseindgpesfbefdlrorbcrc ,suycu.leEtaed"
ထွင် ဖော်ထုတ်လာသည်။ အဆီးရီးယားနိုင်ငံ၏ လက်အောက်,ထွင် ယော်ထုတ်လာဘတ်း အားဗီးရီးယားနိုင်ဝ၏ လက်းဏက်
အင်ဂျင်ကို အကန့်အသတ်ဖြင့် ခုတ်ရခြင်း၊ လွယ်လင့်တကူ အရေးပေါ်လုပ် ခတ်တက်က,".Kvn ...=.-Ni vwswev rf"" "" "" .~ """" ' '  '"
လာလမ်ပူသည် ဆီလန်ဂေါ ပြည်နယ်ထဲမှာ ရှိ၍ ထိုပြည်နယ်ကို အုပ်ချုပ်သော မလေးဘုရင်က ကွာလာလမ်ပူ,"...v.-v.-vwri""  -n. . . ."
စိန် တို့,"%4 ui,"
သူ့မိန်းမဆီကို ပေးလိုက်တဲ့အလုပ်ပါ၊ ကျွန်မ ပို့ပေးရမှာပေါ့ ရင်သွေးငယ်အာဟာရ သန္တေသားမှစ အင်ဒို,သူ့မိန်းမယဆီကိ့ ပေးဂိ္က်ဘဲအလုပ်ပါ၊ ကျွန်မ ပို့oေ-Rpneေါ ရင်သေးငယ်အာဟာဇ --န္ေသားမှစ အင်ခဲ့
ဆိုးမှာ အ,ဆုံးမှအ
မှန်ဘီလူးကို ပုံရိပ် လာရိုက်,vsapnt f 7Tff
အယူအဆကို ငြင်းပယ်ရလိမ့် မည်ဟု ထင်စရာရှိ၏။ သို့ရာတွင် ကိုပါနီကတ်၏ နိယာ,"cvycaragfhrurtortb ug-v ternf- Tioo tuR""T ""7-"
ငယ်,ငယ်
။ ဆန်ကုန်သည်အဖြစ် အိမ်က ထွက်သွားရာက မယားတစ်ယောက်နဲ့ မူးစေ့အပေါက်ပဲ ပြန်ပါလာတဲ့ လူငယ်လေး။ သူ့အဖေက စောက်သုံးမကျရတဲ့အထဲ နောက်ထပ်,"' ' ' """" "" . . . . . ...."
ဝ ပေးခဲ့သည်,၀ ယေခ့းသည်
မန်ကြီးက ဘာမျှ,ဖန်ကြိလာ ဘာမျ
ပြထားတာဖြစ်ပြီး လမ်းညွှန်ချက်,ပမလားတဘာမြစီ- =Pfoefer
ရေး မာရ,ရေ၊ မာရ
လူ့စွမ်း,။ူနမ်း
"ပြောင်းအလဲတွေကို သိကောင်းမှ သိမှာပေါ့။ ဖြစ်သော်လည်း၊ တရုတ်နိုင်ငံတွင် ချူမင်းဆက်အစ ဘီစီ ""ဆက်သွယ်ရေး ခက်ခဲ",",,.-cne.Wa-oeaF.-m suse=-T- ""   "" """
မျက်နှာ,wျb်pာ
မဆန်သော အခြေအနေများရှိသည်။ ဤအသွင်အပြင်သည် ဝင်ငွေ,"Lcနrzr megSmseruprgfbapebl pfrere""TESTeS ofee"
ထောင်စု၏ အခြားထင်ရှားသော တက္ကသိုလ်များမှာ ယေးတက္ကသိုလ်(၁၇ဝ၁ ခုနှစ်)၊ ပရင့်စတန်တက္ကသိုလ် (၁၇၄၆ ခုနှစ်)၊ ဝါရှင်တန်၌လည်း တက္ကသိုလ်(၁၇၄၉)၊,"...... .. . . . "" ' ''"
ကျောက်ဆည်မြို့နယ်၊ ပန်းခွာကျေးရွာအုပ်စု၌ တည်ရှိသည်။ ရွာနေရာကုတ်မှာ ၁၉၀၄၄၉ ဖြစ်သည်။ ၂၀၁၄ သန်းခေါင်စာရင်းအရ,"Tmer""meeRBT"" TrTrsusraefndTntHfres eascorhn sornese gcaedr ,rove ယနsuascapecas."
တို့,တို့
ဘာလုပ်,=ာင၃ပ်
၊,
ခုမြောက်အဆင့်တွင် ပါဝင်သည် တို,"""က်tအဆင်ကင် ပါဝင်သည် ဟု"
သည် တိုက်ကွင်းထဲ ဝင်ရောက်၍ ပါ,ဘည်း တိုက်ကွင်းထဲ ဝင်ရောက်ဖ၍ူ ပါ
"ဖောမီး (Anseriformes)"" အတွင်း ပါဝင်","mmမီ- Vinsenformes)"" အတွင်း ပါဝင်"
ဘ,ဘ
တယ်။ တဲ,တယ်။ တဲ
သင်္ဘော ၁ဝ စင်း၏ ဧရာ များကို ၁၈၇၁ ခု မတ်,သင်္ဘော ၁၀ စင်း၏၊ စရာ များကို ၁၈၇၁ ခု မတ်
boththe,boththe
တွင်,တွင်
နတ်ကို,နုတ်ကို
အ,အ
သွေး,သွေး
ကို အဖေမပေါ်တဲ့အဖြစ်,<ုံ wauaulroimif
စု,စု
အချိန်တွေမှာ ငြိမ်းချမ်းသာယာတာကို ခံစားရတဲ့အချိန်တွေမှာ တစ်ခြား,အutgamp (ဌyisayl-သဏယာတာကို ခeာeရတဲmiflfemtir mtd=
နှစ်,နှစ်
နောက်ဆုံးတွင် ကြယ်ပုနက် (black dwarf) အဖြစ် မှေးမှိန်သွားမည်ဖြစ်သည်။ နေနှင့် အနီးဆုံးကြယ်မှာ ပရိုဆီ,TPTTST CZorTuo VtniH-inant nen မေခန်မးျှာလာ်မှeယc်။ ေgpှ မန့ယမ့မျဆ္ှpာ ဖနူဖ၊
၌ တည်ရှိသည်။ ရွာနေရာကုတ်မှာ ၂၁၃၁၆၃ ဖြစ်သည်။ ၂၀၁၄ သန်းခေါင်စာ,"ွ-mgpasg gasrmrip,penBeudfnZu: """
အရ ထုံးတောင်ကျေးရွာအုပ်စုတွင် ကျား ၂၃၁၀ ဦး၊ မ ၂၆၈၀,"TPi""i-:=mာ်smgeွာအုပ်စုတွင် ကျား ၂၃၁၀ ဦး၊  ၂ေ၀"
လောက် ကတော့ ဝက်ဝံတစ်ကောင်က အသာလေးလှဲချပစ်နိုင်တယ်လို့လည်း ပြောပြခဲ့ပါတယ်။ ဒါပေမဲ့ သူကတော့ တစ်လက်,"... . ..<+. .. """" ' "" '' ' '"
ခုရှိရိုခရိုင်၊ ခုရှိရိုတိုင်း၊ ခု,ခရှိရိရိုင်၊ နီရိုတိင်း ု
ရဲ့၊ မောင်အဝေး ကလာတာကို မြင်မြင်,ရဲ့ မောင်အဝေး ကလာတာကို့ ပြင်မြင်
ဆက်သွယ်စုံ,ဆက်သွယ်စုံ
မဟာပထဝီမြေကြီး။ ရှားစောင်းပြသာဒ်ပင်များ၊ ရောင်စုံအိမ်ပုံကလေးများ၊ လက်စလက်န သိပ်မ,"....veev.voers.n -""-"". . "" . ' ' ' '"
စားသောက်နေကြဟန်ရှိသည်။ ကျော မောင်,စားသောက်နေကြဲ့ဟန်ရိသည်။ ကော စဂီ
သာယာကုန်း - ပဲခူးခရိုင်၊ ကျောက်တံခါးမြို့နယ်၊ ကြာအင်းကုန်းကျေးရွာအုပ်စု၊ ပီကုတ်(220102)ChampionofKandawgyiDota,"..... aevc-mescasgeasrirmiormusrtn""""- '""  ' ' ' '"
ခဲ,ခဲ
ဆိုးမှာ အ,ဆိုးမှာ အ
ပဲခူးတိုင်းဒေသကြီး (အနောက်)၊ ပြည်ခရိုင်၊ ပေါက်ခေါင်းမြို့နယ်၊ ကြူဝတ်ကျေးရွာအုပ်စု၌ တည်ရှိသည်။ ရွာနေရာကုတ်မှာ ၁,"... ...၊ ww -awaser D""-"" '""''' '"
တွေကို တော်တော်ကျွမ်းကျင်,စက့ကို တော်တော်ကွမ်းကျင်
။ ကျွန်တော် ဆိုးခဲ့ ရမ်းခဲ့ တယ်။ ဘာမှအဆင့်မမီတဲ့ ရွာသာသာ,။ ကျွန်တော် ဟိးခဲ့ ရ်းခဲ့ တယ်။ ဘာမအဆစ်။လစီကဲ Rr=-7
ဗျ။ ကျွန်တော်တို့ တပ်တွင်းဆိုင် က ပစ္စည်းသိပ်စုံတာ,မျး ကျွန်တော်တို့ တပ်တင်းတို် က ပခ္ေ်းကီပ်Hm
နေကြရ,"နေကြရ,"
ကျေးသီးမြို့နယ်၊ ဝမ်စပ်ကျေး,ကျေးသီးမြို့နယ်၊ ဝမ်စပ်ကျေး
ခေါ်၍ တစ်ပြိုင်,ခေါ်၍ တစ်ပြိုင်
သူတို့အားလုံး စာအုပ်ထဲသို့ ရောက်ရှိ,. ya့ars: emathetl Trf
ကြိမ်၊ ထိုနောင် ဘဝင်ဖြစ်ထိုက်သ၍ ဖြစ်၏ ။,"E* ""းက"" mfBeeft.နg ga ."
၀,၀
ခြင်းလျှင်၊ တန်ဆာဆင်၏၊ နှုတ်မင်္ဂလာ၊ စကားမှာကား၊ အသာ,ငြင်းလျှင်၊ တန်ဟာဆင်၏။ နုတ်မ်ဂဗာ၊ emtipmxi =m-
မောက်များနှင့် ပုံစံမတူ,မောက်များနှင့ ပံစံမတူ
ကြောင်း,ကြောင်း
နိုင်သည်။ ကမ်းရိုးတန်းနိုင်ငံများသည် ကမ်းလွန် ပင်လယ်ရေတိမ်ပိုင်းတွင် သယံဇာတပစ္စည်းများ ရှာဖွေ တူးဖော် ရန် အ,"' ""' "" ' "" "" . .+n ."
၊ သွေး,၊ သွေး
ရာသည်,ရာသည်
ကျောက်တုံးကို,ကျောက်တုံးကို
ပြီ၊ ကောင်းပြီ။ ကျွန်,ြီ၊ ကောင်းပြီ။ ကျွန်
ကိုတင်ဦးက မြိုင်၏နာ,ကိုတင်ဦးက ခြိုင်၏နာ
ပေ,ပေ
ဘယ်လို ခေါ်ကြမယ်မသိဘူး တိုက် လူဦးရေတိုးနှုန်းသည် ဝ.၉ ရာခိုင်နှုန်းဖြစ်သည်။ ခန္တီ (ပုလောက်မြို့နယ်ခွဲ) နယူတန်၏,"'"" ' '"" "" TI""`-Hi-n - ovmvwes-ae,i.-awpav.,wa"
မှာငြိပါ ပါလိမ့်။,မာဗြိပါ ပါလိန့်။
ဇစ်,ဇစ်
ခြားလိုက်,ခြားလိုက်
ထောင်သူလည်း,ထောင်သူလည်း
င့်သည် ။ ၎င်းသူမတို့ကို ဟေဂျားဘ်ခြုံမှုမခြုံမှုတွင် လွပ်လပ်စွာရွေးချယ်ပိုင်ခွင့်ပေးသင့်သည်ဟုဖြစ်သည်။ ထို့အတွက်ကြောင့် ထို,င့်သည် ။ ၎င်းသူမတို့ကို ဟေဂျားဘ်ခြုံမှုမခြုံမှုတွင် လွပ်လပ်စွာရွေးချယ်ပိုင်ခွင့်ပေးသင့့်သည်ဟုဖြစ်သည်။ ထို့အတွက်ကြောင့် ထို
လက်,လက်
မနည်း ပြန်တည့်ယူရ,"""၈ညး ပြန်တညှု့ယူး"
သို့ ပြန်ရောက်သော် ရိုမန်တစ် ဟာသ Finding Mr. Destiny ၌ ပွဲဦးထွက်လာရာ ကိုရီးယား၌ ရုံပေါ်မှမဆင်းသော ကား ဖြစ်ခဲ့သည်။ နတ်ဆိုတာ မဂဓဘာသာမှ နာထသဒ္ဒါကို အ,"' ' "" "" . . . .. . ..."
ဒစာစောင် ရေးသားပြီးနောက် တနှစ်အကြာတွင် ရေးသား,ဒစာစောင် ရေးသားပြီးနောက် တနှစ်အကြာတွင် ရေးသား
ဖုန်းနဲ့ နံပါတ်တစ်ခုကို ခေါ်လိုက်ပါတယ်။ ဆူနီဆာ ကာဝရွန်ဂရောင်း (၂၉ ဇန်နဝါရီ ၁၉၇၂ မွေးဖွားသည်) ထိုင်းနိုင်ငံမှ မာရသွန်ပြိုင်ပွဲဝင်,"' ' ' "" . ."" <= =.=.v v.4."
ည့်,ည့်
လား အဲ့ဒါဟာ ကျွန်တော့်,==း အဲဒါဟာ ကျွန်တေံ့
ရင့်တပ်သားများက လိုက်လံတိုက်ခိုက်ရာ ကနီနော်ရ,"နcaa-aer stntiz ""1nh"
ကျဖို့များတယ်ဗျ...ခွေးမသားပုလိပ်တွေက လိုင်းကြေးယူတုန်းကယူထားပြီး အမှုလို,"'T "" 'T -+"". -mr- rarsspn4.-,cag, syy"
ဝ,ဝ
အင်ဂျင်ကို အကန့်အသတ်ဖြင့် ခုတ်ရခြင်း၊ လွယ်လင့်တကူ အရေးပေါ်လုပ် ခတ်တက်က,"""""""`""T""T Thif"" vr-ar:s -...,...."
မောင်,မောင်
ခြင်း,ခြင်း
မျက်နှာ,မျက်နှာ
ပင်,ပင်
အများဆုံးဆေးကို အသက် ၂,"အယှားဆံးဆေးကု့ m"" )"
သိမ်းထား ကြလို့လား,Ftကn ကြရို့ဌး
ရွာတွင်,ရွာတွင်
ချက်ပြ,မျက်ပြ
မြင်းစ,မြင်းစ
လုပ်မဖြစ်။ နောက် ဆုံး ရထားသည် ခပ်စောစောကပင် ပါရီသို့ ထွက်,"လုပံိမဖြစ်။ နောက် ဆံး ရထားသည် ခပစောစောကးင"" ""ါဒီကီ. Ta"""
ယား ရောဂါစွဲကပ်သူ ဦးရေသည် နှစ်ဆ,'T =mrisimfa၃ ဦးရေသည် နှခဲ
ထားသီ,ထားသီ
လ,လ
သည်,သည်
သေး,သေး
သို့ ဆိုက်ရောက်လာ၍ ဆေးဆိုင်,"ဆိ့ ဆိုက်ရောက်လာရံ့ smrnmီ"""
နားလည်ကာ ပြီးပြီးပျောက်ပျောက် သဘော,"နးလဉ်ကmgွeSြhvဖgေက်eဖgဏ""က ""T"
လွတ်တစ်ရွက်,လွတ်တစ်ရွက်
သဘောထားကို သပိတ်ကော်မတီကို အကြောင်းကြားချင်လို့ပါ။ ကိုရင်က သပိတ်ကော်မတီဝင်ဆို၊ လုပ်ခ,"T1-7779"" 7""7=7hoဏီကဏီ snေoင်:ကေားeျင်cလိ့dl။ ကိုရင်က zBတersudata,-yea"
ရိုင်၊ တွန်းဇံ,ဒဲ့ပင်၊ တွန်းဗံ
Wardအမှတ် (၁၄) ရပ်ကွက် အခုဆို ကစ်ကစ်,wwuizမှတ t၁cieပံကုငက်ံ အခုဆိံ ကစ်ကစ
တိထားနော် ကိုင်းကျိုးကျမယ် အခြွေအရံကလဲ ဒါလောက်ပဲ နည်း,"ar-esa-armrazdrrT ""Tf"
ခြေအနေကို လိုက်လို့ ပြောင်းလဲလုပ်ကိုင်ကြရတာ,agွ့အaေု လုကဲလံ့ Gြောင်းriroefn1SiPT
ချယ်ခဲ့သည်။ ကိန်းကဏန်းများဖြစ်,ချ၏်ခဲ့သည်း။ ကိန်းကဏန်းများဗြ်
ထောက်ထိုင်ချ လိုက်,ထောက်တိုစိချေးဇါ့က
မေးခွန်းတွေကိုလည်း မုန်းတယ်။ ၀င်းလှသည် ဖြူဖတ်ဖြူရော်ဖြစ်နေသော ခိုင့်,TTinfPi=marTroer မ်းတယ်္။ လင်းတသည ဖြစတဖြ္မာ့ဖြစ်နော အ့
ဆုံ,ဆုံ
ရောက်,ရောက်
တိုင်းပဲ ကြည့်,တိုင်းပဲ ကြည့့်
ပါတယ်။ ဒါ,ပါတယ်။ ဒါ
စာ,စာ
ခဲ့သည်,ခဲသည်
"ပြောင်းအလဲတွေကို သိကောင်းမှ သိမှာပေါ့။ ဖြစ်သော်လည်း၊ တရုတ်နိုင်ငံတွင် ချူမင်းဆက်အစ ဘီစီ ""ဆက်သွယ်ရေး ခက်ခဲ","ပြောင်းအလဲတွေကို သိကောင်းမှ သိမှာပေါ့။ ဖြစ်သော်လည်း၊ တရုတ်နိုငံတွင် ချူမင်းဆက်အစ ဘီစီ ""ဆက်သွယ်ရေး ခက်ခဲ"
မျှ အသုံးမဝင်။ လွမ်းချင်းစပ်နည်း ပထမဆုံး,မျှ အသုံးမဝင်း လွမ်းမျင်းစပ်စည်း umvry
ပေါ်မှာ ငါ,ပေါ်မှာငါ
မှာ ၁၈၃၀၆၈ ဖြစ်သည်။ ၂၀၁၄ သန်းခေါင်စာရင်းအရ ဂုံမင်းကွင်းကျေးရွာအုပ်စုတွင် ကျား ၉၁၂ ဦး၊ မ ၁၀၈,". ဟ Lcpusa (plcage yay aန်hsalbereftmne trftrobhsrarmrmfmr"" -e: P2 fn 7 ""5"
၀,ဝ
ကုသ,ကုသ
ခရိုင်၊ ဖားကန့်မြို့နယ်၊,ခရိုင်၊ ဖားကန်မြိန့န်-'
ပြန်,ပြန်
၏။ ထိုအခါ မိုးရေခံသင်္ကန်းသည် ဆွေးမြေ့သည့်အခါ အဝတ်မဆီးဘဲ ကိုယ်ကို မိုးစွတ်,"ssaasrwcnec-sksrwst1""T155""'"""""
ဖေဖျားရဲ့။ အံ,ဖေဖျားခဲ့၊
တစ်စိတ်တစ်ပိုင်းအနေဖြင့် သူမသည် တောင်အာဖရိကတွင် နယ်လ်ဆင်မင်,"တခiတdcsခု်းအနေဖြင့် သူ့မသည် ကော်းmာneါကင် က်ဏ*ဏ်""*"
ရှိဘူးထင်ပါတယ်..,ရှိဘူးထင်ပါတယ်.
တစ်လုံးနှင့် ထိုင်နေ၏။ ဦးလေးသည်,ဟ်ပုံးနှင့် ဟိုစနေ၏။ ဦး sesေးnလ်
၀ ဦး၊ လူ,၀ ဦး၊ လူ့
သဖြင့် စိတ်ပျက်စွာဖြင့် မာရ်နတ်ထွက်ခွါသွားရပုံကို ဟောတော်မူသည့်သုတ်။ အဘွားရော ... ဆေးရုံလိုက်သွားလား ရှေးခေတ်တရုတ်,-gpeueayagpc-agaspsguprasgde <rcsafeoedRhyrt mrro . -ihtr-7 7T77T
ည့်ပြင် အကြောင်း,ဣ့ပြင် အကြောင်း
"caseof#switch,averagepagecounts)","caaeofisuitch,asweragehpagCCourn)"
လိုက်,လိုက်
ဆေးလိပ်,ဆေးလိပ်
ရေးလှ,ရေးလှ
ယမကာကို စောင့်နေကြတယ်။ စားပွဲထိုးမလေးက တော့ အသက်ရှစ်ဆယ့်လေးနှစ်ပဲ ရှိသေးတဲ့ လှ,"..။ -we.-.rwvie. - "" """" "" '""  '"
ကြီးအ,ကြီးအ
သည် အိမ်ထဲရှိ သမီးနှစ်ယောက်ကို တစ်ချက်,"+f"" TT8 zhငဇီးနစ်ယောက်ကို တံချးt"
ပါတယ်,ပါတယ်
ရမှ ပို၍ ဒေါသဖြစ်မိသည်။ ကိုဘခက်သည် သူ့ကို တမင်,y ခုန္တ aslugeခla်x ကfmsftxnd် Tr T5
၏။ ကိုယ်ထင်ပြလာသူကဲ့သို့ အခန်းဝတွင် မြိုင်က မလှုပ်,Fn PိpcfafeSymyriရို့ အခန်းပတွစ ချိငေ မှေ
မိမလား မသိဘူး၊ အန်တီ မီ,TT:maBဘး၊ အနa ခ
သည် ကချင်ပြည်နယ်၊ ပူ,သည် ကချွင်ပြည်နယ်၊ ပူ
အမြင်ကို လိုက်နာသူများသည်,အဖိင်ကို လိုက်နာသူ့များသည်
တိ,တိ
နေရာ ဆေးရုံမှ ကျန်းမာလာသည်,နေဆာ ဆေးရံ့မှ ကန်:r+m-ကိ
စစ်,စစ်
အတိုင်းဖြစ်,အတိုင်းဖြစ်
ဏခဏ မေးသည်။ ကျောင်းဆင်းသောအခါ ကျော်စွာတို့သည် ပူနှိပ်တို့အိမ် ဘက်သို့ သွားရလေသည်။ ကယားလူမျိုးစုဒီမိုကရေစီပါတီ နှင့် လူမျိုးပေါင်းစုံဒီမိုကရေစီ,"' '"" """" TIT"" TPT:T-T-T5 -ndimrTrmt efitoHD zarthe-zsreereraekx rcrarudjpesprssau နs vyagpaas,pggpcsge"
ထိုင်းအဆင့်ကိုမိခင်ဘာသာစကား (သို့) ဇာတိနီးပါးအဆင့်တွင်ကျွမ်းကျင်ကြသည်။ သူတို့,"' နွeLcamcnt,aisiat-==zrermား (2ု့) မာတိနီးပါးအsoာf်roftrefrmnfE2-က်"" -Tw ""ီ"
ပြုနိုင်။ လက်သစ်,ပြုနိုင်။ လက်သစ်
ဆိုခဲ့သည်။ သမ္မာကျမ်းစာကို အသုံး,ကို့ဒဲားငည်။ ဒာမ္မာကျမ်းစာကို အသုံး
မျိုး,မျိုး
"ဖြစ်သည်။ ""အခမ်းအနားမှာတုန်းက လူတွေက","ဣဋနောန္) -maမ်msxwpmokfT TiPT1"""
ကျိုး ဖြစ်စေခြင်းငှါ မစွမ်းနိုင်ခြင်း၊ ရုပ်အကျိုးတရားကို ဖြစ်စေတတ်သော,ကျိုး ဖြစ်စေခြင်းငှါ့ မခွမ်းနိုင်ခြင်း၊ ခုပ်အကျိုးတရားကို ဖြစ်စေတတ်သော
ညီ၊ လမ်းတော်ဖိုးတုတ် သည် တပည့်များအား,ညီ၊ လမ်းတော်ဖိုးတုတ် သည် တပည့်များအား
လာ,လာ
"anotherevent,butingeneralyou'reallowedtouse",Srohe-tventioutingeneraiyou-veaicmeetouae
ခဲ့သူဖြစ်ပြီး ပန်းချီဉာဏ်သစ်လောင်းသင်တန်းများ ဖွ,"199"" -1Hprthaecras-i-s-p, y"
ရွက်ပင်,ရွက်ပင်
ချို့,ချို့
ဟစ်ပိုဂိုဏ်းအုပ်၏လက်ထောက်အဖြစ် တာဝန်ယူပြီး ၅နှစ်အကြာ ဂိုဏ်းအုပ်ကွယ်လွန်သော် ရာထူးတိုး၍ ဟစ်,ဟစ်ပိဂိုတ်းအုပ်၏လက်ထောက်အဖြစ် တာဝန်ယူပြီး ရုနှစ်အကြာ ဂိုဝင်းအုပ်ကွယ်လွန်သော် ရာထူးတိုး၍ ဟစ်
အိတ်ဆိုရင်လည်း စုတ်,အိတ်ဆိုရင်လည်း စုတ်
ကား,ကား
ထွင် ဖော်ထုတ်လာသည်။ အဆီးရီးယားနိုင်ငံ၏ လက်အောက်,ထွစ် ခေါ်ေထုတ်လာသည့်။ အဆီးရီးယားန့်ံ၏ =omhma
အယ်လ်ဂျီးရီးယန်း,ကက်လဲ်ဂျိုးရီးယနံး
ခုနှစ်ရက်သားသမီးများနှင့် ပူးပေါင်းပြီး အထက်ဌာပနာ ထည့်သွင်း,"""TT-mol veii e=iecsa-aypyps,"
ပါတယ်ဗျာ သိပါတယ် လုပ်စရာမရှိတော့,"""TTTm :Pipuk cpissvqyec,"
ကားရိုက်ရန်အတွက် လားရှိူးသို့ ပြန်,ကားရိက်ရန်အတွက် လားရှိုးသို့ ပြန်
ပုံမှန် လက်ချာ သင်ခန်းစာများ,"နနi zartkwp saftsk=P"""
ရှိ အကြောစိုင်မှန်သမျှ တင်းမာနေသည်။ သူ့အား အ,"""PTfhifim nfhoescg aya-အ"
လိုက်,လိုက်
သဘင်သို့ ဆောင်ယူ တော်မူသွားပါလျှင် အောင်မြင်,"T""T mhue တင်မသားပါလျp asaigs"
တယ်။ သူဇာလွင် ခေါင်းခါလိုက်တယ်။ သူ ခေါင်းခါပြနေတာကို မင်းခန့်ထူး မြင်ပါစေ။ မလာ,"' "" ' ' '""- ' -FTum=.=.s.-.-wv."
ဟေ . . . ဟုတ်လား ငလျင်လှုပ်ခြင်းများ၏ အကျိုးဆက်များ/သက်ရောက်မှု,"""- -nfrn <ndfreyieြင်-mpr၏ =rhpartepsrararrdနy"
တွင် မျက်နှာပြင်တစ်ခုတည်းသာရှိသော်လည်း သိပ္ပံပညာ ဆက်တိုက်ယူလာခဲ့သော ကေသွယ်အတွက် သိပ္ပံနှင့် နီးနီးစပ်စပ် ဟူ၍ မူလတန်းကျောင်းတွင်,".. .a,aca,-n.-arae aser csnnu.-.-<r""T""""0"""""""" ""'"
မွှေး,မွှေး
၊ မ ၁,၊ မ ၁
စီး,စီး
လိုက်၏။ စုသည် ကြီးကြီးမေရင်ခွင်,လိုက်၏။ စု့သည် ကြီးကြီးမေရင်ခွင်
အသင်း,အသင်း
ဗြိတိသျှတို့,စွံဲတိသျှတို့
၁,၁
ပန်း,ပန်း
သောအားဖြင့် ထိုလွမ်းချင်းတို့တွင် တောတောင်ရေမြေ,==mားဖြင် လိုလွမ်းချင်းတို့တွင် တောတောင်ရေမြေ
စေ့စပ်ကြောင်းလမ်းထားလျှင် သော်လည်း ထားရလိမ့်မည်။ သို့ဖြစ်နိုင်ပါမည်လား။ မမြင့်ဦး၏ မိဘ ဆွေမျိုးတွေက သဘောတူပါမည်,စေ့စပ်ကြောင်းလမ်းထားလျှင် သော်လည်း ထားရလိမ့်မည်။ သို့ဖြစ်နိုင်ပါမည်လား။ မမြင့်ဦး၏ မိဘ ဆွေမျိုးတွေက သဘောတူပါမည်
သည်။ ယခု,သည်။ ယခု
၊ဟူံ အစရှိသော စကားလုံးများမှာ တန်ခိုးစွမ်းအား ကိန်းအောင်းနေသော စာလုံးများ ဖြစ်ပြီး မန္တရားများတွင် ထည့်သွင်းအသုံးပြုကြသည်။ မဏိ ဟူသည်မှာ ပတ္တမြားကို ဆို,"...-<,. ve..e..<e. -morirermrP""-01""5P ' '  ' "" """
အသစ်သစ်ဖြစ်သော အချစ်လွှာ မှာတမ်းတော်,အသစ်သစ်ဖြစ်သော အချစ်လွှာ မှာတမ်းတော်
လွင့်,လွင့်
မူ,မူ
ပဒေ,ပဒေ
တော့်,တော်
ရှိ၏,ရှိ၏
ကြီးကျယ်စွာဆောက်လုပ်လှူဒါန်းခဲ့လေသည်။ ပေါဠ,"ထ-mgdPp-es-""rourepl-ijeလေသည်မ ပေါဋ"
၍,၍
အ,အ
၄၆ ခုနှစ်,၄၆ ခုမစ
သို့ တက်,အို့တက်
များထဲ,များထဲ
အမျိုးသမီးဘက်သို့ ခေါင်းညွှတ်,အမျို့သမီးဘက်သို့ ခေါင်းညွှတ်
ခါ လျှပ်ပေါ်,ခါ လျှပ်ပေါ်
ခုနှစ် ဩဂုတ်လ ၃,ခုနှစ် ဩဂတ်လ ဒ
ဓိသမ္ဗောဇ္ဈင် မရှိလျှင်လည်း ငါ၏ သန္တာန်၌ သမာဓိသမ္ဗောဇ္ဈင် မရှိဟု သိ၏၊ မဖြစ်သေးသော သမာဓိသမ္ဗောဇ္ဈင်၏ ဖြစ်ကြောင်းကိုလည်း သိ၏၊ ဖြစ်ပြီးသော သမာဓိ,"....n . .n...=. .= o၈ -. - -<""+""' "" '"" ""' ' '"
ဆုံး ဖြစ်၏။ ဤအခြေ,- Bfelim ဤaအခြ
ငေးငိုင် ကြည့်ရှုတော်မူလာ,ငေးဝိုင် ကြွည့်ရမတော်မက
နှစ်၊ ပြီ,နစ်၊ ပြီ
ကိုဒေါင်းစိန်,ကိုဒေါင်းစိန်
ဆောင်ခဲ့သည်။ ယွင်းချက်,ဆောင်ခဲ့သည်။ ယွင်းချက်
မှ ၁၉၉၁ ခုနှစ်၊ ဒီဇင်ဘာလ ၂ဝ ရက်နေ့တွင် ကြေ,7 TB65 mfh Bef=mro yo erdasmpt မတညထ
အတွင်း မြန်မာပြည်အနှံမှ,အတွင်း မြန်မာပြည်အနံမှ
ကွေ့တဲ့။ ကျွန်မဘဝမှာ အချိုးအကွေ့တွေ တော်တော်များပါသည်။ ဘယ်အချိုးအကွေ့က အရေးပါ,"argpy mgp,u-z-ovpn saခဲ့yaေကေ့တေ့ တေ်တေားမျp-eပါoceb၊ =PfTonR:T:Tar 7T75T"""
သည်,သည်
ပီး နောက်တစ်ခုကတော့ ကိုးရိုးကားရားမဖြစ်အောင် အာရုံမ,"''T""T%t:-mHiemspuszrs ww,"
၇၉-,n-
နှင့်ငါ စင်စစ် ပေါင်းဖော်ခြင်းဖြစ်တန်ရာ၏ ။ လက်ကလေးနှစ်ဖက်ကို ဖြန့်ကာ ဝန်းဝိုင်း,"""' '"" ` ' `T""'IfIi - .-r=.vae-cWave.-.-.w."
မင်းတပ်မှာ ကနောင်မင်းသား၏ ငယ်နာ,uactiy rmesrfbrf-TP
ဘူးသော ဖခင်၏,ဘူးသော ဖခင်၏
"ပစ်လိုက်လို့ ကားကြီး ရပ်သွားပြီ"" စိန်ပွဲစား","ပ်လိုက်လို့ ကားကြီး ရုပ်သွားပြီ"" ိန်ဖဲ့်ား"
တယ်,တယ်
ရာတွင် လိမ့်၍ကျလေပြီဟု ခန့်မှန်းသိရှိရသော်လည်း ထွက်ပြီးဆင်းမသွားဝံ့၊ ဆင်းသွားခါမှ ဖွပ်သည်ထက် ညစ်,ဟတနူ့ vaagpaprurgus နေ့နfcadbesdeoesx erdfhofmsrerbi mnf-as=Pn efဏT 5
အရ ငါးရှဉ့်ရိုးကျေးရွာအုပ်စုတွင် ကျား ၆၅၄ ဦး၊ မ ၇,<a aagepermpgepmlnert -o: T3 !' - 1
တူတူရယ် ဘယ်တော့မှ,တူတူရယ် ဘယ်တောမ
ပေး,ပေး
အောက်,အောက်
ထွက်လာသည့် ခိုးဝင်,ထွက်လာသည့့် ခိုးဝင်
မှ ကိုယ်ကျင့်သိက္ခာ ဖြူစင်မှလည်း အခြားသူတို့ဘက်က ကိုယ်ကျင့်သိက္ခာ ဖြူစင်လာမည် ဖြစ်၏။ ထိုအခါ လောက၌ ဒု,"V ""T1""Tif9Tin DoF""Tmr:ဏ- mBraurfiprtm rislmpbdlrp lebecrwg2 gias ,saa a-.နgွ )"
မင်းပြုတော်မူ၏။ သန်,မံlပြုတေမelin =-f
နတ်က,နုတ်က
။ ၁၉၆၈-,။ ၁၉၆၈-
တော် ပါတဲ့ ရွှေရှူဆေးဘူးချီးမြှင့်ခံရတဲ့ကိစ္စဟာ အမှုတော်ထမ် ကောင်းတဲ့အတွက် ဘွဲ့ထူးဂုဏ်ထူးချီးမြှင့်ခံရ,". Lre ao,saypmc-nassewrtern mrntnt =-T7irr"" '17t""T""9"""
၃၅၃ ဖြစ်သည်။ ၂၀၁၄ သန်းခေါင်စာရင်းအရ တောင်နီကျေးရွာအုပ်စုတွင် ကျား ၁၁၀,"'"""" ""' ' `""-TITrasuaeaw,..."
ဟူ၍ သီးခြားမရှိခဲ့ဘဲ၊ ရောမနိုင်ငံတော်,ဟု့၍) သီးခြားမရိုနဲ့ဘဲ၊ ရောမနိုင်ငံတေ်
င့်,င့်
မိခေလ၏,မိခေလ၏
တို့,တို့
ခင်,ခင်
မခွဲ,မခွဲ
စံဖြိုး,စံရှိုး
တို့အိမ်နဲ့ ဖေဖေတို့ အဖေ အမေအိမ်က ကံသိပ်ကောင်း သွားခဲ့တယ်။ ကျွန်မတို့,"""""""% -""-9 - T-RP- nmRarm se..e.yeခ"
ခုအချိန်ထိ စီစဉ်,ခုအရိံ့နုထီ စီစင့််
ပြုံး,ပြုံး
တော့,တော့
ထောင် မြန်မာနိုင်ငံအသင်းသည် ၁၉၆၀ နွေရာသီ အိုလံပစ်ပြိုင်ပွဲသို့ ဝင်ရောက်ယှဉ်ပြိုင်ခဲ့သည်,"...၊ ec-v..oe we= -mrt ""-Ti ""T"""""""
ဒုက္ခနှင့်ရင်ဆိုင်တွေ့ကြုံနေရရှာသော အေမီက သူသည် ကူးနားပဲလေ့,"နapaeasrsiesesenmre=- =""- -7P """""
ဆောင်,ဆောင်
ရင် လုံလောက်ပြီပေါ့,nf ဂံ့လောက်ငြီပေါ့
ဟု ဆု,ဟု ဆု
ငံတော်,ငံတော်
ကြီးရှိ,ကြီးရှိ
။ အပြစ်,။ အပြစ်
။,။
ပင်ကို,ပင်ကို
ပုန်း,ပုန်ံး
သည်။ ဂျာနယ်လစ်များက,သည်။ ဂာနယ်လစ်များက
င့်,င့်
ယှဉ်တွဲလျက် ရှိသည်။ စနစ်တကျစီစဉ်ပေါင်းစုထားသည့် အခြေခံဥပဒေ,TfITt1iaeto nefeTmhebeudthecrcag agမpya
"usingthe(required!)INSEEcodeandasubtemplate.Thefields""region""and""department""arenolongerused.ဝေါလစ်နှင့်ဖူကျူးနား 90 days စေတော်မူ","Lacrgparyepycnyevecscssercsxurs neneermrorxnerereenmrmrmtmue=-7""-TP1TRPT "" "" """""""""
။ စာရေးဆရာ မောင်ဝံသ ပဲခူးတိုင်း၊ ဝေါမြို့နယ်၊ မြစ်ကျိုးကျေးရွာတွင် မွေး,. Cu-am sctau senhn =nRrh dfTB-7Rt1P T
င့်ဝန်,င့်ဝန်
ရွရွနှုတ်ခမ်းဖြင့် သူ့ခေါင်းကို,"နgနတabsဖြင့် Saးd်T"""
သကြားနှင့် ဆန်ကို ပေါပေါ ဝယ်နေရသည့် အိမ်ရှင်မများက ဘုရားသိ,".ည-နး sနq aieud sdsvodf Rfdfimn 7TT"""
ချက်,ချက်
င့်,င့်
နှက်နေ,နှက်နေ
ကြည်မှုတစ်ခု,ကြည်မှုတစ်ခု
လည်း သူ,လည်း သ့
၀(ခ) အရ နေအိမ်တွင် တားဆီးမိန့်ထုတ်ပြန်,"H ""T.7PfPP mshagapng"
ရပြီး တညင် ကျောက်,ရဂုဂ္ြး တညင် ကေ့ာက်
ဂန္ဒီကို ဘာမှပြန်မပြော,ဂန်ကို ကမ့ပြန်မပြေ
သော အကြောင်းအရာများမှာ သာမန်လူတစ်ယောက်အနေဖြင့် လွယ်လွယ်နှင့် မသိရှိနိုင်သော သူမ၏ အတွင်းရေးများသာ ဖြစ်သည်။ တစ်ဦးတစ်ယောက်က သူမအား ချောင်းမြောင်း,သော အကြောင်းအရာများမှာ သာမန်လူတစ်ယောက်အနေဖြင့် လွယ်လွယ် နှင့် မသိရှိနိုင်သော သူမ၏ အတွင်းရေးများသာ ဖြစ်သည်။ တစ်ဦးတစ်ယောက်က သူမအား ချောင်းမြောင်း
၊ ဆိုင်သာဆိုင် မပိုင်ဘူးဆိုသလို ဖြစ်နေ,ဖဲုစ်သာဆိုင် မပိုင်ဘူးဆိုသလီ Gfn1
ကျင်းအား နတ်မိမယ်တမျှ ထင်မှတ်ပြီး မြတ်နိုးခဲ့သည်။ သူမ အလှရိပ်တွင် ယစ်မူး,-ျင်aေား နော်ခိမယ်္ကမ့ လင်မတ်ပြီး မြတိမ်းbံoen syo =mrsodfTaT Thir
ဖြတ်,ဖြတ်
ဗွီက ထုတ်လွှင့်တဲ့ ဓာတ်လှိုင်း တစ်ခုဟာ တစ်စက္ကန့်ကို,"စွဲ့ ယုတ်လွှင့်တဲ့ ဓာတ်လိ့င်း တစ်ခုဟာ တfRgf"""
၀ဖြစ်စဉ်,၀ဖြစ်စဉ်
ကို တစ်နေ့လုံး လိုက်ပြီး,A အံsေ့tု လုကdfS၊
ပေါက်,ပေါက်
ခဲ့သော,ခဲ့သော
မန်ကြီးက ဘာမျှ,မန်ကြီးက ဘာမှ
စိတ်ဒဏ်ရာတွေရဲ့ ကြိုးကိုင်,စိတ်ဒဏ်ရာတွေရဲ့ ကြိုးကိုင်
ရှိုနာလူမျိုးဖြစ်,ရို့နာလဖါ့ပြီ
ပါဘူး။ ကျောင်းထိုင်ဆရာတော်အဖြစ်ဖြင့် ဦးစိန္တာသည် စာပေပရိယတ္တိကို သင်ကြား,"ag -psugerapc-sisegeg HRBerad""--T7nB0ီ75"""
ပီကင်းဂိ'ခွေးမျိုးနှင့်တကွ ငှက်ပစ်ထွက်ရာတွင် လိုက်လေ့ ထိုင်လေ မိန်းကလေး ဒီဇယ်အင်ဂျင်အ,"""T1T""1HPT1VPfTms Tmohmahmpmင် ဝုကံလေ တိုင်လေ ခံနံးကeလေ sေksခံျsအ"
သည်။ ဤမျှလောက် အချိန်အတွင်း,"TကET cdlwerr saခbနarge,"
၊ မသွားဘူးလား၊ ဒါပဲပြော ၆၄-ပါးသော ဣန္ဒြေတရား ဒေါ်ခင်မြသစ်သည် ကိုမြင့်ထူး၏ဝတ်ရုံကြီးကိုသိမ်းကျုံး,"' ' ' "" "" -vrar=svr--my,."
ကား,ကား
တာဒေါ်မိုးသူပါလား၊ ကျွန်တော်တို့လမ်းထဲ မလာစဖူးလာတယ်၊ ဗန္ဓုလ ရုံမှာ,"-.aras-rgjgecridcdid ---s--75:74""1"""
ကျော်,ကျော်
င့် အောက်ဘုံ,၆် အောက်ဘံ့
အပိုင်းတွေကို အခု,အပိုင်းတွေကို အခု
"အင် သုံးစွဲနိုင်အားမှာ ၅၅,၅",အင် အ%ုံးနဲန်ဂ်အားမှာ ၅၅
အ,အ
ကတံ ကရဏီ,"""တံ ကရဏီ"
ရီဂျီအိုဗန္ဒီသည် အုတ်,နုဂျီဇုံနိုးသည် ငျ
ကြီး,ကြီး
"မဏိပဲတဲ့"" တက်စသည် တညနေလုံး ကြီးမားသည့် မြေပုံချပ်ကြီးကို ကြည့်နေပြီးနောက် မိတ်ဆွေအမတ်တယောက်နှင့် သွား၍ ည",""" ""  TiSiniwae4....... .."
ရာ ကျွန်မတို့အပေါ်မှာ ကျေးဇူးတွေ အရမ်း များနေပြီ,ရာ ကျွန်မတို့အပေါ်မှာ ကျေးဇူးတွေ အရမ်း များနေပြီ
ကြ,ကြ
နဲ့,နဲ့
ခါ,ခါ
တောင်ယွန်းယွန်းက စာ,တောင်ယွန်းယွန်းက စာ
လူ့စွမ်း,လူ့စွမ်း
င့်အတွက်ပါလာ,င့်အတွက်ပါလာ
အမြဲရှိတယ်၊ ကင်,အမြဲရိုတယ်၊ ကင်
င့် နည်းပညာ အဖွဲ့အစည်း အသင်းဝင်များ နှင့် ဈေးကွက်အတွင်းမှ အကျိုးတူ,' Tifit5 TiTe53 msftaten wB erprsmpesy) a.နွ့ူ
သို့မတင်ပဲ ကုလားဖြူရပ် ကွက်ရှိ ကုန်လှောင်ရုံ၌သာ ထားသည်။ သင်းတို့ ခဲယမ်းလက်နက်သင်္ဘောကို ယခင်က ရန်ကုန်ဆိပ်ကမ်း,"""+T*1 T7TBoirf TaTT mhmrte=rm mrzseix saebsn subcertescscs us= နgpmနatrcsi"
သည့် ခွေးအများကို ထပ်မံပစ်ခတ်ပြန်၏။ ကျည်ဆံတိုင်းပင် ခွေးအများကို ထိမှန်လေရာ နောက်ဆုံးတွင် ရှင်းလင်းသွားလေသည်။ 'ဪ,"ThelTRrTtrT TT-TrThuofT- mofmtitfeoef serswားကို တိမနံလေလာ့ sောmep,pd ebrcas.apaecေသ.န္ဘ့ မတ္တ့"
ပြီးနောက် ကားပြန်၍ ထွက်သွားသောအခါ ကားပေါ်၌ ပါးစပ်တွင် အဝတ်များ စည်းနှောင်ထား,ပြီးခောက် ကားပြန်၍ ထွက်သွားသောအခါ ကားပေါ်၌ ပါးစပ်တွင် အဝတ်များ စည်းနှောင်ထား
နေလို့ပါ ဗိုလ်ကြီး,စေလို့ပါ ဗိုလ်ကြီး
သခင်က ဝေါယာဉ်ပေါ်သို့ တက်ရန်ပြင်လိုက်၏။ ကျမ်းပြုကြသူများ,aခေ- ခေါuog္ad2နဲ့ တက်efBuEofိုt၏။ rukBrtmp:
ခင်ဖြစ်သူ,ခင်ဖြစ်သူ
င,င
"နေ့မသင့်။""","စ့မသင့်မ"""
တော်ဝန် ကော့ခ်,Pဘာ်ဝန် ကော့စ်
ထို့နောက် အမျိုးသမီးကို နှုတ်မဆက်,"""ိ့ဇနာက် အမိုသမီးကို နှုတ်မဆက်"
နေရာ၌ နေရ သည့်,နေရာမ၌့ နေရ( ဒဝတါ
စုမှမော်လမြိုင်အ,စုမှမော်လမြိုင်အ
ခွဲစိပ်,ခွဲစိပ်
အသိ,အသိ
အချင်း,အချင်း
ရာကုတ်,ရာကုတ်
ကျရောက်နိုင်အောင် လည်းကောင်း၊ ပျောက်ကင်း ချမ်းသာစေရန်လည်းကောင်း အသုံးပြု၏။ အဆိုးဆုံးကကိုတိုးကြီးဖြစ်,""" ""' ' "" '"""""" -<""""-"" "".mrmdr=-iv .camiae saw..wme"
ပ,ပ
လာလမ်ပူသည် ဆီလန်ဂေါ ပြည်နယ်ထဲမှာ ရှိ၍ ထိုပြည်နယ်ကို အုပ်ချုပ်သော မလေးဘုရင်က ကွာလာလမ်ပူ,".-.apse u-saesser W Retetf.nTef""- """"'  '"
မိုင်,မိုင်
ပျိုး ရူပဗေဒဖြင့် တိကျစွာ တွက်ချက်မရတော့သော ကိစ္စရပ်များကို နှိုင်း,TMV e-m300 ကီကတpာ အခက်ချက်မရတော့သော ကိစ္ရင်များကို နှု်၊
ကျောက်ဆည်မြို့နယ်၊ ပန်းခွာကျေးရွာအုပ်စု၌ တည်ရှိသည်။ ရွာနေရာကုတ်မှာ ၁၉၀၄၄၉ ဖြစ်သည်။ ၂၀၁၄ သန်းခေါင်စာရင်းအရ,"....-mwraerae=--7nP"""" - ' '"
မင်းမြတ်,မင်းမြှတ်
ကာ၊,ကား
ဥ,ဥ
လွှတ်တော်မှ ဖွဲ့စည်းပေးထားသည်,လွတီတော်မု ဖဲ့စည်းပေးထားသည်
လဲခြင်းမှ ပင်လယ်ရေမျက်နှာပြင် အမြင့်,"-a၉င-v uCcecubsyfispfy"" To5"
ကာ အခြား,ကာ အခြား
ရှိ။ ဟူ၍လည်းကောင်း၊ ဂိုဏ်းချုပ်ကြီးရဲ့ အကွက် သုံးကွက်ကတော့ တကယ်ကောင်းတာပဲ၊ ဒီကောင် ဒီအကွက် တွေကိုတော့ လိုက်ကစားနိုင်မှာ,"..vwev-vn.=. - ' ""  ' ' ' '"
င့်,င့်
၂၀၁၄ သန်းခေါင်စာရင်းအရ မကျီးကုန်းကျေးရွာအုပ်စုတွင်,"....4astsactasurfnieRfT"""
ဂျိမ,ဂျိမ
င့် ထမင်းချက် လင် မယား,ပ် အမင်းချက် လင် မယား
ပန်း,ပန်း
တို့,တို့
ဟု ဆိုသည်။ သည်တော့ကျွန်မကပြန်ရောက်ရသည်။ မည်သည့်ခံစားချက်မျှလည်း ဖြစ်မလာ။,".apep,-e:-ns-eeorturt-t7Tti75T""'"
ရှိသော SAC ကို,"ရှိ့သာ ဒ၇္E "")"
ဓားသိုင်းက တော်တော်ကောင်းတယ်၊ ထင်ပေါကို အဲဒီနည်းနဲ့တိုက်ရင် မရှုံးနိုင်ဘူး၊ အတွင်း,"c.ap,-<csrcar-arrsi- ofteit:nthedtitiiP 7iT""' """""
ရန်သူ့တပ်မှူးတစ်ဦး၏,ရန်သူ့တပ်မှူးတစ်ဦး၏
ယူ,ယူ
ပြီးခဲ့တဲ့ အ,ပြီးခဲ့တဲ့ အ
သေတ္တာကို မရဲတ,သေတ္တာကို့ မခဲ့အာ
၍,၍
လှယ်အဖွဲ့ လန်ဒန်,လှယ်အဖွဲ့ လန်ဒန်
အဝါကို လိုက်ပြီး ဆုံးဖြတ်တာ ဖြစ်ချင်,အဝါကို လိုက်ပြီး ဆုံးဖြတ်တာ ဖြစ်ဇျင်
ဖြစ်တယ်လို့ပဲပြောပါမယ် နန်းကိန္နရီသည် ကားကို ပါ,"mgနrcdinougpdဲမယd ewrftefrnd TT"" T"""
ဝင် စာချုပ်စာတမ်းများ 147 - ၎င်းပြင် ထိုသူတို့သည် (ယင်းကဲ့သို့ ဘေးအတန်,"..wy--arn aet eurtrti""7"""""""
တာတွေကပါ အယ် လ်ခီဘီအာ့ဒိစ်,တာတွေကပါ အယ် လ်ခီဘီအာ့ဒိစ်
ပွဲကြီးနှင့် သာသနာနှစ် ၂၅၀၀ ပြည့် အထိမ်းအမှတ် အောင်ပွဲသဘင်ကြီးကို ၁၉၅၆ ခုနှစ် မေလ ၂၂ ရက်မှ,"pgyr:.-rs.prsdkjesdiart rmti:-TP7cT1P""' "" """
"thoseattributeswhichwehaveputonhim.တိုက်တွန်းထားတယ်..ဟုတ်လား နှောင်း"" ခဲ့ပြန်သည်။ သို့သော် စစ်ကြီးပြီး၍ ရုပ်ရှင်များ ရွာလင်းရွာ (အင်္ဂလိပ်: Ywarlin)သည် မကွေးတိုင်းဒေသ","thoseatributesuhichtwvetaveputonihire.တိုက်တွန်းထားတယ်..ဟုတ်လား နှောင်း"" ခဲ့ပြန်သည်။ သို့သော် စစ်ကြီးပြီး၍ ရုပ်ရှင်များ ရွာလင်းရွာ (အင်္ဂလိပ်: Fuwartin)သည် မကွေးတိုင်းဒေသ"
လည်းကောင်း၊ မြေ,လည်းကောင်း၊ FDဗ
သက်ချမ်းသာရာ ရခဲ့ဖူးပါတယ်။,သက်ချမ်းသာရာ ရခဲဖူးပါတယ်။
။ နန်းတော်ရှေ့ ဆရာတင် သားကလေးများနည်းတူ ကျွဲကျောင်းခိုင်း၏။ မော်ဂလီမှာ,"""'"" """" ""-rwms-essz-a,."
ကြည်သည် ဖေဖေ့ရှေ့,ကြည်သည် ဖေဖေ့လှေ့
န့်,န့်
မြေစေးတွင် အညစ်အ,မြေစေးတွင် အညစ်အ
ပေါင်းကို ခေါ်၍အရှင်တို့ ... သင်တို့သည် ငါမရှိသော်လည်း မပျင်းရိကြကုန်လင့်၊ ငါ ဆရာရသေ့ကြီးကိုဖူးမြောက်ပြီးလျှင် ဟိမဝန္တာသို့ ပြန်လာမည် ဟု,"....w..v ..v.v.w -sonr -  """""""" ' ' ' '"
ပါကညော ထန်းရည်တစ်ခွက် ကိုထည့်ပြီး ခပ်မြန်မြန်ဂလုချလိုက်တယ်။ ဟုတ်တယ်လေ။ ဒီလောက်တောင် ဆေးဖက်ဝင်နေမှတော့ ဘာမဂလုစရာရှိ,ပါကညော ထန်းရည်တစ်ခွက် ကိုထည့်ပြီး ခပ်မြှန်မြန်ဂလုချလိုက်တယ်။ ဟုတ်တယ်လေ။ ဒီလောက်တောင် ဆေးဖက်ဝင်နေမှတော့ ဘာမဂလုစရာရှိ
ဟားရယ်၏။ 32. Lords of the Sunset. ဒါပေမယ့် ကျွန်တော်ဘာမှမပြောမိ...။ ဒီအတိုင်းလေးပဲ အသက်ကိုထိန်းရှူရင်း ဖုန်းကိုနားမှာကပ်ထားမိသည်။ သို့သော် အချိန်အ,""" "" .T"" ""-. .: ..omavwv..va.aw."
။ တစ်နေကုန် စားလိုက်၊ အိပ်လိုက်၊ အိမ်မှာ ဟို,' Tfim mnလdိကံ၊ Sbedုကဲ၊ slနp
၊ ဘုန်းကြီး .... ကျွန်တော် သဘောလဲ ခင်ဗျား သိရောပေါ့၊ အခု ကျွန်တော် လုပ်တာက,၊ ဘုန်းကြီး ... ကျွန်တော် သဘောလဲ ခင်ဗျား သိရောပေါ့၊ အခု ကျွန်တော် လုပ်တာက
ခါ အောက်ခံ ဝတ်စုံနဲ့ တင်းတင်းစည်းထား,ခါ ဆောက်ခ ဗတ်ခဲနဲတင်းက်ကmတ်Tt
တယ်၊ ပြီးမှ မြေကမူ မြေပုံတွေဘက်ကို လှည့်တယ်။ ယဉ်ကျေးမှု,တယ်၊ ပြီးမှ မြေကမူ မြေပုတွေဘက်ကို လှည့်တယ်။ ယဉ်ကျေးမှု
ကား အောက်မြို့ကျေးရွာသို့သွားတော့မည်။ ယခုအခါ,".. ua=-igermpeienE"" -T"""
ခန်းထဲမှ ဂျရတ်ကတ်ရှနာ ထွက်လာခဲ့လိုက်သည်။ မော,T%-Tn tinrPmhen ျက်လာနဲဂိုက်သည့္၊ ဟော
ကားဘေးက,ကားဘေးက
လား..,လား..
၊ ရော့... ဦး,ရေ့... ဥး
ကောင်း,ကောင်း
အမှန်,အမှန်
ကြည့်,ကြည့့်
ဘုတ်လေး,ဘုတ်လေး
လိုလား၊ ဒါဖြင့် အမေရိကန်ပြန်ကြီးဆီရော ဘာလို့ မသွားသလဲ၊ ဟိုက လက်မခံလို့ မဟုတ်လား ဪ.. ဆံပင်ညှပ်သ,"' ' '  ' '""- ' ..... . . ...."
အဖြစ်နှင့်,အဖြစ်နှင့်
ခြင်း,ခြင်း
င့် တွေ့ဆုံ၍ အ,င် တွေ့ဆံ့၍ အ
မအေးပေး,မအေးပေး
ရတနာပြဇာတ်ကို စီစဉ်တင်ဆက်ခဲ့၍ မြတ်မွန်ရတနာ ပြဇာတ်စာအုပ်ကို စာပေဗိမာန်မှ ဖြန့်ချိထုတ်ဝေခဲ့,".-,gpaniseicic-saetesirerdirntr117""155''"
ရာ,ရာ
လုပ်ရှင်၊ အ,လုပ်ရင်၊ အ
စ,စ
အခင်ကို လိုသမျှဖွင့်,အခင်ကို ငို့သမ္မမှိ့
ဝန်,ဝန်
လေးမ,လေးမ
တော့ အမောဆို့ပြီးသေတာ အတိုင်ဘက်က အကောင်ကြီး တစ်ကောင်ထဲရယ် ခင်ဗျ စစ္စတာဒေါ်,တော့ အမောဆို့ပြီးသေတာ အတိုင်ဘက်က အကောင်ကြီး တစ်ကောင်ထဲရယ် ခင်ဗျ စရွတာဒေါ်
ကို လက်ခံတဲ့စိတ်ဖြစ်တယ်။ အာရုံကို လမ်းဖွင့်ပေးတဲ့စိတ်နဲ့ အာရုံကို လက်ခံတဲ့စိတ် ဒီစိတ်နှစ်ခုကြားမှာ မြင်သိစိတ် ကြားသိစိတ် နံ,ကို လက်ခံတဲ့စိတ်ဖြစ်တယ်။ အာရုံကို လမ်းဖွင့်ပေးတဲ့စိတ်နဲ့ အာခုံကို လက်ခံတဲ့စိတ် ဒီစိတ်နှစ်ခုကြားမှာ မြင်သိစိတ် ကြားသိစိတ် နံ
လာကြသည်။ စစ်ရထားပေါ်တွင်သာ အစဉ်အမြဲ တွေ့မြင်ခဲ့ရသော သူ,TTB -Tlin nmasac-as...
ဘော်,ဘော်
အ,အ
ဒါပေမဲ့,ဒါပေမဲ့
။ အကြောင်း,။ အကြောင်း
၏။ မက္ကဆီကို ကို စပိန် ဖဲင်နီ သူ့ခန္ဓာကိုယ် အလှပျက်ယွင်းစပြုနေသည်,"န,upgaa -g sai4 a4 zssrtt=me:e""TefTiP5Tif"
ဒင်း ပွိုင့်တူးတူး သေနတ်သံကလေး ထွက်သွားသလို ...,"s့. ွဲတcူာတူ့း သေနေတိသံကmeလေး၊ Fer""T-aFT"" . ."
ရာကုတ်မှာ ၁၆,ရာကုတ်မှာ ၁၆
လက်,လက်
တေနှင့် ခေတ်မြန်မာမဂ္ဂဇင်း,တေနှင့် ခေတ်မြှန်မာမဂ္ဂဇင်း
ဆိုင်ရာပြဿ,ဆိုင်ရာပြဿ
ဆီး,ဆီး
ခ,ခ
မြင်နေသူများမှာ,မြင်နေသူများမှာ
ပုသိမ်မြို့သည် ၁၂ စ,Zခgpcbi z1)1
မူလျှင် အရိပ်သည် ထိုအရိပ်ရှင်၏ နောက်သို့ အစဉ်,ဟမျှစ အဆap်သညgl cိုmebetedl ime T.
လို လုပ်,လို့ လပ်
နှစ်,နှစ်
ဖြစ်,ဖြစ်
ရှိသည့် ရှင်း,ရံသည့် ရင်၊
ဆောင်မှု ပေးနိုင်ခဲ့,ဆောင်မူ ပေးနိုင်ခဲ့
ပနိုင်ငံတွေမှာ ကျန်နေသေးတဲ့,ပနိုင်ငံတွေ့မှာ ကျွန်နေဒေးကဲ
သည်။ ၁၉၅,သည်။ ၁၉၅
ညနေခင်း၌ အိမ်ဝိုင်းထဲ ဆိုင်,ညနေခင်း၌ အိမ်ပိုင်းထဲ ဆိုင်
များ,များ
မှ,မှ
သီး၏ မျက်မှောက်ဘ၀ အတွေ့အကြုံများကို,"သီး၏ မျက်မှောက်ဘဝ အတေ့။Eြpgptr""ီ"
မြို့နယ်၊,မြို့နယ်၊
၂၁၁၅၀,၂၁၁၅၀
။https://www.anonymoustunisie.com/WebsiteofAnonymousTNဘယ်သူမှ တိတိ,"........-"""""
ဒီမိုကရက်တစ် သမ္မတနိုင်ငံ နှင့် မြောက်ရိုဒီးဇီးယားနိုင်ငံ (ဇမ်ဗီယာနိုင်ငံ),"""TT+ 7zHit nt reriks-sia (as-asy"
နားစိတ်တစ်ခုတည်းနှင့် ခွင့်ပြုရတော့မှာတဲ့လား။ ဇနီးတစ်ယောက် ချစ်ရာရောက်အောင် ခုထိတော့ မပျက်သေးပါဘူး၊ ရော်ဘင်က သူသွားကြည့်တဲ့ လမ်းကို ကျွန်တော့်,နားစိတ်တစ်ခုတည်းနှင့် ခွင့်ပြုရတော့မှာတဲ့လား။ ဇနီးတစ်ယောက် ချစ်ရာရောက်အောင် ခုထိတော့ မပျက်သေးပါဘူး၊ ရော်ဘင်က သူသွားကြည့တဲ့ လမ်းကို ကျွန်တော့်
ဏလေး ငြိမ်,ဏလေး ငြိမ်
သကဲ့သို့ ဖြစ်သွားလေသလား,သကဲ့သို့ဖြစ်သွားလေသလား
ရက်လောက်လည်းရရော,ရက်လောက်လည်းခုရော
ကို အလယ်က ထက်ဝက်ခြမ်း,ကို အလယ်က ထက်ဝက်ခြမ်း
မှန်ဘီလူးကို ပုံရိပ် လာရိုက်,1fTီးtuကု ပံ့ရုပ် လာနျုးဲ
ထည့်သွင်းကာ၊ ခြေ-လက်ပြုလျက် အထပ်အထပ်ဖွင့်ဆိုထားသဖြင့် ကျယ်ဝန်းသော အ,".မy,..<.-ovn -.- :Ti"" T   '"
ပိုင်ကြံပါ။ ဂျိုးဆက်စတိန်း,ဖိုင်ကြီပါ။ ဂျိုးဆက်စတိန်း
က ရှည်ကော့ပြီး မျက်ဝန်း,က ရည်ကော့ပြီး မျက်ဝန်း
ရွာစုကလေး ဖြစ်ပေသည်။ လယ်သမား၊ ဈေးသည်များ,"""'T""TT"" 0""Tmnd- rsias- wagsup,"
၅၆,၅၆
ကြ,ကြ
နေအထိ အဖြစ်အပျက်များ,"နေအထိ အဖြစ်အuက်ntpI"""
ရေဖျန်း၍ ခရစ်ယာန်သာသနာသို့ မသွင်းခင် သေဆုံးသောကလေးများမှာလည်း ခရစ်ယာန် သေခြင်းမှ ပြန်၍ အသက်,ဟာpgနနတ esယေcseaz-zayraဲ့ eoaefhad ezoasgesrmersrmrptmrond nP7-f 7T1 Cfl T
ရတဲ့ ဘာသာရပ်မျိုး မဟုတ် ပါဘူး။ လင်္ကာတွေကို မဆန်းစစ်,""""" ""TTfR-of ihs rsesps,ueve"
ဏေ,ဇေ
ပိုက်,ပိုက်
ခင်ဗျားမှာ ထိုးဆေး ဘယ်လောက်ရှိလို့လဲ ချို့ရွှင်ချောင်းသည် မည်သို့မျှ မရှောင်တိမ်းနိုင်တော့ ။ လက်ဝါး,TTtP:TP Tr-1 T-PnarPhielri eaHfepC:cek ediy esptesik-ster v -asa.
မကောင်းရင် ဟိုကြလန်းသွားမှာ,မကောင်းရင် ဟိုကြလန်းသွား။ှာ
ပြီး ဂတ်စတာပိုအ,ဦ လတ်စတာမိုး
သည်,သည်
သူ့မိန်းမဆီကို ပေးလိုက်တဲ့အလုပ်ပါ၊ ကျွန်မ ပို့ပေးရမှာပေါ့ ရင်သွေးငယ်အာဟာရ သန္တေသားမှစ အင်ဒို,. .glgpurcdcat cuscdrdcboarabdk ကန့fပ fိcunegpedl eEeoesodtmmi --4775 75
ပြထားတာဖြစ်ပြီး လမ်းညွှန်ချက်,ပြထားတာဖြစ်ပြီး လမ်းညွှန်ချက်
"တာ လွယ်တာ မဟုတ်ဘူး"" နောက် ဒီအလုပ်လုပ်စားရင် ရှင် မသေ","တာ လွယ်တာ မဟုတ်ဘူး"" နောက် ""ဒီအလုပ်လုပ်စားရင် ရှင် မသေ"
မှာသန်းခေါင်ထက်နက်တာ မရှိပေမယ့် အပါယ် ငရဲကတော့,မှာသန်းခေါင်ထက်နက်တာ မရှိပေမယ့် အပါယ် ငရဲကတော့
ကွဲ,ကွဲ
င့် ရောနေသော ရေဖြစ်လျှင် ဓမကရိုဏ် (ရေစစ်) ဖြင့် စစ်ပြီးမှ သောက်ရ၏။ သူ့အား ပြန်လည် မဖြေကြားခင် ဒေါ်ဥမ္မာသည် တံတွေးကို တစ်ချက် မျိုချလိုက်သည်။,"...... . .. . ။ - "" "" ' ' ' ' '"
ပင် အထက်ရှိ ကျောက်လွှာတို့မှ မြင့်မားသော အပူချိန် နှင့် ဖိအားတို့ကြောင့် အသွင်ပြောင်းကျောက်အဖြစ် ပြောင်းလဲလာနိုင်သည်။ ခင်စိုးပိုင်နဲ့လား ရှိတယ်,".......v. .. - --  "" ' ' ' '"
နေ,နေ
ဖြစ်၏။ ထိုအချိန်တွင် ကျုပ်၏ ခေါင်းထဲ၌ အလင်းရောင် ဖြာလက် သွားလေသည်။ ထို့နောက် ပိတ်သည်းနေသော အမှောက်တိုက်ကြီးသည်,"BP1 ""ီ0TfH0f5 TuI9 71T4 mrfnot Srt mepserxudr ses iszgascas aapcauနနag္န့agူ"
ရွာအုပ်စုတွင် ကျား,ရွာအုပ်စုတွင် ကျား
မွှေးနေသည်။ နေဦး,မွှောနေသည်။ နေပီး
သီးများ တပ်၍ ထားသော,"""ီးpmE်gထားသေ-"
စွာ ကျင်းပတယ်လို့ဆိုပါတယ်။ စတုဒီသာအကျွေးအမွေးများနှင့် အလွန်စည်ကားသောဘုရားပွဲတော် ဟုလည်း စော်ဘွားတောင်ခြေ ရှမ်း,""" T၆""-T"" TNer P - TSr raဏr =rmsrmoheraG meefmsesurmpegecrd ucguegivcpuczcgနွa"
ပုံ ရ၏။ ထို,ပုံ ရ၏။ ထို
လဲ,လဲ
င့်လှုပ်ရတော့သည်။ နေစမ်းပါဦး,"t,aybecrpသebi nT""5"
ဖြေသည်။,ဖြေသည်။
မှတ်ရမိသည်။ ညနေ ၆ နာရီတွင် စထရင်းဟိုတယ်လ်မှာ ညစာ စားပွဲရှိသည်။ ဂျူးလူမျိုးတို့အတွက်ကား ကြားနေမည်ဟု,""" '"" "" ' 'T""' `""TI'Ti cr ruhsme sresecraen.-ry-.-a."
ကြာမီပင် ညိုမှိုင်း၏ ပီသပြတ်သားသောအသံ ပေါ်လာ၏။ ၃,"""""""d9""TTefimarasse.-s."
မျောက်၏ဇနီးအား သိမ်းယူတာထားပါတော့၊ တိရစ္ဆာန်ကိုး၊ လူဘုရင်တွေက စစ်ရှုံးသူ၏ ဇနီးမယားကို သိမ်းပိုက်တာတော့ လွန်လွန်းသည်ဟု ကျွန်မ ယူဆသည်။ မိန်းမတွေခ,""" .. . .. ..."
ထွက်,ထွက်
ပြန်လည်ကြီးပွားလာခြင်းကို မရှုဆိတ်ကြချေ။ ကားသေ့တို့၏ ရန်ကိုလည်း ကြောက်ရွံ့ လျက်ပင် ရှိကြသေးသည်။,"ဣနcogg,gprcsgEcamt egedersese ကoezorde၏ erfrလo်= HeSheမ mrPT7""5 94S7""745"""
တွေ အများကြီးပါလား၊ ငါ,T7 Thptghuပလား၊ c၊
သည် ဇုနတ်မင်းကြီးနှင့် တူသော်လည်း ပို၍ ဣန္ဒြေကြီးပြီး,-g arascai mrtnd-HRizT4210
ခုတစ်,ဒု့တစ်
ရေး၊ အိမ်များရှိမိလ္လာစနစ်,ရေး၊ အိမ်များရိုမိလွလာစနစ်
ကော့,ကော့
တို့ကို ဖလမ်းချင်းဘာသာစကား၏ ဒေသိယစကားအဖြစ် စာရင်းပြုထားသည်။ စကားအ,""""" "" ""T""..""n :1H.mmuadjae sespr.awa ...."
တရှိန်ထိုးအောင်မြင်မှု နောက်ကွယ်မှာ အရေးပါတဲ့ တစ်ခုသော အင်အားတစ်ခုဟာ ပုန်းလျှိုးကွယ်,ဟနျန့အုcsဆေားစမ္စမ နောကွယ်မယာ အရေးပါတဲ တစ်esm =efmmTn-7:PTdrTmr5
ပြုအောင် ဆွဲဆောင်ခဲ့သည်ဟု ထင်၏။,ြုောဇ် ဟွဲ့ဆောင်နဲာလည်းု ene၏n
နောက်သို့,နောက်သို့
သွားလျက်ကပင်,ngprးဗျက်ကပင်
သက်ရှစ်ဆယ်လောက်ရှိတဲ့ ဘကြီးမိုးတောင် တောင်ပေါ်မှာ ရှိနေတာပဲ ချောင်းမမွေတော်စေတီတော် ဘုန်းကြီးက ဒကာမကြီးကို ဘာတောင်းဖို့ အကြံပေးခဲ့လဲ။ ဟို အဲ ဒေသကို,သက်ှစ်ဆယ်ထောက်ရှိတဲ့ ဘကြီးမိုးတောင် တောင်ပေါ်မှာ ရှိနေတာပဲ ချောင်းမမွေတော်စေတီတော် ဘုန်းကြီးက ဒကာမကြီးကို ဘာတောင်းဖို့ အင်ကံပေးခဲ့လဲ။ ဟို အဲ ဒေသကို
"ခဲ့လို့လဲ၊ ဘာဖြစ်လို့ ဒီလိုဖြစ်ရတာလဲ။ ဘာဖြစ်လို့လဲInjangyangMMR001003022HkanDaukYangခန်ဒေါက်ယန် ""မအေဘေး ခုကျတော့ စတိုင်တယ်",......v.. . . .... . .
ခရိုင်,ခရိုင်
ဘိ,ဘိ
လောက်ကောင်းတဲ့ဆေး မရှိဘူး မောင်လေးရဲ့ အမြောက်အမြားတို့ကိုလည်း ဗက်ဗီလုံးမြို့တော်သို့ ဖမ်းဆီး ဘယ်လို,"' '"" "" "" T""' T""-""i meirihermnrwc saesgusawzer-,cse"
မှန်,မှန်
ဇဂြိုဟ်သို့,ဇဂြိုဟ်သို့
ပါးကိုသော်လည်းကောင်း ဉာဏ်ဖြင့် အစဉ်,ပါးကိုသော်လည်းကောင်း ဉဥာဏ်မြှင့် အစဉ၌
ထောက်အ,တောက်အ
Gyi(TaungKanGyi)ကန်ကြီး (တောင်ကန်ကြီး) ၁၉၆၀တွင် သမ္မတရာထူးအတွက် ယှဉ်ပြိုင်ခဲ့သော်လည်း ဒီမိုကရက်တစ်ပါတီမှ သမ္မ,"...... ..v. ev. --"" """" "" '  ' '"
တနိုင်ငံ တည်ထောင်,တနိုင်ငံ တည်ထောင်
အလွန်,အလွန်
နွေးဓာတ်,နွေးဓာတ်
ကြောင့်ငါ့သမီးဝမ်းမှာလာမှီးသာပေါ့။ဖွားရက်ကလဆုတ်ဖွားရက်ထဲကျတော့ဆယ့်,"cgapapaa-s-rsursuiprwtmmHhtT5T"""""""
ဝန်ကြီးဘဝ ခြောက်နှစ်,ဝန်ကြီးဘဝ ခြောက်နစ်
နိုင်စွမ်းကို စံပြုထား,နုင်စွမ်းကို စမြှထား
ရပ်ဝတ် အရပ်စားနှင့်။ ဒါက ဘာသဘော,"1:P mnirwb Rr =saz,"
မြို့နယ်၊ ထင်ပါကျိုင်းကျေးရွာ,မြို့နယ်၊ ထင်ပါကျိုင်းကျေးရွာ
တွင်,တွင်
သည်။ အတွေ့လေးရယ်မှ အိုအကြုံ (၁၉၉,. .န္ပ -zmgec-natV imfEk Ti
ဝတ်,ဝတ်
ရှိသည်ဖြင့် အသုံးပြု,ရှိသည်ဖြင့ အသုံးမြှံ့
အမိန့်ရထားကြောင်း၊ အကယ် ၍ မနာခံလျှင် မြင်းများကို လှည်းမှ အတင်းဝင်ရောက်ဖြုတ် ယူရလိမ့်မည်ဖြစ်ကြောင်းဖြင့် လူတစ်ယောက်ကိုစေလွှတ် ၍ အပြောခိုင်းလိုက်,".မ..n....-vwev=-o=awa =i-Tur"" :rT7tft1T' '  ' ""'"
ထုတ်ဝေ,ထုတ်ဝေ
ကုတ်မှာ ၂၁၉၈၆၂ ဖြစ်သည်။ ၂၀၁၄ သန်းခေါင်စာရင်းအရ မိုင်းဟွမ်ကျေးရွာအုပ်စုတွင် ကျား ၁၈၂၀ ဦး၊ မ ၁၇၅၇ ဦး၊ လူဦးရေ စုစုပေါင်း,"""ီ"""" 1""ကးX""TကET T=T T-PmPTtPreftinmemteP mpo us,s:tiv a zput, sagcauapyas"
လေ,လေ
ဖတ်ကြည့်လိုက်၏။ သူထိုနာမည်ကို ဖတ်နေမှန်းလည်း ထိုလူ,nmESသdyrlိုက်d၏။ ဒခ့ထို့နာမည်ကို ဖတ်နေမှန်းလည်း ထိုယူ
ပြန်ဆုတ်သွားခဲ့,ပွန်ုတ်သွားခဲ
၇ - ရွှေကော,၇ - ရွေကော
မီး,မီး
အချိန်,အချိန်
သိမ်းကာ မှော်ဘီ စိုက်ပျိုးရေးစခန်းကို ဌာနချုပ်ဖွင့်၍ သူတို့အား ခုခံရခြင်းပင် ဖြစ်သည်,"""'"" ""+""'1TNimH sawleik weta- .wasv g,g"
အယူအဆကို ငြင်းပယ်ရလိမ့် မည်ဟု ထင်စရာရှိ၏။ သို့ရာတွင် ကိုပါနီကတ်၏ နိယာ,အယူအဆကို ငြင်းပယ်ရေရိမ့် မည်ဟု ထင်စရာရှိ၏။ သို့ောတွင် ကိုပါနီကတ်၏ နိဟာ
မူမြို့နယ်,မူမြို့နယ်
လာသည် ဆိုတဲ့ ဇာတ်လမ်းကို ပြောမှာပါ,ကmးလည် ို့ဲ ဇာက်လမ်းကို့ ပြောမှာပါ
ရတယ်။ နောက်တော့ နုရီအဖေက သတင်းသဲ့သဲ့ ကြားတာနဲ့ နုရီကို အမြဲလာကြိုတော့,ရတယ်။ နောက်တော့ နုရီအပေက သတင်းသဲ့သဲ့ ကြားတာနဲ့ နုရီကို အမြဲလာကြိုတော့
သားများ၏,သားများ၏
ဆိုချက် တွေမှာ ကျွန်တော် မမှတ်မိတော့ဘူး ဆိုတဲ့ ဇ အသက်ရှူကျပ်လိုက်တာ အေ ၊ ငါ့သမီးလေး သနားပါတယ် အပဒါ,ဆိုချက် တွေမှာ ကျွန်တော် မမှတ်မိတော့ဘူး ဆိုတဲ့ ဇမ အသက်ရှုကျပ်လိုက်တာ အေ ၊ ငါ့သမီးလေး သနားပါတယ် အပဒါ
။,။
မြက်ရင်း သွေး,မွှက်ံရင်း ဒေခေ-
မြို့နယ်၊ ထန်းဘုန်းတောကျေးရွာအုပ်စု တံတားဦးရွာ (အင်္ဂလိပ်: Tadaru)သည် စစ်ကိုင်းတိုင်းဒေသကြီး၊ ရွှေဘိုခရိုင်၊ ဝက်လက်မြို့နယ်၊ ကျီးပင်ကန်ကျေးရွာအုပ်စု၌ တည်ရှိသည်။ ရွာ,"း"" """"T1RT1 "" TBTte "" T7rmd-itiinmatiovesases-aaz-ases-s,s-smrsmcsagusgapsy"
သိ,သိ
ကြီးဆုံး လုပ်ငန်း,ကြီးဆုံး လုပ်ငန်း
တယ်။ ပြီးတော့ Keygen ထဲမှာ သွား Paste လုပ်၊ Generate Activation Code ကိုနှိပ်။ ထွက်လာတဲ့ Activation Code ကို,"' ' ' '""' ' ' . .. ..."
ခြေအနေပေါ်၌လည်း တည်၏။ ဇေ,BrTniaek: တeta. a
လာ(ပြာ) သူသည် ဓားကို,"crxKgp၊ aaZk mr"""
ဝံကြယ် မြေမှာ ခကြွေတဲ့ ခေတ် မဟုတ်ဘူး။ ပွမ်ပွမ်မြည်တဲ့,"""ES"" Tir TiSi sခတ မဟုတဘps (ခဲgခွေရဆာ့"
ကို လန်းဆတ် စေသည့် ဝိုင်,"""ီ =f်းဇတံ ဖေးဖ့် နုခ"
ဖေ,ဖေ
များ,များ
နှင့် ဒေါ်အောင်ဆန်းစုကြည်တို့,နင် ဒေါ်အောင်ဆန်းစုကြည်တို့
ယက်နမ် နယ်ချဲ့,ယက်နမ် နယ်ချဲ့
ဖြစ်,ဖြစ်
နှောက် အသစ်,နှောက် အသစ်
စင်ပေါ်မှ ကျလာလျှင်တော့ အရိုးတခြား အသားတခြားဖြစ်ရန်သာ ရှိတော့သည်။ {{Db-test-notice-NPF}} အဘိုးကြီးက မိန်းမကြီးနှစ်ယောက်ကို ခပ်ကြမ်းကြမ်း တွန်းပစ်လိုက်ပြီး သူတို့နှစ်ယောက်ကို,"ce,g၄-op-syper-orugpra.:.--agspeasgrovksroredi rn- - . - rdr2T7 T59"" TC2 T"" 6'"
နား,နား
ဖြစ်,ဖြစ်
ခဲ့ပြီး ဆက်လက်ချီတက်ကြ၏။ ဤသို့အားဖြင့် အီဂျစ်စစ်ကြောင်းမှာ အ,"န cacasesae-esitimtef 1t5f5""' '"
သစ်လေ,သစ်လေ
၈) ကြင်နာသူနှစ်ဦး ဆုံနိုင်ရင် (၁၉၉၇) ဟား ကောင်းပါတယ်။ အများကြီးကို ကောင်း,wv) ထငံနာသူနစ်ဦး ဆု့နိ်ရင် ၁၁၇) ဟား ကောင်းပါကဏ်။ mmသT 1TT-
။,။
ဏ,ဏ
တည်,တည်
မျက်နှာဖုံးကို မေ့ဆေး,"မက်နှာbုyကျ,m."
စခန်း၌ အမြောက်သံ တစ်ချက် ပေါ်လာသည်။,"""%8 7THht meye sn-aa.မ္g"
ကောင်းဆန်းဂေဟာကြီးမှာ အနားယူပြီး ညစာ စားကြရအောင် လှေမျော လှေနှင့်လိုက်၊ ငွေမျော ငွေနှင့်လိုက် ဆိုသည်မှာ စီးပွားရေးလုပ်ငန်းများတွင် အရှုံး,ကောင်းဆန်းဂေဟာကြီးမှာ အနားယူပြီး ညစာ စားကြရအောင် လှေမျော လှေနှင့်လိုက်၊ ငွေမျော ငွေနှင့်လိုက် ဆိုသည်မှာ စီးပွားရေးလုပ်ငန်းများတွင် အရှုံး
မြက်လိုသူ,မြက်လိုးန့
ရား,ရား
ပိုး,ပိုး
ထင်,ထင်
င့် အကြိမ်ကြိမ် တားမြစ်ကြသော်လည်း မိမိ အဆွေခင်ပွန်းကို စွန့်ပယ်ခြင်း မရှိလေ၏။ ဦးမြသန်းက ငြိမ်,"aegega<-csgaesrcarsdk-surheitefrTd"" 70""7 9"""" '"""
မလား အောက်မေ့,မလား အောက်မေ့
သာမဟုတ်၊ အသီးနှင့် အရွက်ရရန်အတွက်ပါ စိုက်ပျိုးကြသည်။ အသီးကို,"""T5""- TT-nl mrfhnoksrmrtl etagesasg,ass,-a"
ဆောက်အအုံကို ခေါင်းမော့ကြည့်ကာ ချီးကျူးပြောဆိုနေသည်။ ဟာ ပ,-mTimsrကီ nင်းမောကြခါံကာ ရီုးကျူးပြောဆိုနေသည်။ ဟာ ပ
နေထိုင်,နေထိုင်
ပြု၍ ပထမသင်္ဂါယနာတင်,EilVYssaflupect
တန်းမျှသာ သင်ကြားခွင့်ရခဲ့သော်လည်း အလုပ်နှင့် စကားပြောတတ်သူ၊ အချိန် လေး,ဘနု့မူှာ Zaxtgsaနgbဲ့ခဲ့သေc်cocbe aob၃ပခန် စeကားaြဲားmhoy) TnR 7T
ပိုက်ပြီး သမီး .... သမီးက,ပိုက်ပြီး သမီး ... ဝသဗီးက
ကလေးများ အိမ်မှာ,ကလားများ အfကn
ဖြစ် MMR009012022 Yae Hpyu ရေဖြူ ဟု ပြောပြီး ရုံးခန်းထဲခေါ်သွားသည်။ ရာသီဥတုရှိ၍ရေမဝပ်ဘဲ ထုံးကျောက်မြေဆံသည့် ဒေသမျိုး၌ ပိုမိုဖြစ်ထွန်းသည်။ မိုးပါးရေရှားသ,".... ..v.။ -+. . """" ""'  '"
အား,အား
ကျယ် သွားကြသည်။ဒေါက်တာ အယ်လ,ကျယ် သွားကြသည်။ဒေါက်တာ အယ်လ
ငယ်,ငယ်
နေတာ၊ ရောင်ဘန်ရွာ (အင်္ဂလိပ်: Yawngbang)သည် ရှမ်းပြည်နယ် (မြောက်)၊ ပလောင် ကိုယ်ပိုင်အုပ်ချုပ်ခွင့်,"' ""'T "" "" Tmrmaratl witievstvwssi..-w staespwyန,"
ငရှဉ့်ကျ မည်။ ကြိုးထိုးလျှင် သည်နှစ်ကောင်အနက် မည်သည့်အကောင်ကျကျ ကိုယ်က အနိုင်ရမည်။ ရာဇဝင်ဟောင်းများရဲ့ သင်္ချိုင်း ဘာလုပ်ရမည်နည်း။ ဒီနေရာက စောင့်လျှင် မ,ငရှဉ၌်ကျ မည်။ ကြိုးထိုးလျှင် သည်နှစ်ကောင်အနက် မည်သညိုအကောင်ကျကျ ကိုယ်က အနိုင်ရမည်။ ရာဇဝင်ဟောင်းများရဲ့ သငါချုင်း ဘာလုပ်ရမည်နည်း။ ဒီနေရာက စောင့်လျှင် မ
လာ,လာ
တော့မယ်။ ခင်ဗျားကို လာ,နေမယဲ၊ efprf7T
ဝ ပေးခဲ့သည်,၀ ပေးခဲ့သည်
ဝမ်းလျှောခြင်း ဟုခေါ်သည်။ ကို ကျော်ဖြတ်လာခဲ့၍,ဗမ်းလျှောခြင်း ဟုခေါ်သည်။ ကို ဧကာ်Sက်mm?g
၊ ဝေဟင်ပေါ်ပျံ,=လဟင်ပေါ်ပျဲ
နိုင်ချေ။ တနင်္ဂ,ခိုင်ချေ၊ တန?
လဲ။ဒေါ်ဒေါ်က အသက်ကြီးပေမယ့် မျက်နှာကတော့ နုနုကလေး ရှိနေသေးလို့မို့ ဝတ်နိုင်ပါတယ် ဒေါ်ဒေါ်ရယ် လုရင်းလိုက်ရင်း စုတ်ပြဲ,"' ' ' ' ' """"T'""'""-rm- srmrmamwkcasurvcscs,uupma,p,ay"
သည်။ အုန်းဆီထုတ်သည်။ နာနတ်ပင်များကို အကြီးအကျယ် ဦးလေး ဦးလေးနဲ့ မခေါ်ပါနဲ့ဟ။ ငါ အဲဒီလောက်,"'{""T155Ttnr'iri -tpmrmaz<-i.wyasasna..."
သော အင်္ဂါတို့နှင့် ညီညွတ်သူ ဖြစ်ရ၏။ ကျွန်တော် ရန်ကုန်,သော အင်္ဂါတို့နှင့် ညီညွှတ်သူ ဖြစ်ရ၏။ ကျွန်တော် ရန်ကုန်
ကချင်နှင့် ကရင်အမျိုးသား များလည်း သိပ်မတွေ့ရတော့။ အောက်ပိုင်းမှ ကုန်သည်များကိုကား လုံးဝပင်မမြင်ရတော့ ချေ။,"...e .=. . .. """""" """" '  '"
က,က
မောင်မျိုးမြင့်,မောင်မျို့ဖြင့်
သူ,သူ
ပြည့်နှစ်,ပြည့်နှစ်
လမ်းမြို့ဖြစ်သည်,လမ်းမြို့ဖြစ်သည်
ခိုလှေများအကြောင်းကို ကြားဖူးသည် သည်စက်လှေများ,ခုံ့လေ)မ္ဓားအကြောင်းကို ကျpားuyသ၁ည: S၁ocflerisno-neI
အ,အ
သည့်အချက်ကို နားလည်သဘောပေါက် လက်ခံရန် လိုအပ်ခြင်း ဖြစ်သည်။ ကျွန်တော် ဆတ်,"=-g္ုံasျpebamtl .cေလည်သဘေဘာပေါက် လက်ခံရန် Ffုse.ိdrf"" e""Tဏာf"" TmaH7 T"""
သို့ဖြစ်၍ ဝါဖတ်ရင်း ယခုပြောသော မ,"-agigp dlတhept:-uoePE::T"""
culturesorracesintheirfictionaluniverses.Namesortitlesof,"နမy..coarecsrakrsrorsniri0"""""
ပြီ,ြီ
ပို,ဖို
လို့မှ မဆုံးမီ သိန်း,"လို့မှ မဆုံးမီ သိမ်"""
ထူထပ်မှု,ထူထပ်မှု
တတ်လို့,တတ်လို့
ကြားနေရင်းပင် ကြုံ ရင်းကြုံသလို ပြင်ပ စာပေလောကရှိ ဝတ္ထုများ၊ မဂ္ဂ,"T""TTf1-TCi7HhPdrnRSfu esus=-gagp:->p"
မှ ထုတ်လုပ်သည့် Kung Fu Panda (ကွန်ဖူး ဝက်ဝံ) တွင် မျောက်ဆရာကြီးအဖြစ် အသံအပိုင်းမှ သရုပ်ဆောင်ခဲ့သည်။ ထိုဇာတ်ကားတွင် အခြား ထင်ရှားကျော်ကြားသော ရုပ်ရှင်သရုပ်ဆောင်များဖြစ်သည့် Jack Black (,"..a..4.y c-pn,-cr-npsc -ar n .cr--aeras susetv -oercetir-t- H7r:-n"" i- -Tnr-""T""- .  """" . ' "" ` ""'"" '''"
ကို သိသော,ကို သိသော
တစ်ယောက်လောက်သာ အောက်,ကစ်ယောက်လောက်သာ နော့က
ဘု,ဘု
တာ,တာ
ပုဒ်မ,ပုဒ်မ
မသိဘူး သူက နုံး,မသီဘူး ၁ူက နံ့း
ကာ ထောက်ကာဖြ,ကာ ဘောက်ကာဖြ
ပါတယ်၊ ကျုပ်ပါ ဟာ,ဖါတယ်၊ ကမ့ုပ်ပါ ဟာ
ရေး မာရ,ရေး မာရ
"floor,","foor,"
အင်ဂျင်,အင်ဂျင်
မေရိကားက မက်ဆာချူးဆက် စက်မှုသိပ္ပံကို ဆက်တက်,မေရိကားက မက်ဆာချူးဆက် စက်မှုသိပ္ပံကို ဆက်တက်
တူတူစား,တူတူစား
မန်စက်,မန်စက်
ဝ,ဝ
အ,အ
စုပေါင်း ဒေါ်လာ,စုပေါင်း ဒေါ်လာ
များမူကား ဘာမှန်းမသိရှာ,များမူကား ဘာမုန်းမသီရှာ
ရှင်း,ရှင်း
ချင်း,ချင်း
သည်။,သည်။
ရ ရှီးလန်ဒမ်း,ရှီးလန်းမ်း
စိန် တို့,စိန် တို့
တိုက်မ အထက်ရှိ ပစ္စယာဆင့်များတွင် ပုံစံအမျိုးမျိုး အကွက်အမျိုးမျိုး ဖော်ထားသည့် စဉ့်သုတ်စိန်တန်းများဖြင့် တန်,တိုက်မ အထက်ရှိ ပစ္စယာဆင့်များတွင် ပုံစံအမျိုးမျိုး အကွက်အမျိုးမျိုး ဖော်ထားသည့် စဉ်သုတ်စိန်တန်းများဖြင့် တန်
တင်ရမှာပဲ ထိပ်ထား ရေဝမ်းဆွဲသည်ကြီး ဘော်ဒါနိုဗာက ခပ်သုတ်သုတ် ဆက်လျှောက်လာရင်း ပြောလိုက်သည်။ ထိပ်ထားလေး တို့လို အပျိုတော်များ ဒီလိုကိစ္စတွေ မသိ,"' "" '""' ' ' ' ' ' - - . + srs.r. . . .w4."
ဝင်ရောက်ယှဉ်ပြိုင်,ဂင်၈ဇာက်ယှဉ်ပြိုင်
ကျင်းပခဲ့ပြီး န.ဝ.တ အစိုးရမှ ကျပ်သိန်း ၆၃,ကျင်းပခဲ့ပြီး န.၀ .တ အစိုးရမှ ကျန်သိန်: ၆၃
ပြီး တိုက်ခိုက်ကာ,ပြီး တိုက်ခိုက်ကာ
၁၂,၁၂
အ,အ
ကို တိတ်ဆိတ်စွာ စားနေလေသည်။ ချစ်ရေးချစ်ရာ ၁၉၉၉ ၂၀၀ ကျပ် သူက မဖြေဘဲ,""""""" -- Vr-ruiec saen .. < .. .န,"
ရှိခြင်း ဖြစ်သည်။ ကန်၏ အပူ,1o- Dfzသ၁ညS% ကနံမ အy
မှာ ပိုမာကြောရ,မှာ ဗိုမာကြောရစ
လေး,ဆေး
သည်၊ မေထုန်လက်ဖျား၊ စမ္ပယ်နားလျက်,က် T-mgetက်ဖဏp စမ္ယ်နာသျး
မှု ကူးစက်ရော,မှု ကူးစက်ရော
တစ်သက်သက်စွဲလာခဲ့,ကစ်သက်သက်စွဲ့လာခဲ့
လဲ ကလေးအသက် ဘယ်လောက်,လဲ ကလေးအသကံ ဘယ်ံလောက့
ဧရာ,ဒရော့
ဖြ,ဖြ
ဦး,ဦး
ဦးဖြစ်လိမ့်မယ်ထင်တယ်။ ဝေဝေတို့,ရူန္နabyckmfbmotfn mTT.
အသံနှင့် ပြောရာတွင် အေး... ငါကလည်း ငါ့ကို တိုင်ပင်လို့ပြောသာပါ,အသံနှင့် ပြောရာတွင် အေး... ငါကလည်း ငါ့ကို တိုင်ပင်လို့ပြောသာပါ
တို့ တည်းခိုကြသည့် ဟိုတယ် များနှင့် အ,"T ""TeTPreg dprugyea"
နိုင်,နိုင်
ဝှိုဝ်း ဠှိုဝ်း။ ချော,ဖဒို်း ဝိုင်၊ ခော
မှာ ဒဏ်ရာပြင်းထန်သည် မှန်သော်လည်း ခေါင်းမထောင် နိုင်လောက်အောင်တော့ မဟုတ်သေးချေ။ ဦးခေါင်းမှာ ကြည်ကြည်လင်လင်ပင် ရှိနေ၏။ အခြေအနေအရပ်ရပ်ကို,". . .coygercasurgycws-usge sacsccsgpecrterortern rticonrmor erdrtTrnrireEr-T SB"" T9TTT"
မှ အီရတ်တွင် ဆဒမ်အားဖယ်ရှားရန် အီရတ်ကို ၂၀၀၃၌ တိုက်ခိုက်ခဲ့သည်။ ယင်းတိုက်ခိုက်မှုတွင် အမေရိကန်သမ္မတ ဂျော့ဘုရှ်၊ ဗြိတိသျှဝန်ကြီးချုပ်,.... .. . . . . . ' '
နာ,နာ
လွယ်,လွယ်
မလာသေး,မလာသေး
မကြွားမိအောင် ဂရုစိုက်သော် လည်း စာအုပ်အကြောင်းနှင့် ပတ်သက်ပြီး စကားပြော ရလျှင် မျက်လုံးအရောင် မတောက်ဘဲ၊ အသံထက်မြက် မလာဘဲ မနေ,".cgp,acrcs -ngp,cus cngs casc-aests,i.ec-ae၊ rsoetio erer Wrir=sofi Tmii: 7505 7 ""5"
နလုပ်ငန်း၏ အဆင့်တစ်ဆင့်အောင် မြင်သည်ဆိုသော သတင်းပင်ဖြစ်ပါသည်။ ယခင်က သစ်ပင်တို့၌,"' ' ' ' ' ""Tmir =scawrwe..-.sa"
ဒါပေမယ့် ကျုပ်တို့က မလုပ်ပါဘူး။ ဟန်ဆန်းဂိုဏ်းချုပ် လုပ်လိုက်ရင် ခင်ဗျားနဲ့ အဆင့်တူသွားမှာပေါ့။ ဒီလောက် သိက္ခာကျမယ့် အလုပ်,"... .+=.s<r... = .-""  ' ' '"
။ ဆန်ကုန်သည်အဖြစ် အိမ်က ထွက်သွားရာက မယားတစ်ယောက်နဲ့ မူးစေ့အပေါက်ပဲ ပြန်ပါလာတဲ့ လူငယ်လေး။ သူ့အဖေက စောက်သုံးမကျရတဲ့အထဲ နောက်ထပ်,"....w.an .A........... .. . - ""  . ' ' ""' '"
ကျော် လေးမျက်နှာဂူ ဘုရား ရက်နေ့တွင် နိုင်ဂျီးရီးယားနိုင်ငံ ကက်,ကျော် လေးမျက်နှာဂ ဘုရား ရက်နေ့တွင် နိုင်ဂျီးရီးယားနိုင်ငံ ကက်
သားတစ်ယောက်အနေနဲ့ ပျော်ရွှင်ကြည်နူးနေတာကြည့်ပြီး တကောင်း ပီတိဖြစ်မိတယ်။,"----5T-7:7Tmnmk sedtaE်Scls:esေmာEsaeBte oer-t-tukigsio,i)"
တူ ပေပိုယူသည်။ မခင်သန်းက သဘောကျပြီး ဆရာ သံပရာ,"နagu,angvuetza4m =mm7e17 7T"
။,။
ရီ စိတ်ကို ဖတ်ကြည့်ပြီး မင်း ဒီလိုလုပ်တာကို သိသွားရင်.. မည်သို့ပင်ဖြစ်စေမြေ,"'""""T"" TT5Srl605 - TBietsre tfaps:. ugauegag"
ရွာအုပ်စုတွင် ကျား ၅၉၈၈ ဦး၊ မ ၅၆၅,ဇာအပ်ခုအျင် ကျား ဌp၄၀ ဦး မ ၅ေ
ပန်ကောင်,ပနံကောင်
ရမည်,ရမည်
သန်း,သန်း
အကောင် နာမည်က ဘယ်သူကွ ကြိုင်သည် ပြုံး၍ ကျွန်တော့်ကို စိုက်ကြည့်သည်။,အကောင် နာမည်က ဘယ်သူကွ ကြိုင်သည် ပြုံး၍ ကျွန်တော့်ကို စိုက်ကြည်သည်။
သွားသည့်ကုန်တွေ အရှုံးပေါ်သွား၍ ဟုဆိုကာ လျှော့ပေးတာတွေရှိသည်။ ကိုယ်လူကြုံပါးလိုက်သည့်ငွေကို နည်းနည်း,"..we.-c-rer-nr -.n. . .-HrP ""15' ""''"""
၁၆၁၄ ခုနှစ် အိုဆာကာမြို့ သိမ်းပိုက်ရေး အတွက် ကန,TT-i 7n Tmme9 slbtirfes srypxt -ay
ဘဝ၌ပင် အခြေခံ ကျမ်းစာအဖြာဖြာတို့ကို သင်ကြားတတ်မြောက်သည်,"cagွya sgg-mwremdBpBrt 7H7T19""T0ီ"
ကျယ်,ကျယ်
ဘရက်က ဆက်ပြောသည်။ ဒီနေ့ကစပြီး,ဘရက်က ဆက်ပြောသည်။ ဒီနေ့ကစပြီး
ရေးဆုံ,ရေးဆုံ
၊ ငါက အခု ဒုန်ဝန်းမြို့စား ဖြစ်နေပြီမို့လား၊ ဆယ်မြူ ဆယ်မြူအသာလေး၊ ဟားဟားဟား ကဲလာလာ,"a-- ,asperasester eridkiriim.- ."" ""'"
ပင် ပြင်ဆင်,မင် ပြင်ဆင်
နေ့လယ်,နေ့လယ်
ကြေးရေတတ်တွေရဲ့ အဆောင်အယောင်တွေပေါ့။ တော်တယ် ... အစ်ကိုကြီး တော်တယ် ... ထိုနောက် လက်နှိပ်,"""  "" """"  '""Tr= :<+in. asneie... .v,-.wa."
ယောက်စလုံး မသင်္ကာစရာ တစ်ခုခု တွေ့ လို့ ရန်သူ့နောက်ကို လိုက်သွားကြတာ ဖြစ်ရမယ် တစ်စကို ကာဗွန်တုံးနှင့် ဆက်ထား၍ ကျန်တစ်စ,"' . . . "" . . . . . . ..."
ဆက်သွယ်နိုင်ခဲ့လေသည်။ မော့သည် ပန်းချီပညာသင်ကြားရန် အမေရိကန် အစိုးရက စေလွှတ်ပြီးလျှင် ပညာတတ်မြောက်လာသည့်အခါ အထက်တန်းကျ,"..... ..=.-.-""  "" ' ' '"
လူကို,လူကို
ဆိပ်ဖြစ်သည်။ ၎င်းတို့တွင် စက်ချောဆီ၊ ဂီယာဆီနှင့် အမဲဆီများ,ီ္BfSrdi (ုင်းတိကင် စက်eapဆီ၊ PAu.aိနှb် အsaဆံမျူး
မတူ ချေ။,မတူ ချေ။၊
။ ကိုယ်ရပိုင်တဲ့ အခွင့်အရေး,။ ကိုယ်ရပိုင်တဲ့ အခွင့်အရေး
ဖြစ်,ဖြစ်
ည့် ကိစ္စရပ်မှန်သမျှကို သိနိုင်ဆုံးသော အခြေအနေ,ညှ့ ကိစ္စရုပ်မှန်သမျှကို သိနိုင်ဆုံးသော အခြေအနေ
လီနိုင်ငံသို့လည်း ပျံနှံ့,လီနိုင်ငံသို့လည်း ပျံနံ့
၍ ခုတင်ဘက်ကိုမခေါ်၊ ဆိုဖာရှိရာ,၏ ၏ ခကင်ဘက်ကုံမaါk ဆုံနု့နု
နိုး,နိုး
ချုပ်ကြီး သူရ ဦးတင်,အg္ပကီး ၁၃ရ၊ ဦးတင်္
လဲ သီတာ၊ အင်း . . .အေးမြတဲ့ သီတာပဲ ဖြစ်ရမှာပေါ့ ဟင့်အင်း၊ မဟုတ်သေးဘူး အစ်ကိုရယ်။ ဒါပေမဲ့ ဆက်ပြောလေ၊ ဆက်ပြောပါ။ ဆွန်ညာ နားလည်နိုင်မှာပါ။ အား,"' ' "" "" "" '"" . . . . . .."
လောက်ဖြစ်သည်။ သို့ရာတွင် အလွန်ကြီးမားသော နှုတ်ခမ်း,T-mVf5လည်း ဒိုးpာတင် အလွန်ကြီးမားသော နွတ်ခံး
ထောင်စု၏ အခြားထင်ရှားသော တက္ကသိုလ်များမှာ ယေးတက္ကသိုလ်(၁၇ဝ၁ ခုနှစ်)၊ ပရင့်စတန်တက္ကသိုလ် (၁၇၄၆ ခုနှစ်)၊ ဝါရှင်တန်၌လည်း တက္ကသိုလ်(၁၇၄၉)၊,""" "" "" "" ."". .  -+<=e=sv=.veamvr wy-wy.v. .w.y"
ညီ,ညီ
ဒယ်များ,ဒယ်များ
မြန်မာနိုင်ငံနဲ့ပတ်သက်လို့ ဆောင်ရွက်စရာ,"B""9EC-Tbim်bsက်လိ့ ဆောင်ရွကေး"
ပင်,ပင်
တွေ,တွေ
မဆန်သော အခြေအနေများရှိသည်။ ဤအသွင်အပြင်သည် ဝင်ငွေ,"""Tf-T"" 7T7BTmzeimenfsedi Rtoapcsgezamgaey"
လုံး လျော့ကာသွား၏။ ချိုသဲကြည် ဧကကို ငေးနေမိသည်။ အို ခင်ခင်လေးရယ်၊ သရဲများ ချောက်သလားကွယ်။ ခင်ခင်လေး ဘာဖြစ်,"' ' ' ' ' '""' '""TI T - -'-Hh PHrir-wa.:-ar: -rs...v. .a"
သည်။ ထိုအခါ ငစွယ်ငယ်မှာ အဟုတ်တ,"saည ဟုအခ oerimiiP T5"""
။ အခန်းလေး နှစ်ခန်းက တော့ သ,. အနဲံလေး နုစ်ခန်းက = T
ဘာပြောသည်ကို ဝေလငါးဂိုဏ်းမှ ကောင်းစွာ မကြားရချေ။ ကောင်းပါပြီ ဆရာ၊ ကျွန်မ,ဘာပြောသည်ကို ဝေလဝါစဂိ၎င်းမှ ကောင်းစွာ မကြားရချ။၊ ကောင်းပါပြီ ဆရာ၊ ကျွန်မ
လုံးပြူးသေနတ်ကို ခါးပါတ်,"ugူyသေနတ်ကိ PiPn"""
၊ meropenem,ireipenrm
ဝတီမင်းသား ရွှေဘိုသို့ထွက်ကာ အင်အားစု၍ ပုန်ကန်သည်။ ပုန်ကန်မှုအောင်မြင်သဖြင့် သာယာဝတီမင်း နန်းတက်သည်။ နန်းမတော်မယ်နု၊ မင်းသား,"'"" ' ' ""T""1THB iPistirsan:.-wi.s.ranv.or4..."
လူသားဖွံ့ဖြိုးမှု ညွှန်းကိန်း (ထိုင်း)ကိုအသုံးပြု၍လူ့ဖွံ့ဖြိုးတိုးတက်မှုဆိုင်ရာတိုး,Ta-T-n almwe ထစ်းကိန်း (ထိုင်း၊ကိအသiးyွgeagဖွုတိုးတက်မူယူုdapcaု).
ဖစ်ချင်ရင် အဲ,ဖစ်ချင်ရင် အဲ
"က မင်းနဲ့ ပူးပေါင်းပေးမယ် "" ဆေပီယန်စ် -၂၄ တစ်နေ့တွင် ကိုဓာတ်သားက အင်း ဆရာတော်ဘုရားများကိုတော့ ဖူးမျှော်ပြီးပါပြီ၊ မင်းတို့ သဘင်ဂီတအဖွဲ့မှာကော ဘယ်သူတွေပါ",""" ' '  "" ' T"" '"""" "" ..'-=-+=.rmv.4. ."
အုပ်စု,အုပ်ခု့
မှ,မှ
၀၅ ဖြစ်သည်,၀၅ ဖြစ်သည်
ည့် သူတောင်းစားတွေ ပြန်ပေါ်လာကြသည်။ သူငယ်ကလေးများသည် နှင်းပန်းစိမ်းစိမ်းများကို ရောင်း,ည့် သူတောင်းစားတွေ ပြန်ပေါ်လာကြသည်။ သူငယ်ကလေးများသည် နှင်းပန်းစိမ်းစိမ်းများကို ရောင်း
လေ,လေ
၉ ဖြစ်သည်။ ၂၀၁၄ သန်းခေါင်စာရင်းအရ လွဲမွန်ကျေးရွာအုပ်စုတွင် ကျား ၁၅၃၁ ဦး၊ မ ၁၇၂၄ ဦး၊ လူဦးရေစုစုပေါင်း ၃၂၅,"""""`""7 7""57-7rr-weve -w= arsi-ms-sr-pan.y"
င့် ထွက်လာ,င့် ထွက်လ
၈ ဦး၊ မ ၁၀၀၁ ဦး၊ လူဦးရေစုစုပေါင်း ၂၀၇၉ ဦး နေထိုင်သည်။ သည်ကြားထဲက မွန်မွန့်အသွင်၌ ချုပ်တည်း,"A gူ) ဟ aora tunopB,uaeeacdt- ypone 2- esetiEသာ်x =dlP-trm fhRm-eS ""0Tr"""
သည် သည်,သည် သည်
ရတာပေါ့ဆရာ မ,ရတာပေါ့ဆရာ မ
မှလာ၍ ဦးအောင်မြခိုင်အကြောင်း လာမေးနေခြင်း သည် ၄င်းအသတ်ခံရသောကိစ္စနှင့် ပတ်သက်၍,".-g guaragst-xeae r-s-aei"" -aet e""7-""7:1"" ' """
ယတ္တိသာသနာ့ဗိမာန်ကြီးတို့၊ သကျသီဟ၊ အိမ်တော်ရာ၊ မဟာမုနိနဲ့ သာသနာ့တက္ကသိုလ်တို့ ရွှေနန်းတော်ကျောင်းတို့လို အ,ယတ္ထိသာသနာ့ဗိမာန်ကြီးတို့၊ သကျသီဟ၊ အိမ်တော်ရာ၊ မဟာမူနိီနဲ့ သာသနာ့တက္ကသိုလ်တို့ ရွှေနန်းတော်ကျောင်းတို့လို အ
စ,စ
ခြားသစ်,ခြားသစ်
ရန်,ရန်
ဟေး တဝါး,ဟေး တါး
ကျဉ်းကျဉ်းလေးပါ၊ မေးဖန်များစကား,"""oE်-Tmgphsradk မေးမန်များ=-cး"
မည်,မည်
။ ၂၀၁,။ ၂၀၁
နောင်တဆိုတာ နောင်မှ ရတတ်သကိုး။ ရပ်ရေးရွာရေးကလည်း ဖြစ်ပြန်,"1m်mဏိmn sာင္မ ရုတတ်သာကိုး။ ရ(ပံရေရွာရေ-ကလမgည., ဠွစဠွနဲ့"
ထူးခြားလှပေသည်,ထူးခြားလှပေသည်
ဝသော အရိပ်အမြွက်များ,ဝသော အရိပ်အမွှက်များ
ထွန်း - ငါတော့ ဒီလိုဟိုးလေးတစ်,"""ါ့f်: - Te ဒီလုံ့ဟုံးလေးတစံ"
ရိုးမီးများ ဝါးမျိုလို့ မြတောင် ရွှေကျောင်းတော်ကြီးတို့လိုအဆောက်အဦးကြီးတွေ ကြည့်စရာမရှိတော့တဲ့အချိန်မှာ ရှားပါးနေပြီဖြစ်တဲ့ မဟာမုနိအရှေ့မုခ်ကျွန်းသားပြာသာဒ်,""" ""TI"" TT TirTeT""-T5rTrTiTrHhoHSH5Sra ESaebesecrorsbe= erxiksmgea -ssscay,sng,c,gp,s"
မာသောကျောက်စာအထောက်အထားများမတွေ့ရှိရသေးပါ။) သာသနာ,မာသောကျောက်စာအထောက်အထားများမတွေ့ရှိရသေးပါ။) သာသနာ
နှာရည်ညွှန်း,နှာရည်ညွှန်း
မာစကားပုံတစ်ခု ဖြစ်သည်,-mmht)ံတမ်ခူ့ဖြစ်သည်
သူ သို့မဟုတ် ဩဇာတိက္ကမကြီးမားသူများ ပေါ်ထွက်လာပါက အခြားသူများအ,"' """" ViTThr7-ve- entse,.i:-.ae-.."
ထွန်းမောင်ကြီးက လှေကိစ္စ လုပ်စရာရှိတာတွေကို ပေါ့ပေါ့ပါးပါးပင်လုပ်သွားလေသည်။ လှေပိုင်ရှင်များက သူ၏တက်ကြွမှုကို သဘောကျနေကြလေသည်။ တိပိဋကဆရာ,"' ' "" "" "" "" . .wv. ..."
တစ်ခုကို ဆိုခဲ့သည်။ ကမ္ဗလဿ တ,mn ခံစသာညး ကမ္မလသဿ =
တယ်,တယ်
ဆောင်,ဆောင်
အ,အ
မည်,မည်
။ လူဦးရေသိပ်သည်းဆသည် တစ်စတုရန်းကီလိုမီတာလျှင် ၁၄၃ ဦး ရှိသည်။ စုစုပေါင်း,"-wpaersecsemersroerTT""--F '""7 ''"
င့် နဂါးဘုရင်,င် ခုဂါးဘုရင်
၏,၏
ညံစွာ အော်ဟစ်သြဘာ ပေးကြလေတော့၏။ ဟန်ဆန်းတောင် ရောက် ကတည်းက တစ်ကိုယ်တည်း ပျင်းရိနေခဲ့သော လ,"မရွp-cowdcagp- svwZpcoecompek။ ဟန်မဟန်းတောtf seprt med=m= H05E: -efTfi9T75"""
DaweiEducationDegreeCollege;,DoweiEducationfDegreecoliege:
မ,မ
သနဝိဇ္ဇော,သနုပိဇ္ဇော
ကြောင်း NTV ရုပ်သံက ထုတ်ပြန်ခဲ့သည်။ အောက်တိုဘာ ၂၃,aegာငf: sweမ ရပ်သက လထုတ်ပြွန်ခဲ့သည်း။ အောက်ကီ- .a
သုံးပြီး,သုံးပြီး
ရင်မ အားပြန်၍ လက်,ရင်မ အားပြန်၍ လက်
များကို Tanai MMR001004017 Ta Ron တရုံ ဟူ၍ ဖြစ်လေ၏။ ကိုသန်းတင်တို့လူစု၊ အထက်တန်း ကျောင်းသား အတော်များများနှင့် မြန်မာဘာသာ ကျောင်းသားများ၊ အရပ်သူ အရပ်သား အချို့၏အ,""" "" ' '"" . ..v. . .."
စွမ်းတွေကို စက်ပစ္စည်းကိရိယာတွေက မြှ,ွန်းတွေကို စက်ပစ္စည်းကိံရိယာတေ့က ဖြ
ကား,ကား
ကာ၊,ကာ၊
၊,
နေကြရ,နေါ်ကဲ့၊
နှစ်,န်
ထောက်အ,တောက်အ
မှ,မ
ရှိသည်ဖြင့် အသုံးပြု,RaညgtmebG
စိန် တို့,စိန် ဟုံ့
လိုက်၏။ စုသည် ကြီးကြီးမေရင်ခွင်,sas-eab ဤဣ-7t4t
ပင် ပြင်ဆင်,ပbfဂစဆစ်
"ဖောမီး (Anseriformes)"" အတွင်း ပါဝင်",mnီ၊ Lurliermif mE ase
ဝန်ကြီးဘဝ ခြောက်နှစ်,g-s adrf
ကလေးများ အိမ်မှာ,"raupy:f5"""
ပြထားတာဖြစ်ပြီး လမ်းညွှန်ချက်,Grmggt၊ rfeafern
ကြိမ်၊ ထိုနောင် ဘဝင်ဖြစ်ထိုက်သ၍ ဖြစ်၏ ။,"me-aaeae =PBftftzst""5"""
သိမ်းထား ကြလို့လား,ss-mPrfr
င့် ထွက်လာ,ငံ့ ယုက်လာ
အပိုင်းတွေကို အခု,အစိုင်းတွေကို အစု
ရှိ အကြောစိုင်မှန်သမျှ တင်းမာနေသည်။ သူ့အား အ,TP1tii7Tx Thusasp:uc- s
"anotherevent,butingeneralyou'reallowedtouse",ir-mnr-n...-.
မာစကားပုံတစ်ခု ဖြစ်သည်,မာစကားပုတစ်ခု Gီ=းe်္
မြက်လိုသူ,မြက်းဗံသ့
လည်းကောင်း၊ မြေ,လည္်:srာtး၊ e9
ဒယ်များ,ဒယ်မား
ကျဉ်းကျဉ်းလေးပါ၊ မေးဖန်များစကား,rmumnfmabep..
ယှဉ်တွဲလျက် ရှိသည်။ စနစ်တကျစီစဉ်ပေါင်းစုထားသည့် အခြေခံဥပဒေ,"..iwcar -n-wartiT7 ""%:"""
ရန်သူ့တပ်မှူးတစ်ဦး၏,iastiemf2B
သကြားနှင့် ဆန်ကို ပေါပေါ ဝယ်နေရသည့် အိမ်ရှင်မများက ဘုရားသိ,"D-P 7""-TI-iascavj eirfrer- s-,"
တွင်,ကင်
ညနေခင်း၌ အိမ်ဝိုင်းထဲ ဆိုင်,လsနေေig ldefEfri Rlt
မြက်ရင်း သွေး,မြက်ရစ်း သေး
ကြောင့်ငါ့သမီးဝမ်းမှာလာမှီးသာပေါ့။ဖွားရက်ကလဆုတ်ဖွားရက်ထဲကျတော့ဆယ့်,""" '   '  .--v."
ရင် လုံလောက်ပြီပေါ့,ရင် လံ့လောက်ပြီးဂဒါ
တယ်။ တဲ,တယ်။ လ
အချိန်,ပခန)
ဘဝ၌ပင် အခြေခံ ကျမ်းစာအဖြာဖြာတို့ကို သင်ကြားတတ်မြောက်သည်,"..y- ses -i--trianin :C- "" 'T:T""-t"
ဆောက်အအုံကို ခေါင်းမော့ကြည့်ကာ ချီးကျူးပြောဆိုနေသည်။ ဟာ ပ,"...... -amr=ser=r"" """
လာသည် ဆိုတဲ့ ဇာတ်လမ်းကို ပြောမှာပါ,"လာလသည် ဟိံတဲ့ ""က""- Trိ .ပြောမှာပါ"
ဘု,ဘ
သွားသည့်ကုန်တွေ အရှုံးပေါ်သွား၍ ဟုဆိုကာ လျှော့ပေးတာတွေရှိသည်။ ကိုယ်လူကြုံပါးလိုက်သည့်ငွေကို နည်းနည်း,"...- -<eatLe .a.- -or. - -ione ""75""'T-Ti75 ""5""5"
ခရိုင်၊ ဖားကန့်မြို့နယ်၊,"st <-rndin"""
စွမ်းတွေကို စက်ပစ္စည်းကိရိယာတွေက မြှ,-artPTnlTr.y.-.g
မှန်ဘီလူးကို ပုံရိပ် လာရိုက်,fntrd  rpeit
လောက်ဖြစ်သည်။ သို့ရာတွင် အလွန်ကြီးမားသော နှုတ်ခမ်း,nrunrbgefod= Trraof zmageypyucsezm efed၊
ကြည်သည် ဖေဖေ့ရှေ့,ြင်ံသည်exonts
ရွာအုပ်စုတွင် ကျား,ဈာအုဒ်တေင် ကား
စု,ဖ
နဲ့,။
နေ,နေ
က ရှည်ကော့ပြီး မျက်ဝန်း,"-vsgemdr TT1"""
။ တစ်နေကုန် စားလိုက်၊ အိပ်လိုက်၊ အိမ်မှာ ဟို,"ark mnHt: Ti Re """
culturesorracesintheirfictionaluniverses.Namesortitlesof,"......cmncameeaaurrir"""
၂၁၁၅၀,.oလo
အဖြစ်နှင့်,အိနစ်နင့်
သူ,
ဘုတ်လေး,ဘdax:
ရက်လောက်လည်းရရော,ssarrdoctim
မခွဲ,မခဲ့
ကြားနေရင်းပင် ကြုံ ရင်းကြုံသလို ပြင်ပ စာပေလောကရှိ ဝတ္ထုများ၊ မဂ္ဂ,"...iarniercsei=--""""""TmT"""
ထောင်သူလည်း,sာFfသ၃ူလ၃f္၊
ကို အဖေမပေါ်တဲ့အဖြစ်,"assultind"""
ခြားလိုက်,D Sြocobsb
မင်းမြတ်,မpf(ynd
ဒါပေမဲ့,ဒါပေဲ
နောင်တဆိုတာ နောင်မှ ရတတ်သကိုး။ ရပ်ရေးရွာရေးကလည်း ဖြစ်ပြန်,.<.a.--ze:-e=Tn .TI1
ပျိုး ရူပဗေဒဖြင့် တိကျစွာ တွက်ချက်မရတော့သော ကိစ္စရပ်များကို နှိုင်း,"ဖျိုး ဆူပမလေဒဖြင့် တီmtmn ကွက်မျက်မရတော့သေ ""ီStn(္မျpးကဲ နှံု်ံး"
ကျေးသီးမြို့နယ်၊ ဝမ်စပ်ကျေး,"rpag,eiTtဣTn"
မှ,မ
၁၂,၁၊
တောင်ယွန်းယွန်းက စာ,တောင်ယွန်းယွန်းက R
ကျင်းအား နတ်မိမယ်တမျှ ထင်မှတ်ပြီး မြတ်နိုးခဲ့သည်။ သူမ အလှရိပ်တွင် ယစ်မူး,"""-. """"- -roveiron- ..v:p."
အယ်လ်ဂျီးရီးယန်း,ဇutagရယန်
မူလျှင် အရိပ်သည် ထိုအရိပ်ရှင်၏ နောက်သို့ အစဉ်,မraf mebrced1 Ttnfibeftei apri အoeံ့
ရှိခြင်း ဖြစ်သည်။ ကန်၏ အပူ,gt.gacbx miP Te
ချယ်ခဲ့သည်။ ကိန်းကဏန်းများဖြစ်,ချယ်ခဲ့ည်း။ ကိန်-mmfngpဖြစ်
အချိန်တွေမှာ ငြိမ်းချမ်းသာယာတာကို ခံစားရတဲ့အချိန်တွေမှာ တစ်ခြား,နျနော့္ာ၊ စွebaelraoromdpecserirmdfTtS r
ညံစွာ အော်ဟစ်သြဘာ ပေးကြလေတော့၏။ ဟန်ဆန်းတောင် ရောက် ကတည်းက တစ်ကိုယ်တည်း ပျင်းရိနေခဲ့သော လ,"' "" . . .. . ."
ရွာတွင်,ွှaး
ပါတယ်ဗျာ သိပါတယ် လုပ်စရာမရှိတော့,"aua,့ airt tmsirm"
သည်,a
ခါ လျှပ်ပေါ်,"မဲ cနped"""
လေး,ငေ..
မှ အီရတ်တွင် ဆဒမ်အားဖယ်ရှားရန် အီရတ်ကို ၂၀၀၃၌ တိုက်ခိုက်ခဲ့သည်။ ယင်းတိုက်ခိုက်မှုတွင် အမေရိကန်သမ္မတ ဂျော့ဘုရှ်၊ ဗြိတိသျှဝန်ကြီးချုပ်,"-A,cacpx csa=-csc-e sapenR-=sdiTinscedr-TTHtisoi e=ThiI-PT-erSiB515""T""T"
တစ်စိတ်တစ်ပိုင်းအနေဖြင့် သူမသည် တောင်အာဖရိကတွင် နယ်လ်ဆင်မင်,".mcue-uor V-a..ir"""" ' ""5"
ပြု၍ ပထမသင်္ဂါယနာတင်,D lig mucdrlouerာf
တော့်,တေံ့
လက်,Cr
တယ်,တါံ
သီးများ တပ်၍ ထားသော,The= ဟbံစ mrsvာ
ကား,ကး
ရန်,ရံ
၊ ငါက အခု ဒုန်ဝန်းမြို့စား ဖြစ်နေပြီမို့လား၊ ဆယ်မြူ ဆယ်မြူအသာလေး၊ ဟားဟားဟား ကဲလာလာ,"....wa=svran. .- ""- ""+. '"
မအေးပေး,မအမေး
လည်း သူ,လုင်: သ
ဖတ်ကြည့်လိုက်၏။ သူထိုနာမည်ကို ဖတ်နေမှန်းလည်း ထိုလူ,ThserP0T1 -Prswgiet tesersek၊ ay
နေထိုင်,နေထိုင်
တူတူရယ် ဘယ်တော့မှ,mpi =dermv
စိတ်ဒဏ်ရာတွေရဲ့ ကြိုးကိုင်,Rt-acpuroiltဣ
ခုမြောက်အဆင့်တွင် ပါဝင်သည် တို,"ခုမြောကံအဆင့်ကင် ""oင်းသ၁ည့် တို"
ရတဲ့ ဘာသာရပ်မျိုး မဟုတ် ပါဘူး။ လင်္ကာတွေကို မဆန်းစစ်,"rt ဘသntrBo ""ToT ipe csicemprf,-maeses"
လီနိုင်ငံသို့လည်း ပျံနှံ့,Rtskipoadk: i
ထွက်လာသည့် ခိုးဝင်,ထွက်လေသည်း fnf
ဆောင်မှု ပေးနိုင်ခဲ့,sေty aurift
ချက်,ခကံ
ည့်,ငံ့
အ,အ
ပြီးခဲ့တဲ့ အ,(fhsနa .အ
မျောက်၏ဇနီးအား သိမ်းယူတာထားပါတော့၊ တိရစ္ဆာန်ကိုး၊ လူဘုရင်တွေက စစ်ရှုံးသူ၏ ဇနီးမယားကို သိမ်းပိုက်တာတော့ လွန်လွန်းသည်ဟု ကျွန်မ ယူဆသည်။ မိန်းမတွေခ,".......n .. .  "" . -  "" "" ""' ""  ' '"
ရှိသော SAC ကို,fဃာ sxc.nb
ကျော်,ကျေ်ံ
နောက်ဆုံးတွင် ကြယ်ပုနက် (black dwarf) အဖြစ် မှေးမှိန်သွားမည်ဖြစ်သည်။ နေနှင့် အနီးဆုံးကြယ်မှာ ပရိုဆီ,"c-cuygsgstort Heko.scai serT=mTherzndteae: rof""T""TfSrTm if"
သည့်အချက်ကို နားလည်သဘောပေါက် လက်ခံရန် လိုအပ်ခြင်း ဖြစ်သည်။ ကျွန်တော် ဆတ်,"I:"""" "" . <+e + msrwv,sv,e.."
အဝါကို လိုက်ပြီး ဆုံးဖြတ်တာ ဖြစ်ချင်,"sp,ayse Tf""70i8f"
ဗျ။ ကျွန်တော်တို့ တပ်တွင်းဆိုင် က ပစ္စည်းသိပ်စုံတာ,""" -uetI ""I1i0 -.asau.."
ပီး နောက်တစ်ခုကတော့ ကိုးရိုးကားရားမဖြစ်အောင် အာရုံမ,"eLupacer=xem tirmrmrdP1TT -h"""
အမြင်ကို လိုက်နာသူများသည်,"အမ္ှင်ကိုလု်pepof""..E်"
ပင်,ပင်
မင်းပြုတော်မူ၏။ သန်,iigapbuydk =r
မှတ်ရမိသည်။ ညနေ ၆ နာရီတွင် စထရင်းဟိုတယ်လ်မှာ ညစာ စားပွဲရှိသည်။ ဂျူးလူမျိုးတို့အတွက်ကား ကြားနေမည်ဟု,"""Todmnထ= 5T15 Trit omoHrt55TTn ars-crsigcdh omredb,acapaa- rs.gယ"
ဖြစ်,နစ်
၀(ခ) အရ နေအိမ်တွင် တားဆီးမိန့်ထုတ်ပြန်,"ore, aaု eေafima"" Tminthခန်သုတ်ပl"
Wardအမှတ် (၁၄) ရပ်ကွက် အခုဆို ကစ်ကစ်,-nrpaourtn5-eP17
ခိုလှေများအကြောင်းကို ကြားဖူးသည် သည်စက်လှေများ,"rxermE"":T Zhwyrasg sdberbecsyx"
သည်။ ဂျာနယ်လစ်များက,သည်။ ဂျာနယ်လf်-mးm
လွှတ်တော်မှ ဖွဲ့စည်းပေးထားသည်,"azcke-t""T-7-rd"
အရ ထုံးတောင်ကျေးရွာအုပ်စုတွင် ကျား ၂၃၁၀ ဦး၊ မ ၂၆၈၀,"Loynpucrnfermrwseflemob -mpe ya=n P-"" 1 1""T-"
အများဆုံးဆေးကို အသက် ၂,"cpva,esnf""7Ti"
ကို လန်းဆတ် စေသည့် ဝိုင်,okudi rxelsb
အ,.
အ,
ရှိ၏,ရိ၏
မျိုး,ik
များ,မဂး
ဗွီက ထုတ်လွှင့်တဲ့ ဓာတ်လှိုင်း တစ်ခုဟာ တစ်စက္ကန့်ကို,"""- mftafi""TiPosep-sgit"
အသင်း,အသင်း
ကြည်မှုတစ်ခု,ြဣ့kံမတစ်ခ
။ ကိုယ်ရပိုင်တဲ့ အခွင့်အရေး,-nkချုစeတဲ mဏE်Ti
အမြဲရှိတယ်၊ ကင်,"-jgpai-""t"
။,
ဟု ဆိုသည်။ သည်တော့ကျွန်မကပြန်ရောက်ရသည်။ မည်သည့်ခံစားချက်မျှလည်း ဖြစ်မလာ။,"..apy -sermows-asm""nt-dbrai""-T""T""5 1-"""
ခဲ,ဒဲ
တော့မယ်။ ခင်ဗျားကို လာ,mvcx ebdprtf ron
ကျယ်,ကျယ်
ပန်း,ပန်း
ခြင်း,မင်း
သည်။,သည်။
သာမဟုတ်၊ အသီးနှင့် အရွက်ရရန်အတွက်ပါ စိုက်ပျိုးကြသည်။ အသီးကို,"acurap,e asntefIrzswrtejacprdbi frerfiraes-ssrf"
ငရှဉ့်ကျ မည်။ ကြိုးထိုးလျှင် သည်နှစ်ကောင်အနက် မည်သည့်အကောင်ကျကျ ကိုယ်က အနိုင်ရမည်။ ရာဇဝင်ဟောင်းများရဲ့ သင်္ချိုင်း ဘာလုပ်ရမည်နည်း။ ဒီနေရာက စောင့်လျှင် မ,"န,wen.e.-.n4..= . o . "" "" "" "" """" .  "" '"
မြင်းစ,မင်းစ
စစ်,စစ်
၀ဖြစ်စဉ်,ဖြစ်ခေး
၂၀၁၄ သန်းခေါင်စာရင်းအရ မကျီးကုန်းကျေးရွာအုပ်စုတွင်,-- =nP7TTTTuwsp-4iarsrcayt
ယူ,
ခန်းထဲမှ ဂျရတ်ကတ်ရှနာ ထွက်လာခဲ့လိုက်သည်။ မော,"ca,.pedmthur :wrtcreritr"" """
ကွဲ,ဲ့
ကြောင်း NTV ရုပ်သံက ထုတ်ပြန်ခဲ့သည်။ အောက်တိုဘာ ၂၃,"iri7"" 7T- Trmeassoe."
ခဲ့သည်,Jet
တစ်သက်သက်စွဲလာခဲ့,ကစ်သငက်ံသက်စံ့လားk
တွေကို တော်တော်ကျွမ်းကျင်,"တွေကု တောက်တော်""aင်""ကျင်း"
င့် ထမင်းချက် လင် မယား,' rမင်wမကံ of rns
အသံနှင့် ပြောရာတွင် အေး... ငါကလည်း ငါ့ကို တိုင်ပင်လို့ပြောသာပါ,"saps, gpmpmdf Tnm. crmoecdbr i""B 5ီ""-TTneSs-mP"
ဝင်ရောက်ယှဉ်ပြိုင်,"ငံeတေက်buယ်္l်""ီ"
ရမည်,ရမသ်ံ
။ ၁၉၆၈-,။ ဒေ၆း-
ပြီ,(
အသိ,<-i
ဖြစ်၏။ ထိုအချိန်တွင် ကျုပ်၏ ခေါင်းထဲ၌ အလင်းရောင် ဖြာလက် သွားလေသည်။ ထို့နောက် ပိတ်သည်းနေသော အမှောက်တိုက်ကြီးသည်,".L..-wvr -w..r.a..-:-vr:. .-  "" ""  - ""  "" '"
ရာတွင် လိမ့်၍ကျလေပြီဟု ခန့်မှန်းသိရှိရသော်လည်း ထွက်ပြီးဆင်းမသွားဝံ့၊ ဆင်းသွားခါမှ ဖွပ်သည်ထက် ညစ်,"...wr.e.4w.-wr- -n-.-. ""' ' "" '"""""
မှ ကိုယ်ကျင့်သိက္ခာ ဖြူစင်မှလည်း အခြားသူတို့ဘက်က ကိုယ်ကျင့်သိက္ခာ ဖြူစင်လာမည် ဖြစ်၏။ ထိုအခါ လောက၌ ဒု,".,.,ucar:.n -o-vn - s-v-o"" I"" '' '"
။ လူဦးရေသိပ်သည်းဆသည် တစ်စတုရန်းကီလိုမီတာလျှင် ၁၄၃ ဦး ရှိသည်။ စုစုပေါင်း,"""-"""" "" -:a=n- -v.-sapv,..."
ကြီး,ft
ပေါက်,aေlငိ
အမျိုးသမီးဘက်သို့ ခေါင်းညွှတ်,aချ့ecatrrbnf.TPfTat
ဘူးသော ဖခင်၏,=းeractf
တော်ဝန် ကော့ခ်,တော်ဝန် ကော့စ်
တာဒေါ်မိုးသူပါလား၊ ကျွန်တော်တို့လမ်းထဲ မလာစဖူးလာတယ်၊ ဗန္ဓုလ ရုံမှာ,"..r.. Hies.. "" T """
ဓားသိုင်းက တော်တော်ကောင်းတယ်၊ ထင်ပေါကို အဲဒီနည်းနဲ့တိုက်ရင် မရှုံးနိုင်ဘူး၊ အတွင်း,"စားသု့်း တော်ဇကီ်းကင်းတယံ၊ ဆင်ပေါကို ကဏင*ီဇစတ်းနဲ့တိုကံခင် မရမှန်ခု့်ဂ ""ကျ်း"
တယ်၊ ပြီးမှ မြေကမူ မြေပုံတွေဘက်ကို လှည့်တယ်။ ယဉ်ကျေးမှု,"'B""-""- T""-:use-r.s.-.wy"
လုံး လျော့ကာသွား၏။ ချိုသဲကြည် ဧကကို ငေးနေမိသည်။ အို ခင်ခင်လေးရယ်၊ သရဲများ ချောက်သလားကွယ်။ ခင်ခင်လေး ဘာဖြစ်,"' ' ""' '"" """" "" . . .. ."
လာကြသည်။ စစ်ရထားပေါ်တွင်သာ အစဉ်အမြဲ တွေ့မြင်ခဲ့ရသော သူ,"-.p,agiu dmm-xedntz- zel-nBTmaBfiea- =s"
လိုက်,tံးt
နှာရည်ညွှန်း,psctလ်၊
ဆီး,ဆီး
င့်လှုပ်ရတော့သည်။ နေစမ်းပါဦး,"bsylaemသedr 7T""""eီ-"
မိုင်,မိုင်
ထောက်ထိုင်ချ လိုက်,"eznidုbi""f"
ည့် သူတောင်းစားတွေ ပြန်ပေါ်လာကြသည်။ သူငယ်ကလေးများသည် နှင်းပန်းစိမ်းစိမ်းများကို ရောင်း,ညှု့ သူတောင်းစားကေ ပစ်ပေါ် လာကသည။ ၁aypsdfmonosမpားသည် နှ်းပန်းစ်RHfinpeးကိ ရောဇ:း
စားသောက်နေကြဟန်ရှိသည်။ ကျော မောင်,G esezrtiasrtfmei၊ ကmp မော်္
၏။ မက္ကဆီကို ကို စပိန် ဖဲင်နီ သူ့ခန္ဓာကိုယ် အလှပျက်ယွင်းစပြုနေသည်,"""- ""PP "" ""1 T1 မec:su eewrfetsp,.y"
။ ကျွန်တော် ဆိုးခဲ့ ရမ်းခဲ့ တယ်။ ဘာမှအဆင့်မမီတဲ့ ရွာသာသာ,။ ကျနံတေခ တိ့းခဲ ne =ယါ်။ ဆာမှေအတစ်မီး Rx=c-
ဝတီမင်းသား ရွှေဘိုသို့ထွက်ကာ အင်အားစု၍ ပုန်ကန်သည်။ ပုန်ကန်မှုအောင်မြင်သဖြင့် သာယာဝတီမင်း နန်းတက်သည်။ နန်းမတော်မယ်နု၊ မင်းသား,"... vwv..။ -F-v s.-.r. "". . . . "" "" "" "" """""
ဆောင်ခဲ့သည်။ ယွင်းချက်,mrEbeသebe syfhert
တိုက်မ အထက်ရှိ ပစ္စယာဆင့်များတွင် ပုံစံအမျိုးမျိုး အကွက်အမျိုးမျိုး ဖော်ထားသည့် စဉ့်သုတ်စိန်တန်းများဖြင့် တန်,"....<i -er-rcsrvsren xrTmwe ""-"" ' ' ""T ""'  '"
၊ သွေး,သေ့း
ရွာအုပ်စုတွင် ကျား ၅၉၈၈ ဦး၊ မ ၅၆၅,မွာအုဒ်ခုတွင် mp၊ 78Pn ဦး။ မ t၆sy
ပိုက်,ပိုဂံ
ကျဖို့များတယ်ဗျ...ခွေးမသားပုလိပ်တွေက လိုင်းကြေးယူတုန်းကယူထားပြီး အမှုလို,"-နgpcan.-sersruyetcpo dffPT-mk-muyrre0 7T"""
င့်အတွက်ပါလာ,Hanptar
သာယာကုန်း - ပဲခူးခရိုင်၊ ကျောက်တံခါးမြို့နယ်၊ ကြာအင်းကုန်းကျေးရွာအုပ်စု၊ ပီကုတ်(220102)ChampionofKandawgyiDota,""" "" "" -  Ter"" ""7 V -vwrza -vhnrv....."
ရာသည်,ရာ့ဿဒံ
မာသောကျောက်စာအထောက်အထားများမတွေ့ရှိရသေးပါ။) သာသနာ,မာသောကျေ့ာက်စားဇောက်အထားများမကေ့ဒီရစသေးပါ။ဟ သာသနာ
ရာကုတ်မှာ ၁၆,nmutp se
တွေ,လ
ပေါ်မှာ ငါ,tlv s
သွားလျက်ကပင်,သွားလျက်ကပင်
ရင်မ အားပြန်၍ လက်,ရခ်မ mug44 r
ထည့်သွင်းကာ၊ ခြေ-လက်ပြုလျက် အထပ်အထပ်ဖွင့်ဆိုထားသဖြင့် ကျယ်ဝန်းသော အ,"န္တ့ecr eBrsreyeaysesasonfimTheltemrsadd ""meP5""7--"
လား..,လား
ငယ်,",t"
ရေးဆုံ,ရေးဆံ့
ကား အောက်မြို့ကျေးရွာသို့သွားတော့မည်။ ယခုအခါ,ကား အောက်မြိygrmtyeinHRီagpားတော့မည်။ aotm?
ရမှ ပို၍ ဒေါသဖြစ်မိသည်။ ကိုဘခက်သည် သူ့ကို တမင်,"Twu Dိek aslaodP""ဏh၊ ကုံoacnသ် ayကf omမf"
ပြီ၊ ကောင်းပြီ။ ကျွန်,"B၊ ergB၊ ""f"
လဲ။ဒေါ်ဒေါ်က အသက်ကြီးပေမယ့် မျက်နှာကတော့ နုနုကလေး ရှိနေသေးလို့မို့ ဝတ်နိုင်ပါတယ် ဒေါ်ဒေါ်ရယ် လုရင်းလိုက်ရင်း စုတ်ပြဲ,.... . .. . .   '
နေအထိ အဖြစ်အပျက်များ,"နsk sgeherefTi"""
ဇစ်,ံ
ချင်း,ခင်း
ရင့်တပ်သားများက လိုက်လံတိုက်ခိုက်ရာ ကနီနော်ရ,hbiedbသာxoie=TT 7ihobdiesitep mfeeရ
ခြားသစ်,မွားယ်
ပင်ကို,ငံကံ့
စခန်း၌ အမြောက်သံ တစ်ချက် ပေါ်လာသည်။,"sa-wer""""TT"" -17:T5"
လဲ,"လ,"
ယောက်စလုံး မသင်္ကာစရာ တစ်ခုခု တွေ့ လို့ ရန်သူ့နောက်ကို လိုက်သွားကြတာ ဖြစ်ရမယ် တစ်စကို ကာဗွန်တုံးနှင့် ဆက်ထား၍ ကျန်တစ်စ,"' ' ' "" "" ""Toiovan=:.n""-.-.vsr..v."
"thoseattributeswhichwehaveputonhim.တိုက်တွန်းထားတယ်..ဟုတ်လား နှောင်း"" ခဲ့ပြန်သည်။ သို့သော် စစ်ကြီးပြီး၍ ရုပ်ရှင်များ ရွာလင်းရွာ (အင်္ဂလိပ်: Ywarlin)သည် မကွေးတိုင်းဒေသ",. .  . .v.. . . . ..
ပုသိမ်မြို့သည် ၁၂ စ,aagaefT1
သေး,"ဘေး,"
ပန်ကောင်,ပနံကောငံ
တစ်လုံးနှင့် ထိုင်နေ၏။ ဦးလေးသည်,"-apy,t efln1-1-:=et"
မေရိကားက မက်ဆာချူးဆက် စက်မှုသိပ္ပံကို ဆက်တက်,Tnကxrm TnT7-hiermrb etbydgyeိ mrbmrb
။ နန်းတော်ရှေ့ ဆရာတင် သားကလေးများနည်းတူ ကျွဲကျောင်းခိုင်း၏။ မော်ဂလီမှာ,"' """""" """" . . . ... =vswr.. ..."
၏။ ထိုအခါ မိုးရေခံသင်္ကန်းသည် ဆွေးမြေ့သည့်အခါ အဝတ်မဆီးဘဲ ကိုယ်ကို မိုးစွတ်,"u နua ser=rtzei apugusir"" ""-""-P- iT"""
င့်သည် ။ ၎င်းသူမတို့ကို ဟေဂျားဘ်ခြုံမှုမခြုံမှုတွင် လွပ်လပ်စွာရွေးချယ်ပိုင်ခွင့်ပေးသင့်သည်ဟုဖြစ်သည်။ ထို့အတွက်ကြောင့် ထို,"' ' ' . TrTr "" -<=swamir. . . =.vc-v=s=.vy."
အ,အ
နှက်နေ,မnbesေ
။ အကြောင်း,၊ sati
ဟေး တဝါး,ပေ၊ -.i
သို့ဖြစ်၍ ဝါဖတ်ရင်း ယခုပြောသော မ,"aူွayawnie?"" PT.-"
နား,နား
ဆောင်,"aေ,."
အင်ဂျင်,အင်္ဂျင်
တွင်,တင်
Gyi(TaungKanGyi)ကန်ကြီး (တောင်ကန်ကြီး) ၁၉၆၀တွင် သမ္မတရာထူးအတွက် ယှဉ်ပြိုင်ခဲ့သော်လည်း ဒီမိုကရက်တစ်ပါတီမှ သမ္မ,"' ' "" '"" "" . .. . ."
ရေး မာရ,"s,မရ"
နှင့် ဒေါ်အောင်ဆန်းစုကြည်တို့,s့ atstinffSrfnt
ရတာပေါ့ဆရာ မ,1ကာပေးဆရာ မ
ရေး၊ အိမ်များရှိမိလ္လာစနစ်,wacspkhrt
နတ်ကို,stit
ဖြစ်တယ်လို့ပဲပြောပါမယ် နန်းကိန္နရီသည် ကားကို ပါ,"မြစ်တာယ်လိံပဲပြေးdါrက"" စ်ကိန္ရသည် ကားကိ -"""
ကာ ထောက်ကာဖြ,ကာ ထောက်ကာဖြဲ
ပြန်လည်ကြီးပွားလာခြင်းကို မရှုဆိတ်ကြချေ။ ကားသေ့တို့၏ ရန်ကိုလည်း ကြောက်ရွံ့ လျက်ပင် ရှိကြသေးသည်။,".sypr-aix-weuar. - -Pi anrai. B""'"" '' TT """
တယ်။ သူဇာလွင် ခေါင်းခါလိုက်တယ်။ သူ ခေါင်းခါပြနေတာကို မင်းခန့်ထူး မြင်ပါစေ။ မလာ,""" -"" """" . FF..ve."
ထောင်စု၏ အခြားထင်ရှားသော တက္ကသိုလ်များမှာ ယေးတက္ကသိုလ်(၁၇ဝ၁ ခုနှစ်)၊ ပရင့်စတန်တက္ကသိုလ် (၁၇၄၆ ခုနှစ်)၊ ဝါရှင်တန်၌လည်း တက္ကသိုလ်(၁၇၄၉)၊,"""-%n ""9"" """" "" - Tmsrtitr- -Tsusincrn=- mP-iroscpgepd ruil esuyapcedi caunps,,y."
ငေးငိုင် ကြည့်ရှုတော်မူလာ,mifi reseshwn
၊ ဘုန်းကြီး .... ကျွန်တော် သဘောလဲ ခင်ဗျား သိရောပေါ့၊ အခု ကျွန်တော် လုပ်တာက,၊ ဘုန်ံကျုး . ကျန်mဏ်-Troed ခင်ဗများ Senrm9 Tme ကျန်ယာဘ် လပ်တာက
ဟစ်ပိုဂိုဏ်းအုပ်၏လက်ထောက်အဖြစ် တာဝန်ယူပြီး ၅နှစ်အကြာ ဂိုဏ်းအုပ်ကွယ်လွန်သော် ရာထူးတိုး၍ ဟစ်,"""  "" "" . "" ...."
"floor,",moer.
ကို လက်ခံတဲ့စိတ်ဖြစ်တယ်။ အာရုံကို လမ်းဖွင့်ပေးတဲ့စိတ်နဲ့ အာရုံကို လက်ခံတဲ့စိတ် ဒီစိတ်နှစ်ခုကြားမှာ မြင်သိစိတ် ကြားသိစိတ် နံ,"...awvsngsrse san .anpie-tit moes .ient TThrr-mn drT"" ""'B 1"
"အင် သုံးစွဲနိုင်အားမှာ ၅၅,၅",Tl sisနlarsrn oe
ယက်နမ် နယ်ချဲ့,tbsrl)
ခင်,4P
၀ ဦး၊ လူ,ဖbvs
"တာ လွယ်တာ မဟုတ်ဘူး"" နောက် ဒီအလုပ်လုပ်စားရင် ရှင် မသေ","...ar-cnts sesrtf"""" P `-T"
ထွန်းမောင်ကြီးက လှေကိစ္စ လုပ်စရာရှိတာတွေကို ပေါ့ပေါ့ပါးပါးပင်လုပ်သွားလေသည်။ လှေပိုင်ရှင်များက သူ၏တက်ကြွမှုကို သဘောကျနေကြလေသည်။ တိပိဋကဆရာ,"-9"" "" ' '"" - ITrnr -"" -Tii-TPin-aua stfeie-- vas-wseP =xcr-sep-csk uq,."
ခဲ့သော,န့လော
ဝသော အရိပ်အမြွက်များ,nss sန(dmfyhen
ရီဂျီအိုဗန္ဒီသည် အုတ်,taubacb tmf
သန်း,သန်း
စုပေါင်း ဒေါ်လာ,hedt- stxm
လွင့်,မံ်
တေနှင့် ခေတ်မြန်မာမဂ္ဂဇင်း,-gွpszlRPTTf
မူ,မ
သူတို့အားလုံး စာအုပ်ထဲသို့ ရောက်ရှိ,marfareb၊ ermeftihf scာag
စီး,စီး
သဘင်သို့ ဆောင်ယူ တော်မူသွားပါလျှင် အောင်မြင်,-nhl =mni -Thoriuy ursgl
ဖြစ် MMR009012022 Yae Hpyu ရေဖြူ ဟု ပြောပြီး ရုံးခန်းထဲခေါ်သွားသည်။ ရာသီဥတုရှိ၍ရေမဝပ်ဘဲ ထုံးကျောက်မြေဆံသည့် ဒေသမျိုး၌ ပိုမိုဖြစ်ထွန်းသည်။ မိုးပါးရေရှားသ,""" """""""" ' "" ""'-Tm TP"" TI vs=-T-r -di omaepser=-vscuwersi-maaswpri,4,..."
သော အင်္ဂါတို့နှင့် ညီညွတ်သူ ဖြစ်ရ၏။ ကျွန်တော် ရန်ကုန်,"...-cwsps erftstnu= ni"""""""
ဏေ,ကေ
ဘော်,sေ..
လူသားဖွံ့ဖြိုးမှု ညွှန်းကိန်း (ထိုင်း)ကိုအသုံးပြု၍လူ့ဖွံ့ဖြိုးတိုးတက်မှုဆိုင်ရာတိုး,"TF-Taiue"""" Thin-aewdtrmr-.sps"
နေ့လယ်,နေ့2b
ဆက်သွယ်စုံ,mrfsds
ရတနာပြဇာတ်ကို စီစဉ်တင်ဆက်ခဲ့၍ မြတ်မွန်ရတနာ ပြဇာတ်စာအုပ်ကို စာပေဗိမာန်မှ ဖြန့်ချိထုတ်ဝေခဲ့,"""""'""' Taermr-T-rari..aw.."
ဆိုးမှာ အ,ုံး =
သည်,uုံ်
သည် အိမ်ထဲရှိ သမီးနှစ်ယောက်ကို တစ်ချက်,"TBR4:""-st,:epe"
င့် တွေ့ဆုံ၍ အ,"eqp,aigla"
ဆိုချက် တွေမှာ ကျွန်တော် မမှတ်မိတော့ဘူး ဆိုတဲ့ ဇ အသက်ရှူကျပ်လိုက်တာ အေ ၊ ငါ့သမီးလေး သနားပါတယ် အပဒါ,ဆံ့မျေစဲ ဆေ့မှာ ကျစ်းmဏး မမှတ်ခံတော့ဘူ့၊ ဆံ့တဲ = msarbegrmျfaို=်တာ =m ၊ PtoBess၊ aycပါဏား m-lါ
ဖစ်ချင်ရင် အဲ,vwyfes aအ
င့် အောက်ဘုံ,င့် အောက်ဘဲ့
တစ်ခုကို ဆိုခဲ့သည်။ ကမ္ဗလဿ တ,"-aa wpadtn ""T.. -"
၈) ကြင်နာသူနှစ်ဦး ဆုံနိုင်ရင် (၁၉၉၇) ဟား ကောင်းပါတယ်။ အများကြီးကို ကောင်း,"-wgcme nin wenv.- -"":""7""- 0"""""
မင်းတပ်မှာ ကနောင်မင်းသား၏ ငယ်နာ,"ucpp- -ar15""7 -in"
တို့,တို့
ဏလေး ငြိမ်,meေးfl
အ,အ
င့် နည်းပညာ အဖွဲ့အစည်း အသင်းဝင်များ နှင့် ဈေးကွက်အတွင်းမှ အကျိုးတူ,".gpspcasrebi szs-axlT""-5- ""Ti"""
ရဲ့၊ မောင်အဝေး ကလာတာကို မြင်မြင်,"န, wzezes =mT Slal"
ဆောင်,eေrfး
သိ,=
လုပ်မဖြစ်။ နောက် ဆုံး ရထားသည် ခပ်စောစောကပင် ပါရီသို့ ထွက်,"uge ucn-n r mrsauiser=-."" 5"" T"""
သင်္ဘော ၁ဝ စင်း၏ ဧရာ များကို ၁၈၇၁ ခု မတ်,"ce, rstrPro :erniscnn -"""
သူ သို့မဟုတ် ဩဇာတိက္ကမကြီးမားသူများ ပေါ်ထွက်လာပါက အခြားသူများအ,"TirTP5BTirH-cswer-ePeri-na- ug,,yca"
မန်စက်,မံဒေ
တွေ အများကြီးပါလား၊ ငါ,"တွေ ဆျေးကြီးlrmကး """
န့်,မ်
ခရိုင်,ရံငံ
။,။
မန်ကြီးက ဘာမျှ,မန်ဂိုးက ဘာမျ
အင်ဂျင်ကို အကန့်အသတ်ဖြင့် ခုတ်ရခြင်း၊ လွယ်လင့်တကူ အရေးပေါ်လုပ် ခတ်တက်က,အင်္ဂျင်ဂကိ့ အကန်း။rဒးကဏ်ဖြင့် ခုတိခြင်၊ လွယ်လမ်ကက့ အရေပေ၀ဝ၃ဝ ခဏတ်ကက်က
စ,စ
ရပ်ဝတ် အရပ်စားနှင့်။ ဒါက ဘာသဘော,"iP mrtirn""P- rsa"
၃၅၃ ဖြစ်သည်။ ၂၀၁၄ သန်းခေါင်စာရင်းအရ တောင်နီကျေးရွာအုပ်စုတွင် ကျား ၁၁၀,"""""ir=d- "" ""oisasu-:.-h-Ywsrup-rpn.."
ကျရောက်နိုင်အောင် လည်းကောင်း၊ ပျောက်ကင်း ချမ်းသာစေရန်လည်းကောင်း အသုံးပြု၏။ အဆိုးဆုံးကကိုတိုးကြီးဖြစ်,"...wm.-wnr..ca.n .. .Y-in.-"" "" """""""""
ထူထပ်မှု,့ထခံမ
င့် ရောနေသော ရေဖြစ်လျှင် ဓမကရိုဏ် (ရေစစ်) ဖြင့် စစ်ပြီးမှ သောက်ရ၏။ သူ့အား ပြန်လည် မဖြေကြားခင် ဒေါ်ဥမ္မာသည် တံတွေးကို တစ်ချက် မျိုချလိုက်သည်။,"""Tr-- ""9TP -7-e=-Ti Tiec4ar-swrsgpckcaed- uap-sc-ecsps ypeae"
ထင်,င်
မျက်နှာ,မဂံနာ
အခင်ကို လိုသမျှဖွင့်,sstit dုtsrsiR
ဆိုင်ရာပြဿ,tုCeofia
ဖြစ်,ဖစ်
ရှိ။ ဟူ၍လည်းကောင်း၊ ဂိုဏ်းချုပ်ကြီးရဲ့ အကွက် သုံးကွက်ကတော့ တကယ်ကောင်းတာပဲ၊ ဒီကောင် ဒီအကွက် တွေကိုတော့ လိုက်ကစားနိုင်မှာ,"s wpca..a iespesa.<on "":""- ..I.-"" "" "" .. 1To"" T"""" T ""7T"
င့်,ငံ
အမှန်,အနံ
ပြန်ဆုတ်သွားခဲ့,eptwps
သနဝိဇ္ဇော,သနိမာ့
ဒါပေမယ့် ကျုပ်တို့က မလုပ်ပါဘူး။ ဟန်ဆန်းဂိုဏ်းချုပ် လုပ်လိုက်ရင် ခင်ဗျားနဲ့ အဆင့်တူသွားမှာပေါ့။ ဒီလောက် သိက္ခာကျမယ့် အလုပ်,"L.-a pssn eresup-ssttsel-swieses etiri --Iurwrrain""T""""Tmm1 T"""
ခြေအနေကို လိုက်လို့ ပြောင်းလဲလုပ်ကိုင်ကြရတာ,ခြေအနေကို လဲ့ကီကါ RP-Pf-းbo၃င်ကုံစ်ကြရဘာ
ဟူ၍ သီးခြားမရှိခဲ့ဘဲ၊ ရောမနိုင်ငံတော်,mmaj ThtgpuR4t mpeCuas.
၊ ရော့... ဦး,၊ ဝော့..ု.
DaweiEducationDegreeCollege;,"Tmueacseontieraecsy,"
တော့,စေ
လေးမ,လေး
ထွင် ဖော်ထုတ်လာသည်။ အဆီးရီးယားနိုင်ငံ၏ လက်အောက်,". Lcerpozdh =nigerwin -"""""""
ကြီးဆုံး လုပ်ငန်း,ကြီးဆူး o၃့ဲဝင်း
နိုင်စွမ်းကို စံပြုထား,ftesnb alတာ=
ပြုအောင် ဆွဲဆောင်ခဲ့သည်ဟု ထင်၏။,cgpapi searာfirth-n ntei
ရိုင်၊ တွန်းဇံ,|Cl mမa
ရေးလှ,"sေ),"
တစ်ယောက်လောက်သာ အောက်,တစ်ယောက်လောက်သာ ခောဂံ
မှာငြိပါ ပါလိမ့်။,မာဂိီပါ ပါလိမ်း
စွာ ကျင်းပတယ်လို့ဆိုပါတယ်။ စတုဒီသာအကျွေးအမွေးများနှင့် အလွန်စည်ကားသောဘုရားပွဲတော် ဟုလည်း စော်ဘွားတောင်ခြေ ရှမ်း,"""  ...=. . ."
မောက်များနှင့် ပုံစံမတူ,nertepitV-m
ပနိုင်ငံတွေမှာ ကျန်နေသေးတဲ့,wasmpnrd70775
မိခေလ၏,bssat
"ဖြစ်သည်။ ""အခမ်းအနားမှာတုန်းက လူတွေက","ဖြစ်သည်း ""အမ်းmnpကုန်းက လူတွေက"
သည်။ ထိုအခါ ငစွယ်ငယ်မှာ အဟုတ်တ,"neij အtpRd-ef""Tn mupgs."
နိုင်သည်။ ကမ်းရိုးတန်းနိုင်ငံများသည် ကမ်းလွန် ပင်လယ်ရေတိမ်ပိုင်းတွင် သယံဇာတပစ္စည်းများ ရှာဖွေ တူးဖော် ရန် အ,""" "" ""' . ။ ..v.."
ရား,ဈား
ရောက်,ရောက်
လူ့စွမ်း,လ့ရပ:
ရှိဘူးထင်ပါတယ်..,နspasrd-
လာ(ပြာ) သူသည် ဓားကို,လာ(္ပွ၊ saူoa၃် Tf
ပါဘူး။ ကျောင်းထိုင်ဆရာတော်အဖြစ်ဖြင့် ဦးစိန္တာသည် စာပေပရိယတ္တိကို သင်ကြား,". . ' ' ' surs""r . . . ."
ရ ရှီးလန်ဒမ်း,ရfca4sခ:
၅၆,
လွတ်တစ်ရွက်,-admnbepf
သည်။ ယခု,သ့ါ။ ယန
ဒုက္ခနှင့်ရင်ဆိုင်တွေ့ကြုံနေရရှာသော အေမီက သူသည် ကူးနားပဲလေ့,"ngypiadlkebeatShumeompez sေခိက TerT""Tm-mthere"
တိထားနော် ကိုင်းကျိုးကျမယ် အခြွေအရံကလဲ ဒါလောက်ပဲ နည်း,"sp--e.atirkrwuasalgosirT""T-Th Hd"
လာ,
သော အကြောင်းအရာများမှာ သာမန်လူတစ်ယောက်အနေဖြင့် လွယ်လွယ်နှင့် မသိရှိနိုင်သော သူမ၏ အတွင်းရေးများသာ ဖြစ်သည်။ တစ်ဦးတစ်ယောက်က သူမအား ချောင်းမြောင်း,"....ss.ar..r-as.-iTmwis-vsvari""TPi-: wrse ro""-izd """"  "" "" "" """
ည့် ကိစ္စရပ်မှန်သမျှကို သိနိုင်ဆုံးသော အခြေအနေ,"d ""ebeirar""t Thfepthecasazdmes"
မိမလား မသိဘူး၊ အန်တီ မီ,"wron uယသိကူး mf"""
မီး,%း
၁၆၁၄ ခုနှစ် အိုဆာကာမြို့ သိမ်းပိုက်ရေး အတွက် ကန,". .pe sermSk. niszs mn"" """
ခ,ခ
ပေ,eေ၊
တနိုင်ငံ တည်ထောင်,cုsး edံးက္
ခဲ့သူဖြစ်ပြီး ပန်းချီဉာဏ်သစ်လောင်းသင်တန်းများ ဖွ,hefR -eezT-Tot-seasp:e
ဟု ဆု,ဟံ့မ
လ,
ဘယ်လို ခေါ်ကြမယ်မသိဘူး တိုက် လူဦးရေတိုးနှုန်းသည် ဝ.၉ ရာခိုင်နှုန်းဖြစ်သည်။ ခန္တီ (ပုလောက်မြို့နယ်ခွဲ) နယူတန်၏,"...mer.sacacae-cer-e-asewrdP-tnTi.-T""""T5"
တို့ တည်းခိုကြသည့် ဟိုတယ် များနှင့် အ,"န -glaesue: ""7h ms ="
သခင်က ဝေါယာဉ်ပေါ်သို့ တက်ရန်ပြင်လိုက်၏။ ကျမ်းပြုကြသူများ,"..<.scdorPk.-niagiiiP- T""Tfirme:"
၀,
ကိုတင်ဦးက မြိုင်၏နာ,ကိတbgro မjွှefe
ခါ,ဒါ
ထောင် မြန်မာနိုင်ငံအသင်းသည် ၁၉၆၀ နွေရာသီ အိုလံပစ်ပြိုင်ပွဲသို့ ဝင်ရောက်ယှဉ်ပြိုင်ခဲ့သည်,"PB""T""T""-i -mc-rtH-agsc--sigp,.y"
ပြီးနောက် ကားပြန်၍ ထွက်သွားသောအခါ ကားပေါ်၌ ပါးစပ်တွင် အဝတ်များ စည်းနှောင်ထား,ပြီးနောကံ ကားပြန်၍ ကျက်သွားသော-အခါ ကားခေါ်မဲ့ ပါးစပ်တွင် အတိများ စ်း။စာင်ထား
ကုတ်မှာ ၂၁၉၈၆၂ ဖြစ်သည်။ ၂၀၁၄ သန်းခေါင်စာရင်းအရ မိုင်းဟွမ်ကျေးရွာအုပ်စုတွင် ကျား ၁၈၂၀ ဦး၊ မ ၁၇၅၇ ဦး၊ လူဦးရေ စုစုပေါင်း,".., -pes, sue vpe L4catrstimn wrs-vw-ntonf -r H.= P - 7 ' 7B7- m"""""
တန်းမျှသာ သင်ကြားခွင့်ရခဲ့သော်လည်း အလုပ်နှင့် စကားပြောတတ်သူ၊ အချိန် လေး,">4...esaners.-e =PI7T:--:"""
ချုပ်ကြီး သူရ ဦးတင်,"sg ae"""
တိ,ဏိ
ဖေဖျားရဲ့။ အံ,"eေpask, ="
ဆိုခဲ့သည်။ သမ္မာကျမ်းစာကို အသုံး,"asapy set""7I Ti"""
ခွဲစိပ်,l
ပီကင်းဂိ'ခွေးမျိုးနှင့်တကွ ငှက်ပစ်ထွက်ရာတွင် လိုက်လေ့ ထိုင်လေ မိန်းကလေး ဒီဇယ်အင်ဂျင်အ,"..c.,sec-u:nsnr-u"" ''- = "". - ""  ' ' '1'"""
ကုသ,ကံ့သ
ပြုံး,D။
မွှေးနေသည်။ နေဦး,မွှေ့နေသည၊ sနပ်ီး
ဝ,ဂ
နလုပ်ငန်း၏ အဆင့်တစ်ဆင့်အောင် မြင်သည်ဆိုသော သတင်းပင်ဖြစ်ပါသည်။ ယခင်က သစ်ပင်တို့၌,"'1? `""""""""1 ar-i"" -<sas-ior:.s.awy"
ဓိသမ္ဗောဇ္ဈင် မရှိလျှင်လည်း ငါ၏ သန္တာန်၌ သမာဓိသမ္ဗောဇ္ဈင် မရှိဟု သိ၏၊ မဖြစ်သေးသော သမာဓိသမ္ဗောဇ္ဈင်၏ ဖြစ်ကြောင်းကိုလည်း သိ၏၊ ဖြစ်ပြီးသော သမာဓိ,""" ""' ' ' "" "" "" "" . . . ...vcsewuv.vwe."
၁,-
လုပ်ရှင်၊ အ,လပ(ံနင် အ
များ,မား
သည် သည်,udi s2
ဝမ်းလျှောခြင်း ဟုခေါ်သည်။ ကို ကျော်ဖြတ်လာခဲ့၍,<-crgpgi:- ဟra=ftaneis ကe rpBrtimT1
ကောင်းဆန်းဂေဟာကြီးမှာ အနားယူပြီး ညစာ စားကြရအောင် လှေမျော လှေနှင့်လိုက်၊ ငွေမျော ငွေနှင့်လိုက် ဆိုသည်မှာ စီးပွားရေးလုပ်ငန်းများတွင် အရှုံး,"ကောင်းဆန်းဂေကာ်ကီးမှာ အနားယူပြီး ညးP P-"" ဩဲရအောင် လေ့ဖေ့ေ P-၃စင်လိုက်၊ ွေမျော R9df""ဂိုက် ဆိုသည်မှာ စီးyp-nRtpiုပ်ငန်းများတွင် အန့္း"
တိုင်းပဲ ကြည့်,ိDbfms
မြို့နယ်၊ ထန်းဘုန်းတောကျေးရွာအုပ်စု တံတားဦးရွာ (အင်္ဂလိပ်: Tadaru)သည် စစ်ကိုင်းတိုင်းဒေသကြီး၊ ရွှေဘိုခရိုင်၊ ဝက်လက်မြို့နယ်၊ ကျီးပင်ကန်ကျေးရွာအုပ်စု၌ တည်ရှိသည်။ ရွာ,"... . . "". . "" ""  ' ' '"
။ ၂၀၁,၊ )r
ကြည့်,ြဲ့ဆံ့
။,။
ခင်ဖြစ်သူ,ခင်(မနစံသံ့
၈ ဦး၊ မ ၁၀၀၁ ဦး၊ လူဦးရေစုစုပေါင်း ၂၀၇၉ ဦး နေထိုင်သည်။ သည်ကြားထဲက မွန်မွန့်အသွင်၌ ချုပ်တည်း,"..... ..<+= -.-.- "" ""'"
သောအားဖြင့် ထိုလွမ်းချင်းတို့တွင် တောတောင်ရေမြေ,"..rw sertraiin :-.-"""""""
ကတံ ကရဏီ,ကတ ကဏီ
ရှင်း,ဇင်း
မလား အောက်မေ့,wလ၊ အားံမေ့
ကော့,ကေး
ထို့နောက် အမျိုးသမီးကို နှုတ်မဆက်,dံ့asေti zuler-ီ sက်မဟာက်
အမိန့်ရထားကြောင်း၊ အကယ် ၍ မနာခံလျှင် မြင်းများကို လှည်းမှ အတင်းဝင်ရောက်ဖြုတ် ယူရလိမ့်မည်ဖြစ်ကြောင်းဖြင့် လူတစ်ယောက်ကိုစေလွှတ် ၍ အပြောခိုင်းလိုက်,အမိနဲ့ရထားကြော်။၊ အကယ် ဖျိ့ မနာနလျှ် ဖြE် Trျrtကီ လလ်းမှ အတင်းဝင် eimrကဖြ)ုတ် ယူရဂဒီန့်မည်ဖြစ်၏ေသာငီးဖြင့် လူတနံယောက်ကိmက ခန့ အပြောနို်းလိုက
တယ်,ဂိ
ဖေ,
အတိုင်းဖြစ်,mntiee
များမူကား ဘာမှန်းမသိရှာ,ptwyrrx ဘမf-esgp
င,-
စင်ပေါ်မှ ကျလာလျှင်တော့ အရိုးတခြား အသားတခြားဖြစ်ရန်သာ ရှိတော့သည်။ {{Db-test-notice-NPF}} အဘိုးကြီးက မိန်းမကြီးနှစ်ယောက်ကို ခပ်ကြမ်းကြမ်း တွန်းပစ်လိုက်ပြီး သူတို့နှစ်ယောက်ကို,..... ... .  ' '
ဒီမိုကရက်တစ် သမ္မတနိုင်ငံ နှင့် မြောက်ရိုဒီးဇီးယားနိုင်ငံ (ဇမ်ဗီယာနိုင်ငံ),"ရူ..e.sawef dlseraepir-.f"" ""TP"""
ဆုံး ဖြစ်၏။ ဤအခြေ,ဆံ့းgx clmTS
သည့် ခွေးအများကို ထပ်မံပစ်ခတ်ပြန်၏။ ကျည်ဆံတိုင်းပင် ခွေးအများကို ထိမှန်လေရာ နောက်ဆုံးတွင် ရှင်းလင်းသွားလေသည်။ 'ဪ,"..... .. .v- "" - - . .- - . ""   ' '"
ထိုင်းအဆင့်ကိုမိခင်ဘာသာစကား (သို့) ဇာတိနီးပါးအဆင့်တွင်ကျွမ်းကျင်ကြသည်။ သူတို့,"W ဟုa,acpivpbeftSroar-su aeyarSTrTmhebotfdrdfmtfSrneS-swn."
ခုတစ်,ခနတနံ
ဇဂြိုဟ်သို့,ဂ္ဂိဟ်သံ့
မျှ အသုံးမဝင်။ လွမ်းချင်းစပ်နည်း ပထမဆုံး,m nuaserP-ofPdPthei .zay
သဘောထားကို သပိတ်ကော်မတီကို အကြောင်းကြားချင်လို့ပါ။ ကိုရင်က သပိတ်ကော်မတီဝင်ဆို၊ လုပ်ခ,"..... soeswsn.-aeanrit""i"" on "" ' """" ""'"
"မဏိပဲတဲ့"" တက်စသည် တညနေလုံး ကြီးမားသည့် မြေပုံချပ်ကြီးကို ကြည့်နေပြီးနောက် မိတ်ဆွေအမတ်တယောက်နှင့် သွား၍ ည",". ယc.--<-zcad ccpa gcrndi-dives,atRdfdri ase=-i wrdP"
မေးခွန်းတွေကိုလည်း မုန်းတယ်။ ၀င်းလှသည် ဖြူဖတ်ဖြူရော်ဖြစ်နေသော ခိုင့်,"T-aern္ကက: TPTP- eia,cdlSrfBarelgeua. နု"
ထုတ်ဝေ,ကုတံဝေ
အချင်း,အချး
သို့မတင်ပဲ ကုလားဖြူရပ် ကွက်ရှိ ကုန်လှောင်ရုံ၌သာ ထားသည်။ သင်းတို့ ခဲယမ်းလက်နက်သင်္ဘောကို ယခင်က ရန်ကုန်ဆိပ်ကမ်း,""""" """" ""Tr""V- - -on av..-vi.e.-asw."
"caseof#switch,averagepagecounts)","caseoreswvitch,dTPT19teBaecurta)"
ဘရက်က ဆက်ပြောသည်။ ဒီနေ့ကစပြီး,--i- =Ti-dbsr-ag
၍,I
ရွက်ပင်,ုက်ပuး
ဖုန်းနဲ့ နံပါတ်တစ်ခုကို ခေါ်လိုက်ပါတယ်။ ဆူနီဆာ ကာဝရွန်ဂရောင်း (၂၉ ဇန်နဝါရီ ၁၉၇၂ မွေးဖွားသည်) ထိုင်းနိုင်ငံမှ မာရသွန်ပြိုင်ပွဲဝင်,"pu-antsur.s.- H-"" .-wi:-T-iT1"" ' """""
လာလမ်ပူသည် ဆီလန်ဂေါ ပြည်နယ်ထဲမှာ ရှိ၍ ထိုပြည်နယ်ကို အုပ်ချုပ်သော မလေးဘုရင်က ကွာလာလမ်ပူ,""". '- "" "" ThMi-ar RTBkianas4c. ......."
ရေဖျန်း၍ ခရစ်ယာန်သာသနာသို့ မသွင်းခင် သေဆုံးသောကလေးများမှာလည်း ခရစ်ယာန် သေခြင်းမှ ပြန်၍ အသက်,"'""1""""  1'-VT"" 7..YmY-Ww။ w.v-.sva..."
အတွင်း မြန်မာပြည်အနှံမှ,အတွt-.ဠွနမာပြေ်T1P
ပ,၊
သည် ကချင်ပြည်နယ်၊ ပူ,ဒည် ကမျင်ဖြည်းစင်၊ မ
သည်။ အတွေ့လေးရယ်မှ အိုအကြုံ (၁၉၉,"g၊ masesrn်fin ""m Uoee"
ပါတယ်။ ဒါ,"dါတ,t ."
ပါကညော ထန်းရည်တစ်ခွက် ကိုထည့်ပြီး ခပ်မြန်မြန်ဂလုချလိုက်တယ်။ ဟုတ်တယ်လေ။ ဒီလောက်တောင် ဆေးဖက်ဝင်နေမှတော့ ဘာမဂလုစရာရှိ,"...we.wssen awes.mn.-"" 4.- "" "" ."" """
င့်ဝန်,tis
ဆိပ်ဖြစ်သည်။ ၎င်းတို့တွင် စက်ချောဆီ၊ ဂီယာဆီနှင့် အမဲဆီများ,"Titit 1""T0--su.-wy su,."
ကိုဒေါင်းစိန်,ကုailksNန
ပြုနိုင်။ လက်သစ်,မြနုံ လrtfmt
မကောင်းရင် ဟိုကြလန်းသွားမှာ,"မဏောငစ်းရင် ဟိ်S-Th""""မyးမှ"
သွေး,သေ့၊
အရ ငါးရှဉ့်ရိုးကျေးရွာအုပ်စုတွင် ကျား ၆၅၄ ဦး၊ မ ၇,"sn, cuygiemssrtefimf mps Boe !""""I"
လောက် ကတော့ ဝက်ဝံတစ်ကောင်က အသာလေးလှဲချပစ်နိုင်တယ်လို့လည်း ပြောပြခဲ့ပါတယ်။ ဒါပေမဲ့ သူကတော့ တစ်လက်,".? -- ""T-""-in mr=--:-i-hekiecaiupycdi DDoieciua srcro s..e"
သေတ္တာကို မရဲတ,သေတ္ကကို မရဲ့တ
များထဲ,များဗ
ညီ၊ လမ်းတော်ဖိုးတုတ် သည် တပည့်များအား,ီ၊ လမ်အတေ်ဖိုးတက် ဘင် တပယည့်မာဏား
ပုံ ရ၏။ ထို,ဖ wkx a
ပုဒ်မ,ပဒ်မ
သီး၏ မျက်မှောက်ဘ၀ အတွေ့အကြုံများကို,"TR.erfr""-- mscsatspepst"
ရိုးမီးများ ဝါးမျိုလို့ မြတောင် ရွှေကျောင်းတော်ကြီးတို့လိုအဆောက်အဦးကြီးတွေ ကြည့်စရာမရှိတော့တဲ့အချိန်မှာ ရှားပါးနေပြီဖြစ်တဲ့ မဟာမုနိအရှေ့မုခ်ကျွန်းသားပြာသာဒ်,"မ..sar-Faprnper.segef..-ape.-vwed=T-on-msrsr5""-T""""-i""-ai"""
၄၆ ခုနှစ်,ခေ
သည် တိုက်ကွင်းထဲ ဝင်ရောက်၍ ပါ,me dtmnfit-fmpခနgဒua
ခါ အောက်ခံ ဝတ်စုံနဲ့ တင်းတင်းစည်းထား,ခါ အောဏ္ခ ဝတီံစံစံ ဘင်းတင်းစည်းထား
တော် ပါတဲ့ ရွှေရှူဆေးဘူးချီးမြှင့်ခံရတဲ့ကိစ္စဟာ အမှုတော်ထမ် ကောင်းတဲ့အတွက် ဘွဲ့ထူးဂုဏ်ထူးချီးမြှင့်ခံရ,""" "" ' "" . v.w."
ဗြိတိသျှတို့,Bံဘံသွ့္တဲ့
ဆုံ,ဆံ့
ဒစာစောင် ရေးသားပြီးနောက် တနှစ်အကြာတွင် ရေးသား,"""-!-o-B7TT-sas:ruer."
ဝ ပေးခဲ့သည်,၀ ယေးခဲ့သာ့္်
ပိုက်ပြီး သမီး .... သမီးက,ig sai .str
သည် ဇုနတ်မင်းကြီးနှင့် တူသော်လည်း ပို၍ ဣန္ဒြေကြီးပြီး,-gpaxetel srsrudi1Tf
ပဲခူးတိုင်းဒေသကြီး (အနောက်)၊ ပြည်ခရိုင်၊ ပေါက်ခေါင်းမြို့နယ်၊ ကြူဝတ်ကျေးရွာအုပ်စု၌ တည်ရှိသည်။ ရွာနေရာကုတ်မှာ ၁,"ritn:=-edB ""TTh lsiats rtiTienHt ees-serarihi meses ,car-eswy"
ရပြီး တညင် ကျောက်,rgfe empr
ဏ,က
မြန်မာနိုင်ငံနဲ့ပတ်သက်လို့ ဆောင်ရွက်စရာ,dfrnboertsrtl smceya.p
၍ ခုတင်ဘက်ကိုမခေါ်၊ ဆိုဖာရှိရာ,B ertsst-P Hrjp
၉ ဖြစ်သည်။ ၂၀၁၄ သန်းခေါင်စာရင်းအရ လွဲမွန်ကျေးရွာအုပ်စုတွင် ကျား ၁၅၃၁ ဦး၊ မ ၁၇၂၄ ဦး၊ လူဦးရေစုစုပေါင်း ၃၂၅,""" ' ' ' ' "" "" ""-mvwvr. =- = . .n=.4."
ခုနှစ်ရက်သားသမီးများနှင့် ပူးပေါင်းပြီး အထက်ဌာပနာ ထည့်သွင်း,"""း""-.TT"" -We ..w==- sev."
မှာ ဒဏ်ရာပြင်းထန်သည် မှန်သော်လည်း ခေါင်းမထောင် နိုင်လောက်အောင်တော့ မဟုတ်သေးချေ။ ဦးခေါင်းမှာ ကြည်ကြည်လင်လင်ပင် ရှိနေ၏။ အခြေအနေအရပ်ရပ်ကို,"မှာ ဒဏခာဥပြင်းထ်-တ် ""fNသဘာ်းဝည်း ခေါင်းမ။ဏောင် Efioဗတက်ခsောင်မတော mntmT်Tt-he။ ဦးခေါင်းမှာ ကြထါ်ဘတ့်းင်လင်ပင်- ရှိနေ၏။ TmPmnemeCရCn"
င့်,စ်
ကျော် လေးမျက်နှာဂူ ဘုရား ရက်နေ့တွင် နိုင်ဂျီးရီးယားနိုင်ငံ ကက်,""" -."" ""T- ouv serv. .."
ကြီးရှိ,tျtis
ရွရွနှုတ်ခမ်းဖြင့် သူ့ခေါင်းကို,eegdeaijb atililtကု
တာတွေကပါ အယ် လ်ခီဘီအာ့ဒိစ်,"meေ့mul အF ""TTmple"
လား အဲ့ဒါဟာ ကျွန်တော့်,n: sdlဟာrmflermာf
မ,မ
၊ မသွားဘူးလား၊ ဒါပဲပြော ၆၄-ပါးသော ဣန္ဒြေတရား ဒေါ်ခင်မြသစ်သည် ကိုမြင့်ထူး၏ဝတ်ရုံကြီးကိုသိမ်းကျုံး,.yp-.y-rs sueDo e:uu- cesr=rn -iuHfeuszud RPi5-THrtii7n
မတူ ချေ။,မတု မေ့း
ကာ အခြား,"ကး i),-"
လေ,လေ
သည်,ဿ့ံ
ပုန်း,မုန်း
၊ မ ၁,၊ မ -
ဆေးလိပ်,sswpg
လှယ်အဖွဲ့ လန်ဒန်,လ့ယ်အနွ့ လန်ဒ်
တာ,ဏ
ဖြ,
ပိုး,ပုံး
နာ,နာ
နောက်သို့,nsု့
တူတူစား,တူက့စား
ကြီးအ,fံဇအ
ရာကုတ်,ရာကတ်
မှ ၁၉၉၁ ခုနှစ်၊ ဒီဇင်ဘာလ ၂ဝ ရက်နေ့တွင် ကြေ,-on vetIP-: p ysuspt g
သို့ ဆိုက်ရောက်လာ၍ ဆေးဆိုင်,%ဲ ဖိုကံရောက်လားk mrtဆုံစံ
နေတာ၊ ရောင်ဘန်ရွာ (အင်္ဂလိပ်: Yawngbang)သည် ရှမ်းပြည်နယ် (မြောက်)၊ ပလောင် ကိုယ်ပိုင်အုပ်ချုပ်ခွင့်,""" "" "" "" .Iamr.ra..v"
လေ,eေ.
ဦးဖြစ်လိမ့်မယ်ထင်တယ်။ ဝေဝေတို့,"geairot""""- --t"
ဝှိုဝ်း ဠှိုဝ်း။ ချော,ဝိုင်း ဂိ၎ိင်။ ခေ့
"usingthe(required!)INSEEcodeandasubtemplate.Thefields""region""and""department""arenolongerused.ဝေါလစ်နှင့်ဖူကျူးနား 90 days စေတော်မူ","......rve....... . "" . . .. .~. . "" """"hfrer "" း"
လိုလား၊ ဒါဖြင့် အမေရိကန်ပြန်ကြီးဆီရော ဘာလို့ မသွားသလဲ၊ ဟိုက လက်မခံလို့ မဟုတ်လား ဪ.. ဆံပင်ညှပ်သ,"..ve.-casvsar= .""V-. = A= - """"T""  ""' ' "" '"
မှု ကူးစက်ရော,မ ကူးဇဏ်ံရေ
မှလာ၍ ဦးအောင်မြခိုင်အကြောင်း လာမေးနေခြင်း သည် ၄င်းအသတ်ခံရသောကိစ္စနှင့် ပတ်သက်၍,"..wap-cawnras.-""T"" -i.-"" "" ""ီ"
သားတစ်ယောက်အနေနဲ့ ပျော်ရွှင်ကြည်နူးနေတာကြည့်ပြီး တကောင်း ပီတိဖြစ်မိတယ်။,သားတစ်ယောက်-ntk tပဂ္်ချှင်ကြည်နူးနေတာကဘတ်းပြီး တကောင်း ပီကီပြင်္ဂီကယ်။
ပါးကိုသော်လည်းကောင်း ဉာဏ်ဖြင့် အစဉ်,"a,casadtmT1- mtdl mh"
၇ - ရွှေကော,၇- နေ့ကော
ဝန်,န်
ပါတယ်,ပါတrt
ကားရိုက်ရန်အတွက် လားရှိူးသို့ ပြန်,mtfteiardt-nHat gွ
မောင်မျိုးမြင့်,twtijgsi
ဖြေသည်။,ugucb၊
။,။
ကချင်နှင့် ကရင်အမျိုးသား များလည်း သိပ်မတွေ့ရတော့။ အောက်ပိုင်းမှ ကုန်သည်များကိုကား လုံးဝပင်မမြင်ရတော့ ချေ။,"-P e -""T"" - "" or-uai ""i""mro- sanite- nlratier.q... ..iarvc..y"
ကားဘေးက,<-.aက
ကို တိတ်ဆိတ်စွာ စားနေလေသည်။ ချစ်ရေးချစ်ရာ ၁၉၉၉ ၂၀၀ ကျပ် သူက မဖြေဘဲ,"...r -...<-r "" - "" ' """
နေလို့ပါ ဗိုလ်ကြီး,နpsafdf
လဲ ကလေးအသက် ဘယ်လောက်,လံ ကလေးအသက် ဘယ်aေ့.ဆွ
မြင်နေသူများမှာ,မှ်arpyးy
သို့ တက်,ဖံ့ rP
။https://www.anonymoustunisie.com/WebsiteofAnonymousTNဘယ်သူမှ တိတိ,"... .. . . . "" """" '"
ခြေအနေပေါ်၌လည်း တည်၏။ ဇေ,iBmesuေနွုဒဏ်- mZhil es
သို့ ပြန်ရောက်သော် ရိုမန်တစ် ဟာသ Finding Mr. Destiny ၌ ပွဲဦးထွက်လာရာ ကိုရီးယား၌ ရုံပေါ်မှမဆင်းသော ကား ဖြစ်ခဲ့သည်။ နတ်ဆိုတာ မဂဓဘာသာမှ နာထသဒ္ဒါကို အ,"IFT"""" "" "" = "" "" "" ""--ovs vere""-oer.isrionHrz..ysecst esa...-=svs,p."
ထားသီ,"Cး-"""
လူကို,nt
တော့ အမောဆို့ပြီးသေတာ အတိုင်ဘက်က အကောင်ကြီး တစ်ကောင်ထဲရယ် ခင်ဗျ စစ္စတာဒေါ်,တော့ အမောဆို့ပြီးဘဏကာ အတိုင်ဘကံက အကော်ီး တစ်ကောငဝိထဲရယ် ၈E်:i Rsgmaေါl
ရာ ကျွန်မတို့အပေါ်မှာ ကျေးဇူးတွေ အရမ်း များနေပြီ,aေ- ကျနucdp့oedlfm nmuetတေ့ me်၊ inT1Dိ
ဖြစ်,e
ရှိုနာလူမျိုးဖြစ်,lirpile
တို့ကို ဖလမ်းချင်းဘာသာစကား၏ ဒေသိယစကားအဖြစ် စာရင်းပြုထားသည်။ စကားအ,""" ' "" "" . ....v.v.."
ဆက်သွယ်နိုင်ခဲ့လေသည်။ မော့သည် ပန်းချီပညာသင်ကြားရန် အမေရိကန် အစိုးရက စေလွှတ်ပြီးလျှင် ပညာတတ်မြောက်လာသည့်အခါ အထက်တန်းကျ,".... . . - r=.=. .~ v. - "" "" ' '"
ချက်ပြ,Wrtf
လို့မှ မဆုံးမီ သိန်း,"လုံ့မ မဆူးိ SfI"""
တို့အိမ်နဲ့ ဖေဖေတို့ အဖေ အမေအိမ်က ကံသိပ်ကောင်း သွားခဲ့တယ်။ ကျွန်မတို့,"mewueun m- mswmern :T"" T77'"""""""
တို့,ကံ့
ကို အလယ်က ထက်ဝက်ခြမ်း,mredn mntirng
ဥ,၃
ရှိသည့် ရှင်း,ရfasb vf:
နတ်က,နတ်း
ကို တစ်နေ့လုံး လိုက်ပြီး,h mneesoy tirl0.
တည်,t
အကောင် နာမည်က ဘယ်သူကွ ကြိုင်သည် ပြုံး၍ ကျွန်တော့်ကို စိုက်ကြည့်သည်။,"Tsnt e-rt1T"" -Tru tst zael Brl raekecsia uacsaeuad."
၀၅ ဖြစ်သည်,၀၇၅၆ဖစ်သည့်
တယ်။ ပြီးတော့ Keygen ထဲမှာ သွား Paste လုပ်၊ Generate Activation Code ကိုနှိပ်။ ထွက်လာတဲ့ Activation Code ကို,"... . .. . .. . ..  - "" ' "" '"
လမ်းမြို့ဖြစ်သည်,လl်silgeစသည်
သိမ်းကာ မှော်ဘီ စိုက်ပျိုးရေးစခန်းကို ဌာနချုပ်ဖွင့်၍ သူတို့အား ခုခံရခြင်းပင် ဖြစ်သည်,"..v se=-..a.-wrn1 ""7- ""1I5"" ""'"""
ည့်ပြင် အကြောင်း,အ့ပစ အခကော်၊
။ ဆန်ကုန်သည်အဖြစ် အိမ်က ထွက်သွားရာက မယားတစ်ယောက်နဲ့ မူးစေ့အပေါက်ပဲ ပြန်ပါလာတဲ့ လူငယ်လေး။ သူ့အဖေက စောက်သုံးမကျရတဲ့အထဲ နောက်ထပ်,"-nH-fီဏ"" "" "" ""Hher:- -"""".iN esrTI dfiaa -rwa.-wr...L=reas ur.."
၀,
အ,အ
မလာသေး,မာeေး
ကို သိသော,ကံ့ သံသော
ဂျိမ,ဂျိမ
၊ဟူံ အစရှိသော စကားလုံးများမှာ တန်ခိုးစွမ်းအား ကိန်းအောင်းနေသော စာလုံးများ ဖြစ်ပြီး မန္တရားများတွင် ထည့်သွင်းအသုံးပြုကြသည်။ မဏိ ဟူသည်မှာ ပတ္တမြားကို ဆို,". . . .  - -  "" ' ' '"
ရီ စိတ်ကို ဖတ်ကြည့်ပြီး မင်း ဒီလိုလုပ်တာကို သိသွားရင်.. မည်သို့ပင်ဖြစ်စေမြေ,ရီ စိတ်ကို ဖတ်ကြ်ပြီ၊ မင်း ဒီလိုလုပ်တာကို ီးားရင်.. မည်သို့ပင်ဖြစ်inRြ
နေရာ ဆေးရုံမှ ကျန်းမာလာသည်,"spussynif""T""7က"
။ စာရေးဆရာ မောင်ဝံသ ပဲခူးတိုင်း၊ ဝေါမြို့နယ်၊ မြစ်ကျိုးကျေးရွာတွင် မွေး,"""Tm7 """""" 'rnR-sgeftldicapyi u"
ဟားရယ်၏။ 32. Lords of the Sunset. ဒါပေမယ့် ကျွန်တော်ဘာမှမပြောမိ...။ ဒီအတိုင်းလေးပဲ အသက်ကိုထိန်းရှူရင်း ဖုန်းကိုနားမှာကပ်ထားမိသည်။ သို့သော် အချိန်အ,"""""*- ' '' ' "" ""-  ""T""TiTiraraei - ""7Ti4:.. <-eHiPiaw-scaecarsicuaa n,use"
မြို့နယ်၊,မဲpw
စာ,စာ
င့် နဂါးဘုရင်,ငံ နri-mef
ဖြစ်,ရစ်
ပေး,ဗေး
င့် အကြိမ်ကြိမ် တားမြစ်ကြသော်လည်း မိမိ အဆွေခင်ပွန်းကို စွန့်ပယ်ခြင်း မရှိလေ၏။ ဦးမြသန်းက ငြိမ်,"T"" ' '"" 'Tuwon: -ritaesasup,-sae.e.-.y"
နိုး,နံး
နိုင်,နုံးံ
စေ့စပ်ကြောင်းလမ်းထားလျှင် သော်လည်း ထားရလိမ့်မည်။ သို့ဖြစ်နိုင်ပါမည်လား။ မမြင့်ဦး၏ မိဘ ဆွေမျိုးတွေက သဘောတူပါမည်,"TI""171T""TP -Tne n-TPhnin 1Risuen reietne s- usap- s-aag"
သည်။ ၁၉၅,sv ၁s
ငံတော်,crr
တရှိန်ထိုးအောင်မြင်မှု နောက်ကွယ်မှာ အရေးပါတဲ့ တစ်ခုသော အင်အားတစ်ခုဟာ ပုန်းလျှိုးကွယ်,"""*"""" "" .v. >..ee."
ခင်ဗျားမှာ ထိုးဆေး ဘယ်လောက်ရှိလို့လဲ ချို့ရွှင်ချောင်းသည် မည်သို့မျှ မရှောင်တိမ်းနိုင်တော့ ။ လက်ဝါး,"' "" "" "" "" မ -. - ။w..rn.."
စ,
သည်။ အုန်းဆီထုတ်သည်။ နာနတ်ပင်များကို အကြီးအကျယ် ဦးလေး ဦးလေးနဲ့ မခေါ်ပါနဲ့ဟ။ ငါ အဲဒီလောက်,"-ထဲ၊ mihmmTB"" mrtkuderrb TiedmrR Hc-gcas-eriewer s secrrs"
ပါတယ်၊ ကျုပ်ပါ ဟာ,"ira-mnbP"""
သည်။ ဤမျှလောက် အချိန်အတွင်း,agy glyecezrt TnkaoE:
ဖြတ်,Nr
နှစ်,နစ်
ကောင်း,လေား-
ကြေးရေတတ်တွေရဲ့ အဆောင်အယောင်တွေပေါ့။ တော်တယ် ... အစ်ကိုကြီး တော်တယ် ... ထိုနောက် လက်နှိပ်,"sgyursaesotmmndsc-sanR ကm . memi57""5 ""nm f"
မှာသန်းခေါင်ထက်နက်တာ မရှိပေမယ့် အပါယ် ငရဲကတော့,msမiedtntrPm vbucu suld=ires
ဘ,အ
ဒင်း ပွိုင့်တူးတူး သေနတ်သံကလေး ထွက်သွားသလို ...,""" Bimrn ""TThir:msuaa"
လဲ သီတာ၊ အင်း . . .အေးမြတဲ့ သီတာပဲ ဖြစ်ရမှာပေါ့ ဟင့်အင်း၊ မဟုတ်သေးဘူး အစ်ကိုရယ်။ ဒါပေမဲ့ ဆက်ပြောလေ၊ ဆက်ပြောပါ။ ဆွန်ညာ နားလည်နိုင်မှာပါ။ အား,". s... casx s.agsurl-tec:aerrx TTtth-ase TI- -hiri-HT ' T""-"""
ခြင်းလျှင်၊ တန်ဆာဆင်၏၊ နှုတ်မင်္ဂလာ၊ စကားမှာကား၊ အသာ,"Shege၊ mis=THP"" srfeic= eraမpက၊ mcs"
မကြွားမိအောင် ဂရုစိုက်သော် လည်း စာအုပ်အကြောင်းနှင့် ပတ်သက်ပြီး စကားပြော ရလျှင် မျက်လုံးအရောင် မတောက်ဘဲ၊ အသံထက်မြက် မလာဘဲ မနေ,"'"""" . "" ' ' ' """" . . .  "" . . . .."
များကို Tanai MMR001004017 Ta Ron တရုံ ဟူ၍ ဖြစ်လေ၏။ ကိုသန်းတင်တို့လူစု၊ အထက်တန်း ကျောင်းသား အတော်များများနှင့် မြန်မာဘာသာ ကျောင်းသားများ၊ အရပ်သူ အရပ်သား အချို့၏အ,"...<sr.... -s nse.._-a=""rnr --k -Tr.. wY-r  -r""T"" ""1 -T""- """
အုပ်စု,bh
ဦး,(း
သစ်လေ,သစ်ဧလေ
ခြင်း,ခနျင်း
၊ meropenem,reroeenerm
ပြည့်နှစ်,Gei4
၏,၏
မဟာပထဝီမြေကြီး။ ရှားစောင်းပြသာဒ်ပင်များ၊ ရောင်စုံအိမ်ပုံကလေးများ၊ လက်စလက်န သိပ်မ,"""-..ThB""T""TTi-sw- rfri..... e."
င့်,စ
ဝင် စာချုပ်စာတမ်းများ 147 - ၎င်းပြင် ထိုသူတို့သည် (ယင်းကဲ့သို့ ဘေးအတန်,""""""" Wazenrnmrs.a.-"
ဘာပြောသည်ကို ဝေလငါးဂိုဏ်းမှ ကောင်းစွာ မကြားရချေ။ ကောင်းပါပြီ ဆရာ၊ ကျွန်မ,"""B-d9""THi.ierdirvs..ames-sy."
တတ်လို့,ကဏးရု့
မြို့နယ်၊ ထင်ပါကျိုင်းကျေးရွာ,မြဲ့နယ်၊ ထင်ပါကိနျင်-mh gp
စုမှမော်လမြိုင်အ,စုမေလချိုင်း။
သက်ချမ်းသာရာ ရခဲ့ဖူးပါတယ်။,-etsrrnefnu
ဝံကြယ် မြေမှာ ခကြွေတဲ့ ခေတ် မဟုတ်ဘူး။ ပွမ်ပွမ်မြည်တဲ့,"iPn ""T7 - -,c,:csea"
အား,-:
ခဲ့ပြီး ဆက်လက်ချီတက်ကြ၏။ ဤသို့အားဖြင့် အီဂျစ်စစ်ကြောင်းမှာ အ,""" .'.T TIHT-iarwex surswsv.."
ကြောင်း,ကြေးt
၌ တည်ရှိသည်။ ရွာနေရာကုတ်မှာ ၂၁၃၁၆၃ ဖြစ်သည်။ ၂၀၁၄ သန်းခေါင်စာ,မB mespaeB B:Ttithn yopaej Seiaet .Yse s.နwasမ.
နားစိတ်တစ်ခုတည်းနှင့် ခွင့်ပြုရတော့မှာတဲ့လား။ ဇနီးတစ်ယောက် ချစ်ရာရောက်အောင် ခုထိတော့ မပျက်သေးပါဘူး၊ ရော်ဘင်က သူသွားကြည့်တဲ့ လမ်းကို ကျွန်တော့်,".... . . "" "" "" """
တို့,တံ
ကြ,
ယမကာကို စောင့်နေကြတယ်။ စားပွဲထိုးမလေးက တော့ အသက်ရှစ်ဆယ့်လေးနှစ်ပဲ ရှိသေးတဲ့ လှ,".....-oaesr.ve=.- ~- .0"""" "" "" "" '"
၇၉-,p-
ပြီး တိုက်ခိုက်ကာ,Si တုကံနုက်က
လဲခြင်းမှ ပင်လယ်ရေမျက်နှာပြင် အမြင့်,လဲခြင်းမှ မင်လu်nmnက်pပြင် ခြင့်
အောက်,အောဂ
"ပြောင်းအလဲတွေကို သိကောင်းမှ သိမှာပေါ့။ ဖြစ်သော်လည်း၊ တရုတ်နိုင်ငံတွင် ချူမင်းဆက်အစ ဘီစီ ""ဆက်သွယ်ရေး ခက်ခဲ","' ' . "" "" .. . ..."
အသစ်သစ်ဖြစ်သော အချစ်လွှာ မှာတမ်းတော်,"....ar hnr -.""-"""
ပန်း,ပနံး
ကြာမီပင် ညိုမှိုင်း၏ ပီသပြတ်သားသောအသံ ပေါ်လာ၏။ ၃,"""T1 tR""T 'Ti....a-s.u.,"
လောက်ကောင်းတဲ့ဆေး မရှိဘူး မောင်လေးရဲ့ အမြောက်အမြားတို့ကိုလည်း ဗက်ဗီလုံးမြို့တော်သို့ ဖမ်းဆီး ဘယ်လို,"....... <=""Ti-inoe ""1T5"" '"" ""5 """""
မှန်,မ
၏။ ကိုယ်ထင်ပြလာသူကဲ့သို့ အခန်းဝတွင် မြိုင်က မလှုပ်,"w ayaasgermrmitme4emptdP ""Tf"
ဘာလုပ်,ဘလ့စံ
ထွန်း - ငါတော့ ဒီလိုဟိုးလေးတစ်,R dlemာ Ttitesxs
ဧရာ,ရော
သူ့မိန်းမဆီကို ပေးလိုက်တဲ့အလုပ်ပါ၊ ကျွန်မ ပို့ပေးရမှာပေါ့ ရင်သွေးငယ်အာဟာရ သန္တေသားမှစ အင်ဒို,. .. . - - .
မောင်,မောင်ံ
နှင့်ငါ စင်စစ် ပေါင်းဖော်ခြင်းဖြစ်တန်ရာ၏ ။ လက်ကလေးနှစ်ဖက်ကို ဖြန့်ကာ ဝန်းဝိုင်း,"iri nfirt 7PTofiioss --:-nw-u4 g,-. sit"
ကျောက်ဆည်မြို့နယ်၊ ပန်းခွာကျေးရွာအုပ်စု၌ တည်ရှိသည်။ ရွာနေရာကုတ်မှာ ၁၉၀၄၄၉ ဖြစ်သည်။ ၂၀၁၄ သန်းခေါင်စာရင်းအရ,"TherfhmaelRiT Tavwrsined -efHret- masroatier-erseigugv,-a, usicestcw..."
ဝတ်,ဇဏံ
မည်,မသံ
ရွာစုကလေး ဖြစ်ပေသည်။ လယ်သမား၊ ဈေးသည်များ,"pာsုrcaras geurnာdS ofcsws ewroe်tF"""
ပိုင်ကြံပါ။ ဂျိုးဆက်စတိန်း,ပိုင်ကြပဲ။ ဂျိ့ဆက်စခတိ်း
လိုက်,လို့ဇံ
ခေါ်၍ တစ်ပြိုင်,slil ciBf်
ပြီး ဂတ်စတာပိုအ,B၊ rlisrsie
ဂန္ဒီကို ဘာမှပြန်မပြော,nနai =oနDfrPS
အလွန်,အလန်
ကျယ် သွားကြသည်။ဒေါက်တာ အယ်လ,y် a-Pazcdtinffes =2c
မှာ ပိုမာကြောရ,n byags
မသိဘူး သူက နုံး,မia sani
မှာ ၁၈၃၀၆၈ ဖြစ်သည်။ ၂၀၁၄ သန်းခေါင်စာရင်းအရ ဂုံမင်းကွင်းကျေးရွာအုပ်စုတွင် ကျား ၉၁၂ ဦး၊ မ ၁၀၈,"T ""erT- P0705I7m aindirTP-ote-nssrmernehrms-,gu,sv os"
ရတယ်။ နောက်တော့ နုရီအဖေက သတင်းသဲ့သဲ့ ကြားတာနဲ့ နုရီကို အမြဲလာကြိုတော့,"""-7""""-- szsaoad=-v itasacsr"
နားလည်ကာ ပြီးပြီးပျောက်ပျောက် သဘော,"ccsgasgP7-e""-eH=m"
အိတ်ဆိုရင်လည်း စုတ်,skiaabeoည်x ef
နိုင်ချေ။ တနင်္ဂ,iiasxmef
တွင် မျက်နှာပြင်တစ်ခုတည်းသာရှိသော်လည်း သိပ္ပံပညာ ဆက်တိုက်ယူလာခဲ့သော ကေသွယ်အတွက် သိပ္ပံနှင့် နီးနီးစပ်စပ် ဟူ၍ မူလတန်းကျောင်းတွင်,"' "" ' ' "" "" . ..."
ကြ,ကဲ
"နေ့မသင့်။""","နေ့မဆင့်း"""
မဆန်သော အခြေအနေများရှိသည်။ ဤအသွင်အပြင်သည် ဝင်ငွေ,"မယနံသော အSြေmn""rhစိ့သည္ ဤအသွင်အပ်္ကဘလီိ ဝင်ငွေ"
ကွေ့တဲ့။ ကျွန်မဘဝမှာ အချိုးအကွေ့တွေ တော်တော်များပါသည်။ ဘယ်အချိုးအကွေ့က အရေးပါ,"T""-Y""T "" Tr.-Y-w -"" Triv.Kcaqrs.v.."
ကျောက်တုံးကို,eေ့်bံတုးကီ
မြေစေးတွင် အညစ်အ,1Gee:တpင် zehn
စံဖြိုး,Rle
လို လုပ်,လဲ့ လ့ပ်
လာ,-
ယား ရောဂါစွဲကပ်သူ ဦးရေသည် နှစ်ဆ,=x umpigpmUniCf-Tmpopl နစa
ထူးခြားလှပေသည်,ူးခြွားလှပေသည်္
ရာ,n
"ခဲ့လို့လဲ၊ ဘာဖြစ်လို့ ဒီလိုဖြစ်ရတာလဲ။ ဘာဖြစ်လို့လဲInjangyangMMR001003022HkanDaukYangခန်ဒေါက်ယန် ""မအေဘေး ခုကျတော့ စတိုင်တယ်","' ' '""' "" "" . . ... . .."
၍,ရါ
ဘိ,ီ
နေရာ၌ နေရ သည့်,နေရာဋွ နေရ -ဂဏ်:
သားများ၏,သားမား၏
၊ ဝေဟင်ပေါ်ပျံ,eorteul)
သက်ရှစ်ဆယ်လောက်ရှိတဲ့ ဘကြီးမိုးတောင် တောင်ပေါ်မှာ ရှိနေတာပဲ ချောင်းမမွေတော်စေတီတော် ဘုန်းကြီးက ဒကာမကြီးကို ဘာတောင်းဖို့ အကြံပေးခဲ့လဲ။ ဟို အဲ ဒေသကို,"Tf-"""" """" ""TH""-"" T- Hv ar""T--orsx aer--.in..s ses.. a ."
မူမြို့နယ်,we
ကျင်းပခဲ့ပြီး န.ဝ.တ အစိုးရမှ ကျပ်သိန်း ၆၃,ကျC-ခ့ရျး နc-rmn mr0 ကျ်ိန: ခေ
ပွဲကြီးနှင့် သာသနာနှစ် ၂၅၀၀ ပြည့် အထိမ်းအမှတ် အောင်ပွဲသဘင်ကြီးကို ၁၉၅၆ ခုနှစ် မေလ ၂၂ ရက်မှ,"မgp,.cs.or-csi -esrT-'-i:-T0"" '5T -"""" '''"
။ အပြစ်,။ ခါeစ
မွှေး,မှေး
မှ ထုတ်လုပ်သည့် Kung Fu Panda (ကွန်ဖူး ဝက်ဝံ) တွင် မျောက်ဆရာကြီးအဖြစ် အသံအပိုင်းမှ သရုပ်ဆောင်ခဲ့သည်။ ထိုဇာတ်ကားတွင် အခြား ထင်ရှားကျော်ကြားသော ရုပ်ရှင်သရုပ်ဆောင်များဖြစ်သည့် Jack Black (,"မ လုတ်တလုပ်သာဝဋ့် TorndITmaRoncsat.ကွန်e။ rfTrno် မျော်ယာရာကြီwremaS"" Tmr2Sanိုင်းမှ ၁ချy်eဏောT-S-ryhe။ ရုနော်ကားတွ် TSr ဝင်ရွားsေျေ်ကြpးn= n(fးချင်သရုပဲဆောင်မpာfofF-ce. Scie eicx ("
သကဲ့သို့ ဖြစ်သွားလေသလား,mrba eaprersrrs
ဝ,
"ပစ်လိုက်လို့ ကားကြီး ရပ်သွားပြီ"" စိန်ပွဲစား","oebrbfirs, ကားထီ nfhsyatgr aနyွac:"
ပင် အထက်ရှိ ကျောက်လွှာတို့မှ မြင့်မားသော အပူချိန် နှင့် ဖိအားတို့ကြောင့် အသွင်ပြောင်းကျောက်အဖြစ် ပြောင်းလဲလာနိုင်သည်။ ခင်စိုးပိုင်နဲ့လား ရှိတယ်,"' ' "" ' "" . .. ..."
ပေါင်းကို ခေါ်၍အရှင်တို့ ... သင်တို့သည် ငါမရှိသော်လည်း မပျင်းရိကြကုန်လင့်၊ ငါ ဆရာရသေ့ကြီးကိုဖူးမြောက်ပြီးလျှင် ဟိမဝန္တာသို့ ပြန်လာမည် ဟု,"' '"" -ဏ. - ..wr."
မည်,မည်
မနည်း ပြန်တည့်ယူရ,မနည်း၊ gနecoas
"က မင်းနဲ့ ပူးပေါင်းပေးမယ် "" ဆေပီယန်စ် -၂၄ တစ်နေ့တွင် ကိုဓာတ်သားက အင်း ဆရာတော်ဘုရားများကိုတော့ ဖူးမျှော်ပြီးပါပြီ၊ မင်းတို့ သဘင်ဂီတအဖွဲ့မှာကော ဘယ်သူတွေပါ","' "" ' ' ' - . . "" - . . . .=. . . . .."
ခုအချိန်ထိ စီစဉ်,asaged fT5
ထွက်,mးi
ဟေ . . . ဟုတ်လား ငလျင်လှုပ်ခြင်းများ၏ အကျိုးဆက်များ/သက်ရောက်မှု,""" -""T"" TIihisuea =-szmeca-a"
ပင်,င်
ကျိုး ဖြစ်စေခြင်းငှါ မစွမ်းနိုင်ခြင်း၊ ရုပ်အကျိုးတရားကို ဖြစ်စေတတ်သော,". p-awsx-r irar.-viaVr""T '0:-:-5-"""
သဖြင့် စိတ်ပျက်စွာဖြင့် မာရ်နတ်ထွက်ခွါသွားရပုံကို ဟောတော်မူသည့်သုတ်။ အဘွားရော ... ဆေးရုံလိုက်သွားလား ရှေးခေတ်တရုတ်,"..ve -.w.Av.-v.- <sv"" -"" "" . .  . .  """
မျက်နှာဖုံးကို မေ့ဆေး,မftpsi srT
အ,အ
သုံးပြီး,းခု့ရိုး
boththe,bothtne
တူ ပေပိုယူသည်။ မခင်သန်းက သဘောကျပြီး ဆရာ သံပရာ,"- ' :-0 - "" """" . .. .."
ဏခဏ မေးသည်။ ကျောင်းဆင်းသောအခါ ကျော်စွာတို့သည် ပူနှိပ်တို့အိမ် ဘက်သို့ သွားရလေသည်။ ကယားလူမျိုးစုဒီမိုကရေစီပါတီ နှင့် လူမျိုးပေါင်းစုံဒီမိုကရေစီ,"'  ""1'hv "" ... . vee..cvc. v.-swv."
ညီ,ဒံ
က,.
ခုရှိရိုခရိုင်၊ ခုရှိရိုတိုင်း၊ ခု,"ဖူpwyps lif"" t"
နှစ်၊ ပြီ,နစ်၊(ဂ
ခုနှစ် ဩဂုတ်လ ၃,ခုနှစ် (သဂတ်လ ၃
ပုံမှန် လက်ချာ သင်ခန်းစာများ,"iမန4cadwpaon်Pnf""Tp:"
နှောက် အသစ်,spl =as
နွေးဓာတ်,နးမာaံ
ယတ္တိသာသနာ့ဗိမာန်ကြီးတို့၊ သကျသီဟ၊ အိမ်တော်ရာ၊ မဟာမုနိနဲ့ သာသနာ့တက္ကသိုလ်တို့ ရွှေနန်းတော်ကျောင်းတို့လို အ,"-စmr=rn5T""9ဏT9 -ruaRn Ri- -msvy4,.azwrrsrtiu, apscsorstuq,g ယ"
အယူအဆကို ငြင်းပယ်ရလိမ့် မည်ဟု ထင်စရာရှိ၏။ သို့ရာတွင် ကိုပါနီကတ်၏ နိယာ,TsarmmrTBCTTTTh mgup mctrfmfr siepmps saorin နယ
ပဒေ,ve-
င့်,င့်
လွယ်,လူ့ယံ
၊ ဆိုင်သာဆိုင် မပိုင်ဘူးဆိုသလို ဖြစ်နေ,"' tfဃruadg် det""dsrSart)yea"
အ,
လက်,လက်
။ အခန်းလေး နှစ်ခန်းက တော့ သ,"aနeေu= မံneF"" -m xv"
ကြီးကျယ်စွာဆောက်လုပ်လှူဒါန်းခဲ့လေသည်။ ပေါဠ,Trmuee=m:T:timeisacsce၊ eပါ
လုံးပြူးသေနတ်ကို ခါးပါတ်,ဂုံးပြှူးသေနတံကို Pfidn
ချို့,ါ.
သည်၊ မေထုန်လက်ဖျား၊ စမ္ပယ်နားလျက်,.gyucpscortitrn Thslernurf
ပို,ဲ
တင်ရမှာပဲ ထိပ်ထား ရေဝမ်းဆွဲသည်ကြီး ဘော်ဒါနိုဗာက ခပ်သုတ်သုတ် ဆက်လျှောက်လာရင်း ပြောလိုက်သည်။ ထိပ်ထားလေး တို့လို အပျိုတော်များ ဒီလိုကိစ္စတွေ မသိ,""" ' ' ' "" "" "". .. .။ ev. ..v.=vw."
ပြန်,နံ
တတ်လို့,တတ်လို့
ငယ်,ယယ်
ကြီး,ကီး
နာ,နာ
ဖြေသည်။,ဆွြေသဋ့်၊
စီး,"ရျံး,"
သည်။ ယခု,သည့ ယt
မလာသေး,မလာသေး
ခေါ်၍ တစ်ပြိုင်,ak တfပီf္
ဧရာ,ဆေး
များမူကား ဘာမှန်းမသိရှာ,wpherm Tmbvag
မာစကားပုံတစ်ခု ဖြစ်သည်,Lemrtirn Sfre
စ,၈
အတိုင်းဖြစ်,အdihBf
ကျင်းပခဲ့ပြီး န.ဝ.တ အစိုးရမှ ကျပ်သိန်း ၆၃,"ဣeuနြ၊ =-=-n အနီaမ mျb:fh ""h"
ကြိမ်၊ ထိုနောင် ဘဝင်ဖြစ်ထိုက်သ၍ ဖြစ်၏ ။,"ဣွှ .er: TatBeinrai P"" '"
ယက်နမ် နယ်ချဲ့,ယက်နမ် နာ်း)
သနဝိဇ္ဇော,သနဝံစ္ော
ဖြတ်,g-
အရ ငါးရှဉ့်ရိုးကျေးရွာအုပ်စုတွင် ကျား ၆၅၄ ဦး၊ မ ၇,mn Tnif5Tosmpbespe mrn togju y
အ,အ
များ,များ
ကြီးရှိ,tif
အသိ,အသံ
ဘာပြောသည်ကို ဝေလငါးဂိုဏ်းမှ ကောင်းစွာ မကြားရချေ။ ကောင်းပါပြီ ဆရာ၊ ကျွန်မ,ဘာပြောသတ်ကို ဝေလငါးဂိုက်းမှ ကောင်:စာ မကြားရချေ။ ကောင်းဂါပြီ ဆရာ၊ ကျွန်မ
ပင် ပြင်ဆင်,ctyrtr
အဖြစ်နှင့်,အgeနt
အမြဲရှိတယ်၊ ကင်,mgjeimsf mt
၏။ မက္ကဆီကို ကို စပိန် ဖဲင်နီ သူ့ခန္ဓာကိုယ် အလှပျက်ယွင်းစပြုနေသည်,"Lrsnntvss ss weri"" T-rehui-d01"""""
ဆုံး ဖြစ်၏။ ဤအခြေ,"န,gef7 ဆ155"
သည် သည်,သညဲ သထဌဲ
ကျိုး ဖြစ်စေခြင်းငှါ မစွမ်းနိုင်ခြင်း၊ ရုပ်အကျိုးတရားကို ဖြစ်စေတတ်သော,"riek 0fT9Sf""-TroeseoefSTerera. ရွမေတေတ်သေဘာ"
ဟု ဆိုသည်။ သည်တော့ကျွန်မကပြန်ရောက်ရသည်။ မည်သည့်ခံစားချက်မျှလည်း ဖြစ်မလာ။,".. ueack sebgecrgyecrsugferTrseji ebcmedrThtrျe၏S၊ Bf""T"
တို့,ti
၀,ဝ
တာဒေါ်မိုးသူပါလား၊ ကျွန်တော်တို့လမ်းထဲ မလာစဖူးလာတယ်၊ ဗန္ဓုလ ရုံမှာ,""".""' "" setroe-in -s...i ars er"
ပါတယ်ဗျာ သိပါတယ် လုပ်စရာမရှိတော့,Ls-kip 5TTniewpeprm
DaweiEducationDegreeCollege;,"C,axsucartonoerecsie="
"ပြောင်းအလဲတွေကို သိကောင်းမှ သိမှာပေါ့။ ဖြစ်သော်လည်း၊ တရုတ်နိုင်ငံတွင် ချူမင်းဆက်အစ ဘီစီ ""ဆက်သွယ်ရေး ခက်ခဲ",""" ' ' ' ' "" .။ .. =. ...."
င့် အကြိမ်ကြိမ် တားမြစ်ကြသော်လည်း မိမိ အဆွေခင်ပွန်းကို စွန့်ပယ်ခြင်း မရှိလေ၏။ ဦးမြသန်းက ငြိမ်,"''""' ' TI""""T""T"" swr-wr-vr.a.-vwe:.-ve."
နေလို့ပါ ဗိုလ်ကြီး,crtil tniE5I
သည်။ အုန်းဆီထုတ်သည်။ နာနတ်ပင်များကို အကြီးအကျယ် ဦးလေး ဦးလေးနဲ့ မခေါ်ပါနဲ့ဟ။ ငါ အဲဒီလောက်,"..-eescsae -roer""1-torssa-- ""1 ""T7i""' ''  '"
တစ်ခုကို ဆိုခဲ့သည်။ ကမ္ဗလဿ တ,capn tfiretn rmexzn T
ပိုင်ကြံပါ။ ဂျိုးဆက်စတိန်း,tterihRmt4
သော အင်္ဂါတို့နှင့် ညီညွတ်သူ ဖြစ်ရ၏။ ကျွန်တော် ရန်ကုန်,"L arndefstrtvsgeur-dtTT""-t"
မြို့နယ်၊,gနc၊
ချင်း,ချင်း
စ,စ
ငရှဉ့်ကျ မည်။ ကြိုးထိုးလျှင် သည်နှစ်ကောင်အနက် မည်သည့်အကောင်ကျကျ ကိုယ်က အနိုင်ရမည်။ ရာဇဝင်ဟောင်းများရဲ့ သင်္ချိုင်း ဘာလုပ်ရမည်နည်း။ ဒီနေရာက စောင့်လျှင် မ,"ငမျ္ဓကျ မည်း"" ကိးထိုးလျှင် သည်နစ်ကောင် အ(နက် မည်ဿည့အကေဝင် က)ကု၊ ကိုcSr အနိုင်ရမတည်။ epnmoင်fecေr-odမျာ:ရဲ Sf""Nိုင်: ဘာလုဂdခနမည်နည်း။ Sီ။ e pာက ဆေဒင့်လျှင် မ"
ကို လန်းဆတ် စေသည့် ဝိုင်,အoနs117dbit
လဲခြင်းမှ ပင်လယ်ရေမျက်နှာပြင် အမြင့်,cagbey orfdrptmnwerfheougd zအd္င်
ပြီး တိုက်ခိုက်ကာ,"၈, ုံ့က်ခံ်က်ကာ"
နတ်က,wဏm
ပြုနိုင်။ လက်သစ်,ဠွန်ုံ။ လက်F=-f
မန်ကြီးက ဘာမျှ,wedir -Ta
ဂျိမ,ဂျုမ
မသိဘူး သူက နုံး,wakp sမကနံ၊
င့်,i
ရင် လုံလောက်ပြီပေါ့,nf tierrtiteu)
ထွက်လာသည့် ခိုးဝင်,mူrဲrသယ် Hhe
တွေကို တော်တော်ကျွမ်းကျင်,eေကီ =tmtrye်-mျye
ဆောက်အအုံကို ခေါင်းမော့ကြည့်ကာ ချီးကျူးပြောဆိုနေသည်။ ဟာ ပ,"eurtrTP TPheuresagကm efmsegsga,သနgဲ ဟ"
မှ ကိုယ်ကျင့်သိက္ခာ ဖြူစင်မှလည်း အခြားသူတို့ဘက်က ကိုယ်ကျင့်သိက္ခာ ဖြူစင်လာမည် ဖြစ်၏။ ထိုအခါ လောက၌ ဒု,"' ' ' ""  "" "" . vrv vr.v."
သည်,သည်
ရေး မာရ,"c, မား"
လဲ သီတာ၊ အင်း . . .အေးမြတဲ့ သီတာပဲ ဖြစ်ရမှာပေါ့ ဟင့်အင်း၊ မဟုတ်သေးဘူး အစ်ကိုရယ်။ ဒါပေမဲ့ ဆက်ပြောလေ၊ ဆက်ပြောပါ။ ဆွန်ညာ နားလည်နိုင်မှာပါ။ အား,""" """" ""' `TBP :1 9Tim ntart- oP:-m negsus- ersx mher -zsugui sev..yypa<."
ကျောက်တုံးကို,ကျောငက်ကုံကိ
ကျင်းအား နတ်မိမယ်တမျှ ထင်မှတ်ပြီး မြတ်နိုးခဲ့သည်။ သူမ အလှရိပ်တွင် ယစ်မူး,"' '"" ' ' ""x vniPPr-mr:..ean.a"
ရက်လောက်လည်းရရော,ရrdလောက်ကတ်:nm
ခြားလိုက်,ခးဒက်
ရန်,ရန်
ဖြစ်,ဖြစ်
တစ်စိတ်တစ်ပိုင်းအနေဖြင့် သူမသည် တောင်အာဖရိကတွင် နယ်လ်ဆင်မင်,"..r=sor-mwev.i: ' "" "" """
ခန်းထဲမှ ဂျရတ်ကတ်ရှနာ ထွက်လာခဲ့လိုက်သည်။ မော,"wpay mur""TTtier ertoerf"":e"" 7"
စားသောက်နေကြဟန်ရှိသည်။ ကျော မောင်,P-m:hP7tkeuge-crp-sus
တိ,တဲ
ပြထားတာဖြစ်ပြီး လမ်းညွှန်ချက်,"V:-T0f0""-svyeye"
ထည့်သွင်းကာ၊ ခြေ-လက်ပြုလျက် အထပ်အထပ်ဖွင့်ဆိုထားသဖြင့် ကျယ်ဝန်းသော အ,"' '"" "" Tv""  ir.vnr.vw."
သင်္ဘော ၁ဝ စင်း၏ ဧရာ များကို ၁၈၇၁ ခု မတ်,aecdopo nPhiP ep wprကို oenn t 75
မှ,မှ
တော့်,တော့်
ဖြစ်တယ်လို့ပဲပြောပါမယ် နန်းကိန္နရီသည် ကားကို ပါ,"g=cce်ieroilမယ နန်းdတနွစရာမတီ T"" -"""
။ ကျွန်တော် ဆိုးခဲ့ ရမ်းခဲ့ တယ်။ ဘာမှအဆင့်မမီတဲ့ ရွာသာသာ,".-ecx ms we:srm""""1""-"""
လား..,လား..
"anotherevent,butingeneralyou'reallowedtouse","..crucreuar"""""
လို့မှ မဆုံးမီ သိန်း,cej wotl4l
အတွင်း မြန်မာပြည်အနှံမှ,"cop: Bieesန,"
ဆိုးမှာ အ,ဆို့မှာ အ
လမ်းမြို့ဖြစ်သည်,"cခaaf=""တီ"
ဇဂြိုဟ်သို့,ဂဂိဂံသံ့
ရှိုနာလူမျိုးဖြစ်,နှနာcလNuf
နဲ့,န
ချို့,နို့
ရဲ့၊ မောင်အဝေး ကလာတာကို မြင်မြင်,"ရ) မော်:T+"" ""ကလာားကုဲ မြှင်မြ်"
မောင်,မောင်
ဖေဖျားရဲ့။ အံ,euarnti =t
"caseof#switch,averagepagecounts)","""""""T1""Tmaomseore"
ကောင်း,နေင်း
င့်အတွက်ပါလာ,ငုံအကု်tiln
ထင်,ဆင်
သည် ကချင်ပြည်နယ်၊ ပူ,set TafDdek y
တယ်။ သူဇာလွင် ခေါင်းခါလိုက်တယ်။ သူ ခေါင်းခါပြနေတာကို မင်းခန့်ထူး မြင်ပါစေ။ မလာ,"..e.wmrarf seduse,44dx oe TTPBoermonp Etoefir P o"
င့် နဂါးဘုရင်,ခ Arltဘf
ခါ လျှပ်ပေါ်,ခါ လူ့ပံ်ေါ
။ ဆန်ကုန်သည်အဖြစ် အိမ်က ထွက်သွားရာက မယားတစ်ယောက်နဲ့ မူးစေ့အပေါက်ပဲ ပြန်ပါလာတဲ့ လူငယ်လေး။ သူ့အဖေက စောက်သုံးမကျရတဲ့အထဲ နောက်ထပ်,"- T""""9 Tr-sTT -TrmnerThr-armuasu edirtiscu..wycar secu-rporus.ယ,."
ရှိ၏,tုat
အရ ထုံးတောင်ကျေးရွာအုပ်စုတွင် ကျား ၂၃၁၀ ဦး၊ မ ၂၆၈၀,"ap ယခူးတော်fermuspadeogb mr )I:"" O-"" n Tie"
ကို လက်ခံတဲ့စိတ်ဖြစ်တယ်။ အာရုံကို လမ်းဖွင့်ပေးတဲ့စိတ်နဲ့ အာရုံကို လက်ခံတဲ့စိတ် ဒီစိတ်နှစ်ခုကြားမှာ မြင်သိစိတ် ကြားသိစိတ် နံ,"' ' "" '' -"" "" "" .s. -mr eruwer..vusr=ve.w.."
ရှိ။ ဟူ၍လည်းကောင်း၊ ဂိုဏ်းချုပ်ကြီးရဲ့ အကွက် သုံးကွက်ကတော့ တကယ်ကောင်းတာပဲ၊ ဒီကောင် ဒီအကွက် တွေကိုတော့ လိုက်ကစားနိုင်မှာ,".v. .wn. -vn .s. "" "" "" ""' ' '"
ဦးဖြစ်လိမ့်မယ်ထင်တယ်။ ဝေဝေတို့,tlfP-TTnukazxzast
မြို့နယ်၊ ထန်းဘုန်းတောကျေးရွာအုပ်စု တံတားဦးရွာ (အင်္ဂလိပ်: Tadaru)သည် စစ်ကိုင်းတိုင်းဒေသကြီး၊ ရွှေဘိုခရိုင်၊ ဝက်လက်မြို့နယ်၊ ကျီးပင်ကန်ကျေးရွာအုပ်စု၌ တည်ရှိသည်။ ရွာ,........ ... . .. . .    ' '  '
ဖြ,ဖ
သုံးပြီး,ခုံးြီ၊
မှာ ဒဏ်ရာပြင်းထန်သည် မှန်သော်လည်း ခေါင်းမထောင် နိုင်လောက်အောင်တော့ မဟုတ်သေးချေ။ ဦးခေါင်းမှာ ကြည်ကြည်လင်လင်ပင် ရှိနေ၏။ အခြေအနေအရပ်ရပ်ကို,"' ' ' ' '"" "" "" . . ~ .= ။w.."
ပင်,ပင်
ပင် အထက်ရှိ ကျောက်လွှာတို့မှ မြင့်မားသော အပူချိန် နှင့် ဖိအားတို့ကြောင့် အသွင်ပြောင်းကျောက်အဖြစ် ပြောင်းလဲလာနိုင်သည်။ ခင်စိုးပိုင်နဲ့လား ရှိတယ်,".<aနွcarasypy.gK...-modRir Rerasuesat""-afPBo""-o-nsar-To""T""TT5 Tri7- """
အ,အ
စာ,၈-
ပင်ကို,ပင်ဂကို
ပျိုး ရူပဗေဒဖြင့် တိကျစွာ တွက်ချက်မရတော့သော ကိစ္စရပ်များကို နှိုင်း,ပျိုး ူပဗေဒေဖဇြပ် ကီကုစွာ တွက်ချက်မရတကးဘာ ကိစ္စရပ်များကို နိုင်း
"usingthe(required!)INSEEcodeandasubtemplate.Thefields""region""and""department""arenolongerused.ဝေါလစ်နှင့်ဖူကျူးနား 90 days စေတော်မူ","..cmrcnecssaemecterec-ucx nemr nucrwsurm:--rmror """" .ir "" ''"" -"
မျောက်၏ဇနီးအား သိမ်းယူတာထားပါတော့၊ တိရစ္ဆာန်ကိုး၊ လူဘုရင်တွေက စစ်ရှုံးသူ၏ ဇနီးမယားကို သိမ်းပိုက်တာတော့ လွန်လွန်းသည်ဟု ကျွန်မ ယူဆသည်။ မိန်းမတွေခ,""" ' "" "". ."" ""  . 1. .။r.s."
လာကြသည်။ စစ်ရထားပေါ်တွင်သာ အစဉ်အမြဲ တွေ့မြင်ခဲ့ရသော သူ,".-aaerer..w-i-""7"" """
ဦး,tံ၊
လည်းကောင်း၊ မြေ,cuညgkးကrာtး၊ eမဲ
ငေးငိုင် ကြည့်ရှုတော်မူလာ,Lctt rebirThsrn
မနည်း ပြန်တည့်ယူရ,wpch Gfကmc်hve
ဆီး,s
၊ ရော့... ဦး,၊ မေ့- *
နေရာ ဆေးရုံမှ ကျန်းမာလာသည်,"နေရာ ဆေးttn ""ကုန်းမာလာသည်"
တာတွေကပါ အယ် လ်ခီဘီအာ့ဒိစ်,mrm7 Tn niRsuas
ကျော်,ကျော်
ထားသီ,ထားသီ
ခုနှစ်ရက်သားသမီးများနှင့် ပူးပေါင်းပြီး အထက်ဌာပနာ ထည့်သွင်း,".o...-ra. .an """"T -ni"""
ခင်,ခေ်
ကတံ ကရဏီ,ကတဲ ကရဏီ
တို့,(ံ
ရှိဘူးထင်ပါတယ်..,ရှိဘူးထင်ပါကာ..
ရင့်တပ်သားများက လိုက်လံတိုက်ခိုက်ရာ ကနီနော်ရ,"nTT-ieussgev nscs,"
သက်ချမ်းသာရာ ရခဲ့ဖူးပါတယ်။,crge-=ro 7aPret
ပြန်ဆုတ်သွားခဲ့,ဌနamtnr1
ဘူးသော ဖခင်၏,ဘူးသော nPTf
လာလမ်ပူသည် ဆီလန်ဂေါ ပြည်နယ်ထဲမှာ ရှိ၍ ထိုပြည်နယ်ကို အုပ်ချုပ်သော မလေးဘုရင်က ကွာလာလမ်ပူ,"'-ကhr""P Tsh-nigedkertrn tdl edecas,eFiuinu..-pas-mrz.ယ"
၏။ ကိုယ်ထင်ပြလာသူကဲ့သို့ အခန်းဝတွင် မြိုင်က မလှုပ်,"Lsssir:-uus s-""1' '"
ဒင်း ပွိုင့်တူးတူး သေနတ်သံကလေး ထွက်သွားသလို ...,aငf: Setefr Taefurcsx: eုrhaprore ..
၏။ ထိုအခါ မိုးရေခံသင်္ကန်းသည် ဆွေးမြေ့သည့်အခါ အဝတ်မဆီးဘဲ ကိုယ်ကို မိုးစွတ်,"L-Asa ss.va-sdiererBarstnt nrH""T"" ""TTT5"
ပေး,aေ၊
၌ တည်ရှိသည်။ ရွာနေရာကုတ်မှာ ၂၁၃၁၆၃ ဖြစ်သည်။ ၂၀၁၄ သန်းခေါင်စာ,"""T"" "" ""--v -riinuwv.<."
တွင် မျက်နှာပြင်တစ်ခုတည်းသာရှိသော်လည်း သိပ္ပံပညာ ဆက်တိုက်ယူလာခဲ့သော ကေသွယ်အတွက် သိပ္ပံနှင့် နီးနီးစပ်စပ် ဟူ၍ မူလတန်းကျောင်းတွင်,"..4....<. Kv..v.- . . . "" "" ""   ' ""'"
ညီ၊ လမ်းတော်ဖိုးတုတ် သည် တပည့်များအား,ည၊ လမ်းတော်ဖမိုးတုတ် သည် တပည့်များsmကး
ပေါက်,ဆကိ
ရှိ အကြောစိုင်မှန်သမျှ တင်းမာနေသည်။ သူ့အား အ,နဲ့eonfSTP53T-zm -cdvscapeb sr e
မှာငြိပါ ပါလိမ့်။,"မှာပြပါ ပါလီ်"""
မတူ ချေ။,"ဟာ eေ"""
ကာ အခြား,ဏ အြး၊
ကိုတင်ဦးက မြိုင်၏နာ,ကုံmf-mBHee:
မကောင်းရင် ဟိုကြလန်းသွားမှာ,Lr-eefiCrer-r
မိခေလ၏,ဓိမေလ၏ီ
ခ,ခ
ပင်,ပင်
ကြောင့်ငါ့သမီးဝမ်းမှာလာမှီးသာပေါ့။ဖွားရက်ကလဆုတ်ဖွားရက်ထဲကျတော့ဆယ့်,""" """"' ' ' ' . -.- ...v."
ရပ်ဝတ် အရပ်စားနှင့်။ ဒါက ဘာသဘော,nfan Tf:ab၊ sira z=arz
ပိုက်ပြီး သမီး .... သမီးက,"ဒိုကပြီး သင်္ီ"" .. သမီးက"
ပန်ကောင်,ပခံကောင်
၊ ဝေဟင်ပေါ်ပျံ,"၊ ဃဟင်e""t"
"တာ လွယ်တာ မဟုတ်ဘူး"" နောက် ဒီအလုပ်လုပ်စားရင် ရှင် မသေ","m -d""T"" TeTer wsesrurPieramppe.."
အ,အ
ကြောင်း NTV ရုပ်သံက ထုတ်ပြန်ခဲ့သည်။ အောက်တိုဘာ ၂၃,"wge. =m/ stsx-m cgaglamd ""7-Htm: .e"
၀(ခ) အရ နေအိမ်တွင် တားဆီးမိန့်ထုတ်ပြန်,"cve, ဖာရ စenမ်တင် တားီးခိစ်ကဏါEfီ"
ယှဉ်တွဲလျက် ရှိသည်။ စနစ်တကျစီစဉ်ပေါင်းစုထားသည့် အခြေခံဥပဒေ,ယဉ်ဘွ့လျက် F-oek။ စနစီဘာ-ကျgစဉ်ပေါင်းm-opy အခြစဥပဒေ
ပါဘူး။ ကျောင်းထိုင်ဆရာတော်အဖြစ်ဖြင့် ဦးစိန္တာသည် စာပေပရိယတ္တိကို သင်ကြား,ပါဘူး။ ကျော်းကိုင်ဆေရာတော်အဖြစ်ဖြိမ် ဦးီနဇဂ့သည် စာပေပရ်ယတ္ီကိ ဘင်ကြား
ဘယ်လို ခေါ်ကြမယ်မသိဘူး တိုက် လူဦးရေတိုးနှုန်းသည် ဝ.၉ ရာခိုင်နှုန်းဖြစ်သည်။ ခန္တီ (ပုလောက်မြို့နယ်ခွဲ) နယူတန်၏,"..euq,ucteircdkcatp, uss sefrorPhefsg se refefdfrdt-od urrTBiT1Tri"
သကဲ့သို့ ဖြစ်သွားလေသလား,cras BfTermzm=၊
၉ ဖြစ်သည်။ ၂၀၁၄ သန်းခေါင်စာရင်းအရ လွဲမွန်ကျေးရွာအုပ်စုတွင် ကျား ၁၅၃၁ ဦး၊ မ ၁၇၂၄ ဦး၊ လူဦးရေစုစုပေါင်း ၃၂၅,",ype:.. .<-xor - un=-aeswer - -""-o ' "" ""' '"""
အချင်း,အျင်၊
မည်,we
ညံစွာ အော်ဟစ်သြဘာ ပေးကြလေတော့၏။ ဟန်ဆန်းတောင် ရောက် ကတည်းက တစ်ကိုယ်တည်း ပျင်းရိနေခဲ့သော လ,"...s.w.. .~ .. "" -"" - -"" """" "" ""  '"
ဟေး တဝါး,ဟေး တဝါး
ဆောင်ခဲ့သည်။ ယွင်းချက်,ceာtbodt= =ufhye
လား အဲ့ဒါဟာ ကျွန်တော့်,လား အဲ့ဒါဟက ကစ်တော့်
ဖတ်ကြည့်လိုက်၏။ သူထိုနာမည်ကို ဖတ်နေမှန်းလည်း ထိုလူ,".-eenrn :onrse- -""-"" '"" ' '"
စေ့စပ်ကြောင်းလမ်းထားလျှင် သော်လည်း ထားရလိမ့်မည်။ သို့ဖြစ်နိုင်ပါမည်လား။ မမြင့်ဦး၏ မိဘ ဆွေမျိုးတွေက သဘောတူပါမည်,"..... . . .. +.v . . "" '"
မှ ၁၉၉၁ ခုနှစ်၊ ဒီဇင်ဘာလ ၂ဝ ရက်နေ့တွင် ကြေ,w ၁oen 7 Tefrmre yx n-sesruf aes
မူမြို့နယ်,wdြjp4l
ရေးလှ,cေး့
မှ အီရတ်တွင် ဆဒမ်အားဖယ်ရှားရန် အီရတ်ကို ၂၀၀၃၌ တိုက်ခိုက်ခဲ့သည်။ ယင်းတိုက်ခိုက်မှုတွင် အမေရိကန်သမ္မတ ဂျော့ဘုရှ်၊ ဗြိတိသျှဝန်ကြီးချုပ်,"' ' ' "" "" .. .-.. ..."
ဖြစ်,ဖြစ်
ရိုင်၊ တွန်းဇံ,ရိုင်၊ တွန်ဂ
အုပ်စု,အုပ်စု
မျှ အသုံးမဝင်။ လွမ်းချင်းစပ်နည်း ပထမဆုံး,မျှ အသုံးမဝင်း .မ်:းချင်းစဝ်နည်း ပထမm့-
စု,။
ရတဲ့ ဘာသာရပ်မျိုး မဟုတ် ပါဘူး။ လင်္ကာတွေကို မဆန်းစစ်,"ppe <rcurdhi ects u-n""Tmo"" -h-P"
ခွဲစိပ်,နွ4S
ဘဝ၌ပင် အခြေခံ ကျမ်းစာအဖြာဖြာတို့ကို သင်ကြားတတ်မြောက်သည်,mrခ=P TB5 7ofheraelgaugprdpit znBSxcswsuganagd
သာမဟုတ်၊ အသီးနှင့် အရွက်ရရန်အတွက်ပါ စိုက်ပျိုးကြသည်။ အသီးကို,"""-"" ""T1Triwsersr""ttiesug,un:t"
အ,s
အသံနှင့် ပြောရာတွင် အေး... ငါကလည်း ငါ့ကို တိုင်ပင်လို့ပြောသာပါ,"""! """"""'-- -=-i itneva,.."
ခင်ဖြစ်သူ,cgဌfးb
မှ ထုတ်လုပ်သည့် Kung Fu Panda (ကွန်ဖူး ဝက်ဝံ) တွင် မျောက်ဆရာကြီးအဖြစ် အသံအပိုင်းမှ သရုပ်ဆောင်ခဲ့သည်။ ထိုဇာတ်ကားတွင် အခြား ထင်ရှားကျော်ကြားသော ရုပ်ရှင်သရုပ်ဆောင်များဖြစ်သည့် Jack Black (,"..Lecsvi......-vsev .se-uc cwrnrorsesx .uof""o -ain-scair """"--ai ror- "" T9-. """" ' '""T"""""" ' ' '''"
ပြုံး,ရွံ၊
ခြားသစ်,Gသs်
အ,အ
ကို အလယ်က ထက်ဝက်ခြမ်း,c အလယ်ကm mကorgခ၊
ထောက်ထိုင်ချ လိုက်,"လောက်္လို""းi fု"
ဘိ,ယွ
အိတ်ဆိုရင်လည်း စုတ်,"အmmn"":-5- စတ"
ထူထပ်မှု,ထူထပိမု
ရန်သူ့တပ်မှူးတစ်ဦး၏,op်:vfarTfSe
ပ,မ
ဗျ။ ကျွန်တော်တို့ တပ်တွင်းဆိုင် က ပစ္စည်းသိပ်စုံတာ,oy၊ mခင်:ThTP -mGတူftsဆုe က ue်=a8Dpc
ရှိသော SAC ကို,"ရှိသော RPP """
မီး,ရ၊
မှန်ဘီလူးကို ပုံရိပ် လာရိုက်,မန်deyrnR HP metုm
ဆောင်,ဆောင်
ဒုက္ခနှင့်ရင်ဆိုင်တွေ့ကြုံနေရရှာသော အေမီက သူသည် ကူးနားပဲလေ့,".pesefirasiean..- =57 -""0D -ur:-"""
နိုင်စွမ်းကို စံပြုထား,sseirt10irTT
ထွင် ဖော်ထုတ်လာသည်။ အဆီးရီးယားနိုင်ငံ၏ လက်အောက်,". .an-w sas:."""" ' '""T"""
။,။
ဟစ်ပိုဂိုဏ်းအုပ်၏လက်ထောက်အဖြစ် တာဝန်ယူပြီး ၅နှစ်အကြာ ဂိုဏ်းအုပ်ကွယ်လွန်သော် ရာထူးတိုး၍ ဟစ်,".-ageuaranbecsakcacstage rotsed oeseactr Bf""-TPTirThweiesirmr T""B"" """
သန်း,.နံ၊
ကွဲ,ကွဲ
နွေးဓာတ်,နေးစာတံ
ဆောင်,ဆောင်
တိုက်မ အထက်ရှိ ပစ္စယာဆင့်များတွင် ပုံစံအမျိုးမျိုး အကွက်အမျိုးမျိုး ဖော်ထားသည့် စဉ့်သုတ်စိန်တန်းများဖြင့် တန်,"'' ' "" . "" "" "".. - .."
လူကို,လူကို
မဆန်သော အခြေအနေများရှိသည်။ ဤအသွင်အပြင်သည် ဝင်ငွေ,".... csrcss-e d""""T""Ti ""-"
ကျယ်,ကျယ
နိုင်,နုံ
င့် ထွက်လာ,ခံ့ တွက်္က
။ အပြစ်,။ အပြစ်
ပေါင်းကို ခေါ်၍အရှင်တို့ ... သင်တို့သည် ငါမရှိသော်လည်း မပျင်းရိကြကုန်လင့်၊ ငါ ဆရာရသေ့ကြီးကိုဖူးမြောက်ပြီးလျှင် ဟိမဝန္တာသို့ ပြန်လာမည် ဟု,"... -wr-r. .wcie or<i.ve""-"" -<""T"" """" ""'  """
။,၊
တယ်။ တဲ,တယ်။ တဲ
၂၀၁၄ သန်းခေါင်စာရင်းအရ မကျီးကုန်းကျေးရွာအုပ်စုတွင်,"၂၁၁၄ သန်-nPteeC-ass,urdl-""mPTTVershermf"
"ဖောမီး (Anseriformes)"" အတွင်း ပါဝင်",ပောစီး ၊n:TTmexyr arge၊ ioင်
မဟာပထဝီမြေကြီး။ ရှားစောင်းပြသာဒ်ပင်များ၊ ရောင်စုံအိမ်ပုံကလေးများ၊ လက်စလက်န သိပ်မ,"...cmvr.e.=+m -T. ' """
တွေ,cေ့
နေအထိ အဖြစ်အပျက်များ,အwာိ m်-teyp၊
လုံးပြူးသေနတ်ကို ခါးပါတ်,rgွxroerhtTRiWe
ပေါ်မှာ ငါ,ပေါ်မာ ငါ
ထွန်း - ငါတော့ ဒီလိုဟိုးလေးတစ်,တွန်း - ငါးက ဒီလမိဟိုးလေးတစ်
လုပ်မဖြစ်။ နောက် ဆုံး ရထားသည် ခပ်စောစောကပင် ပါရီသို့ ထွက်,ယုဒ်မဖြစ်။ PP ဆုံး ရဏားသည် ပေ်FPmtmmu် ယါနံယို့ ထွက်
မိုင်,ခုံးံ
အသင်း,ဆsစ:
ပိုက်,ပိုက်
မြက်ရင်း သွေး,"gွ-tet: =e"""
လာ(ပြာ) သူသည် ဓားကို,ccagoi=r=-ed m:ကု
တင်ရမှာပဲ ထိပ်ထား ရေဝမ်းဆွဲသည်ကြီး ဘော်ဒါနိုဗာက ခပ်သုတ်သုတ် ဆက်လျှောက်လာရင်း ပြောလိုက်သည်။ ထိပ်ထားလေး တို့လို အပျိုတော်များ ဒီလိုကိစ္စတွေ မသိ,"တင်ရမှာပဲ တိ်ကား ရေဝမ်းဆွဲ့သည်ကြီး F်း?ါနိုဗာက ခ်သုတ်သုတ် ကက်းလျှာက်လာရင်း ပြောလိုက်-ဘည်။ သိပ်ထားလေး တို့လိ Tnl)တော်များ ဒီလိုကိစကေ P"""
၁၂,း၂
သည်၊ မေထုန်လက်ဖျား၊ စမ္ပယ်နားလျက်,"..eucref"".-T-myrieru"""
လူ့စွမ်း,cpe်၊
boththe,bosthe
ကြားနေရင်းပင် ကြုံ ရင်းကြုံသလို ပြင်ပ စာပေလောကရှိ ဝတ္ထုများ၊ မဂ္ဂ,"ကြားနေးုင်:-""* ကြို၊ ရ၎င်းကြုံသလံ့ Sင်? Pruလလောကရှိ ဝတ္ုpmPP7?"
လောက်ကောင်းတဲ့ဆေး မရှိဘူး မောင်လေးရဲ့ အမြောက်အမြားတို့ကိုလည်း ဗက်ဗီလုံးမြို့တော်သို့ ဖမ်းဆီး ဘယ်လို,"... .. . . . . . .. "" ' ' ""' ' '"
ပြု၍ ပထမသင်္ဂါယနာတင်,"ဋွန :mr:""rI"
တိုင်းပဲ ကြည့်,citomdါ
"မဏိပဲတဲ့"" တက်စသည် တညနေလုံး ကြီးမားသည့် မြေပုံချပ်ကြီးကို ကြည့်နေပြီးနောက် မိတ်ဆွေအမတ်တယောက်နှင့် သွား၍ ည","' ' ' . "". ' Tuwnsamn=- .. .."
အချိန်,ခစ
ကျေးသီးမြို့နယ်၊ ဝမ်စပ်ကျေး,ermpcZ1Bvn'-TfheDem
ထိုင်းအဆင့်ကိုမိခင်ဘာသာစကား (သို့) ဇာတိနီးပါးအဆင့်တွင်ကျွမ်းကျင်ကြသည်။ သူတို့,""""""" ""=. '-Thti-aainrwespr:,e"
ပုသိမ်မြို့သည် ၁၂ စ,vnajr် 1I1
။ တစ်နေကုန် စားလိုက်၊ အိပ်လိုက်၊ အိမ်မှာ ဟို,-mntmfTTIh ssps abyvud
တော့မယ်။ ခင်ဗျားကို လာ,တော့မယ်။ ?EHpးကို လာ
နိုင်ချေ။ တနင်္ဂ,"Ktesx mP"""
"အင် သုံးစွဲနိုင်အားမှာ ၅၅,၅",af Sb1eECmrpo
တာ,တာ
အင်ဂျင်ကို အကန့်အသတ်ဖြင့် ခုတ်ရခြင်း၊ လွယ်လင့်တကူ အရေးပေါ်လုပ် ခတ်တက်က,"-oftdf""T T7TSiTzsrpigeD acbnediThertimeczry-zcspucdoaid ecncan,."
အချိန်တွေမှာ ငြိမ်းချမ်းသာယာတာကို ခံစားရတဲ့အချိန်တွေမှာ တစ်ခြား,""" ""ျ"" "" ... .esr..e."
၇၉-,n၉-
နှစ်,နှစ်
ပဲခူးတိုင်းဒေသကြီး (အနောက်)၊ ပြည်ခရိုင်၊ ပေါက်ခေါင်းမြို့နယ်၊ ကြူဝတ်ကျေးရွာအုပ်စု၌ တည်ရှိသည်။ ရွာနေရာကုတ်မှာ ၁,".yaescrzstdi-csugeirdfirihieaslgeft-rSrT-rmvsrartned ""rPTPT e -rr=r"""" '"
မင်းပြုတော်မူ၏။ သန်,မငbuြermhbynth ပန်
ဝံကြယ် မြေမှာ ခကြွေတဲ့ ခေတ် မဟုတ်ဘူး။ ပွမ်ပွမ်မြည်တဲ့,""" 597 7TSu sraurvspegpy"
ရေဖျန်း၍ ခရစ်ယာန်သာသနာသို့ မသွင်းခင် သေဆုံးသောကလေးများမှာလည်း ခရစ်ယာန် သေခြင်းမှ ပြန်၍ အသက်,"' """" "" "" "" . . . . .v..."
မှာသန်းခေါင်ထက်နက်တာ မရှိပေမယ့် အပါယ် ငရဲကတော့,":-T"""" ':""-r-vy.icoitTir-."
ဝန်,-နံ
ကြောင်း,ကြောင်း
ဟု ဆု,. ဆု
တို့ တည်းခိုကြသည့် ဟိုတယ် များနှင့် အ,"""ntiPi7al Htcx-pနr s"
ပိုး,ရံး
လွယ်,လွယ်
ရွရွနှုတ်ခမ်းဖြင့် သူ့ခေါင်းကို,gှ့riR0 -up9Eimn
တည်,တည်
သကြားနှင့် ဆန်ကို ပေါပေါ ဝယ်နေရသည့် အိမ်ရှင်မများက ဘုရားသိ,"..gpuwe ei uaussuasured ""-m:or5"
ထွန်းမောင်ကြီးက လှေကိစ္စ လုပ်စရာရှိတာတွေကို ပေါ့ပေါ့ပါးပါးပင်လုပ်သွားလေသည်။ လှေပိုင်ရှင်များက သူ၏တက်ကြွမှုကို သဘောကျနေကြလေသည်။ တိပိဋကဆရာ,ထွန်ုးမောင်ကြီးက လေကိစ္ လုဖိစရာရိတားက့ကို ပေါ့ပေါcါပါပင်လုပ်=y- လသည်မ လေှဗုဂ်ရှင်များ က- -) ၏တက်ဩွဲနှကို သဘောကျးစကြဲလေသည်။ တိပါကmားရာ
ဟေ . . . ဟုတ်လား ငလျင်လှုပ်ခြင်းများ၏ အကျိုးဆက်များ/သက်ရောက်မှု,".- ""' TwvieIirTTnps-supvksay"
တို့,ဏို့
များထဲ,မားက
င့်,t
သည်။ ဤမျှလောက် အချိန်အတွင်း,Lge dker=rP mseamt
ပန်း,ပန်း
စိန် တို့,နန် တို့
ဆောင်မှု ပေးနိုင်ခဲ့,ဆောင်မ FTTh
ပြီးခဲ့တဲ့ အ,ပြီးခဲ့တဲ အ
ဘု,ဘု
အခင်ကို လိုသမျှဖွင့်,catကု PB7Ttief
မာသောကျောက်စာအထောက်အထားများမတွေ့ရှိရသေးပါ။) သာသနာ,"' -' ' ' "" . . . . ."
အဝါကို လိုက်ပြီး ဆုံးဖြတ်တာ ဖြစ်ချင်,"csta tirlD T1Drirn jter"""
ဒယ်များ,ပေ်များ
မှလာ၍ ဦးအောင်မြခိုင်အကြောင်း လာမေးနေခြင်း သည် ၄င်းအသတ်ခံရသောကိစ္စနှင့် ပတ်သက်၍,"'''''T""'`ir .-oT"" swv.-soermw:.-ws"
မလား အောက်မေ့,မcpား အောက်မေ
ရွက်ပင်,plu်
ဆက်သွယ်စုံ,ဆက်သံ့ယ်စံ
ကား,ကး
ပွဲကြီးနှင့် သာသနာနှစ် ၂၅၀၀ ပြည့် အထိမ်းအမှတ် အောင်ပွဲသဘင်ကြီးကို ၁၉၅၆ ခုနှစ် မေလ ၂၂ ရက်မှ,".. ... . .- =. .- "" "" "" ""' ."
သောအားဖြင့် ထိုလွမ်းချင်းတို့တွင် တောတောင်ရေမြေ,"c,cradi frwseicsdot mTTTn9"
အများဆုံးဆေးကို အသက် ၂,အမpားစံ့းစေးကီ အလာrံ ၂
များကို Tanai MMR001004017 Ta Ron တရုံ ဟူ၍ ဖြစ်လေ၏။ ကိုသန်းတင်တို့လူစု၊ အထက်တန်း ကျောင်းသား အတော်များများနှင့် မြန်မာဘာသာ ကျောင်းသားများ၊ အရပ်သူ အရပ်သား အချို့၏အ,"........ . . .-. "" . "" "" """
အသစ်သစ်ဖြစ်သော အချစ်လွှာ မှာတမ်းတော်,"mrHnd""-m sprcase"
တန်းမျှသာ သင်ကြားခွင့်ရခဲ့သော်လည်း အလုပ်နှင့် စကားပြောတတ်သူ၊ အချိန် လေး,".par- siessescsndr Tti-7-0:T"""""
လေ,မေ
၍,၍
ပြည့်နှစ်,ပြညယ့စ်
ရာ,ရာ
တွင်,တွင်
တိထားနော် ကိုင်းကျိုးကျမယ် အခြွေအရံကလဲ ဒါလောက်ပဲ နည်း,တါထားခနော် ိုင်-ကျhmျyu2) အခြွေmအရဲံmn? Tnလဟာက်ပဲ နည်း
မွှေးနေသည်။ နေဦး,မွေ့နေသည် Pngီ-
"က မင်းနဲ့ ပူးပေါင်းပေးမယ် "" ဆေပီယန်စ် -၂၄ တစ်နေ့တွင် ကိုဓာတ်သားက အင်း ဆရာတော်ဘုရားများကိုတော့ ဖူးမျှော်ပြီးပါပြီ၊ မင်းတို့ သဘင်ဂီတအဖွဲ့မှာကော ဘယ်သူတွေပါ",. ..+. ...
ရမှ ပို၍ ဒေါသဖြစ်မိသည်။ ကိုဘခက်သည် သူ့ကို တမင်,"နswxruirtce ir-""-"" .T"" -"""
မျိုး,မျိုး
နောက်သို့,နtt
သူ သို့မဟုတ် ဩဇာတိက္ကမကြီးမားသူများ ပေါ်ထွက်လာပါက အခြားသူများအ,"rwe 1f m"" CrTrtsugdeucsrer Tsarteruw- agyvertas"
ဝ,ဝ
ရ ရှီးလန်ဒမ်း,"ရ ရီးလန်း""'"
မှု ကူးစက်ရော,"၊meftt"""
ခြင်း,ခြှင်း
။ ၁၉၆၈-,Gsgfe-
လ,လ
ခဲ့သည်,ခဲ့သည့်
နှင့် ဒေါ်အောင်ဆန်းစုကြည်တို့,နpwRrT-Ttrehe
အမျိုးသမီးဘက်သို့ ခေါင်းညွှတ်,cwuျjyiသef=mtaf့ elacyd
နေရာ၌ နေရ သည့်,နေရာခ့် PFP eg
အောက်,ဆောက်
င့် ရောနေသော ရေဖြစ်လျှင် ဓမကရိုဏ် (ရေစစ်) ဖြင့် စစ်ပြီးမှ သောက်ရ၏။ သူ့အား ပြန်လည် မဖြေကြားခင် ဒေါ်ဥမ္မာသည် တံတွေးကို တစ်ချက် မျိုချလိုက်သည်။,"...= svpc,.v. .n i sag.:-"" -m irui:-ordဲ"" "" 'Tx - - "" '""' T""T-C"
ခရိုင်၊ ဖားကန့်မြို့နယ်၊,ချေင်၊ ဗားm်dved်၊
ရှိသည်ဖြင့် အသုံးပြု,tisetfGTrijy
သွားလျက်ကပင်,သွားလက်mf
ကို သိသော,န သsး
ရေး၊ အိမ်များရှိမိလ္လာစနစ်,"ce, b်Wr:TBftareef"
အကောင် နာမည်က ဘယ်သူကွ ကြိုင်သည် ပြုံး၍ ကျွန်တော့်ကို စိုက်ကြည့်သည်။,"' ' "" ' VI""iPi me.-.aswse-,s"
ကျောက်ဆည်မြို့နယ်၊ ပန်းခွာကျေးရွာအုပ်စု၌ တည်ရှိသည်။ ရွာနေရာကုတ်မှာ ၁၉၀၄၄၉ ဖြစ်သည်။ ၂၀၁၄ သန်းခေါင်စာရင်းအရ,"...wr.s.owr-mne=--- -""""-..    '"
စိတ်ဒဏ်ရာတွေရဲ့ ကြိုးကိုင်,Actardbep=si.CHe
တေနှင့် ခေတ်မြန်မာမဂ္ဂဇင်း,ယေနှစ nfBdfmpet
၃၅၃ ဖြစ်သည်။ ၂၀၁၄ သန်းခေါင်စာရင်းအရ တောင်နီကျေးရွာအုပ်စုတွင် ကျား ၁၁၀,""" """" '""- =ezrt""T-nus-aerafeu.,.."
ပို,ဖို
ပြန်,၌န
မင်းမြတ်,မင်းမြတ်
ရှိသည့် ရှင်း,နagl nf
culturesorracesintheirfictionaluniverses.Namesortitlesof,"""P""-""""TThinauneenertrmrcsucr.,armoecas"
လီနိုင်ငံသို့လည်း ပျံနှံ့,၏.8နုင်ငသိ့လည်း (iနံ
လှယ်အဖွဲ့ လန်ဒန်,vcsk ftf
သစ်လေ,သစလ
င့်,t
တစ်လုံးနှင့် ထိုင်နေ၏။ ဦးလေးသည်,တစိလုံးနှစ် ကို်tn။ ဦးလေးသည်
လာသည် ဆိုတဲ့ ဇာတ်လမ်းကို ပြောမှာပါ,coသzael Pfr0 mrfel-s ugwpdl
၍ ခုတင်ဘက်ကိုမခေါ်၊ ဆိုဖာရှိရာ,"y ,ctrnfHiPrP"" eeben"
ကြ,က
လူသားဖွံ့ဖြိုးမှု ညွှန်းကိန်း (ထိုင်း)ကိုအသုံးပြု၍လူ့ဖွံ့ဖြိုးတိုးတက်မှုဆိုင်ရာတိုး,"TTi01T1RITi ieuntrsBdhwag,a.-apeses"
။,။
ထူးခြားလှပေသည်,migxy=.-ဏိ
ကြာမီပင် ညိုမှိုင်း၏ ပီသပြတ်သားသောအသံ ပေါ်လာ၏။ ၃,"gpeaeefnitugin=-""""-T-Th-e"
၊ meropenem,၊ merorenm
ထောင်သူလည်း,eောfhးyraf
လောက်ဖြစ်သည်။ သို့ရာတွင် အလွန်ကြီးမားသော နှုတ်ခမ်း,လောက်ဖြ်-ာတ်- ဖိ့ရာတွ် အလွန်ကြီကmTt== နုတ်ခ်။
ညီ,ညီ
၊ မ ၁,၊ မ ၁
ပြီ,ဂိ
သည် တိုက်ကွင်းထဲ ဝင်ရောက်၍ ပါ,"copd Ptmeht ofsp,uagy,a"
တရှိန်ထိုးအောင်မြင်မှု နောက်ကွယ်မှာ အရေးပါတဲ့ တစ်ခုသော အင်အားတစ်ခုဟာ ပုန်းလျှိုးကွယ်,"' "" "" . . . ..."
စံဖြိုး,နနှုံး
အယူအဆကို ငြင်းပယ်ရလိမ့် မည်ဟု ထင်စရာရှိ၏။ သို့ရာတွင် ကိုပါနီကတ်၏ နိယာ,"Tးက""T""Tihi cen hit aeraeas-aa4.."
မိမလား မသိဘူး၊ အန်တီ မီ,ခမလား မးငီးး၊ အန်တီ ခိ
။ အခန်းလေး နှစ်ခန်းက တော့ သ,။ အခန်tmrt Pnmfက ေး)
တော့,cx၊
ကာ ထောက်ကာဖြ,ကာ ထောက်ကာဖြ
လွင့်,လွင်
မှာ ပိုမာကြောရ,yှ-BမeS
ယတ္တိသာသနာ့ဗိမာန်ကြီးတို့၊ သကျသီဟ၊ အိမ်တော်ရာ၊ မဟာမုနိနဲ့ သာသနာ့တက္ကသိုလ်တို့ ရွှေနန်းတော်ကျောင်းတို့လို အ,"<R""-77""7TSTS =mwH TThmn rwse =rmsesv upsauckrusueg ယ"
မအေးပေး,မaေးပေး
က,က
လွတ်တစ်ရွက်,"cemfe"""
ခင်ဗျားမှာ ထိုးဆေး ဘယ်လောက်ရှိလို့လဲ ချို့ရွှင်ချောင်းသည် မည်သို့မျှ မရှောင်တိမ်းနိုင်တော့ ။ လက်ဝါး,"<fhe""-: "" T-T lieconeri""lheftswpe.svguadfi =sstu,p,c cdu"
၁၆၁၄ ခုနှစ် အိုဆာကာမြို့ သိမ်းပိုက်ရေး အတွက် ကန,"Leced Pierns, ae""n: T571"
မှ,မှ
လိုက်၏။ စုသည် ကြီးကြီးမေရင်ခွင်,cုctak srတ် (fhetheafee
င့် တွေ့ဆုံ၍ အ,"t eေ့Rt၏ """""
မန်စက်,မန်စက်
သည်။ အတွေ့လေးရယ်မှ အိုအကြုံ (၁၉၉,ced TT:erTnudi stae္y ape
ဘော်,ဘော်
ကုတ်မှာ ၂၁၉၈၆၂ ဖြစ်သည်။ ၂၀၁၄ သန်းခေါင်စာရင်းအရ မိုင်းဟွမ်ကျေးရွာအုပ်စုတွင် ကျား ၁၈၂၀ ဦး၊ မ ၁၇၅၇ ဦး၊ လူဦးရေ စုစုပေါင်း,"' '"" ' ' """"  - ""-"":.ve=m-mrmv. .=-:-avr.v=-.."
၂၁၁၅၀,၂o-p
၀,၀
လေ,လေ
ခုရှိရိုခရိုင်၊ ခုရှိရိုတိုင်း၊ ခု,wgeti etft
ပြုအောင် ဆွဲဆောင်ခဲ့သည်ဟု ထင်၏။,"ဣွpmcs.ermrtzaebid niP"""
ချက်ပြ,ချက်ပ့္
အမြင်ကို လိုက်နာသူများသည်,agerdi PTitrsapraed
စင်ပေါ်မှ ကျလာလျှင်တော့ အရိုးတခြား အသားတခြားဖြစ်ရန်သာ ရှိတော့သည်။ {{Db-test-notice-NPF}} အဘိုးကြီးက မိန်းမကြီးနှစ်ယောက်ကို ခပ်ကြမ်းကြမ်း တွန်းပစ်လိုက်ပြီး သူတို့နှစ်ယောက်ကို,"... . .. . -"". .."
မှာ ၁၈၃၀၆၈ ဖြစ်သည်။ ၂၀၁၄ သန်းခေါင်စာရင်းအရ ဂုံမင်းကွင်းကျေးရွာအုပ်စုတွင် ကျား ၉၁၂ ဦး၊ မ ၁၀၈,""" '"" ""'. 1""T""osapsuroear -,-,.n..."
ကျရောက်နိုင်အောင် လည်းကောင်း၊ ပျောက်ကင်း ချမ်းသာစေရန်လည်းကောင်း အသုံးပြု၏။ အဆိုးဆုံးကကိုတိုးကြီးဖြစ်,"-.-: ""  ' Tri-:-o :-or""T"" :-rcsecaei:-i -rsije sau-ingige"
ဗွီက ထုတ်လွှင့်တဲ့ ဓာတ်လှိုင်း တစ်ခုဟာ တစ်စက္ကန့်ကို,"၊- uewin -ses stir ""TT"""
ဒီမိုကရက်တစ် သမ္မတနိုင်ငံ နှင့် မြောက်ရိုဒီးဇီးယားနိုင်ငံ (ဇမ်ဗီယာနိုင်ငံ),"'  ' ""Tv or -.-ersun-.er."
ချုပ်ကြီး သူရ ဦးတင်,ချင်ကြီး ၁၉၈) ပီး ဘကင်
ခါ,ခ
"ဖြစ်သည်။ ""အခမ်းအနားမှာတုန်းက လူတွေက","Deacei' ' T-""Teupa4.-- -pae"
မေရိကားက မက်ဆာချူးဆက် စက်မှုသိပ္ပံကို ဆက်တက်,eမfm-T 7hmpaegpsnt စက်မှားီမဲိကို trr
တွင်,ဆွံ
မြင်းစ,ခြင်းစ
လွှတ်တော်မှ ဖွဲ့စည်းပေးထားသည်,လွှာ၏ါတော်းn inogyseuထားသင့်
ကားဘေးက,ကားဘေးက
ရွာအုပ်စုတွင် ကျား ၅၉၈၈ ဦး၊ မ ၅၆၅,Lrsesof -r- oriR i = t
သို့ ပြန်ရောက်သော် ရိုမန်တစ် ဟာသ Finding Mr. Destiny ၌ ပွဲဦးထွက်လာရာ ကိုရီးယား၌ ရုံပေါ်မှမဆင်းသော ကား ဖြစ်ခဲ့သည်။ နတ်ဆိုတာ မဂဓဘာသာမှ နာထသဒ္ဒါကို အ,""" "" ' "" 'IT""  '"" "" -mmn1 P7:-v ae.as rf1.. .. esen ssw.... .-."
ရင်မ အားပြန်၍ လက်,atu mruBfd--t
နှောက် အသစ်,နောက် stf
သဘောထားကို သပိတ်ကော်မတီကို အကြောင်းကြားချင်လို့ပါ။ ကိုရင်က သပိတ်ကော်မတီဝင်ဆို၊ လုပ်ခ,"--""TT """" ""TH-Hhwrnie TPST-hrayspui dbsi aes-uss၊ ole"
ကာ၊,ကာ၊
န့်,န့်
စုပေါင်း ဒေါ်လာ,စုပေါင်း ဒေါ်ကာ
သူ,သူ
၀ဖြစ်စဉ်,၀ဖြစ်စဉ်
မြို့နယ်၊ ထင်ပါကျိုင်းကျေးရွာ,ဖြိံ့နှယ်၊ ထင်းဂါကိင်းကျေ့းရွာ
တူတူရယ် ဘယ်တော့မှ,တူတူရယ် ဘက်းကာမ
ခဲ့ပြီး ဆက်လက်ချီတက်ကြ၏။ ဤသို့အားဖြင့် အီဂျစ်စစ်ကြောင်းမှာ အ,နမ္ L=mဲerthesermeroa gpasrdRl Taotespethe T
"နေ့မသင့်။""","နေ့မသ်း"""
ရပြီး တညင် ကျောက်,nB- eef =rmprt
၊ ဘုန်းကြီး .... ကျွန်တော် သဘောလဲ ခင်ဗျား သိရောပေါ့၊ အခု ကျွန်တော် လုပ်တာက,",.eg 4x .ro ritr hisu ""n """" '"""""""
ဖစ်ချင်ရင် အဲ,weaျfbef =t
ဏခဏ မေးသည်။ ကျောင်းဆင်းသောအခါ ကျော်စွာတို့သည် ပူနှိပ်တို့အိမ် ဘက်သို့ သွားရလေသည်။ ကယားလူမျိုးစုဒီမိုကရေစီပါတီ နှင့် လူမျိုးပေါင်းစုံဒီမိုကရေစီ,"... . .. .. . .v "" "" ' ' ' ' '"
လက်,လက်
အယ်လ်ဂျီးရီးယန်း,mudedrRfP
စွမ်းတွေကို စက်ပစ္စည်းကိရိယာတွေက မြှ,"sfhxre"" :T-ssirdpurpx g"
ညနေခင်း၌ အိမ်ဝိုင်းထဲ ဆိုင်,နpwetnခ် HfTRiTff
ခုမြောက်အဆင့်တွင် ပါဝင်သည် တို,"enePP7Ta""Rlusagpuု"
သည်။,သည်း
ဇစ်,ဇစ
ဘာလုပ်,ဘာလုပ်
လို လုပ်,လို လုပ်
လဲ,လဲ
ရာကုတ်,တကုတ်
လဲ။ဒေါ်ဒေါ်က အသက်ကြီးပေမယ့် မျက်နှာကတော့ နုနုကလေး ရှိနေသေးလို့မို့ ဝတ်နိုင်ပါတယ် ဒေါ်ဒေါ်ရယ် လုရင်းလိုက်ရင်း စုတ်ပြဲ,cavaေ်ဒေါ်က mဘက်ကြီးပေမယ့် မျက်စာကဏက၁ စုနုကလေ၊ နို့နေသေးဂီစိ ဂက်နိုင်ပါတယဲ ခေါ်ဒေါ်ရာဂ် ninင်းလိက်ရခ်: နတ်ပြ
ခရိုင်,aုt
ပုန်း,ပုန်း
မကြွားမိအောင် ဂရုစိုက်သော် လည်း စာအုပ်အကြောင်းနှင့် ပတ်သက်ပြီး စကားပြော ရလျှင် မျက်လုံးအရောင် မတောက်ဘဲ၊ အသံထက်မြက် မလာဘဲ မနေ,... ... . ... . . .
လည်း သူ,လည်း သ့
ဟားရယ်၏။ 32. Lords of the Sunset. ဒါပေမယ့် ကျွန်တော်ဘာမှမပြောမိ...။ ဒီအတိုင်းလေးပဲ အသက်ကိုထိန်းရှူရင်း ဖုန်းကိုနားမှာကပ်ထားမိသည်။ သို့သော် အချိန်အ,"..-aws :n..vc.vss Yn-s.e-neccarruit =-sestir.-"" --Thineswr"" ""-""75-"" "" "" T"
မည်,မည့
င့် အောက်ဘုံ,ငံ အောကံဘံ
ပုံမှန် လက်ချာ သင်ခန်းစာများ,)န4:srien tskee
အ,အ
။,။
ပြီးနောက် ကားပြန်၍ ထွက်သွားသောအခါ ကားပေါ်၌ ပါးစပ်တွင် အဝတ်များ စည်းနှောင်ထား,"guar=xe mrDek apyesp,-cur m-mtSi iectof mTT"" 7mthrm"
သူ့မိန်းမဆီကို ပေးလိုက်တဲ့အလုပ်ပါ၊ ကျွန်မ ပို့ပေးရမှာပေါ့ ရင်သွေးငယ်အာဟာရ သန္တေသားမှစ အင်ဒို,".puadrdpeudbhearp,sus rafir eraoewpca ederer:""""Ti zosrr """""
ရောက်,ရောက်
ချက်,ချက်
င့် ထမင်းချက် လင် မယား,"t srte:""-P s."
လက်,လက်
မှတ်ရမိသည်။ ညနေ ၆ နာရီတွင် စထရင်းဟိုတယ်လ်မှာ ညစာ စားပွဲရှိသည်။ ဂျူးလူမျိုးတို့အတွက်ကား ကြားနေမည်ဟု,"..ve.cvw..n= . -="" "" ""T-"" '' '"
သို့မတင်ပဲ ကုလားဖြူရပ် ကွက်ရှိ ကုန်လှောင်ရုံ၌သာ ထားသည်။ သင်းတို့ ခဲယမ်းလက်နက်သင်္ဘောကို ယခင်က ရန်ကုန်ဆိပ်ကမ်း,သို့မတင်ပဲ ကကားဖြူ့ရပ် ကွက်ရှိ ကု့စ်း၈ကော်စုံခ၌့သာ ထားသည်။ သင်းတို. ခဲယမ်းလက်နက်သင်္ဒဘကောကို ယခင်က ရန်ကုန်ဆိပ်ကမ်း
သည်,သည့်
ပါကညော ထန်းရည်တစ်ခွက် ကိုထည့်ပြီး ခပ်မြန်မြန်ဂလုချလိုက်တယ်။ ဟုတ်တယ်လေ။ ဒီလောက်တောင် ဆေးဖက်ဝင်နေမှတော့ ဘာမဂလုစရာရှိ,"""mn""""T TrSreSmeBd TrReTSmenedci rTSTHrmu ac--scri rnwsuc,r-.<-ascrsg"
သည့်အချက်ကို နားလည်သဘောပေါက် လက်ခံရန် လိုအပ်ခြင်း ဖြစ်သည်။ ကျွန်တော် ဆတ်,"' ""' ' "" "". .-""' TvKcevevcwr.v.."
ရွာတွင်,ရွာကွင်
ခဲ့သော,ခဲ့သော
ခြင်း,၉င်း
ခြေအနေပေါ်၌လည်း တည်၏။ ဇေ,"ခြေmeF""""S=ယာ်း တည်မေ၊ ဒေ"
နှက်နေ,နက်နေ
ခိုလှေများအကြောင်းကို ကြားဖူးသည် သည်စက်လှေများ,ရrampaTPPiteispcsdnET-T
သက်ရှစ်ဆယ်လောက်ရှိတဲ့ ဘကြီးမိုးတောင် တောင်ပေါ်မှာ ရှိနေတာပဲ ချောင်းမမွေတော်စေတီတော် ဘုန်းကြီးက ဒကာမကြီးကို ဘာတောင်းဖို့ အကြံပေးခဲ့လဲ။ ဟို အဲ ဒေသကို,"... .... ..- """
သို့ ဆိုက်ရောက်လာ၍ ဆေးဆိုင်,"နူ ainter:""T-znk pareုf"
ည့် ကိစ္စရပ်မှန်သမျှကို သိနိုင်ဆုံးသော အခြေအနေ,"c ""inT7:"" 1aru..- sirs."
ပုံ ရ၏။ ထို,iု ရ၏၊ ကီ
လိုက်,ဆု။
နား,နး၊
ကိုဒေါင်းစိန်,-iasiiff
။ ၂၀၁,၊ ၂ှာ
နားစိတ်တစ်ခုတည်းနှင့် ခွင့်ပြုရတော့မှာတဲ့လား။ ဇနီးတစ်ယောက် ချစ်ရာရောက်အောင် ခုထိတော့ မပျက်သေးပါဘူး၊ ရော်ဘင်က သူသွားကြည့်တဲ့ လမ်းကို ကျွန်တော့်,"...... .... ... . . "" "" . """" "" "" '"
ကြီးကျယ်စွာဆောက်လုပ်လှူဒါန်းခဲ့လေသည်။ ပေါဠ,"g၄-spde==rihnhysiar:ar"" ""T"
သည် ဇုနတ်မင်းကြီးနှင့် တူသော်လည်း ပို၍ ဣန္ဒြေကြီးပြီး,..gaceridtws -rsarod B71069
၊,၊
မြန်မာနိုင်ငံနဲ့ပတ်သက်လို့ ဆောင်ရွက်စရာ,"gc4sae-"">--i-mie""T"
ကို အဖေမပေါ်တဲ့အဖြစ်,"ကို့ အeေmnး""ကဲအဖြစ်"
နလုပ်ငန်း၏ အဆင့်တစ်ဆင့်အောင် မြင်သည်ဆိုသော သတင်းပင်ဖြစ်ပါသည်။ ယခင်က သစ်ပင်တို့၌,"..icws s-usau-uersedrbr- sror-d0""T -T"" """""
"ခဲ့လို့လဲ၊ ဘာဖြစ်လို့ ဒီလိုဖြစ်ရတာလဲ။ ဘာဖြစ်လို့လဲInjangyangMMR001003022HkanDaukYangခန်ဒေါက်ယန် ""မအေဘေး ခုကျတော့ စတိုင်တယ်","' ' "" ""' "" .. . . . . ....."
င့်လှုပ်ရတော့သည်။ နေစမ်းပါဦး,"င့းလှု့ရ့က-ာ"" tpedlB"
ခုတစ်,ခုတစ်
နေထိုင်,နေဆုံ်ံ
သွားသည့်ကုန်တွေ အရှုံးပေါ်သွား၍ ဟုဆိုကာ လျှော့ပေးတာတွေရှိသည်။ ကိုယ်လူကြုံပါးလိုက်သည့်ငွေကို နည်းနည်း,"....-.m.-. -...+"" "" ""I"""""" "" """
သို့ဖြစ်၍ ဝါဖတ်ရင်း ယခုပြောသော မ,Lpgak irmfhot omethezn
ကား အောက်မြို့ကျေးရွာသို့သွားတော့မည်။ ယခုအခါ,"""- -mThifTsuruep-cczuadi cesua"
ပေ,ပေ
ကျဉ်းကျဉ်းလေးပါ၊ မေးဖန်များစကား,"mb-nင်""T7T swvosupar="
"ပစ်လိုက်လို့ ကားကြီး ရပ်သွားပြီ"" စိန်ပွဲစား","""iIi1 ""TB"" vseg- sic-"
နောက်ဆုံးတွင် ကြယ်ပုနက် (black dwarf) အဖြစ် မှေးမှိန်သွားမည်ဖြစ်သည်။ နေနှင့် အနီးဆုံးကြယ်မှာ ပရိုဆီ,"...<.rn..n.-=-u sv:-i""-T""-n - ""-""'' '"""
မူလျှင် အရိပ်သည် ထိုအရိပ်ရှင်၏ နောက်သို့ အစဉ်,"ဟy-မနb oefroed eBfုmebpfde er ""T: TC"
မျက်နှာဖုံးကို မေ့ဆေး,"wiit ""7T5"
သာယာကုန်း - ပဲခူးခရိုင်၊ ကျောက်တံခါးမြို့နယ်၊ ကြာအင်းကုန်းကျေးရွာအုပ်စု၊ ပီကုတ်(220102)ChampionofKandawgyiDota,"..."" 'T"" TartirndrT r5T-rPhimeswerarhe Tunarerursrersrenxrcucpec,"
ကြည်သည် ဖေဖေ့ရှေ့,"ညarf်:""TPTa"
သိမ်းကာ မှော်ဘီ စိုက်ပျိုးရေးစခန်းကို ဌာနချုပ်ဖွင့်၍ သူတို့အား ခုခံရခြင်းပင် ဖြစ်သည်,"....vwose.-.wnar=TiniP-n: ""  "" """
တယ်,တယ်
ယမကာကို စောင့်နေကြတယ်။ စားပွဲထိုးမလေးက တော့ အသက်ရှစ်ဆယ့်လေးနှစ်ပဲ ရှိသေးတဲ့ လှ,"....irdireiysccapeor- -m v-mgea-eP7-"" 5BTT-"
မြေစေးတွင် အညစ်အ,"wgermf mf"""
ကချင်နှင့် ကရင်အမျိုးသား များလည်း သိပ်မတွေ့ရတော့။ အောက်ပိုင်းမှ ကုန်သည်များကိုကား လုံးဝပင်မမြင်ရတော့ ချေ။,"' "" ' ' ""  "" "" "" . . . - "" ""-srv.w..."
၈) ကြင်နာသူနှစ်ဦး ဆုံနိုင်ရင် (၁၉၉၇) ဟား ကောင်းပါတယ်။ အများကြီးကို ကောင်း,",uygpbersedBx pုsbis cepeo rn mnhoioudx areာES"""" T-"
နှစ်၊ ပြီ,နခ၊ ဂိ
စခန်း၌ အမြောက်သံ တစ်ချက် ပေါ်လာသည်။,စေ်ခံ mBmf= ကံyp၊ atxသe်၊
ရိုးမီးများ ဝါးမျိုလို့ မြတောင် ရွှေကျောင်းတော်ကြီးတို့လိုအဆောက်အဦးကြီးတွေ ကြည့်စရာမရှိတော့တဲ့အချိန်မှာ ရှားပါးနေပြီဖြစ်တဲ့ မဟာမုနိအရှေ့မုခ်ကျွန်းသားပြာသာဒ်,"yeac: uiacese... yorsrntioes..-atd-arshecse=:""7Tnriuad5"" ' ' ""Tsrtse""'"
ကား,ကား
လောက် ကတော့ ဝက်ဝံတစ်ကောင်က အသာလေးလှဲချပစ်နိုင်တယ်လို့လည်း ပြောပြခဲ့ပါတယ်။ ဒါပေမဲ့ သူကတော့ တစ်လက်,"........ . . .wsေ.""."" ""n. . "" "" ' '  """
လေး,လေး
ကို တိတ်ဆိတ်စွာ စားနေလေသည်။ ချစ်ရေးချစ်ရာ ၁၉၉၉ ၂၀၀ ကျပ် သူက မဖြေဘဲ,"Lusaue ...ier-rfit mor -""hr: """""
မခွဲ,မခွဲ့
လာ,လာ
ရာ ကျွန်မတို့အပေါ်မှာ ကျေးဇူးတွေ အရမ်း များနေပြီ,"T T""""T-mweca mvwrag"
ကို တစ်နေ့လုံး လိုက်ပြီး,"c တစ်စောb- ""fကBီ"
မောက်များနှင့် ပုံစံမတူ,"မောကwျးTR"" TTTmp"
ကော့,ကေ့
သဘင်သို့ ဆောင်ယူ တော်မူသွားပါလျှင် အောင်မြင်,".-cticrf:w-stieroliu""T"""""
ဒါပေမဲ့,ခါပေမဲ့
က ရှည်ကော့ပြီး မျက်ဝန်း,".-.ebemာf"" o""fhof်၊"
၇ - ရွှေကော,) - မsးက
တစ်ယောက်လောက်သာ အောက်,.4..;တrဏ်လောက်သာ ော=
ဝတ်,ခတံ
ပီကင်းဂိ'ခွေးမျိုးနှင့်တကွ ငှက်ပစ်ထွက်ရာတွင် လိုက်လေ့ ထိုင်လေ မိန်းကလေး ဒီဇယ်အင်ဂျင်အ,"L.-we.r...-""""- . . -"" """
နှာရည်ညွှန်း,"နှားလည်sမ်"""
ကားရိုက်ရန်အတွက် လားရှိူးသို့ ပြန်,".-csနrdeimrsr""t rsejyrs of"
ငံတော်,ငဆေ်
နိုး,နု၊
ကျော် လေးမျက်နှာဂူ ဘုရား ရက်နေ့တွင် နိုင်ဂျီးရီးယားနိုင်ငံ ကက်,"crgprecserTero pv spmesero"" Pf1B""-Phr rက"
ဝသော အရိပ်အမြွက်များ,"oesm T""mdrmbwp"
သဖြင့် စိတ်ပျက်စွာဖြင့် မာရ်နတ်ထွက်ခွါသွားရပုံကို ဟောတော်မူသည့်သုတ်။ အဘွားရော ... ဆေးရုံလိုက်သွားလား ရှေးခေတ်တရုတ်,"me P10T ""TeR9 ThertrsHSTrit ecacderdirZs ecorc..csomredtar:..Vyွucacsys"
ည့် သူတောင်းစားတွေ ပြန်ပေါ်လာကြသည်။ သူငယ်ကလေးများသည် နှင်းပန်းစိမ်းစိမ်းများကို ရောင်း,"၂--a--aswu-eiedr nr'-.-madt""""""TT""-"""
ပြီး ဂတ်စတာပိုအ,g၊ ဂတ်စတာပမိုအ
၍,ရိုံ
ရတနာပြဇာတ်ကို စီစဉ်တင်ဆက်ခဲ့၍ မြတ်မွန်ရတနာ ပြဇာတ်စာအုပ်ကို စာပေဗိမာန်မှ ဖြန့်ချိထုတ်ဝေခဲ့,ရေတနာပြဏာဏီကိ စီစဉ်တင်ဆက်ခဲ့၍ မြက်။်()ကနာ ပြဇာတ်စာအုပ်ကို Rmm-.ဗီမာန်မှ ဖြန့်ချံထုတ်ဝေစဲ
ရာတွင် လိမ့်၍ကျလေပြီဟု ခန့်မှန်းသိရှိရသော်လည်း ထွက်ပြီးဆင်းမသွားဝံ့၊ ဆင်းသွားခါမှ ဖွပ်သည်ထက် ညစ်,"' ' ""' ' '"" ""-  "" =-n. . ..."
ထောင် မြန်မာနိုင်ငံအသင်းသည် ၁၉၆၀ နွေရာသီ အိုလံပစ်ပြိုင်ပွဲသို့ ဝင်ရောက်ယှဉ်ပြိုင်ခဲ့သည်,"... e-slr.-v .er -r "" I-dio ""T ' ""T"""
ဝ ပေးခဲ့သည်,၀ ပေးခံသးလးံ
ခုအချိန်ထိ စီစဉ်,"sasif ""tf"
လုပ်ရှင်၊ အ,"rteg္f """
အင်ဂျင်,အင်ဂျင်
မင်းတပ်မှာ ကနောင်မင်းသား၏ ငယ်နာ,cstcrင်eမာ meာfbe်crzsi cutern
ကျဖို့များတယ်ဗျ...ခွေးမသားပုလိပ်တွေက လိုင်းကြေးယူတုန်းကယူထားပြီး အမှုလို,"Lipacsidn src-,aier= Ihudirup4-:e:"":B"" TrB"
အလွန်,။လွန်
ဥ,ဥ
။ ကိုယ်ရပိုင်တဲ့ အခွင့်အရေး,၊ mုilnffBD mBas
သို့ တက်,သို့ တက်
ကြည့်,သည့်
ရတယ်။ နောက်တော့ နုရီအဖေက သတင်းသဲ့သဲ့ ကြားတာနဲ့ နုရီကို အမြဲလာကြိုတော့,""""" "" '"" '"". . "" "" =.veaerame.."
ထောက်အ,လောာံအ
တို့အိမ်နဲ့ ဖေဖေတို့ အဖေ အမေအိမ်က ကံသိပ်ကောင်း သွားခဲ့တယ်။ ကျွန်မတို့,"""P -"" - eset- -TPi-o s-v.v -e.v"
နှစ်,နှစ်
ပုဒ်မ,ပ်မ
ဟူ၍ သီးခြားမရှိခဲ့ဘဲ၊ ရောမနိုင်ငံတော်,ဟူ သီuSြ SSီSီ- epeနုဉ်ငတော်
တော် ပါတဲ့ ရွှေရှူဆေးဘူးချီးမြှင့်ခံရတဲ့ကိစ္စဟာ အမှုတော်ထမ် ကောင်းတဲ့အတွက် ဘွဲ့ထူးဂုဏ်ထူးချီးမြှင့်ခံရ,"Lေ. dlတဲ zagprmtrpageygpeaprဏfe=z=rToeာose e-mာFdnTmrက် nဲ့သူpo၉ezagflsaCT"""
ပန်း,<i
ကြီးအ,ဩအ
စုမှမော်လမြိုင်အ,pနမော်လဖို်း
၀ ဦး၊ လူ,၀ ဦး၊ လူ
စွာ ကျင်းပတယ်လို့ဆိုပါတယ်။ စတုဒီသာအကျွေးအမွေးများနှင့် အလွန်စည်ကားသောဘုရားပွဲတော် ဟုလည်း စော်ဘွားတောင်ခြေ ရှမ်း,' ' . . . . . ...
ထောင်စု၏ အခြားထင်ရှားသော တက္ကသိုလ်များမှာ ယေးတက္ကသိုလ်(၁၇ဝ၁ ခုနှစ်)၊ ပရင့်စတန်တက္ကသိုလ် (၁၇၄၆ ခုနှစ်)၊ ဝါရှင်တန်၌လည်း တက္ကသိုလ်(၁၇၄၉)၊,"ယောင်စု၏ TSm=လင်ရွားသော တကထpoဋိုက်Tျhrn ယေးတက္ဘသိ့လ်itoT-Tn t4်) ပရန့်တောန်တmr""ဍီကဣ mnp28 ခုနှစ) ခါရင်တာစ်ကာက်း တက္ွယ်ုaS်opgေ၊"
၈ ဦး၊ မ ၁၀၀၁ ဦး၊ လူဦးရေစုစုပေါင်း ၂၀၇၉ ဦး နေထိုင်သည်။ သည်ကြားထဲက မွန်မွန့်အသွင်၌ ချုပ်တည်း,"' ' ' "".. . ' -+'. .m.-=.v."
ရမည်,ရမည်
ဆိုချက် တွေမှာ ကျွန်တော် မမှတ်မိတော့ဘူး ဆိုတဲ့ ဇ အသက်ရှူကျပ်လိုက်တာ အေ ၊ ငါ့သမီးလေး သနားပါတယ် အပဒါ,"""""' "" "" . . . ""- - .v. . .. .."
င့်သည် ။ ၎င်းသူမတို့ကို ဟေဂျားဘ်ခြုံမှုမခြုံမှုတွင် လွပ်လပ်စွာရွေးချယ်ပိုင်ခွင့်ပေးသင့်သည်ဟုဖြစ်သည်။ ထို့အတွက်ကြောင့် ထို,"""""' ''"". TiiPT""Tk-vscsawr.oiespce scpass"
မြက်လိုသူ,မြက်လို့သွဲ့
ရာကုတ်မှာ ၁၆,ရာကုတံမာ းစ
ဆက်သွယ်နိုင်ခဲ့လေသည်။ မော့သည် ပန်းချီပညာသင်ကြားရန် အမေရိကန် အစိုးရက စေလွှတ်ပြီးလျှင် ပညာတတ်မြောက်လာသည့်အခါ အထက်တန်းကျ,"L.cu,astac..q.cui .s ersaoesras sriP1 Thn unidra"" -Tr"":-hi""-"""" ' ' '""T"
ကြ,ကြ
သော အကြောင်းအရာများမှာ သာမန်လူတစ်ယောက်အနေဖြင့် လွယ်လွယ်နှင့် မသိရှိနိုင်သော သူမ၏ အတွင်းရေးများသာ ဖြစ်သည်။ တစ်ဦးတစ်ယောက်က သူမအား ချောင်းမြောင်း,"' ' "" "" "" V "" "" ၀r. -..= .e..."
အ,အ
သွေး,သွေး
ပါတယ်။ ဒါ,ပတယ်၊ ဒါ
ကလေးများ အိမ်မှာ,ကလေးမား' ဘိမ်မှာ
Wardအမှတ် (၁၄) ရပ်ကွက် အခုဆို ကစ်ကစ်,Wardsgyက် (n၁) ရပ်ကွကဲ အခုဆိ့ ကစ်္ကစ်
တို့ကို ဖလမ်းချင်းဘာသာစကား၏ ဒေသိယစကားအဖြစ် စာရင်းပြုထားသည်။ စကားအ,""" 01'"""" . ....ercmveraue."
ပီး နောက်တစ်ခုကတော့ ကိုးရိုးကားရားမဖြစ်အောင် အာရုံမ,"P ser:PT7Tn""T-z riye-cenuDftsrt ucs."
အပိုင်းတွေကို အခု,"aoငxers"" Tt"
ဆေးလိပ်,မေးလိပ်
ဆုံ,ခု
ဒါပေမယ့် ကျုပ်တို့က မလုပ်ပါဘူး။ ဟန်ဆန်းဂိုဏ်းချုပ် လုပ်လိုက်ရင် ခင်ဗျားနဲ့ အဆင့်တူသွားမှာပေါ့။ ဒီလောက် သိက္ခာကျမယ့် အလုပ်,"P-?""TT7 -vior-1TIthws yesetit fhos ccsimeroRs..a ,ep-eca s,"
ဝ,ဝ
လုံး လျော့ကာသွား၏။ ချိုသဲကြည် ဧကကို ငေးနေမိသည်။ အို ခင်ခင်လေးရယ်၊ သရဲများ ချောက်သလားကွယ်။ ခင်ခင်လေး ဘာဖြစ်,".....v.-. ..= . """
သခင်က ဝေါယာဉ်ပေါ်သို့ တက်ရန်ပြင်လိုက်၏။ ကျမ်းပြုကြသူများ,Lwarcs erlrpdsPt4 c-saginftT1 TthBTSwwr:
ခုနှစ် ဩဂုတ်လ ၃,satTtt
ရီ စိတ်ကို ဖတ်ကြည့်ပြီး မင်း ဒီလိုလုပ်တာကို သိသွားရင်.. မည်သို့ပင်ဖြစ်စေမြေ,"1 titT ""Tr2D ut Rduairsart :Phrsar. ayeas,ugeeB"
ဘုတ်လေး,crieres'
ကျယ် သွားကြသည်။ဒေါက်တာ အယ်လ,"r"" mE်S-Teredi-sas."
ရီဂျီအိုဗန္ဒီသည် အုတ်,"အူဓုhန-တ်""Hf"
ဝန်ကြီးဘဝ ခြောက်နှစ်,cန်ctဘn nB=hနe
ကြီးဆုံး လုပ်ငန်း,"ga၊ etf""Tf"""
။ နန်းတော်ရှေ့ ဆရာတင် သားကလေးများနည်းတူ ကျွဲကျောင်းခိုင်း၏။ မော်ဂလီမှာ,".... .="" = "" ""  ' ' '"
ရှင်း,nf၊
ရား,လူး
ဂန္ဒီကို ဘာမှပြန်မပြော,ဂန္ကို ဘuvyDfsပြ
မေးခွန်းတွေကိုလည်း မုန်းတယ်။ ၀င်းလှသည် ဖြူဖတ်ဖြူရော်ဖြစ်နေသော ခိုင့်,"မေးရွန်းကေ့ကိုကလညီး မုန်းတယီိမ လင်းလာဝည်"" ဖြောတ်ဖြစ္ရာ်ဖြစ်နေသော ရိပ်"
များ,w၊
ဘ,ဘ
သားများ၏,သားများ၏ီ
မွှေး,မွေ့
။ လူဦးရေသိပ်သည်းဆသည် တစ်စတုရန်းကီလိုမီတာလျှင် ၁၄၃ ဦး ရှိသည်။ စုစုပေါင်း,"...ur..ir.-= ""- - ' '"
။ အကြောင်း,။ အင်ကတာင်၊
ဝင်ရောက်ယှဉ်ပြိုင်,ဝင်ရောက်လင်ပိုင်
ဒစာစောင် ရေးသားပြီးနောက် တနှစ်အကြာတွင် ရေးသား,"--7""""T7-Bcrsa =snP-ot L,.."
၊ဟူံ အစရှိသော စကားလုံးများမှာ တန်ခိုးစွမ်းအား ကိန်းအောင်းနေသော စာလုံးများ ဖြစ်ပြီး မန္တရားများတွင် ထည့်သွင်းအသုံးပြုကြသည်။ မဏိ ဟူသည်မှာ ပတ္တမြားကို ဆို,".... . ... . "" .. "" ' Ter  ' '  '"""
သည်။ ၁၉၅,နည်၊ =P၁
၏,ခ
တူတူစား,တူတူ့စား
ဏေ,ဆေ
အ,အ
နေ,နေ
မှန်,မှန်
ပါတယ်,ပါတယ်
သည်။ ဂျာနယ်လစ်များက,နa mrt0fm-
မြင်နေသူများမှာ,မြှင်နေသူများ(r-
ချယ်ခဲ့သည်။ ကိန်းကဏန်းများဖြစ်,acdapeir ကီစ်းကဏန်းမpးမွှစ
သည် အိမ်ထဲရှိ သမီးနှစ်ယောက်ကို တစ်ချက်,ယည် Reမ်iR3. Tfhaeuszု .eမyက်
ရေးဆုံ,ရေးဆံ့
ရှိခြင်း ဖြစ်သည်။ ကန်၏ အပူ,"lg၊ Stn4"" T4e ay"
ကုသ,ကုသ
တနိုင်ငံ တည်ထောင်,cstx md5-T
၅၆,ရ၆
မူ,မူ
ရွာအုပ်စုတွင် ကျား,"psberd"""""
င,င
တော်ဝန် ကော့ခ်,wmhot =T5
မျက်နှာ,wtp
တောင်ယွန်းယွန်းက စာ,ဘောင်းဖန်=မစ်းက စာ
ယား ရောဂါစွဲကပ်သူ ဦးရေသည် နှစ်ဆ,.ာ၊ ရောကါစံကပ်သူ -းရောည် နှစ်ဆ
ကောင်းဆန်းဂေဟာကြီးမှာ အနားယူပြီး ညစာ စားကြရအောင် လှေမျော လှေနှင့်လိုက်၊ ငွေမျော ငွေနှင့်လိုက် ဆိုသည်မှာ စီးပွားရေးလုပ်ငန်းများတွင် အရှုံး,. .. . .. . .  ' ' '
ဖြစ်,မြစ်
ဓိသမ္ဗောဇ္ဈင် မရှိလျှင်လည်း ငါ၏ သန္တာန်၌ သမာဓိသမ္ဗောဇ္ဈင် မရှိဟု သိ၏၊ မဖြစ်သေးသော သမာဓိသမ္ဗောဇ္ဈင်၏ ဖြစ်ကြောင်းကိုလည်း သိ၏၊ ဖြစ်ပြီးသော သမာဓိ,".... .-v. -.. =-"". - - """" """" ' ' '"
"floor,",foor
ထွက်,ထွက်
သားတစ်ယောက်အနေနဲ့ ပျော်ရွှင်ကြည်နူးနေတာကြည့်ပြီး တကောင်း ပီတိဖြစ်မိတယ်။,"L-esrHmesa,cpsgeSde=rTaelB၊ sr=: ""0ဉf""-rh"
တစ်သက်သက်စွဲလာခဲ့,"Lsstri""-"
သိ,သံ
ခဲ့သူဖြစ်ပြီး ပန်းချီဉာဏ်သစ်လောင်းသင်တန်းများ ဖွ,LgagS shieoezasscrpt-=ffျu: မ
ပဒေ,usa
ရာသည်,pးသည်
နေတာ၊ ရောင်ဘန်ရွာ (အင်္ဂလိပ်: Yawngbang)သည် ရှမ်းပြည်နယ် (မြောက်)၊ ပလောင် ကိုယ်ပိုင်အုပ်ချုပ်ခွင့်,"' ' ' "" ''  ""-mvesenf-srv.Y-uaswuwy,"
ဘရက်က ဆက်ပြောသည်။ ဒီနေ့ကစပြီး,ဘရက်က mhပြpာသည်။ ဒီနေ့ကစပြီ?ဂ
Gyi(TaungKanGyi)ကန်ကြီး (တောင်ကန်ကြီး) ၁၉၆၀တွင် သမ္မတရာထူးအတွက် ယှဉ်ပြိုင်ခဲ့သော်လည်း ဒီမိုကရက်တစ်ပါတီမှ သမ္မ,"..... .+. ..။ .. . .  .""  "" ' ' '"
သိမ်းထား ကြလို့လား,lkmse Srမ်လrs
ဖေ,စေ
အား,အား
င့်,၏့
သည့် ခွေးအများကို ထပ်မံပစ်ခတ်ပြန်၏။ ကျည်ဆံတိုင်းပင် ခွေးအများကို ထိမှန်လေရာ နောက်ဆုံးတွင် ရှင်းလင်းသွားလေသည်။ 'ဪ,"' "" ' ' """""" "" "". . ."".."
ခြင်းလျှင်၊ တန်ဆာဆင်၏၊ နှုတ်မင်္ဂလာ၊ စကားမှာကား၊ အသာ,"V"" ' "" """" rv. .. .."
နှင့်ငါ စင်စစ် ပေါင်းဖော်ခြင်းဖြစ်တန်ရာ၏ ။ လက်ကလေးနှစ်ဖက်ကို ဖြန့်ကာ ဝန်းဝိုင်း,".eusvebe stltheugsgခံတe်tr""-rHrmecesafrTn Br-oefef"
ကွေ့တဲ့။ ကျွန်မဘဝမှာ အချိုးအကွေ့တွေ တော်တော်များပါသည်။ ဘယ်အချိုးအကွေ့က အရေးပါ,"..m mr--acro ""T-Thonie ""5"""""""" -"""
ခါ အောက်ခံ ဝတ်စုံနဲ့ တင်းတင်းစည်းထား,ခါ အောက်စံ ဂက်စံ့နဲ့ တင်းတင်းစည်းထား
၁,၁
ကြည်မှုတစ်ခု,Seကt
လေးမ,မေးမ
ဝတီမင်းသား ရွှေဘိုသို့ထွက်ကာ အင်အားစု၍ ပုန်ကန်သည်။ ပုန်ကန်မှုအောင်မြင်သဖြင့် သာယာဝတီမင်း နန်းတက်သည်။ နန်းမတော်မယ်နု၊ မင်းသား,ဝတီမင်းသား။ အေကိုသို့ထွဏက်္ကလာ အင်အားစ၍ မုန်ကန်သာည်။ ပုန်ကန်မှဒော်ဖြင်သဖြင့် သဘာယာဝတီမင်း စစ်းတက်သည်။ နန်းမတော်းမပ်စ၊ မင်းသား
ဏလေး ငြိမ်,"အလေး ငီ""ဂ"
မောင်မျိုးမြင့်,မောင်မိုးဂ်
သေး,သေး
အမိန့်ရထားကြောင်း၊ အကယ် ၍ မနာခံလျှင် မြင်းများကို လှည်းမှ အတင်းဝင်ရောက်ဖြုတ် ယူရလိမ့်မည်ဖြစ်ကြောင်းဖြင့် လူတစ်ယောက်ကိုစေလွှတ် ၍ အပြောခိုင်းလိုက်,"... . . . .-. . - "" ""   '"
ပါးကိုသော်လည်းကောင်း ဉာဏ်ဖြင့် အစဉ်,"ccrkindr-i unaI ""T"
သေတ္တာကို မရဲတ,aaprt:iT
။https://www.anonymoustunisie.com/WebsiteofAnonymousTNဘယ်သူမှ တိတိ,"ws.. er-rsuruswsirn"" T""TI-hiayraor"" ""The ""5"
နားလည်ကာ ပြီးပြီးပျောက်ပျောက် သဘော,"ccem:BfBerriepd =-T"""
ပနိုင်ငံတွေမှာ ကျန်နေသေးတဲ့,"..icerpe ""ofTezrd"
နေ့လယ်,နေ့လကဲ
၊ သွေး,၊ သေး
နေကြရ,နေဤရ
ဗြိတိသျှတို့,ခတသyးf
လဲ ကလေးအသက် ဘယ်လောက်,၀ဲ တလေးအသက် ဘယံမcယတ
ကြေးရေတတ်တွေရဲ့ အဆောင်အယောင်တွေပေါ့။ တော်တယ် ... အစ်ကိုကြီး တော်တယ် ... ထိုနောက် လက်နှိပ်,",ဣpacတတeေe, sucrsesraurofteresdkv erctrud -TBီSီ- ereot. . ""T""T"" 1T69"
နိုင်သည်။ ကမ်းရိုးတန်းနိုင်ငံများသည် ကမ်းလွန် ပင်လယ်ရေတိမ်ပိုင်းတွင် သယံဇာတပစ္စည်းများ ရှာဖွေ တူးဖော် ရန် အ,"' ' ' ' ' ' ""..wv. ......."
သီး၏ မျက်မှောက်ဘ၀ အတွေ့အကြုံများကို,-fin-ofTnPTho sazperserကု
ထုတ်ဝေ,mtbec
သည်။ ထိုအခါ ငစွယ်ငယ်မှာ အဟုတ်တ,"setr TTP -mesdu,p supdတ"
ဆိုင်ရာပြဿ,ဆိုင်ရာပြက
ပြီ၊ ကောင်းပြီ။ ကျွန်,"gွ, ကော်း""ပီး af"
စစ်,စစ်
ဖြစ် MMR009012022 Yae Hpyu ရေဖြူ ဟု ပြောပြီး ရုံးခန်းထဲခေါ်သွားသည်။ ရာသီဥတုရှိ၍ရေမဝပ်ဘဲ ထုံးကျောက်မြေဆံသည့် ဒေသမျိုး၌ ပိုမိုဖြစ်ထွန်းသည်။ မိုးပါးရေရှားသ,"......wv.. .။=.v. - . . "" "" "" "" '"
ည့်ပြင် အကြောင်း,cgtmt
င့်ဝန်,န့်းနံ
ဓားသိုင်းက တော်တော်ကောင်းတယ်၊ ထင်ပေါကို အဲဒီနည်းနဲ့တိုက်ရင် မရှုံးနိုင်ဘူး၊ အတွင်း,".. ........ ""-"" Tiorn"" "" "" ' '"
"thoseattributeswhichwehaveputonhim.တိုက်တွန်းထားတယ်..ဟုတ်လား နှောင်း"" ခဲ့ပြန်သည်။ သို့သော် စစ်ကြီးပြီး၍ ရုပ်ရှင်များ ရွာလင်းရွာ (အင်္ဂလိပ်: Ywarlin)သည် မကွေးတိုင်းဒေသ",' '   . .- ov. . .. ...
ဏ,ဏ
ဖြစ်,မှစ
လိုလား၊ ဒါဖြင့် အမေရိကန်ပြန်ကြီးဆီရော ဘာလို့ မသွားသလဲ၊ ဟိုက လက်မခံလို့ မဟုတ်လား ဪ.. ဆံပင်ညှပ်သ,"--7- 75"" TTeiweReRm T nu=-ssa ir -hani.caa- ugP- euegp,."
ဝှိုဝ်း ဠှိုဝ်း။ ချော,sav gCir =m
ရတာပေါ့ဆရာ မ,ရတာပေါဆရာ မ
အမှန်,ဆနန်
ခဲ,ခ
ရွာစုကလေး ဖြစ်ပေသည်။ လယ်သမား၊ ဈေးသည်များ,"F=- 95-me <iac= orage,p,"
ဝမ်းလျှောခြင်း ဟုခေါ်သည်။ ကို ကျော်ဖြတ်လာခဲ့၍,ဝန်းလျှောဖြင်း: mhesalါသည်။ (ိံ ကျော်ဖြာက်ဂကမံ၏
လိုက်,tုံt
ယောက်စလုံး မသင်္ကာစရာ တစ်ခုခု တွေ့ လို့ ရန်သူ့နောက်ကို လိုက်သွားကြတာ ဖြစ်ရမယ် တစ်စကို ကာဗွန်တုံးနှင့် ဆက်ထား၍ ကျန်တစ်စ,"' ' ' . - ' "". -""- "" . .vs. . .."
တွေ အများကြီးပါလား၊ ငါ,"တေ အမားfPီ-""ါးလား၊ ါ"
တယ်,တယ်
၊ မသွားဘူးလား၊ ဒါပဲပြော ၆၄-ပါးသော ဣန္ဒြေတရား ဒေါ်ခင်မြသစ်သည် ကိုမြင့်ထူး၏ဝတ်ရုံကြီးကိုသိမ်းကျုံး,""" -wမ -n ""T"" ""7Sr-Be cihesrnHSms earusguebzed Rdepsccpegy,pudlmgy."
နတ်ကို,နတ်ကို
ထို့နောက် အမျိုးသမီးကို နှုတ်မဆက်,stisern5 Tmseကဲ နauars
၀၅ ဖြစ်သည်,၀ ဖြစ်းတ်
။ စာရေးဆရာ မောင်ဝံသ ပဲခူးတိုင်း၊ ဝေါမြို့နယ်၊ မြစ်ကျိုးကျေးရွာတွင် မွေး,၊ rson:T :7Itx aecutba edldetf Benga-pyprpyt es
လာ,လာ
သီးများ တပ်၍ ထားသော,ppx rfd7-m
သူတို့အားလုံး စာအုပ်ထဲသို့ ရောက်ရှိ,wtim-t 7TPTit apasှ
နောင်တဆိုတာ နောင်မှ ရတတ်သကိုး။ ရပ်ရေးရွာရေးကလည်း ဖြစ်ပြန်,Lpe-vermr efis ers-ir trTttTn:-d BfPf
ပါတယ်၊ ကျုပ်ပါ ဟာ,iieut mafl ဟာ
ပြန်လည်ကြီးပွားလာခြင်းကို မရှုဆိတ်ကြချေ။ ကားသေ့တို့၏ ရန်ကိုလည်း ကြောက်ရွံ့ လျက်ပင် ရှိကြသေးသည်။,"""'""""'  FPTi""T5T""r saer-i erv.-..s."
၊ ဆိုင်သာဆိုင် မပိုင်ဘူးဆိုသလို ဖြစ်နေ,"၊ ယိုင်းတာr်E"" Tfeophudhacons gနေ"
ဖုန်းနဲ့ နံပါတ်တစ်ခုကို ခေါ်လိုက်ပါတယ်။ ဆူနီဆာ ကာဝရွန်ဂရောင်း (၂၉ ဇန်နဝါရီ ၁၉၇၂ မွေးဖွားသည်) ထိုင်းနိုင်ငံမှ မာရသွန်ပြိုင်ပွဲဝင်,"' ' ' ' ' "" -"" "" "" ...။ - =..vwv.v."
သည်,သည်
ဆိပ်ဖြစ်သည်။ ၎င်းတို့တွင် စက်ချောဆီ၊ ဂီယာဆီနှင့် အမဲဆီများ,"။R02""TrT TTHop5 ertispueB ""Trotfe sauygy"
၊ ငါက အခု ဒုန်ဝန်းမြို့စား ဖြစ်နေပြီမို့လား၊ ဆယ်မြူ ဆယ်မြူအသာလေး၊ ဟားဟားဟား ကဲလာလာ,""" ""' "" n . . ""."" .. ..."
တယ်။ ပြီးတော့ Keygen ထဲမှာ သွား Paste လုပ်၊ Generate Activation Code ကိုနှိပ်။ ထွက်လာတဲ့ Activation Code ကို,"တယ်။ ပြီးဝဘေ Teopeo ထဲမှာ သွား PVnfit np၄O Ccneearo Actinuti Crilde ကိုနှံ်။ ထွက်လာကဲ ""t:Pnation Codc ကို"
ဝင် စာချုပ်စာတမ်းများ 147 - ၎င်းပြင် ထိုသူတို့သည် (ယင်းကဲ့သို့ ဘေးအတန်,"Lccswerrse-sc sertnrf""t'-Tit-"""""
င့် နည်းပညာ အဖွဲ့အစည်း အသင်းဝင်များ နှင့် ဈေးကွက်အတွင်းမှ အကျိုးတူ,",.eex -ru..urI - ""Th-""P"""
ဖြစ်၏။ ထိုအချိန်တွင် ကျုပ်၏ ခေါင်းထဲ၌ အလင်းရောင် ဖြာလက် သွားလေသည်။ ထို့နောက် ပိတ်သည်းနေသော အမှောက်တိုက်ကြီးသည်,""""" "" "" "" '""-1"" ""1i.ov. . -SR e..vcve...aue"
ဆိုခဲ့သည်။ သမ္မာကျမ်းစာကို အသုံး,eece- -ufesa ay
မ,မ
တယ်၊ ပြီးမှ မြေကမူ မြေပုံတွေဘက်ကို လှည့်တယ်။ ယဉ်ကျေးမှု,"...  =၊ scnr.""-"""" T"
တော့ အမောဆို့ပြီးသေတာ အတိုင်ဘက်က အကောင်ကြီး တစ်ကောင်ထဲရယ် ခင်ဗျ စစ္စတာဒေါ်,"'ကပ ""ကီBီ""-mzo zopedsrn -mHeiei csrodinos evyeg-cr"
ည့်,ုံ
တူ ပေပိုယူသည်။ မခင်သန်းက သဘောကျပြီး ဆရာ သံပရာ,". ceucrse၊ wass-n sonTThd"" Tm Htrm"
ခြေအနေကို လိုက်လို့ ပြောင်းလဲလုပ်ကိုင်ကြရတာ,ခြေအနေကို ဂိုက်ဂိ့ ပြေင်းသလုပ်ကိုင်ကြ။က
၄၆ ခုနှစ်,vsalf
ယူ,ယူ
ဟု ဆု,ဟု ဆု
ချက်ပြ,ချက်ပြ
တယ်,တယ်
လာ,လာ
အ,အ
ရား,ရား
င့်,င့်
မိခေလ၏,မိခေလ၏
ပြီးခဲ့တဲ့ အ,ပြီးခဲ့တဲ့ အ
။,။
ကွဲ,ကွဲ
ထွက်,ထွက်
ချင်း,ချင်း
စိန် တို့,စိန် တို့
ဝ,ဝ
ထောက်ထိုင်ချ လိုက်,ထောက်ထိုင်ဇွ လိက်
မနည်း ပြန်တည့်ယူရ,မနည်း ပြန်တe်းs
ကြည်သည် ဖေဖေ့ရှေ့,ကြည်သည် ဖေမေ့ရှေ
အမြဲရှိတယ်၊ ကင်,အမြဲရှိတယ်၊ ကင်
အမြင်ကို လိုက်နာသူများသည်,အမြင်ကို လိုက်နာသူများသည်
ဧရာ,ဧရာ
တည်,တည်
။ စာရေးဆရာ မောင်ဝံသ ပဲခူးတိုင်း၊ ဝေါမြို့နယ်၊ မြစ်ကျိုးကျေးရွာတွင် မွေး,' TT-mm mငE်ban ခဲစတိင်း၊ ပေါမြု့နယ်၊ မြစ်ကျိေးကျေး့နွာအ့်ခ ဆွ၊
အမျိုးသမီးဘက်သို့ ခေါင်းညွှတ်,"""mဇ်းာက်သိ့ eါစ်လှဒေ"
သူ သို့မဟုတ် ဩဇာတိက္ကမကြီးမားသူများ ပေါ်ထွက်လာပါက အခြားသူများအ,သူ သို့မဟုတ် ဩဇာတိက္ကမကြီးမားသူများ ပေါ်ထွက်လာပါက အခြားသူများအ
သကြားနှင့် ဆန်ကို ပေါပေါ ဝယ်နေရသည့် အိမ်ရှင်မများက ဘုရားသိ,".g.. -si aisiarul Ptf""r"" ""'"
သော အင်္ဂါတို့နှင့် ညီညွတ်သူ ဖြစ်ရ၏။ ကျွန်တော် ရန်ကုန်,F-m =ofrte ညသီာ့ပတ်သူ့ ဖြစ်ရe၏ ဂျနံတော် မန်ကုန်
ပုံမှန် လက်ချာ သင်ခန်းစာများ,16 toက်sp သင်ခန်းစာများ
ခဲ့ပြီး ဆက်လက်ချီတက်ကြ၏။ ဤသို့အားဖြင့် အီဂျစ်စစ်ကြောင်းမှာ အ,"'' """"Tး""HTtiftatsimmr aepsaes,a,..."
ဏ,ဇ
ချက်,ချက်
ယား ရောဂါစွဲကပ်သူ ဦးရေသည် နှစ်ဆ,=r sprlgmdagezညyz
၁၂,၁၂
၏။ ထိုအခါ မိုးရေခံသင်္ကန်းသည် ဆွေးမြေ့သည့်အခါ အဝတ်မဆီးဘဲ ကိုယ်ကို မိုးစွတ်,၏။ ထိုအခါ မိုးရေခံသင်္ကန်းသည် ဆွေးမြှေသည့်အခါ အဝတ်မဆီးဘဲ ကိုယ်ကို မိုးစွတ်
လွတ်တစ်ရွက်,လွတ်တစ်ရွက်
ရင် လုံလောက်ပြီပေါ့,ဇင် ဇခံ့လောက်ပြီပေါ့
မူလျှင် အရိပ်သည် ထိုအရိပ်ရှင်၏ နောက်သို့ အစဉ်,"Ti T""-etntaeete sr-asg ug"
တိထားနော် ကိုင်းကျိုးကျမယ် အခြွေအရံကလဲ ဒါလောက်ပဲ နည်း,"+ဲသားနေ် ကိုင်းကျိုးကျမယ် အခြေအရံကလဲ Slenrm်hD 4တ"""
ဇစ်,စစ်
မောက်များနှင့် ပုံစံမတူ,မောက်များနှင့် ပုံမတူ
တစ်ခုကို ဆိုခဲ့သည်။ ကမ္ဗလဿ တ,"""f်nကို ဏိံစခံသလည်။ ကမ္မလဿ အ"
ပီး နောက်တစ်ခုကတော့ ကိုးရိုးကားရားမဖြစ်အောင် အာရုံမ,"e, apxckcxsp-acp tုtefmxern3f-7"" 7TI5"
ထောင် မြန်မာနိုင်ငံအသင်းသည် ၁၉၆၀ နွေရာသီ အိုလံပစ်ပြိုင်ပွဲသို့ ဝင်ရောက်ယှဉ်ပြိုင်ခဲ့သည်,".c-e gacapscsa-awd speso sernR FBPtntRirf TTH51""""T5"
လောက် ကတော့ ဝက်ဝံတစ်ကောင်က အသာလေးလှဲချပစ်နိုင်တယ်လို့လည်း ပြောပြခဲ့ပါတယ်။ ဒါပေမဲ့ သူကတော့ တစ်လက်,လောက် ကတော့ ဝက်ဝံတစ်ကောင်က အသာလေးလှဲချပစ်နိုင်တယ်လို့လည်း ပြောပြခဲ့ပါတယ်။ ဒါပေမဲ့ သူကတော့ တစ်လက်
ခရိုင်,ခရိုင်
စခန်း၌ အမြောက်သံ တစ်ချက် ပေါ်လာသည်။,၈၈န်းခ၌့ အမြောက်သံ တစ်ချက် ပေါ်လာသည်။
ခ,ခ
ဏလေး ငြိမ်,ဏလေး ငြိမ်
သွေး,သွေး
ထွန်း - ငါတော့ ဒီလိုဟိုးလေးတစ်,ထွန်း - ငါတော့ ဒီလိုဟိုးလေးတစ်
တယ်။ တဲ,တယံ။ တဲ
သည်။,သည်။
မူ,မူ
ပိုက်ပြီး သမီး .... သမီးက,ပိုက်ပြီး သမီး ... သမီးက
နိုင်စွမ်းကို စံပြုထား,နိုင်စွမ်းကို စံပြုထား
ခါ လျှပ်ပေါ်,ခါ လျှပ်ပေါ်
နှက်နေ,နက်နေ
ဗွီက ထုတ်လွှင့်တဲ့ ဓာတ်လှိုင်း တစ်ခုဟာ တစ်စက္ကန့်ကို,BီT TPhsuld enrtgCh moee- sasagpန့y
တိုင်းပဲ ကြည့်,တိုင်းပဲ ကြညွှ
လဲ,လဲ
စုပေါင်း ဒေါ်လာ,စုပေါင်း ဒေါ်လာ
မည်,မည်
ရတဲ့ ဘာသာရပ်မျိုး မဟုတ် ပါဘူး။ လင်္ကာတွေကို မဆန်းစစ်,နp၊ =rarebမl့၊ မဟတံ cါတpin ertna015550
၊ဟူံ အစရှိသော စကားလုံးများမှာ တန်ခိုးစွမ်းအား ကိန်းအောင်းနေသော စာလုံးများ ဖြစ်ပြီး မန္တရားများတွင် ထည့်သွင်းအသုံးပြုကြသည်။ မဏိ ဟူသည်မှာ ပတ္တမြားကို ဆို,""""""" "" ' ""T ""fiB5-7- ""F-:-er=- --im- erdi mermrma awiswt-csigcce .o-pusy, .gg.. ,v"
ခြားသစ်,ခြားသစ်
လို့မှ မဆုံးမီ သိန်း,လို့မှ မဆုံးမီ သိန်း
မျက်နှာ,မျက်နှာ
ကောင်း,ကောင်း
မန်စက်,မန်စက်
သိ,သိ
မကောင်းရင် ဟိုကြလန်းသွားမှာ,ueresxof ဟံဩြဲလ်r==TP
ဆောင်ခဲ့သည်။ ယွင်းချက်,ဆောင်ခဲ့သည်။ ယွင်းချက်
လဲ သီတာ၊ အင်း . . .အေးမြတဲ့ သီတာပဲ ဖြစ်ရမှာပေါ့ ဟင့်အင်း၊ မဟုတ်သေးဘူး အစ်ကိုရယ်။ ဒါပေမဲ့ ဆက်ပြောလေ၊ ဆက်ပြောပါ။ ဆွန်ညာ နားလည်နိုင်မှာပါ။ အား,.... .... . .
ရွာအုပ်စုတွင် ကျား,ရွာအုပ်စုတွင် ကျား
ည့် ကိစ္စရပ်မှန်သမျှကို သိနိုင်ဆုံးသော အခြေအနေ,. -agypesasကုt Hfti:-7 7T0TT
သည်။ ယခု,သည်။ ယခု
အဖြစ်နှင့်,အဖြစ်နှင့်
ဖြ,ဖြ
ပုံ ရ၏။ ထို,ပုံ ရ၏။ ထို
ယတ္တိသာသနာ့ဗိမာန်ကြီးတို့၊ သကျသီဟ၊ အိမ်တော်ရာ၊ မဟာမုနိနဲ့ သာသနာ့တက္ကသိုလ်တို့ ရွှေနန်းတော်ကျောင်းတို့လို အ,".....-wmran .vn. . varir- -o .- -= ma """"T"" ''' ' ' '"""
ဝင် စာချုပ်စာတမ်းများ 147 - ၎င်းပြင် ထိုသူတို့သည် (ယင်းကဲ့သို့ ဘေးအတန်,ဝင် စာချှုပ်စာတမ်းများ 1 1? - ၎င်းပြင် ထိုသူတို့သည် (ယင်းကဲ့သို့ ဘေးအတန်
မှာ ပိုမာကြောရ,n ပိုမာကြောရ
ခင်,ခင်
ရှိ။ ဟူ၍လည်းကောင်း၊ ဂိုဏ်းချုပ်ကြီးရဲ့ အကွက် သုံးကွက်ကတော့ တကယ်ကောင်းတာပဲ၊ ဒီကောင် ဒီအကွက် တွေကိုတော့ လိုက်ကစားနိုင်မှာ,.. .v.s-:.-=- - ' '
ဂျိမ,ဂျိမ
လေ,လေ
ပွဲကြီးနှင့် သာသနာနှစ် ၂၅၀၀ ပြည့် အထိမ်းအမှတ် အောင်ပွဲသဘင်ကြီးကို ၁၉၅၆ ခုနှစ် မေလ ၂၂ ရက်မှ,""""""" ' ' ""-- i t:r"" :m-i:-ieg-i sev,...a."
သူ့မိန်းမဆီကို ပေးလိုက်တဲ့အလုပ်ပါ၊ ကျွန်မ ပို့ပေးရမှာပေါ့ ရင်သွေးငယ်အာဟာရ သန္တေသားမှစ အင်ဒို,"""""""""""""TPT""aeT ferpmrsulelsxcus-asapar-pue"
ဆိုခဲ့သည်။ သမ္မာကျမ်းစာကို အသုံး,"Tး""mz zswrler aag"
ဝမ်းလျှောခြင်း ဟုခေါ်သည်။ ကို ကျော်ဖြတ်လာခဲ့၍,ခါ်းလျှောဖြင်း ဟူ့ခေါ်သည်။ ကို စကျက်ဖြက်ကာဒ၏
တစ်လုံးနှင့် ထိုင်နေ၏။ ဦးလေးသည်,Tnthn0 ထိုင်နေ၏။ ဦးလေးသညှ
တစ်စိတ်တစ်ပိုင်းအနေဖြင့် သူမသည် တောင်အာဖရိကတွင် နယ်လ်ဆင်မင်,"""T""T""7Tf-T-ndl :erzpl emrtass-apu pcsacc,e"
boththe,boththe
ရပ်ဝတ် အရပ်စားနှင့်။ ဒါက ဘာသဘော,ရပ်ဝတ် အရပ်စားနှင့်။ ဒါက ဘာသဘော
ရင်မ အားပြန်၍ လက်,ရင်မ အားပြန်၍ လက်
ဝတီမင်းသား ရွှေဘိုသို့ထွက်ကာ အင်အားစု၍ ပုန်ကန်သည်။ ပုန်ကန်မှုအောင်မြင်သဖြင့် သာယာဝတီမင်း နန်းတက်သည်။ နန်းမတော်မယ်နု၊ မင်းသား,"Lceueucs apgapuetasers sacnscseg ushoနaedi uermeycsotfeftiadF sms=T-TTofT-2 1T5TT """""
ငယ်,ငငယ်
င့် နည်းပညာ အဖွဲ့အစည်း အသင်းဝင်များ နှင့် ဈေးကွက်အတွင်းမှ အကျိုးတူ,"'""'IT"" TITt"" T-ttepwisrracpe,-y."
စိတ်ဒဏ်ရာတွေရဲ့ ကြိုးကိုင်,စိတ်ဒဏ်ရာတွေရဲ့ ကြိုးကိုင်
ဖြစ်,ဖြစ်
၀,၀
အမိန့်ရထားကြောင်း၊ အကယ် ၍ မနာခံလျှင် မြင်းများကို လှည်းမှ အတင်းဝင်ရောက်ဖြုတ် ယူရလိမ့်မည်ဖြစ်ကြောင်းဖြင့် လူတစ်ယောက်ကိုစေလွှတ် ၍ အပြောခိုင်းလိုက်,"......v. . .= """""" '  ' ' ' '"
ရွာအုပ်စုတွင် ကျား ၅၉၈၈ ဦး၊ မ ၅၆၅,မွားအုပ်စုတွင် ကျား ၇၉၈၈ ဦး၊ မ ၅၆၅
ထားသီ,ထားသီ
စွာ ကျင်းပတယ်လို့ဆိုပါတယ်။ စတုဒီသာအကျွေးအမွေးများနှင့် အလွန်စည်ကားသောဘုရားပွဲတော် ဟုလည်း စော်ဘွားတောင်ခြေ ရှမ်း,". -ypece,gugeacrus ec,gSazszargyroeyeptad =cve်edemroszrmrmomrneဲr m"" 7-TTTB9 70"
ဓိသမ္ဗောဇ္ဈင် မရှိလျှင်လည်း ငါ၏ သန္တာန်၌ သမာဓိသမ္ဗောဇ္ဈင် မရှိဟု သိ၏၊ မဖြစ်သေးသော သမာဓိသမ္ဗောဇ္ဈင်၏ ဖြစ်ကြောင်းကိုလည်း သိ၏၊ ဖြစ်ပြီးသော သမာဓိ,"....... .= . ""."""" "" ' ''"
။ အကြောင်း,။ အကြောင်း
အိတ်ဆိုရင်လည်း စုတ်,ဇီဒစ်ဂေါရဂ်လည်၊ နဒေ
င့် အောက်ဘုံ,င့် အောက်ဘုံ
ည့်,ည့်
အ,အ
"အင် သုံးစွဲနိုင်အားမှာ ၅၅,၅",အင် သူးခွဲနိငု်အားှာ ၅
သောအားဖြင့် ထိုလွမ်းချင်းတို့တွင် တောတောင်ရေမြေ,သောအားဖြင့် ထိုလွမ်းချင်းတိ့တွင် တေားတောင်tဂဇ
ပါးကိုသော်လည်းကောင်း ဉာဏ်ဖြင့် အစဉ်,ပါးကိုသော်လည်းကောင်း ဉာဏ်ဖြှင့် အစဉ်
"ဖြစ်သည်။ ""အခမ်းအနားမှာတုန်းက လူတွေက","ဖြစ်သည်။ ""အခမ်းအနားမှာတုန်းက လူတွေက"
ထူထပ်မှု,ထူထပ်မူ
တို့,တို့
ရေး မာရ,ရေး မာရ
ခြင်းလျှင်၊ တန်ဆာဆင်၏၊ နှုတ်မင်္ဂလာ၊ စကားမှာကား၊ အသာ,".နsy-sac-casetrr---- """
ကိုတင်ဦးက မြိုင်၏နာ,ကိုတင်ဦးက မြိုင်၏နာ
သည့် ခွေးအများကို ထပ်မံပစ်ခတ်ပြန်၏။ ကျည်ဆံတိုင်းပင် ခွေးအများကို ထိမှန်လေရာ နောက်ဆုံးတွင် ရှင်းလင်းသွားလေသည်။ 'ဪ,ThiR TerTonTီ 7T--TorS meSthefuefiarewprneဲ deyemp eradegegyeye-sasparc;မga မထဋe
မှာသန်းခေါင်ထက်နက်တာ မရှိပေမယ့် အပါယ် ငရဲကတော့,"""TI7T7irt vesuul olki zarar."
လက်,လက်
ကျော်,ကျော်
။ ၂၀၁,။ ၂၀၁
ပေါင်းကို ခေါ်၍အရှင်တို့ ... သင်တို့သည် ငါမရှိသော်လည်း မပျင်းရိကြကုန်လင့်၊ ငါ ဆရာရသေ့ကြီးကိုဖူးမြောက်ပြီးလျှင် ဟိမဝန္တာသို့ ပြန်လာမည် ဟု,"' ' ' ' ' '""' ""Tr -.-=.vwvrae-ne...."
တောင်ယွန်းယွန်းက စာ,တောင်ယွန်းယွန်းက F
ရီ စိတ်ကို ဖတ်ကြည့်ပြီး မင်း ဒီလိုလုပ်တာကို သိသွားရင်.. မည်သို့ပင်ဖြစ်စေမြေ,"""ီ ""ီကီးီ ""ဏါ်ဘသ်ပီ မင်း ဒီလိုလုပံတာကို သွားရ.္.. မည်သို့ပင်ဖြစေ္ွ"
ဆုံ,ဆုံ
ကုတ်မှာ ၂၁၉၈၆၂ ဖြစ်သည်။ ၂၀၁၄ သန်းခေါင်စာရင်းအရ မိုင်းဟွမ်ကျေးရွာအုပ်စုတွင် ကျား ၁၈၂၀ ဦး၊ မ ၁၇၅၇ ဦး၊ လူဦးရေ စုစုပေါင်း,".မ. ...w. <.<=r=.V.- -=m-h"" "" - ' ' ' ' ''"
ည့် သူတောင်းစားတွေ ပြန်ပေါ်လာကြသည်။ သူငယ်ကလေးများသည် နှင်းပန်းစိမ်းစိမ်းများကို ရောင်း,""" "" ' + Fး' TrBireI မ-+ar-wr-sastc:-susup,-v,pe"
င,င
ကျဖို့များတယ်ဗျ...ခွေးမသားပုလိပ်တွေက လိုင်းကြေးယူတုန်းကယူထားပြီး အမှုလို,ကျဖို့များတယ်ဗျ...ခွေးမသားပုလိပ်တွေက လိုင်းကြေးယူတုန်းကယူထားပြီး အမှုလို
ခဲ့သူဖြစ်ပြီး ပန်းချီဉာဏ်သစ်လောင်းသင်တန်းများ ဖွ,"H1i0f0-"" nP-efernfseeောင်:abrcန,vp: y"
လာ(ပြာ) သူသည် ဓားကို,"""မြာ) သူ့သည ဓားကံ့"
ကို သိသော,ကို သိသော
သော အကြောင်းအရာများမှာ သာမန်လူတစ်ယောက်အနေဖြင့် လွယ်လွယ်နှင့် မသိရှိနိုင်သော သူမ၏ အတွင်းရေးများသာ ဖြစ်သည်။ တစ်ဦးတစ်ယောက်က သူမအား ချောင်းမြောင်း,"....espsurpy,y:..Hipras.-coiaseirinreireafvref. wrt-ror""Tor""-""-F""T """" ""-  ""' """" '"""""
၅၆,၅၆
နှင့်ငါ စင်စစ် ပေါင်းဖော်ခြင်းဖြစ်တန်ရာ၏ ။ လက်ကလေးနှစ်ဖက်ကို ဖြန့်ကာ ဝန်းဝိုင်း,"""' """"' ""1-""o1ifmtoP - rnPracyx-as gpa- -gye"
မောင်မျိုးမြင့်,မောင်မျိုးမြင့်
တယ်၊ ပြီးမှ မြေကမူ မြေပုံတွေဘက်ကို လှည့်တယ်။ ယဉ်ကျေးမှု,cuယk1 ပြီးမှ မြေကမ္ မြေပံ့တေ့ဘက်ကျု mef်muf .pEirTmi
သို့ တက်,သို့ တက်
ဒါပေမယ့် ကျုပ်တို့က မလုပ်ပါဘူး။ ဟန်ဆန်းဂိုဏ်းချုပ် လုပ်လိုက်ရင် ခင်ဗျားနဲ့ အဆင့်တူသွားမှာပေါ့။ ဒီလောက် သိက္ခာကျမယ့် အလုပ်,"' """""" """"T"" TTIiInfiHitis msaes:r4r.us-,cယs"
သင်္ဘော ၁ဝ စင်း၏ ဧရာ များကို ၁၈၇၁ ခု မတ်,ဘrွ =o ၈င်း၏ ရော များကို့ ၁၀၈၇၁ ခ မတ်
နှာရည်ညွှန်း,နှာရည်လွှန်း
သက်ရှစ်ဆယ်လောက်ရှိတဲ့ ဘကြီးမိုးတောင် တောင်ပေါ်မှာ ရှိနေတာပဲ ချောင်းမမွေတော်စေတီတော် ဘုန်းကြီးက ဒကာမကြီးကို ဘာတောင်းဖို့ အကြံပေးခဲ့လဲ။ ဟို အဲ ဒေသကို,"' ""' ' ' ' '"" "" . . sarn= . .v.v. ."
သူ,သူ
လူသားဖွံ့ဖြိုးမှု ညွှန်းကိန်း (ထိုင်း)ကိုအသုံးပြု၍လူ့ဖွံ့ဖြိုးတိုးတက်မှုဆိုင်ရာတိုး,"' ""TT""' Tt0Hrimimwap-4.-wa,ae"
မာစကားပုံတစ်ခု ဖြစ်သည်,"""-tmbတeစခ gြ4zg"
နဲ့,နဲ့
နှစ်,နှစ်
စားသောက်နေကြဟန်ရှိသည်။ ကျော မောင်,"""TT177rPtnrTioနfိသည်။ eျေo မေs"
ဦး,ဦး
"ပစ်လိုက်လို့ ကားကြီး ရပ်သွားပြီ"" စိန်ပွဲစား","ပစ်လိုက်လို့ ကားကြီး ခုပ်သွားဪြီ"" Rန်းimt"
ကော့,ကော့
မကြွားမိအောင် ဂရုစိုက်သော် လည်း စာအုပ်အကြောင်းနှင့် ပတ်သက်ပြီး စကားပြော ရလျှင် မျက်လုံးအရောင် မတောက်ဘဲ၊ အသံထက်မြက် မလာဘဲ မနေ,"""း""T T90T:5T"" Te"" TfmpPitaeP -HhsrHid rmseid et erdbapaasci Lc=-ss aarcugux Lco .,"
ရွရွနှုတ်ခမ်းဖြင့် သူ့ခေါင်းကို,အ9gmhe်ဖြင် သူeေE-1
မှ ၁၉၉၁ ခုနှစ်၊ ဒီဇင်ဘာလ ၂ဝ ရက်နေ့တွင် ကြေ,". ၂ .y: wse setrmrs yn n""T-nnf"" 75"
လောက်ဖြစ်သည်။ သို့ရာတွင် အလွန်ကြီးမားသော နှုတ်ခမ်း,",c-agsaseserofTmraf57"":"" F"""""
အများဆုံးဆေးကို အသက် ၂,"""Pmmက) အသကံ ၂"
သည် တိုက်ကွင်းထဲ ဝင်ရောက်၍ ပါ,သည် တိုက်ကွင်းထဲ ဝင်ရောက်၏ ပါ
ကား,ကား
ထင်,ထင်
ခြင်း,ခြင်း
စီး,စီး
။ ဆန်ကုန်သည်အဖြစ် အိမ်က ထွက်သွားရာက မယားတစ်ယောက်နဲ့ မူးစေ့အပေါက်ပဲ ပြန်ပါလာတဲ့ လူငယ်လေး။ သူ့အဖေက စောက်သုံးမကျရတဲ့အထဲ နောက်ထပ်,".......... .+. . .. "" "" "" """
တစ်ယောက်လောက်သာ အောက်,တစ်ယောက်လောာါာ နေpy
နိုင်ချေ။ တနင်္ဂ,နိုင်ချေ။ တနင်္ဂ
လာ,လာ
ကျယ် သွားကြသည်။ဒေါက်တာ အယ်လ,ကျယ် သွားကြသည်။ဒေါက်တာ အယ်လ
ဆက်သွယ်နိုင်ခဲ့လေသည်။ မော့သည် ပန်းချီပညာသင်ကြားရန် အမေရိကန် အစိုးရက စေလွှတ်ပြီးလျှင် ပညာတတ်မြောက်လာသည့်အခါ အထက်တန်းကျ,"""""TiPPီH- -TဉEီ' TrE -TerTsreSzmdfTstne-SladRers eosgegepe secprcskuyg-e--agpa ac.y"
နေရာ ဆေးရုံမှ ကျန်းမာလာသည်,aနs ယောpejy mf်rn--.5
လှယ်အဖွဲ့ လန်ဒန်,လှယ်အဖွဲ့ လန်ဒန်
ရှိဘူးထင်ပါတယ်..,ရှိဘူးထင်ပါတယ်..
"ဖောမီး (Anseriformes)"" အတွင်း ပါဝင်","ဗောမီး (HApceniformchi)"" အတွင်း ပါဝင်"
ပေ,ပေ
ဘဝ၌ပင် အခြေခံ ကျမ်းစာအဖြာဖြာတို့ကို သင်ကြားတတ်မြောက်သည်,"T"" 7S: TefmndngertiP atpoa-asg-tagy"
စစ်,စစ်
"usingthe(required!)INSEEcodeandasubtemplate.Thefields""region""and""department""arenolongerused.ဝေါလစ်နှင့်ဖူကျူးနား 90 days စေတော်မူ",. .... ...
ဟစ်ပိုဂိုဏ်းအုပ်၏လက်ထောက်အဖြစ် တာဝန်ယူပြီး ၅နှစ်အကြာ ဂိုဏ်းအုပ်ကွယ်လွန်သော် ရာထူးတိုး၍ ဟစ်,"""T5OီH""-T""TfTT-7mae ကားဝစ်ယမပီ တစ်ဘကဘ- ဂိတဏ်းအုင်က့ယ်လွန်သေ် paguag,-as"
မွှေးနေသည်။ နေဦး,"မွှေးနေသည်။ စငီ"""
နေလို့ပါ ဗိုလ်ကြီး,နေလို့ပါ ဂိုလ်ကြီ၊
လဲ။ဒေါ်ဒေါ်က အသက်ကြီးပေမယ့် မျက်နှာကတော့ နုနုကလေး ရှိနေသေးလို့မို့ ဝတ်နိုင်ပါတယ် ဒေါ်ဒေါ်ရယ် လုရင်းလိုက်ရင်း စုတ်ပြဲ,"'"""""" """" ""' """"ESIT"" TiBTn RnrT:-:- ies:zroey opspoutတယ esxresxieယ လecxopraမုc၊ .caမ္မ"
၊ ဝေဟင်ပေါ်ပျံ,၊ ဝေဟင်ပေါ်မံ
နားလည်ကာ ပြီးပြီးပျောက်ပျောက် သဘော,"P7""ဏက မီးပြီးမွောက်eypာက် သဘေ"
င့်လှုပ်ရတော့သည်။ နေစမ်းပါဦး,"င်""လင်ရုတောသည်။ နေစမ်:ါ,"
နှင့် ဒေါ်အောင်ဆန်းစုကြည်တို့,နှင့် ဒေါ်အောင်ဆန်းစုကြည်တို့
လည်းကောင်း၊ မြေ,လည်းကောင်း၊ မြေ
နာ,နာ
ကို လက်ခံတဲ့စိတ်ဖြစ်တယ်။ အာရုံကို လမ်းဖွင့်ပေးတဲ့စိတ်နဲ့ အာရုံကို လက်ခံတဲ့စိတ် ဒီစိတ်နှစ်ခုကြားမှာ မြင်သိစိတ် ကြားသိစိတ် နံ,"""  """" T"" ""TIn+"".""T mn mwas suaes...eug,a."
ရွက်ပင်,ရွက်ပင်
နေအထိ အဖြစ်အပျက်များ,HHzd အဖြစ်အပျက်များ
နိုင်,နိုင်
ပြုနိုင်။ လက်သစ်,ပြုနိုင်။ လက်သစ်
အ,အ
ပန်ကောင်,မန်ကောင်
အယ်လ်ဂျီးရီးယန်း,"""P7Dျhရးယနး"
ရှိုနာလူမျိုးဖြစ်,ရှိနာလူမျိုးဖြစ်
မြို့နယ်၊ ထန်းဘုန်းတောကျေးရွာအုပ်စု တံတားဦးရွာ (အင်္ဂလိပ်: Tadaru)သည် စစ်ကိုင်းတိုင်းဒေသကြီး၊ ရွှေဘိုခရိုင်၊ ဝက်လက်မြို့နယ်၊ ကျီးပင်ကန်ကျေးရွာအုပ်စု၌ တည်ရှိသည်။ ရွာ,"""""' """" TြTT ""-ir """""" 'T-:adi-titiraetir wartei srir-iRip. e.r-sr-spaawy-yagpuygpy"
သူတို့အားလုံး စာအုပ်ထဲသို့ ရောက်ရှိ,-Tm-ti: eapdoug spcig
သည် အိမ်ထဲရှိ သမီးနှစ်ယောက်ကို တစ်ချက်,"Ti85 ""TfTBlrnfhecrtin-sys"
ထိုင်းအဆင့်ကိုမိခင်ဘာသာစကား (သို့) ဇာတိနီးပါးအဆင့်တွင်ကျွမ်းကျင်ကြသည်။ သူတို့,"cge-msceH-atdedဘဏဘသာeကား (2၃) ဗာတိနီးuပါlအeoပ်ကo်္fmaf=mnES-."" 74"""
ခြင်း,ခြင်း
ကွေ့တဲ့။ ကျွန်မဘဝမှာ အချိုးအကွေ့တွေ တော်တော်များပါသည်။ ဘယ်အချိုးအကွေ့က အရေးပါ,".po -ser- -csgescsen srfrtriadn -7957-"" """
၊ ဘုန်းကြီး .... ကျွန်တော် သဘောလဲ ခင်ဗျား သိရောပေါ့၊ အခု ကျွန်တော် လုပ်တာက,၊ ဘုန်းကြီး ... ကျွန်တော် သဘောလဲ ခင်ဗျား သိရောပေါ့၊ အခု ကျွန်တော် လုပ်တာက
လုံးပြူးသေနတ်ကို ခါးပါတ်,လုံးပြစ္သေနတ်ကို ခါးပါတ်
တော့,တော့
သာမဟုတ်၊ အသီးနှင့် အရွက်ရရန်အတွက်ပါ စိုက်ပျိုးကြသည်။ အသီးကို,".-pc.cusyi esrtaslno""iffl4fB7P: ""5:5"
ပါတယ်,ပါတယ်
ရွာတွင်,ရွာတွင်
ကားရိုက်ရန်အတွက် လားရှိူးသို့ ပြန်,-raနjdeနlaeက် rornRrိC်f
ဘူးသော ဖခင်၏,ဘူးသော ဖခင်၏
ယက်နမ် နယ်ချဲ့,ယက်နမ် နယ်ချဲ
ဝတ်,ဝတ်
မှ,မှ
ခါ,ခါ
ခုရှိရိုခရိုင်၊ ခုရှိရိုတိုင်း၊ ခု,ခနရံန္နစေင ဖရု်စိတို်၊ ခ
ရာကုတ်,ရာကုတ်
တန်းမျှသာ သင်ကြားခွင့်ရခဲ့သော်လည်း အလုပ်နှင့် စကားပြောတတ်သူ၊ အချိန် လေး,".....aeserwecatrui roi!-T"""""" ""'"
။ နန်းတော်ရှေ့ ဆရာတင် သားကလေးများနည်းတူ ကျွဲကျောင်းခိုင်း၏။ မော်ဂလီမှာ,"""Pf-m1a-Tmmf =mxmeerများနည်းတp mjerျp်sနlsမ မ်-sှ"
သည်၊ မေထုန်လက်ဖျား၊ စမ္ပယ်နားလျက်,"TE ""mfharips epecasrye"
မှ ကိုယ်ကျင့်သိက္ခာ ဖြူစင်မှလည်း အခြားသူတို့ဘက်က ကိုယ်ကျင့်သိက္ခာ ဖြူစင်လာမည် ဖြစ်၏။ ထိုအခါ လောက၌ ဒု,မှ ကိုယ်ကျင့်သိက္ခာ ဖြူစင်မှလည်း အခြားသူ့တို့ဘက်က ကိုယ်ကျင့်သိက္ခာ ဖြူစင်လာမည် ဖြစ်၏။ ထိုအခါ လောက၌ ၃
ဗြိတိသျှတို့,ဗြိတိသျှတို့
တွေ,တွေ
ရတနာပြဇာတ်ကို စီစဉ်တင်ဆက်ခဲ့၍ မြတ်မွန်ရတနာ ပြဇာတ်စာအုပ်ကို စာပေဗိမာန်မှ ဖြန့်ချိထုတ်ဝေခဲ့,"...p,.cv s,.r.sia rossx=n F--""-""1 ---7"" 5fဣ""'"
သန်း,သန်း
ဘုတ်လေး,ဘုတ်လေး
မှု ကူးစက်ရော,မှု ကူးစက်ရော
ဥ,ဥ
ပင်,ပင်
ရေး၊ အိမ်များရှိမိလ္လာစနစ်,ဃေား အမျyားgReypeP
သို့မတင်ပဲ ကုလားဖြူရပ် ကွက်ရှိ ကုန်လှောင်ရုံ၌သာ ထားသည်။ သင်းတို့ ခဲယမ်းလက်နက်သင်္ဘောကို ယခင်က ရန်ကုန်ဆိပ်ကမ်း,"""' ' """" .V Yr4..we.."
ပြီ၊ ကောင်းပြီ။ ကျွန်,ပြံ၊ ကောင်းပြီ။ ကျွန်
တော့ အမောဆို့ပြီးသေတာ အတိုင်ဘက်က အကောင်ကြီး တစ်ကောင်ထဲရယ် ခင်ဗျ စစ္စတာဒေါ်,တော့ အမာမခံ့ရ္ိဓသေတာ အတိုင်ဘက်က အ၀ကာင်ကြီး တစ်ဗကာင်တဲnက် TP1 PB4PTT
"floor,",floor.
ကျော် လေးမျက်နှာဂူ ဘုရား ရက်နေ့တွင် နိုင်ဂျီးရီးယားနိုင်ငံ ကက်,-m =-ns-imftep၇ ဘုရား: ရက်နေ့တ့ငိ(နုင်စျရျုားနုd -rd
လူကို,လူကို
ခဲ့သော,ခဲ့သော
culturesorracesintheirfictionaluniverses.Namesortitlesof,"""""""""TTitirincnskarrc,-wpn,ay"
တယ်။ သူဇာလွင် ခေါင်းခါလိုက်တယ်။ သူ ခေါင်းခါပြနေတာကို မင်းခန့်ထူး မြင်ပါစေ။ မလာ,"TTT1 TaiTte"" nH-ehtomfmulV sy elါင်းပြမနေတာကို မ်္းခန့ွူး မြင်blwေ မာ"
လောက်ကောင်းတဲ့ဆေး မရှိဘူး မောင်လေးရဲ့ အမြောက်အမြားတို့ကိုလည်း ဗက်ဗီလုံးမြို့တော်သို့ ဖမ်းဆီး ဘယ်လို,လောက်ကောင်းတဲ့ဆေး မရှိဘူး မောင်လေးရဲ့ အမြောက်အမြားတို့ကိုလည်း ဗက်ဗီလုံးမြို့တော်သို့ ဖမ်းဆီး ဘယ်လို
ရှိ၏,ရှိ၏
အ,အ
မျက်နှာဖုံးကို မေ့ဆေး,မျှက်နှာဖုံးကို့ စမဆေ၊
စ,စ
ပင်,ပင်
ဖြစ်၏။ ထိုအချိန်တွင် ကျုပ်၏ ခေါင်းထဲ၌ အလင်းရောင် ဖြာလက် သွားလေသည်။ ထို့နောက် ပိတ်သည်းနေသော အမှောက်တိုက်ကြီးသည်,"""'"" ' '""' ' - ' -""' - '""- "". - - er.=-=r-v. .cwawy.y."
က ရှည်ကော့ပြီး မျက်ဝန်း,က ရှည်ကော့ပြီး မျက်ဝန်း
စွမ်းတွေကို စက်ပစ္စည်းကိရိယာတွေက မြှ,"နွဓေတေ့ကု erueထrTi7TTTi""""I"""
။,။
ကျေးသီးမြို့နယ်၊ ဝမ်စပ်ကျေး,ကျေးသီးမြို့နယ်၊ ဝမ်စပ်ကျေး
ဖုန်းနဲ့ နံပါတ်တစ်ခုကို ခေါ်လိုက်ပါတယ်။ ဆူနီဆာ ကာဝရွန်ဂရောင်း (၂၉ ဇန်နဝါရီ ၁၉၇၂ မွေးဖွားသည်) ထိုင်းနိုင်ငံမှ မာရသွန်ပြိုင်ပွဲဝင်,""""""" ' ' ' ' '""'""'""-""'""-e'-cn'Vr-vesaeswr.vn:-aawse,-aay,."
သနဝိဇ္ဇော,သန်ဖေဒါ့
စံဖြိုး,မြိုး
မအေးပေး,မအေးပေး
ကြောင်း,ကြောင်း
သုံးပြီး,သုံးပြီး
သည်,သည့်
နိုး,နိုး
ပြန်လည်ကြီးပွားလာခြင်းကို မရှုဆိတ်ကြချေ။ ကားသေ့တို့၏ ရန်ကိုလည်း ကြောက်ရွံ့ လျက်ပင် ရှိကြသေးသည်။,ပြန်လည်ကြီးပွားလာခြင်းကို မုူုဆိတ်ကြချေ။ ကားသေ့တို့၏ ရန်ကိုလည်း ကြောက်ဂွု့ လျက်ပင် ရှိကြသေးသည်။
တို့ကို ဖလမ်းချင်းဘာသာစကား၏ ဒေသိယစကားအဖြစ် စာရင်းပြုထားသည်။ စကားအ,""" ' "" "" """"""1-.-uwaxraner..vy...."
သည်။ ဂျာနယ်လစ်များက,-ဏ။-npနယ်လစ်များက
မဟာပထဝီမြေကြီး။ ရှားစောင်းပြသာဒ်ပင်များ၊ ရောင်စုံအိမ်ပုံကလေးများ၊ လက်စလက်န သိပ်မ,"""--719S- mmmhGrmpSobeypn epc်edနymecrwypx c-sazrciန 4t2"
ခုနှစ်ရက်သားသမီးများနှင့် ပူးပေါင်းပြီး အထက်ဌာပနာ ထည့်သွင်း,. yaupascrxscsaypseb yveuldtlB TmThur:=: 7Tif
ခုမြောက်အဆင့်တွင် ပါဝင်သည် တို,u္p-sapempt rinfဣ T
လုပ်ရှင်၊ အ,လုပ်ရှင်၊ အ
မူမြို့နယ်,မူမြို့နယ်
DaweiEducationDegreeCollege;,PPreifdlucartionoegreecoiege.
ပြီး တိုက်ခိုက်ကာ,ပြီး တိုက်ခိုက်ကာ
ဖြစ် MMR009012022 Yae Hpyu ရေဖြူ ဟု ပြောပြီး ရုံးခန်းထဲခေါ်သွားသည်။ ရာသီဥတုရှိ၍ရေမဝပ်ဘဲ ထုံးကျောက်မြေဆံသည့် ဒေသမျိုး၌ ပိုမိုဖြစ်ထွန်းသည်။ မိုးပါးရေရှားသ,"gerscunr-ar- .<-vwn ageupcupgeiesceasersedorereredSroroF""T-ntr-r 7o-""-F - -oN9G Tt""T0  T '"
ညီ,ညီ
သည်။ အုန်းဆီထုတ်သည်။ နာနတ်ပင်များကို အကြီးအကျယ် ဦးလေး ဦးလေးနဲ့ မခေါ်ပါနဲ့ဟ။ ငါ အဲဒီလောက်,"..Lwpre.--sr:-ereda!F""-""-""  '"
သို့ ဆိုက်ရောက်လာ၍ ဆေးဆိုင်,.ဆဲ့ ဆုက်ရောက်လား၏ါ nP*ီ
အ,အ
လာလမ်ပူသည် ဆီလန်ဂေါ ပြည်နယ်ထဲမှာ ရှိ၍ ထိုပြည်နယ်ကို အုပ်ချုပ်သော မလေးဘုရင်က ကွာလာလမ်ပူ,ဟrcsuyarg acascogapckcaysနgjg၍ egedeယကိ အfiatdesrn mrof r:Tu
ပုသိမ်မြို့သည် ၁၂ စ,ပူသိမ်မြို့သည် ၁၂ စ
မင်းပြုတော်မူ၏။ သန်,"မ်္geတေ်းမy၏၊ ""f"
သွားလျက်ကပင်,သွားလျက်ကပင်
လာသည် ဆိုတဲ့ ဇာတ်လမ်းကို ပြောမှာပါ,"""7-zZ etကဲ ဖဇာတံလမ်းn) egဌ-vpua"
သွားသည့်ကုန်တွေ အရှုံးပေါ်သွား၍ ဟုဆိုကာ လျှော့ပေးတာတွေရှိသည်။ ကိုယ်လူကြုံပါးလိုက်သည့်ငွေကို နည်းနည်း,"'''"""" ""TT1 7- -s--ss scsass-sur y,y"
ကား အောက်မြို့ကျေးရွာသို့သွားတော့မည်။ ယခုအခါ,mး အာက်ဖိုးeကaးစွာထုံသွားတော့မ္လ်။ ယခအေခါ
အင်ဂျင်,အင်ဂျင်
"thoseattributeswhichwehaveputonhim.တိုက်တွန်းထားတယ်..ဟုတ်လား နှောင်း"" ခဲ့ပြန်သည်။ သို့သော် စစ်ကြီးပြီး၍ ရုပ်ရှင်များ ရွာလင်းရွာ (အင်္ဂလိပ်: Ywarlin)သည် မကွေးတိုင်းဒေသ",. + ..v. ....
ကာ၊,ကာ၊
ဆိုချက် တွေမှာ ကျွန်တော် မမှတ်မိတော့ဘူး ဆိုတဲ့ ဇ အသက်ရှူကျပ်လိုက်တာ အေ ၊ ငါ့သမီးလေး သနားပါတယ် အပဒါ,"""t""Trern mefrnh rtberar eto mscardgpmeCebecro s: icsuupacsa)"
တို့အိမ်နဲ့ ဖေဖေတို့ အဖေ အမေအိမ်က ကံသိပ်ကောင်း သွားခဲ့တယ်။ ကျွန်မတို့,` cgadag susua ဆမေ အမေးဒိမ်က ကံသိပ်ကောင်- =pးemh -mafPT
နိုင်သည်။ ကမ်းရိုးတန်းနိုင်ငံများသည် ကမ်းလွန် ပင်လယ်ရေတိမ်ပိုင်းတွင် သယံဇာတပစ္စည်းများ ရှာဖွေ တူးဖော် ရန် အ,"'' ' ' ' "" "" "" . - iv . .v. .."
ဆုံး ဖြစ်၏။ ဤအခြေ,ဆုံး ဖြစ်၏။ ဤအခြေ
ဆီး,ဆီး
ခြေအနေကို လိုက်လို့ ပြောင်းလဲလုပ်ကိုင်ကြရတာ,ခြေအနေကို လိုက်လို့ ပြောင်းလဲလုပ်ကိုင်ကြရတာ
တွင်,တွင်
ပင် အထက်ရှိ ကျောက်လွှာတို့မှ မြင့်မားသော အပူချိန် နှင့် ဖိအားတို့ကြောင့် အသွင်ပြောင်းကျောက်အဖြစ် ပြောင်းလဲလာနိုင်သည်။ ခင်စိုးပိုင်နဲ့လား ရှိတယ်,"..... . . . . - - - ""   '"
ရဲ့၊ မောင်အဝေး ကလာတာကို မြင်မြင်,ခဲ့ မောင်အဝေး ကလာတာကီ ဗငဂ်ဂဇ်္်
လွင့်,လွင့်
ပြုအောင် ဆွဲဆောင်ခဲ့သည်ဟု ထင်၏။,ပြုအောင် ဆွဲ့ဆောင်ခဲ့သည်ဟု ထင်၏။
"တာ လွယ်တာ မဟုတ်ဘူး"" နောက် ဒီအလုပ်လုပ်စားရင် ရှင် မသေ","တo လွယ်တာ မဟုတံား "" နောကံ ဒီအလုပ်လုပ်စားရC် ၈"" nt:--"
၈ ဦး၊ မ ၁၀၀၁ ဦး၊ လူဦးရေစုစုပေါင်း ၂၀၇၉ ဦး နေထိုင်သည်။ သည်ကြားထဲက မွန်မွန့်အသွင်၌ ချုပ်တည်း,""" စီ"" Tn-Si midfmunetEh:,ope ll efacdie zaegz-arနiyiamag yiarmg,"
အချိန်,အချိန်
ဝှိုဝ်း ဠှိုဝ်း။ ချော,ဂိဝ်: ဝို်း။ ခေဂ
မြို့နယ်၊ ထင်ပါကျိုင်းကျေးရွာ,"ရှံနယ်၊ ထင်ပါကိုင်းemms"""
ချုပ်ကြီး သူရ ဦးတင်,ချုပ်ကြီး သူရ ဦးတင်
ပြန်ဆုတ်သွားခဲ့,ဖြန်ဆုတ်သွားခဲ့
အောက်,အောက်
မျောက်၏ဇနီးအား သိမ်းယူတာထားပါတော့၊ တိရစ္ဆာန်ကိုး၊ လူဘုရင်တွေက စစ်ရှုံးသူ၏ ဇနီးမယားကို သိမ်းပိုက်တာတော့ လွန်လွန်းသည်ဟု ကျွန်မ ယူဆသည်။ မိန်းမတွေခ,"'""'"" ""-'""-""-T"" ThwrTB""T-rmsoPrmam oPfirsRdnefewcrrg aeseisrzrec= vass-as--npe-,asygyap,sy,"
မေးခွန်းတွေကိုလည်း မုန်းတယ်။ ၀င်းလှသည် ဖြူဖတ်ဖြူရော်ဖြစ်နေသော ခိုင့်,မေးခွန်းတွေ့ကိုလည်း မန်းတယ်။ ပင်းလှသည မြံ့eမက်ဖြegnBGPHP7 4
လ,လ
မြန်မာနိုင်ငံနဲ့ပတ်သက်လို့ ဆောင်ရွက်စရာ,မြန်မာနိုင်ငံနဲ့ပတ်သက်လို့ ဆောင်ရွက်၈၈
၈) ကြင်နာသူနှစ်ဦး ဆုံနိုင်ရင် (၁၉၉၇) ဟား ကောင်းပါတယ်။ အများကြီးကို ကောင်း,"'T"":nf"" 1fnf ron ros erotisu sapsegyupy,cce,"
သီး၏ မျက်မှောက်ဘ၀ အတွေ့အကြုံများကို,Tnn gr-eမှောက်ဘဝ အတွေ့အကြှံများဂကို
ပ,ပ
ဖြစ်တယ်လို့ပဲပြောပါမယ် နန်းကိန္နရီသည် ကားကို ပါ,"ဖြစ်တယ်လို့ပဲပြောပါမယ် နန်းကိန္နရီသည် ကားကို ""ါ"
၁,၁
အယူအဆကို ငြင်းပယ်ရလိမ့် မည်ဟု ထင်စရာရှိ၏။ သို့ရာတွင် ကိုပါနီကတ်၏ နိယာ,"""'""""""""""tidhn mermsaearaarrn..."
န့်,န့်
လို လုပ်,လို လုပ်
ဟေ . . . ဟုတ်လား ငလျင်လှုပ်ခြင်းများ၏ အကျိုးဆက်များ/သက်ရောက်မှု,"... <s4--sawtespesfewr-tTermhin""TTTTt"
ထွန်းမောင်ကြီးက လှေကိစ္စ လုပ်စရာရှိတာတွေကို ပေါ့ပေါ့ပါးပါးပင်လုပ်သွားလေသည်။ လှေပိုင်ရှင်များက သူ၏တက်ကြွမှုကို သဘောကျနေကြလေသည်။ တိပိဋကဆရာ,"' ' "" ""'""'"" "":. .  vr. .wv..v."
မောင်,မောင်
ကုသ,ကုသ
၏,၏
၇ - ရွှေကော,၃ - ရွှေကေ
လူ့စွမ်း,လူစွှမ်း
ရမှ ပို၍ ဒေါသဖြစ်မိသည်။ ကိုဘခက်သည် သူ့ကို တမင်,T1 Vhi P7TSefaoek၊ ကိတeကေသည a-R azvs
သည် ကချင်ပြည်နယ်၊ ပူ,သည် ကချင်ပြည်နယ်၊ ပူ
ညနေခင်း၌ အိမ်ဝိုင်းထဲ ဆိုင်,Rntဏ်းခဲ့ ခိမ်ဝုင်းသ ဆံ့ခ
မလာသေး,မလာသေး
သစ်လေ,သစ်ဧေ
ဖြစ်,ဖြစ်
မှလာ၍ ဦးအောင်မြခိုင်အကြောင်း လာမေးနေခြင်း သည် ၄င်းအသတ်ခံရသောကိစ္စနှင့် ပတ်သက်၍,' ဟဘဏ္န g-amragနitasacgsaef coewေraနေမြE်း Soer lefltezrnftiorarTTad --hd
ဓားသိုင်းက တော်တော်ကောင်းတယ်၊ ထင်ပေါကို အဲဒီနည်းနဲ့တိုက်ရင် မရှုံးနိုင်ဘူး၊ အတွင်း,""""""""" ""-""-""""T-tRRteeaRarages. ye"
တို့ တည်းခိုကြသည့် ဟိုတယ် များနှင့် အ,"နagasudtmturl """
၊,၊
ဒင်း ပွိုင့်တူးတူး သေနတ်သံကလေး ထွက်သွားသလို ...,ဒင်း ဂွုင့်တွတကူး သေနတ်သံကလေး ထွက်egpာxtour ...
မှတ်ရမိသည်။ ညနေ ၆ နာရီတွင် စထရင်းဟိုတယ်လ်မှာ ညစာ စားပွဲရှိသည်။ ဂျူးလူမျိုးတို့အတွက်ကား ကြားနေမည်ဟု,မှတ်ရမိသည်။ ညနေ ၆ နာရီတွင် စထရင်းဟိုတယ်လ်မှာ ညစာ စားပွဲရှိသည်။ ဂျူးလူမျိုးတို့အတွက်ကား ကြားနေမည်ဟု
ပြု၍ ပထမသင်္ဂါယနာတင်,ဖြ၍၏ ပထမသင်္ဂယနာတင်
လိုက်,လိုက်
အချင်း,အချင်း
အသံနှင့် ပြောရာတွင် အေး... ငါကလည်း ငါ့ကို တိုင်ပင်လို့ပြောသာပါ,အသံနှင့် ပြောရာတွင် အေး... ငါကလည်း ငါ့ကို တိုင်ပင်လို့ပြောသာပါ
။ အပြစ်,။ အပြစ်
တာဒေါ်မိုးသူပါလား၊ ကျွန်တော်တို့လမ်းထဲ မလာစဖူးလာတယ်၊ ဗန္ဓုလ ရုံမှာ,"..urapupa wyerdetrdini -rz77"" TF"" 77"
၀ဖြစ်စဉ်,ဝဖြစ်စဉ်
င့်အတွက်ပါလာ,င့်အတွက်ပါလာ
ပါတယ်ဗျာ သိပါတယ် လုပ်စရာမရှိတော့,"""TThtn Thimpwebedesေးယန္ဒaတော့"
၌ တည်ရှိသည်။ ရွာနေရာကုတ်မှာ ၂၁၃၁၆၃ ဖြစ်သည်။ ၂၀၁၄ သန်းခေါင်စာ,"'""T""TB""PmTn,r=ti ssa,cucrx."
နှောက် အသစ်,နှောက် အသစ်
၊ မ ၁,၊ မ ၁
တွင် မျက်နှာပြင်တစ်ခုတည်းသာရှိသော်လည်း သိပ္ပံပညာ ဆက်တိုက်ယူလာခဲ့သော ကေသွယ်အတွက် သိပ္ပံနှင့် နီးနီးစပ်စပ် ဟူ၍ မူလတန်းကျောင်းတွင်,""" """""" ' "" ""T"" ""Ti ""r.. . -vazsza wv a..w..r.4.4."
ဆောင်,ဆောင်
ဝန်,ဝန်
ကျောက်ဆည်မြို့နယ်၊ ပန်းခွာကျေးရွာအုပ်စု၌ တည်ရှိသည်။ ရွာနေရာကုတ်မှာ ၁၉၀၄၄၉ ဖြစ်သည်။ ၂၀၁၄ သန်းခေါင်စာရင်းအရ,"..y-csapoc.er-mraswsediotie=-rrr -mrieF:""- ' '' '"
သည်။ ၁၉၅,သည်။ ၁၉၇
ပင်ကို,ပင်ကို
ရှိသည်ဖြင့် အသုံးပြု,ရှိသည်ဖြင့ အသုံးပြု
ဒယ်များ,ဒယ်များ
ဏေ,ဇေ
တို့,တို့
တွေ အများကြီးပါလား၊ ငါ,"aေ yprြီးfemn """
ဆောက်အအုံကို ခေါင်းမော့ကြည့်ကာ ချီးကျူးပြောဆိုနေသည်။ ဟာ ပ,".---aua sces--sdmn Prsrd07-5"" """" '"
ဟေး တဝါး,ဟေး တဝါး
ပို,ပို
။https://www.anonymoustunisie.com/WebsiteofAnonymousTNဘယ်သူမှ တိတိ,"""Tn1C'C'mmmrmmeianininiecoruouoeneonerwrmousrwculay ct,t"
ဖစ်ချင်ရင် အဲ,ဖစ်ချင်ရင် အ
ဖေ,ဖေ
မိမလား မသိဘူး၊ အန်တီ မီ,ခိမလား မသိဘူး၊ အန်တီ ီ
သည့်အချက်ကို နားလည်သဘောပေါက် လက်ခံရန် လိုအပ်ခြင်း ဖြစ်သည်။ ကျွန်တော် ဆတ်,--STဏTOီ Tm=nဏE်=ermerlnr eresege tွ့အဝagခွင ဖြ်သည ျွနcacေe
အ,အ
မြင်နေသူများမှာ,မြင်နေသွများမှာ
တူတူရယ် ဘယ်တော့မှ,တူတူရယ် ဘယ်တော့မှ
ယူ,ယူ
များကို Tanai MMR001004017 Ta Ron တရုံ ဟူ၍ ဖြစ်လေ၏။ ကိုသန်းတင်တို့လူစု၊ အထက်တန်း ကျောင်းသား အတော်များများနှင့် မြန်မာဘာသာ ကျောင်းသားများ၊ အရပ်သူ အရပ်သား အချို့၏အ,များကို Tanal 1R1iP004D0401.? Ta Pon တရုံ ဟူ၍ ဖြစ်လေ၏။ ကိုသန်းတင်တို့လူစု၊ အထက်တန်း ကျောင်းသား အတော်များများနှင့် မြန်မာဘာသာ ကျောင်းသားများ၊ အရပ်သူ အရပ်သား အချို့၏အ
မှ,မှ
ရေးလှ,ရေးလှ
ပြီး ဂတ်စတာပိုအ,ပြီး ဂကတ်စတာပိုမ
ခင်ဖြစ်သူ,ခင်ဖြစ်သူ
ပိုက်,ပိုက်
ရတာပေါ့ဆရာ မ,ရာပေါ့ဆာရာ =
"ခဲ့လို့လဲ၊ ဘာဖြစ်လို့ ဒီလိုဖြစ်ရတာလဲ။ ဘာဖြစ်လို့လဲInjangyangMMR001003022HkanDaukYangခန်ဒေါက်ယန် ""မအေဘေး ခုကျတော့ စတိုင်တယ်","....vw..... . "" "" """
ငေးငိုင် ကြည့်ရှုတော်မူလာ,Ftးဝိင် ကဲည့်စူတောဒ်မလာ
အတိုင်းဖြစ်,အတိုင်းဖြစ်
Wardအမှတ် (၁၄) ရပ်ကွက် အခုဆို ကစ်ကစ်,"မweresအမတ (၁p) mim T:5 ""T"""""""
သည်,သည်
သည်။ ထိုအခါ ငစွယ်ငယ်မှာ အဟုတ်တ,"P""Tmt-epitulyာ srpe"
။ လူဦးရေသိပ်သည်းဆသည် တစ်စတုရန်းကီလိုမီတာလျှင် ၁၄၃ ဦး ရှိသည်။ စုစုပေါင်း,"'T6ီ""0'""TPT--""PtrmE:Pitrswtasag,gapepae"
ရ ရှီးလန်ဒမ်း,ရု ရှီးလန်ဒမ်း
ထို့နောက် အမျိုးသမီးကို နှုတ်မဆက်,TီႌnT mkaoemptgpsace
များ,များ
၍,၍
ဆက်သွယ်စုံ,ဆက်သွယ်စံ
များမူကား ဘာမှန်းမသိရှာ,T-igpms ဘာမှန်းမသိရှာ
။ ကိုယ်ရပိုင်တဲ့ အခွင့်အရေး,ကိုယ်သပိုင်တဲ mအစeE်mneg
ရန်သူ့တပ်မှူးတစ်ဦး၏,Tfswmdမူးတeဦး၏
မွှေး,မွှေး
ပေး,ပေး
အသစ်သစ်ဖြစ်သော အချစ်လွှာ မှာတမ်းတော်,"<sae.agesn mfor7r"":"""
လုပ်မဖြစ်။ နောက် ဆုံး ရထားသည် ခပ်စောစောကပင် ပါရီသို့ ထွက်,"""9fBT- TrT 0 mrael eewmas-i uay .y"
ပန်း,မန်း
မီး,မီး
င့်,င့်
လီနိုင်ငံသို့လည်း ပျံနှံ့,လီနိုင်ငံသို့လည်း ပျံနဲ့
နောက်ဆုံးတွင် ကြယ်ပုနက် (black dwarf) အဖြစ် မှေးမှိန်သွားမည်ဖြစ်သည်။ နေနှင့် အနီးဆုံးကြယ်မှာ ပရိုဆီ,"aesrkpurga ဤဣuapနsrd rnesus usar၊ အဖြစ် မေးခိစ်းyူားedofed"" tnO TB5-7E5ST -Bဏီ"
ကို တစ်နေ့လုံး လိုက်ပြီး,ကို တစ်နေ့လုံး လိုက်ပြီး
ဘာလုပ်,ဘာလုပ်
င့် ထွက်လာ,င့် ထွက်လာ
အင်ဂျင်ကို အကန့်အသတ်ဖြင့် ခုတ်ရခြင်း၊ လွယ်လင့်တကူ အရေးပေါ်လုပ် ခတ်တက်က,အင်ဂျင်ကို အကန့်အသတ်ဖြင့် ခုတ်ရခြင်း၊ လွယ်လင့်တကူ အရေးပေါ်လုပ် ခတ်တက်က
စုမှမော်လမြိုင်အ,စုမှမော်လမြိုင်အ
ပြည့်နှစ်,ပြည့်နှစ်
သိမ်းထား ကြလို့လား,သိမ်းထား ကြလို့လား
၊ ငါက အခု ဒုန်ဝန်းမြို့စား ဖြစ်နေပြီမို့လား၊ ဆယ်မြူ ဆယ်မြူအသာလေး၊ ဟားဟားဟား ကဲလာလာ,"...ac-aecee-.ca Tdi""--  """
ရန်,ရန်
။ ကျွန်တော် ဆိုးခဲ့ ရမ်းခဲ့ တယ်။ ဘာမှအဆင့်မမီတဲ့ ရွာသာသာ,.mase sassts mdf- mamme-91TTT
တွေကို တော်တော်ကျွမ်းကျင်,ဧအ့ကို တော်တော်ကျွမ်းကျင်
နား,နား
လား..,လား..
၍ ခုတင်ဘက်ကိုမခေါ်၊ ဆိုဖာရှိရာ,၅ ပူတင်ဘက်ကို့မခေါ် ဆို့ကမရှိဂူဂ
ချို့,ချို
ဒစာစောင် ရေးသားပြီးနောက် တနှစ်အကြာတွင် ရေးသား,"""Tf Tmrmfrer memerဲzapt wrarာ,"
ထွင် ဖော်ထုတ်လာသည်။ အဆီးရီးယားနိုင်ငံ၏ လက်အောက်,ထွင် ဖော်ထုတ်လာသည်။ အဆီးရီးယားနိင်ငံ၏ လက်အောက်
ကြည့်,ကြည့်
နောင်တဆိုတာ နောင်မှ ရတတ်သကိုး။ ရပ်ရေးရွာရေးကလည်း ဖြစ်ပြန်,နော်လာမဟိုတာ နောင့မှ ရုဘတ်=onကု။ enegူeongကာက်: GfDf
ပြထားတာဖြစ်ပြီး လမ်းညွှန်ချက်,ပြထားတာဖြစ်ပြီး လမ်းသွန်ဇ)က်
ဦးဖြစ်လိမ့်မယ်ထင်တယ်။ ဝေဝေတို့,ဦးဖြစ်လိမ့်မယ်ထင်တယ်။ ဝေဝေတို့
တေနှင့် ခေတ်မြန်မာမဂ္ဂဇင်း,ဟrနုb aေတbမybpwont
င့် ထမင်းချက် လင် မယား,ငံ ထမင်းချကံ လင် w='
နောက်သို့,နောက်သို့
၊ ရော့... ဦး,၊ ရော့.. ဦး
မြက်ရင်း သွေး,မြက်ရင်း သွေး
သို့ဖြစ်၍ ဝါဖတ်ရင်း ယခုပြောသော မ,သို့ဖြစ်၍ ဝါဖတ်ရင်း ယခုပြောသော မ
ကလေးများ အိမ်မှာ,ကလေးများ ဘိီ့်-
ကြီးရှိ,ကြီးရှိ
သဖြင့် စိတ်ပျက်စွာဖြင့် မာရ်နတ်ထွက်ခွါသွားရပုံကို ဟောတော်မူသည့်သုတ်။ အဘွားရော ... ဆေးရုံလိုက်သွားလား ရှေးခေတ်တရုတ်,".s,ar,-aeer-aeraraerses<-.-Tr-adir""-n-7- -"""" "" """""
သေတ္တာကို မရဲတ,သေတ္တာကို့ မရဲ့းအ
ကြ,ကြ
ထောက်အ,ထောက်အ
ထောင်စု၏ အခြားထင်ရှားသော တက္ကသိုလ်များမှာ ယေးတက္ကသိုလ်(၁၇ဝ၁ ခုနှစ်)၊ ပရင့်စတန်တက္ကသိုလ် (၁၇၄၆ ခုနှစ်)၊ ဝါရှင်တန်၌လည်း တက္ကသိုလ်(၁၇၄၉)၊,"......... .  "" """
ဟားရယ်၏။ 32. Lords of the Sunset. ဒါပေမယ့် ကျွန်တော်ဘာမှမပြောမိ...။ ဒီအတိုင်းလေးပဲ အသက်ကိုထိန်းရှူရင်း ဖုန်းကိုနားမှာကပ်ထားမိသည်။ သို့သော် အချိန်အ,"' ' "" . ...."
မြက်လိုသူ,ဖြက်လိ့သူ
ဆောင်,ဆောင်
၍,၍
မတူ ချေ။,မတူ ချေ။
၄၆ ခုနှစ်,၄၆ ခုနှစ်
ခဲ,ခဲ
ဏခဏ မေးသည်။ ကျောင်းဆင်းသောအခါ ကျော်စွာတို့သည် ပူနှိပ်တို့အိမ် ဘက်သို့ သွားရလေသည်။ ကယားလူမျိုးစုဒီမိုကရေစီပါတီ နှင့် လူမျိုးပေါင်းစုံဒီမိုကရေစီ,""" ' """""". -....."
ရောက်,ရောက်
အဝါကို လိုက်ပြီး ဆုံးဖြတ်တာ ဖြစ်ချင်,အဝါကို လိုက်ပြီး ဆုံးဖြတ်တာ ဖြစ်ချင်
ကျရောက်နိုင်အောင် လည်းကောင်း၊ ပျောက်ကင်း ချမ်းသာစေရန်လည်းကောင်း အသုံးပြု၏။ အဆိုးဆုံးကကိုတိုးကြီးဖြစ်,"...ar-: -s..x -rasce snar-ined- ""795"" ""5"" """"""""ီ"
ယောက်စလုံး မသင်္ကာစရာ တစ်ခုခု တွေ့ လို့ ရန်သူ့နောက်ကို လိုက်သွားကြတာ ဖြစ်ရမယ် တစ်စကို ကာဗွန်တုံးနှင့် ဆက်ထား၍ ကျန်တစ်စ,"..-sary <-scp .-.gp asg mgaeayertreirepes-- aRip+T -TTBraoftaT"" TTT1Tt5""T"
တာတွေကပါ အယ် လ်ခီဘီအာ့ဒိစ်,တားတွေ့ကပါ အယ် လ်စီဘီဏာဂီဂ
ကာ အခြား,က အခြား
မခွဲ,မခွဲ
၂၁၁၅၀,၂၀၁၅၀
။ ၁၉၆၈-,။ ၁၉၆၈-
ဂန္ဒီကို ဘာမှပြန်မပြော,ဂနီကို့ ဘားမှပြနမပြော
နေ့လယ်,နေ့လယ်
ရာတွင် လိမ့်၍ကျလေပြီဟု ခန့်မှန်းသိရှိရသော်လည်း ထွက်ပြီးဆင်းမသွားဝံ့၊ ဆင်းသွားခါမှ ဖွပ်သည်ထက် ညစ်,"..pawac-es-seserartun wr""P""--:""5 ""T""5""""  """
နေ,နေ
တော့မယ်။ ခင်ဗျားကို လာ,တော့မယ်။ ခင်ဗျားကို လာ
"anotherevent,butingeneralyou'reallowedtouse","anotherevent,butingeneralyou""reallowvedtouse"
အချိန်တွေမှာ ငြိမ်းချမ်းသာယာတာကို ခံစားရတဲ့အချိန်တွေမှာ တစ်ခြား,..မg)တေ့မှာ ဠi-ချု်းသာယာတကာကိံ ခံစာစုတဲအခနမ်eေ့yp mobB=
ရှင်း,ရှင်း
ရာ,ရာ
ရာသည်,ရာသည်
ရပြီး တညင် ကျောက်,"ခုပီး တညင် ဧကျေpက"""
ပါတယ်၊ ကျုပ်ပါ ဟာ,"ဒယ"" ကျင်း၏ းက"
လွှတ်တော်မှ ဖွဲ့စည်းပေးထားသည်,လွှက်စာ်မှ ဖဲ့စည်းဟေးထားသည်
ဝသော အရိပ်အမြွက်များ,ဝသော အရိပ်အမြက်များ
အသင်း,အသင်း
။,။
ဖြတ်,ဖြတ်
၏။ မက္ကဆီကို ကို စပိန် ဖဲင်နီ သူ့ခန္ဓာကိုယ် အလှပျက်ယွင်းစပြုနေသည်,"' a Lpuea -i a4 ads spoarntil =rose""ThafTeinPThe"
သက်ချမ်းသာရာ ရခဲ့ဖူးပါတယ်။,--gpFsကrp ရဲ့ဖွူပါတယ်s
မှာငြိပါ ပါလိမ့်။,(င္ီပါ ပါလိမ့်၊
တူတူစား,တူတူစား
လည်း သူ,လည်း သူ
ဝ,ဝ
ကား,ကား
ပါကညော ထန်းရည်တစ်ခွက် ကိုထည့်ပြီး ခပ်မြန်မြန်ဂလုချလိုက်တယ်။ ဟုတ်တယ်လေ။ ဒီလောက်တောင် ဆေးဖက်ဝင်နေမှတော့ ဘာမဂလုစရာရှိ,"-agp: ckugycaspn -scyg igsgk-oerdirfercx ordr-=tesxn Trn:-r"" -""7""-- ""- T""T"
ကြီးကျယ်စွာဆောက်လုပ်လှူဒါန်းခဲ့လေသည်။ ပေါဠ,"ံးကျယ်စွာဆောက်လ့ပ်လန့းခန်းSဲosလတ။ P""ါဇ"
ကိုဒေါင်းစိန်,ကို့ဒေါင်းစိန်
မျိုး,မျိုး
မင်းမြတ်,မင်းမြတ်
ရွာစုကလေး ဖြစ်ပေသည်။ လယ်သမား၊ ဈေးသည်များ,"""I""""7""-ePutsurspsagy"
လေ,လေ
ကြ,ကြ
လာကြသည်။ စစ်ရထားပေါ်တွင်သာ အစဉ်အမြဲ တွေ့မြင်ခဲ့ရသော သူ,လာကြသည်။ စစ်ရထားပေါ်တွင်သာ အစဉ်အမြဲ တွေ့မြင်ခဲ့ရသော သူ
များ,များ
သည်။ အတွေ့လေးရယ်မှ အိုအကြုံ (၁၉၉,zge aespecnယ်မ အံmထi et
ဘာပြောသည်ကို ဝေလငါးဂိုဏ်းမှ ကောင်းစွာ မကြားရချေ။ ကောင်းပါပြီ ဆရာ၊ ကျွန်မ,"..wcsapn...aiwssin:FP-: -""' """
တိုက်မ အထက်ရှိ ပစ္စယာဆင့်များတွင် ပုံစံအမျိုးမျိုး အကွက်အမျိုးမျိုး ဖော်ထားသည့် စဉ့်သုတ်စိန်တန်းများဖြင့် တန်,တိုက်မ အထက်ရှိ ပစ္စယာဆင့်များတွင် ပုစံအမျိုးချိုး အဏကွက်အမျိုးမျိုး ဖော်ထားသည့် စဉ်သုတ်စိန်တန်းများဖြင့် တန်
ပုဒ်မ,ပုဒ်မ
ဘိ,ဘိ
င့် တွေ့ဆုံ၍ အ,စ် တွေ့ဆံ၍ အ
ရင့်တပ်သားများက လိုက်လံတိုက်ခိုက်ရာ ကနီနော်ရ,"""''' `I""T"" TITtprnpemsp-sesy"
၊ မသွားဘူးလား၊ ဒါပဲပြော ၆၄-ပါးသော ဣန္ဒြေတရား ဒေါ်ခင်မြသစ်သည် ကိုမြင့်ထူး၏ဝတ်ရုံကြီးကိုသိမ်းကျုံး,"/ Lap-mp-cx aug္: s.-.iသာ ထမြmာ၊ etfefSrafnယ ""SmefnဉဏTျH+""TR"
"မဏိပဲတဲ့"" တက်စသည် တညနေလုံး ကြီးမားသည့် မြေပုံချပ်ကြီးကို ကြည့်နေပြီးနောက် မိတ်ဆွေအမတ်တယောက်နှင့် သွား၍ ည","' ' ' "" "" ""- -I iPrPTrticnr:a:.r....v).y."
လုံး လျော့ကာသွား၏။ ချိုသဲကြည် ဧကကို ငေးနေမိသည်။ အို ခင်ခင်လေးရယ်၊ သရဲများ ချောက်သလားကွယ်။ ခင်ခင်လေး ဘာဖြစ်,"'  '' ' '"" 1Tii7 "" -ruir o-oar.as:-anr.v:...v.a."
တာ,တာ
မ,မ
ဝန်ကြီးဘဝ ခြောက်နှစ်,ဝန်ကြီးဘဝ မြောကစစ်
မြေစေးတွင် အညစ်အ,မြေစေးတွင် အညစ်အ
ရက်လောက်လည်းရရော,ရက်လောက်လည်း၈၈enP
တယ်,တယ်
ကို လန်းဆတ် စေသည့် ဝိုင်,ကို လန်းဆတ် စေသည့ ဝိုင်
ပိုင်ကြံပါ။ ဂျိုးဆက်စတိန်း,ပိုင်ကြံပါ။ ဂျိုးဆက်စတိန်း
င့်သည် ။ ၎င်းသူမတို့ကို ဟေဂျားဘ်ခြုံမှုမခြုံမှုတွင် လွပ်လပ်စွာရွေးချယ်ပိုင်ခွင့်ပေးသင့်သည်ဟုဖြစ်သည်။ ထို့အတွက်ကြောင့် ထို,"' ' ' ' "" 'TI""'T'ieraws:.-.cec.,sv.wac,."
ပနိုင်ငံတွေမှာ ကျန်နေသေးတဲ့,ပနိုင်ငံတွေမှာ ကျန်နေသေးတဲ့
မေရိကားက မက်ဆာချူးဆက် စက်မှုသိပ္ပံကို ဆက်တက်,".a.-=-srmertrcfi07"""
ရာကုတ်မှာ ၁၆,ရာကုတ်မှာ ၁၆
လဲ ကလေးအသက် ဘယ်လောက်,နg Lccmaဏဲ ဘယ်လေးာကီ
ကြီးအ,ကြီးအ
သာယာကုန်း - ပဲခူးခရိုင်၊ ကျောက်တံခါးမြို့နယ်၊ ကြာအင်းကုန်းကျေးရွာအုပ်စု၊ ပီကုတ်(220102)ChampionofKandawgyiDota,သာယာကုန်း - ပဲခူးခရိုင်၊ ကျောက်တံခါးမြို့နယ်၊ ကြာအင်းကုန်းကျေရွာအုပ်စု၊ ပီကုတ် (820104) ChamplonofudagiDota
ခုတစ်,ခုတစ်
အုပ်စု,အုပ်စု
Gyi(TaungKanGyi)ကန်ကြီး (တောင်ကန်ကြီး) ၁၉၆၀တွင် သမ္မတရာထူးအတွက် ယှဉ်ပြိုင်ခဲ့သော်လည်း ဒီမိုကရက်တစ်ပါတီမှ သမ္မ,"......v. ..v. .. -. . - - ""  "" '   '"
စ,စ
ခုအချိန်ထိ စီစဉ်,ခုအဗျိန်ထိ စီစဉ်
မှာ ၁၈၃၀၆၈ ဖြစ်သည်။ ၂၀၁၄ သန်းခေါင်စာရင်းအရ ဂုံမင်းကွင်းကျေးရွာအုပ်စုတွင် ကျား ၉၁၂ ဦး၊ မ ၁၀၈,"...-esgaawp.:-:-sustesaftauirfaefmusrPt""'1""T75' '"
နှစ်,နှစ်
ရှိသော SAC ကို,ရှိသော SNC ကို
လဲခြင်းမှ ပင်လယ်ရေမျက်နှာပြင် အမြင့်,"""90Tr -Hsufeerbpugs ag"
ထုတ်ဝေ,ထုတ်ဝေ
တူ ပေပိုယူသည်။ မခင်သန်းက သဘောကျပြီး ဆရာ သံပရာ,. L-cggagkvuadas-m zezmdd me P7P
နှစ်၊ ပြီ,နှစ် ပြီ
ပုန်း,ပုန်း
ထည့်သွင်းကာ၊ ခြေ-လက်ပြုလျက် အထပ်အထပ်ဖွင့်ဆိုထားသဖြင့် ကျယ်ဝန်းသော အ,"cgysrzve--agenR umRsrtelitB0 7""55TT"""
မြို့နယ်၊,မြို့နယ်၊
တော့်,တော့်
၊ သွေး,၊ သွေး
သီးများ တပ်၍ ထားသော,သီးများ တပ်၍ ထားသော
ထွက်လာသည့် ခိုးဝင်,ထွက်လားသဥ့် န့က်
နေရာ၌ နေရ သည့်,နေဈာ့ နေရ သည့
မလား အောက်မေ့,မလား အောဏ်မေ့
ကချင်နှင့် ကရင်အမျိုးသား များလည်း သိပ်မတွေ့ရတော့။ အောက်ပိုင်းမှ ကုန်သည်များကိုကား လုံးဝပင်မမြင်ရတော့ ချေ။,"'' ' ' "" ""' T"" ""T- :-aiv -asawenr.i.-<=.py..."
ဘ,ဘ
ပိုး,ပိုး
တော် ပါတဲ့ ရွှေရှူဆေးဘူးချီးမြှင့်ခံရတဲ့ကိစ္စဟာ အမှုတော်ထမ် ကောင်းတဲ့အတွက် ဘွဲ့ထူးဂုဏ်ထူးချီးမြှင့်ခံရ,"umxe Laus မှ့gpea-apauyleacprdeဟာ msyeတေfdoef emrာfrdnmraက"" -nrermTerTBNဏ"""""
ခွဲစိပ်,ခွဲစိပ်
ပေါက်,ပေါက်
ကြာမီပင် ညိုမှိုင်း၏ ပီသပြတ်သားသောအသံ ပေါ်လာ၏။ ၃,"""""T'Tf""P 'TDtioszrav nw."
ဆိုးမှာ အ,ဆိုးမှာ အ
မြင်းစ,မြင်းစ
ခေါ်၍ တစ်ပြိုင်,ခေါ်၍ တစ်မြိုင်
ကြိမ်၊ ထိုနောင် ဘဝင်ဖြစ်ထိုက်သ၍ ဖြစ်၏ ။,"ညမန -siaerad oflgefef7tlC005"""
၇၉-,၇၉-
အပိုင်းတွေကို အခု,အပိုင်းတေ့ကို အ၃ု
လမ်းမြို့ဖြစ်သည်,လမ်းမြို့ဖြစ်သည်
ကားဘေးက,ကားဘေးက
ပါတယ်။ ဒါ,ပါတယ်။ ဒါ
လေး,လေး
ဟု ဆိုသည်။ သည်တော့ကျွန်မကပြန်ရောက်ရသည်။ မည်သည့်ခံစားချက်မျှလည်း ဖြစ်မလာ။,"' """"""' -""""-T-af-iit:-ieraei-sasaic-eipag,..."
ဆောင်မှု ပေးနိုင်ခဲ့,ဆောင်မှ ပေးနို်ခဲ
တွင်,တွင်
ပြီးနောက် ကားပြန်၍ ထွက်သွားသောအခါ ကားပေါ်၌ ပါးစပ်တွင် အဝတ်များ စည်းနှောင်ထား,"ွ,.-o :-gajmeseraai ""oard ina"" -""T' 7i""""'''"
မှာ ဒဏ်ရာပြင်းထန်သည် မှန်သော်လည်း ခေါင်းမထောင် နိုင်လောက်အောင်တော့ မဟုတ်သေးချေ။ ဦးခေါင်းမှာ ကြည်ကြည်လင်လင်ပင် ရှိနေ၏။ အခြေအနေအရပ်ရပ်ကို,မှာ ဒဏရာပြင်းထန်သည် မှန်သော်လည်း ခေါင်းမထောင် နိုင်လောက်အောင်တော့ မဟုတ်သေးချေ။ ဦးခေါင်းမှာ ကြညကြည်လင်လင်ပင် ရှိနေ၏။ အခြေအနေအရပ်ရပ်ကို
။,။
မဆန်သော အခြေအနေများရှိသည်။ ဤအသွင်အပြင်သည် ဝင်ငွေ,"""""""""TB""-mfrseirasiestagragy,s,"
ခြားလိုက်,ခြားလိုက်
အား,အား
တတ်လို့,တတ်လို့
ကာ ထောက်ကာဖြ,ကာ တောက်ကာဖြ
တနိုင်ငံ တည်ထောင်,တနိုင်ဝံ တည်ထောစ်
ကောင်းဆန်းဂေဟာကြီးမှာ အနားယူပြီး ညစာ စားကြရအောင် လှေမျော လှေနှင့်လိုက်၊ ငွေမျော ငွေနှင့်လိုက် ဆိုသည်မှာ စီးပွားရေးလုပ်ငန်းများတွင် အရှုံး,". .c,ap,..cargp,c: sc=-wgnvcpe= estscsctscovswr ervuirerih oertmn reseIPTi Pi-etir Tur""T"":T:T1T 15"""
ပင် ပြင်ဆင်,ပင် ပြင်ဆင်
ဘယ်လို ခေါ်ကြမယ်မသိဘူး တိုက် လူဦးရေတိုးနှုန်းသည် ဝ.၉ ရာခိုင်နှုန်းဖြစ်သည်။ ခန္တီ (ပုလောက်မြို့နယ်ခွဲ) နယူတန်၏,-oust.caryatuatoug ejgE ageaortsefscefchoroefgefeofoar5S- dfrir-TSiTB1 Te5
ခဲ့သည်,ခဲ့သည်
ယမကာကို စောင့်နေကြတယ်။ စားပွဲထိုးမလေးက တော့ အသက်ရှစ်ဆယ့်လေးနှစ်ပဲ ရှိသေးတဲ့ လှ,""" """"ITCTI1""Th-Thiimrmrero sariepasi-asispusas"
ခိုလှေများအကြောင်းကို ကြားဖူးသည် သည်စက်လှေများ,"""m""်-TfEPimeagrapuyp."
ဖေဖျားရဲ့။ အံ,ဖေဖျားရဲ့။ အံ
စု,စု
"က မင်းနဲ့ ပူးပေါင်းပေးမယ် "" ဆေပီယန်စ် -၂၄ တစ်နေ့တွင် ကိုဓာတ်သားက အင်း ဆရာတော်ဘုရားများကိုတော့ ဖူးမျှော်ပြီးပါပြီ၊ မင်းတို့ သဘင်ဂီတအဖွဲ့မှာကော ဘယ်သူတွေပါ","....... . . . . """"  '"
မှ အီရတ်တွင် ဆဒမ်အားဖယ်ရှားရန် အီရတ်ကို ၂၀၀၃၌ တိုက်ခိုက်ခဲ့သည်။ ယင်းတိုက်ခိုက်မှုတွင် အမေရိကန်သမ္မတ ဂျော့ဘုရှ်၊ ဗြိတိသျှဝန်ကြီးချုပ်,". န,s...... <i.v eoerY-vn -""T""T ""5-""T"" ""T "" ""'"""""
ရေဖျန်း၍ ခရစ်ယာန်သာသနာသို့ မသွင်းခင် သေဆုံးသောကလေးများမှာလည်း ခရစ်ယာန် သေခြင်းမှ ပြန်၍ အသက်,""""""" '"" ' TI"""" i:..wr-msrse.-.e.-vesyey..."
ဇဂြိုဟ်သို့,ဇဂြိုဟ်သို့
မိုင်,မိုင်
င့် နဂါးဘုရင်,င့် နဂါးဘုရင်
နေထိုင်,နေထိုင်
။ အခန်းလေး နှစ်ခန်းက တော့ သ,၊ အခန်းလေး နစ်ခန်းက ၈ ?
ကျင်းပခဲ့ပြီး န.ဝ.တ အစိုးရမှ ကျပ်သိန်း ၆၃,".ptuag sen sfintp nefT"" T9"
ရိုးမီးများ ဝါးမျိုလို့ မြတောင် ရွှေကျောင်းတော်ကြီးတို့လိုအဆောက်အဦးကြီးတွေ ကြည့်စရာမရှိတော့တဲ့အချိန်မှာ ရှားပါးနေပြီဖြစ်တဲ့ မဟာမုနိအရှေ့မုခ်ကျွန်းသားပြာသာဒ်,"''"""" ""'I""T ""T TSTr T - T575Iir:-=:tn9ttcro tialereicocsasbyv-ericegss .-csc-psyp.ap,.v"
ဗျ။ ကျွန်တော်တို့ တပ်တွင်းဆိုင် က ပစ္စည်းသိပ်စုံတာ,ဗျ၊ ကျွန်တော်တို့ တပ်တွင်းလိုင် က မစ္စည်းကီပ်စု့က
ထောင်သူလည်း,ဇmစ်သူလည်း
ဆိုင်ရာပြဿ,ဆိုင်ရာပြဿ
နွေးဓာတ်,နွေးဓာတ်
အရ ငါးရှဉ့်ရိုးကျေးရွာအုပ်စုတွင် ကျား ၆၅၄ ဦး၊ မ ၇,mi clhtfleိုးကျေးရွာအုပ်စုတွင် ကျား Bg၄ ဦး၊ မ -၂
ကို တိတ်ဆိတ်စွာ စားနေလေသည်။ ချစ်ရေးချစ်ရာ ၁၉၉၉ ၂၀၀ ကျပ် သူက မဖြေဘဲ,".J-wrows, --r.ces efioefx -r "" """" T"" """
ကို အလယ်က ထက်ဝက်ခြမ်း,ကို အလယ်က ထက်ဝက်ခြမ်း
ကြောင်း NTV ရုပ်သံက ထုတ်ပြန်ခဲ့သည်။ အောက်တိုဘာ ၂၃,ပြွေ့င်၊ wrv ရပ်သံက ထုတံပြန်ခံးလ်။ Fmyfitfmn .ie
မျှ အသုံးမဝင်။ လွမ်းချင်းစပ်နည်း ပထမဆုံး,အ mrotbhenf လွမ်းချင်းစ်စည်ာ ပထမဆုံး
။ တစ်နေကုန် စားလိုက်၊ အိပ်လိုက်၊ အိမ်မှာ ဟို,"""Thnofmmtth sigis asp-.g"
ရှိ အကြောစိုင်မှန်သမျှ တင်းမာနေသည်။ သူ့အား အ,၈ိ meကြhိုင်မှန်သမှ တင်းမာနေသည်။ သူ့အား အ
ပြီ,ပြီ
ပဒေ,ပဒေ
ထူးခြားလှပေသည်,လူးခြားလှပေသည်
သို့ ပြန်ရောက်သော် ရိုမန်တစ် ဟာသ Finding Mr. Destiny ၌ ပွဲဦးထွက်လာရာ ကိုရီးယား၌ ရုံပေါ်မှမဆင်းသော ကား ဖြစ်ခဲ့သည်။ နတ်ဆိုတာ မဂဓဘာသာမှ နာထသဒ္ဒါကို အ,သို့ ပြန်ရောက်သော် ရိုမန်တစ် ဟာသ Hindiogy Mft. (Jcstity ၌ ပွဲဦးထွက်လာရာ ကိုရီးယား၌ ရုံပေါ်မှမဆင်းသော ကား ဖြစ်ခဲ့သည်။ နတ်ဆိုတာ မဂတဘောသာမှ နာထသဒ္ဓါကို အ
ဘု,ဘု
တင်ရမှာပဲ ထိပ်ထား ရေဝမ်းဆွဲသည်ကြီး ဘော်ဒါနိုဗာက ခပ်သုတ်သုတ် ဆက်လျှောက်လာရင်း ပြောလိုက်သည်။ ထိပ်ထားလေး တို့လို အပျိုတော်များ ဒီလိုကိစ္စတွေ မသိ,တင်ရမှာပဲ ထိပ်ထား ရေဝမ်းဆွဲသည်ကြီး ဘော်ဒါနိုတက ခပ်သုတ်သုတ် ဆက်လျှောက်လာရင်း ပြောလိုက်သည်။ ထိပ်ထားလေး တို့လို အပျိုတော်များ ဒီလိုကိစ္စတွေ မသိ
၁၆၁၄ ခုနှစ် အိုဆာကာမြို့ သိမ်းပိုက်ရေး အတွက် ကန,၁၆၁၄ ခုနှစ် အို့ောကာမြို့ ထိမ်းပိုက်ရေး အထွက် ကန
ရှိသည့် ရှင်း,ရှိသည့် ရင်၊
ဝင်ရောက်ယှဉ်ပြိုင်,ဝင်ရောက်ယှဉ်ပြိုင်
အတွင်း မြန်မာပြည်အနှံမှ,အတွင်း မြန်မာပြည်အနံမှ
၀၅ ဖြစ်သည်,၀၅ ဖြစ်သည်
မှန်,မှန်
အ,အ
ရာ ကျွန်မတို့အပေါ်မှာ ကျေးဇူးတွေ အရမ်း များနေပြီ,""" ""of-fimSn smrpepeupg sus gpag"
ကျိုး ဖြစ်စေခြင်းငှါ မစွမ်းနိုင်ခြင်း၊ ရုပ်အကျိုးတရားကို ဖြစ်စေတတ်သော,"""9ီ D f-၈%၉င်၁""ါ ဖဏင်းငို်ငပင် ရွ်ကျ္မု့တရားကို့ ဖြ်ပေတေတက်သာ-"
"caseof#switch,averagepagecounts)","caseotssvinch,averagepagecourt2)"
စင်ပေါ်မှ ကျလာလျှင်တော့ အရိုးတခြား အသားတခြားဖြစ်ရန်သာ ရှိတော့သည်။ {{Db-test-notice-NPF}} အဘိုးကြီးက မိန်းမကြီးနှစ်ယောက်ကို ခပ်ကြမ်းကြမ်း တွန်းပစ်လိုက်ပြီး သူတို့နှစ်ယောက်ကို,".c.gွ-vp-csya-c cp,csg,:.-csaesteasrosesoredi ro - - . -r rTOC5""7- T83r . TS5CS"" T1TT9"" T9 '"""
အကောင် နာမည်က ဘယ်သူကွ ကြိုင်သည် ပြုံး၍ ကျွန်တော့်ကို စိုက်ကြည့်သည်။,"""-"" P""-ဏ၏"" mrfserm Sြံfbog5S Uhl ကျန်မepint eemgaညg"
နေတာ၊ ရောင်ဘန်ရွာ (အင်္ဂလိပ်: Yawngbang)သည် ရှမ်းပြည်နယ် (မြောက်)၊ ပလောင် ကိုယ်ပိုင်အုပ်ချုပ်ခွင့်,".,a-.apecse -crsus r-srwrerset etBslr17BT"" -""""T""T"""
င့် ရောနေသော ရေဖြစ်လျှင် ဓမကရိုဏ် (ရေစစ်) ဖြင့် စစ်ပြီးမှ သောက်ရ၏။ သူ့အား ပြန်လည် မဖြေကြားခင် ဒေါ်ဥမ္မာသည် တံတွေးကို တစ်ချက် မျိုချလိုက်သည်။,"....w.v..mevcene..mn.- r :viP-ntTR97-"" T"" ' ' ' '' ""''"
၊ meropenem,( meropeer
မည်,မည်
စေ့စပ်ကြောင်းလမ်းထားလျှင် သော်လည်း ထားရလိမ့်မည်။ သို့ဖြစ်နိုင်ပါမည်လား။ မမြင့်ဦး၏ မိဘ ဆွေမျိုးတွေက သဘောတူပါမည်,စေ့စပ်ကြောင်းလမ်းထားလျှင် သော်လည်း ထားရလိမ့်မည်။ သို့ဖြစ်နိုင်ပါမည်လား။ မမြင့်ဦး၏ မိဘ ဆွေမျိုးတွေက သဘောတူပါမည်
ဝ ပေးခဲ့သည်,ဖ ပေးခဲ့သည့်
ပီကင်းဂိ'ခွေးမျိုးနှင့်တကွ ငှက်ပစ်ထွက်ရာတွင် လိုက်လေ့ ထိုင်လေ မိန်းကလေး ဒီဇယ်အင်ဂျင်အ,"c,aowwpr-avnsnru t""-: ""- '' ''' ''"
ဟူ၍ သီးခြားမရှိခဲ့ဘဲ၊ ရောမနိုင်ငံတော်,.နgassgavegeဘဲ၊ emmf17T5
သည် ဇုနတ်မင်းကြီးနှင့် တူသော်လည်း ပို၍ ဣန္ဒြေကြီးပြီး,E tPT1BafTerarthnes gpugg
ဒုက္ခနှင့်ရင်ဆိုင်တွေ့ကြုံနေရရှာသော အေမီက သူသည် ကူးနားပဲလေ့,"""T""TTfDrror=n sus- --er,c.,"
၉ ဖြစ်သည်။ ၂၀၁၄ သန်းခေါင်စာရင်းအရ လွဲမွန်ကျေးရွာအုပ်စုတွင် ကျား ၁၅၃၁ ဦး၊ မ ၁၇၂၄ ဦး၊ လူဦးရေစုစုပေါင်း ၃၂၅,".L.,....<-wser-ror - -"" - - "" "" ' ''"
ဝံကြယ် မြေမှာ ခကြွေတဲ့ ခေတ် မဟုတ်ဘူး။ ပွမ်ပွမ်မြည်တဲ့,".ဤ.: agcx cadsn rP --Hn7 iiroH"""
အ,အ
သားများ၏,သားများ၏
သားတစ်ယောက်အနေနဲ့ ပျော်ရွှင်ကြည်နူးနေတာကြည့်ပြီး တကောင်း ပီတိဖြစ်မိတယ်။,".-.s.-i-astcandpefSieter-errSae"" -  """""
အသိ,အသိ
နေကြရ,နေကြရ
ခုနှစ် ဩဂုတ်လ ၃,၃နှစ် ဩာ့တ်လ ဒ
ည့်ပြင် အကြောင်း,ည့်ပြင် အကြောင်း
လိုက်၏။ စုသည် ကြီးကြီးမေရင်ခွင်,လိုက်၏။ စုသည် ကြီးကြီးမေရင်ခွင်
ခန်းထဲမှ ဂျရတ်ကတ်ရှနာ ထွက်လာခဲ့လိုက်သည်။ မော,Tf-TPin -nဏmrhee ထွက်လာpod-dသg ဟာ
ဖြေသည်။,းပြသည်။
င့် အကြိမ်ကြိမ် တားမြစ်ကြသော်လည်း မိမိ အဆွေခင်ပွန်းကို စွန့်ပယ်ခြင်း မရှိလေ၏။ ဦးမြသန်းက ငြိမ်,င့် အကြိစ်ကြိမ် တားမြစ်ကြသော်လည်း မါမိ အဆွေခင်ပွန်းကို ဋွန့်ပယ်ခြင်း မရှိလေ၏။ ဦးမြသန်းက ငြိမ်
ဒါပေမဲ့,ဒါပေမဲ့
ကြည်မှုတစ်ခု,ကြည်မှုတစ်ခု
ကြေးရေတတ်တွေရဲ့ အဆောင်အယောင်တွေပေါ့။ တော်တယ် ... အစ်ကိုကြီး တော်တယ် ... ထိုနောက် လက်နှိပ်,"cgrwasmcstrs့န့ascr-slasuာeleေp့ပေါ။ စတော်ကတမ် . .ef်fိSီ"" ""ျ"" .ီ""+""ီ ""ါီ"
သဘင်သို့ ဆောင်ယူ တော်မူသွားပါလျှင် အောင်မြင်,"""TTilB-mhis srbvapsasyemaege"
၊ ဆိုင်သာဆိုင် မပိုင်ဘူးဆိုသလို ဖြစ်နေ,ဆု့ဝ်သာခဆ့၏ီ မပု်ဘူးဆိုေလပိ PnTB
သေး,သေး
သည် သည်,သည် သည်
နားစိတ်တစ်ခုတည်းနှင့် ခွင့်ပြုရတော့မှာတဲ့လား။ ဇနီးတစ်ယောက် ချစ်ရာရောက်အောင် ခုထိတော့ မပျက်သေးပါဘူး၊ ရော်ဘင်က သူသွားကြည့်တဲ့ လမ်းကို ကျွန်တော့်,". c,Le,e,cagycrgp gegpacrcrcrr-ncscic-ae ererdearnf erfero rurftrsrfton Tn""7-"" -Yrnr""ESC"" ""5"" T"""""
ရေးဆုံ,ရေးဆုံ
ငရှဉ့်ကျ မည်။ ကြိုးထိုးလျှင် သည်နှစ်ကောင်အနက် မည်သည့်အကောင်ကျကျ ကိုယ်က အနိုင်ရမည်။ ရာဇဝင်ဟောင်းများရဲ့ သင်္ချိုင်း ဘာလုပ်ရမည်နည်း။ ဒီနေရာက စောင့်လျှင် မ,"'Bီ""TT9ီE5T"" TrT Te65 TT-efTre0r-TTrmsrteimrzseledk ereodecrာtswras sgye: =-apespagv ecmpr-ucpguype,."
တယ်။ ပြီးတော့ Keygen ထဲမှာ သွား Paste လုပ်၊ Generate Activation Code ကိုနှိပ်။ ထွက်လာတဲ့ Activation Code ကို,"ccuLs,guacrp emvpeo ခမှာ wူား ewre eလပ်: oenerese Actiesnion conin TBRC- -erT==P :"":1T17 7TT1"""
ရီဂျီအိုဗန္ဒီသည် အုတ်,နီH၏ခံ့ဒနိသည် ဖုက်
တော်ဝန် ကော့ခ်,တော်ဝန် ကော့စ်
နတ်ကို,နတ်ကို
ဘော်,ဘော်
ကြီးဆုံး လုပ်ငန်း,ကီးစေံး လုပ်ဝန်
မန်ကြီးက ဘာမျှ,မနံ်္ီးက ဘာမ္ွ
ကြီး,ကြီး
၀ ဦး၊ လူ,၀ ဦး၊ လူ
ပေါ်မှာ ငါ,ခေါ်မှာ ငါ
က,က
သဘောထားကို သပိတ်ကော်မတီကို အကြောင်းကြားချင်လို့ပါ။ ကိုရင်က သပိတ်ကော်မတီဝင်ဆို၊ လုပ်ခ,သဘောထားကို သပိတ်ကော်မတီကို အကြောင်းကြားချင်လို့ပါ။ ကိုရင်က သပိတ်ကော်မတီဝင်ဆို၊ လုပ်ခ
ပြန်,ပြန်
ဘရက်က ဆက်ပြောသည်။ ဒီနေ့ကစပြီး,ဘရက်က ဆက်ပြောသည်။ ဒီနေ့ကစပြီး
ဖတ်ကြည့်လိုက်၏။ သူထိုနာမည်ကို ဖတ်နေမှန်းလည်း ထိုလူ,".acpgpac ssteractPt-P7T"" ""T"
ညံစွာ အော်ဟစ်သြဘာ ပေးကြလေတော့၏။ ဟန်ဆန်းတောင် ရောက် ကတည်းက တစ်ကိုယ်တည်း ပျင်းရိနေခဲ့သော လ,ညံစွာ အော်ဟစ်သြဘာ ပေးကြလေတော့၏။ ဟန်ဆန်းတောင် ရောက် ကတည်းက တစ်ကိုယ်တည်း ပျင်းရိနေခဲ့သော လ
